time_ps,volume_A3,temperature_K,density_g_cm3,mc_accept_pct,mc_volume_scale_A3
0.0000,1920.3259,291.11,0.99698,nan,1.000
0.0100,1920.3259,296.60,0.99698,nan,1.000
0.0200,1920.5467,295.23,0.99687,100.0,1.000
0.0300,1920.9111,294.28,0.99668,100.0,1.000
0.0400,1921.1946,301.08,0.99653,100.0,1.000
0.0500,1921.1946,286.66,0.99653,100.0,1.000
0.0600,1921.1406,285.53,0.99656,100.0,1.000
0.0700,1921.7081,325.38,0.99627,100.0,1.000
0.0800,1922.3766,293.05,0.99592,100.0,1.000
0.0900,1923.2411,300.95,0.99547,100.0,1.000
0.1000,1923.2411,293.37,0.99547,100.0,1.000
0.1100,1923.2829,278.80,0.99545,100.0,1.000
0.1200,1923.4883,287.83,0.99535,100.0,1.000
0.1300,1922.5755,292.37,0.99582,100.0,1.100
0.1400,1922.3965,276.33,0.99591,100.0,1.100
0.1500,1922.3965,267.02,0.99591,100.0,1.100
0.1600,1922.3440,280.02,0.99594,100.0,1.100
0.1700,1922.2833,307.58,0.99597,100.0,1.100
0.1800,1922.8200,332.63,0.99569,100.0,1.100
0.1900,1923.8842,300.77,0.99514,100.0,1.100
0.2000,1923.8842,313.54,0.99514,100.0,1.100
0.2100,1923.1189,304.70,0.99554,100.0,1.100
0.2200,1922.3556,308.47,0.99593,100.0,1.100
0.2300,1922.7500,295.17,0.99573,100.0,1.100
0.2400,1922.8813,277.90,0.99566,100.0,1.100
0.2500,1922.8813,314.66,0.99566,100.0,1.100
0.2600,1922.7810,330.50,0.99571,100.0,1.210
0.2700,1922.9721,317.19,0.99561,100.0,1.210
0.2800,1922.5145,303.18,0.99585,100.0,1.210
0.2900,1923.5270,309.65,0.99533,100.0,1.210
0.3000,1923.5270,295.61,0.99533,100.0,1.210
0.3100,1923.5270,312.81,0.99533,95.8,1.210
0.3200,1924.7185,325.26,0.99471,96.0,1.210
0.3300,1924.6368,312.56,0.99475,96.2,1.210
0.3400,1923.5938,309.99,0.99529,96.3,1.210
0.3500,1923.5938,315.24,0.99529,96.3,1.210
0.3600,1923.6093,323.50,0.99528,96.4,1.210
0.3700,1924.5218,307.55,0.99481,96.6,1.210
0.3800,1924.7231,330.22,0.99471,96.7,1.331
0.3900,1924.7971,301.75,0.99467,96.8,1.331
0.4000,1924.7971,312.72,0.99467,96.8,1.331
0.4100,1924.6805,313.09,0.99473,96.9,1.331
0.4200,1924.6805,315.00,0.99473,93.9,1.331
0.4300,1924.2730,325.27,0.99494,94.1,1.331
0.4400,1925.1639,303.64,0.99448,94.3,1.331
0.4500,1925.1639,295.67,0.99448,94.3,1.331
0.4600,1925.0742,338.28,0.99453,94.4,1.331
0.4700,1925.5939,327.21,0.99426,94.6,1.331
0.4800,1926.0677,306.31,0.99401,94.7,1.331
0.4900,1926.1082,295.33,0.99399,94.9,1.331
0.5000,1926.1082,315.86,0.99399,94.9,1.331
0.5100,1927.2971,300.55,0.99338,95.0,1.464
0.5200,1926.7531,304.37,0.99366,95.1,1.464
0.5300,1927.4538,304.91,0.99330,95.2,1.464
0.5400,1928.1139,297.84,0.99296,95.3,1.464
0.5500,1928.1139,314.95,0.99296,95.3,1.464
0.5600,1928.8022,285.73,0.99260,95.5,1.464
0.5700,1927.6942,286.06,0.99317,95.6,1.464
0.5800,1926.8955,280.25,0.99359,95.7,1.464
0.5900,1928.3384,293.30,0.99284,95.7,1.464
0.6000,1928.3384,270.61,0.99284,95.7,1.464
0.6100,1927.2266,314.96,0.99341,95.8,1.464
0.6200,1925.8629,312.06,0.99412,95.9,1.464
0.6300,1924.4000,293.74,0.99487,96.0,1.611
0.6400,1925.4855,300.75,0.99431,96.1,1.611
0.6500,1925.4855,298.89,0.99431,96.1,1.611
0.6600,1925.3082,295.78,0.99440,96.2,1.611
0.6700,1924.4943,298.83,0.99483,96.2,1.611
0.6800,1925.4823,301.27,0.99431,96.3,1.611
0.6900,1925.6109,300.03,0.99425,96.4,1.611
0.7000,1925.6109,284.59,0.99425,96.4,1.611
0.7100,1925.3627,274.38,0.99438,96.4,1.611
0.7200,1924.2408,272.80,0.99496,96.5,1.611
0.7300,1922.8505,277.16,0.99568,96.6,1.611
0.7400,1922.2305,273.41,0.99600,96.6,1.611
0.7500,1922.2305,294.27,0.99600,96.6,1.611
0.7600,1922.2486,280.35,0.99599,96.7,1.772
0.7700,1922.9202,292.82,0.99564,96.7,1.772
0.7800,1924.1451,280.44,0.99501,96.8,1.772
0.7900,1923.3336,302.21,0.99543,96.8,1.772
0.8000,1923.3336,282.70,0.99543,96.8,1.772
0.8100,1921.9254,303.78,0.99615,96.9,1.772
0.8200,1921.9254,284.85,0.99615,95.4,1.772
0.8300,1922.7531,289.69,0.99573,95.5,1.772
0.8400,1924.4313,297.49,0.99486,95.5,1.772
0.8500,1924.4313,285.50,0.99486,95.5,1.772
0.8600,1924.6897,279.64,0.99472,95.6,1.772
0.8700,1925.8691,292.44,0.99411,95.7,1.772
0.8800,1924.7981,318.58,0.99467,95.7,1.949
0.8900,1924.1352,305.24,0.99501,95.8,1.949
0.9000,1924.1352,288.43,0.99501,95.8,1.949
0.9100,1923.1504,281.23,0.99552,95.8,1.949
0.9200,1921.5813,305.54,0.99633,95.9,1.949
0.9300,1919.6546,309.15,0.99733,95.9,1.949
0.9400,1921.2329,315.07,0.99651,96.0,1.949
0.9500,1921.2329,323.43,0.99651,96.0,1.949
0.9600,1921.9080,315.31,0.99616,96.1,1.949
0.9700,1920.7272,285.39,0.99678,96.1,1.949
0.9800,1921.1465,288.12,0.99656,96.2,1.949
0.9900,1921.4713,274.56,0.99639,96.2,1.949
1.0000,1921.4713,285.72,0.99639,96.2,1.949
1.0100,1922.9841,280.51,0.99561,96.2,2.144
1.0200,1922.9841,315.39,0.99561,95.1,2.144
1.0300,1920.8912,295.84,0.99669,95.1,2.144
1.0400,1920.8912,272.83,0.99669,94.0,2.144
1.0500,1920.8912,301.33,0.99669,94.0,2.144
1.0600,1921.2532,290.60,0.99650,94.0,2.144
1.0700,1921.7733,265.96,0.99623,94.1,2.144
1.0800,1921.6698,291.56,0.99629,94.2,2.144
1.0900,1919.6106,309.25,0.99736,94.3,2.144
1.1000,1919.6106,296.26,0.99736,94.3,2.144
1.1100,1920.2192,307.45,0.99704,94.3,2.144
1.1200,1920.2851,327.15,0.99701,94.4,2.144
1.1300,1918.5200,281.13,0.99792,94.4,2.358
1.1400,1919.8781,317.85,0.99722,94.5,2.358
1.1500,1919.8781,300.28,0.99722,94.5,2.358
1.1600,1921.5481,278.84,0.99635,94.6,2.358
1.1700,1922.3017,321.51,0.99596,94.6,2.358
1.1800,1921.6090,310.78,0.99632,94.7,2.358
1.1900,1920.1572,309.44,0.99707,94.7,2.358
1.2000,1920.1572,304.27,0.99707,94.7,2.358
1.2100,1918.9125,310.96,0.99772,94.8,2.358
1.2200,1916.6066,316.99,0.99892,94.8,2.358
1.2300,1916.6066,303.37,0.99892,93.9,2.358
1.2400,1916.6066,287.72,0.99892,92.9,2.358
1.2500,1916.6066,277.42,0.99892,92.9,2.358
1.2600,1916.6066,284.76,0.99892,92.0,2.358
1.2700,1918.7355,275.84,0.99781,92.1,2.358
1.2800,1917.1863,266.54,0.99862,92.2,2.358
1.2900,1914.9148,308.52,0.99980,92.2,2.594
1.3000,1914.9148,292.80,0.99980,92.2,2.594
1.3100,1917.0634,316.97,0.99868,92.3,2.594
1.3200,1919.1607,285.44,0.99759,92.4,2.594
1.3300,1920.8274,294.12,0.99672,92.5,2.594
1.3400,1918.7729,285.56,0.99779,92.5,2.594
1.3500,1918.7729,313.04,0.99779,92.5,2.594
1.3600,1917.3514,299.96,0.99853,92.6,2.594
1.3700,1918.3422,304.28,0.99802,92.7,2.594
1.3800,1919.4381,276.62,0.99745,92.7,2.594
1.3900,1921.0253,304.09,0.99662,92.8,2.594
1.4000,1921.0253,297.34,0.99662,92.8,2.594
1.4100,1920.2744,291.91,0.99701,92.9,2.594
1.4200,1918.9954,299.36,0.99768,92.9,2.853
1.4300,1916.9982,301.43,0.99872,93.0,2.853
1.4400,1917.6942,311.82,0.99835,93.0,2.853
1.4500,1917.6942,306.91,0.99835,93.0,2.853
1.4600,1916.6570,319.92,0.99889,93.1,2.853
1.4700,1916.3722,305.17,0.99904,93.2,2.853
1.4800,1916.3722,316.37,0.99904,92.4,2.853
1.4900,1918.7861,302.49,0.99778,92.4,2.853
1.5000,1918.7861,324.20,0.99778,92.4,2.853
1.5100,1919.6710,309.08,0.99732,92.5,2.853
1.5200,1922.2134,326.17,0.99601,92.6,2.853
1.5300,1925.0147,286.05,0.99456,92.6,2.853
1.5400,1924.4974,304.00,0.99482,92.7,3.138
1.5500,1924.4974,309.32,0.99482,92.7,3.138
1.5600,1924.6967,330.92,0.99472,92.7,3.138
1.5700,1923.9107,310.97,0.99513,92.8,3.138
1.5800,1924.7547,303.35,0.99469,92.9,3.138
1.5900,1926.1789,318.57,0.99396,92.9,3.138
1.6000,1926.1789,318.17,0.99396,92.9,3.138
1.6100,1925.5283,289.95,0.99429,93.0,3.138
1.6200,1923.4814,307.65,0.99535,93.0,3.138
1.6300,1923.9192,313.82,0.99512,93.1,3.138
1.6400,1926.4695,296.95,0.99381,93.1,3.138
1.6500,1926.4695,280.39,0.99381,93.1,3.138
1.6600,1923.8872,306.34,0.99514,93.2,3.138
1.6700,1924.1370,343.48,0.99501,93.2,3.452
1.6800,1922.7721,323.33,0.99572,93.3,3.452
1.6900,1921.2513,308.33,0.99650,93.3,3.452
1.7000,1921.2513,310.39,0.99650,93.3,3.452
1.7100,1921.2513,323.48,0.99650,92.6,3.452
1.7200,1918.4379,308.17,0.99797,92.7,3.452
1.7300,1915.1241,318.59,0.99969,92.8,3.452
1.7400,1914.8433,296.37,0.99984,92.8,3.452
1.7500,1914.8433,304.83,0.99984,92.8,3.452
1.7600,1914.8433,277.17,0.99984,92.1,3.452
1.7700,1913.8988,301.22,1.00033,92.2,3.452
1.7800,1911.7170,283.82,1.00147,92.3,3.452
1.7900,1914.1838,281.72,1.00018,92.3,3.797
1.8000,1914.1838,298.12,1.00018,92.3,3.797
1.8100,1912.0649,283.64,1.00129,92.4,3.797
1.8200,1913.6136,304.21,1.00048,92.4,3.797
1.8300,1916.0888,305.69,0.99919,92.5,3.797
1.8400,1919.3584,294.08,0.99749,92.5,3.797
1.8500,1919.3584,294.72,0.99749,92.5,3.797
1.8600,1918.7052,332.28,0.99783,92.6,3.797
1.8700,1918.9282,336.78,0.99771,92.6,3.797
1.8800,1921.9683,319.66,0.99613,92.7,3.797
1.8900,1921.8688,333.54,0.99618,92.7,3.797
1.9000,1921.8688,283.54,0.99618,92.7,3.797
1.9100,1918.2848,283.25,0.99805,92.8,3.797
1.9200,1921.4405,291.47,0.99641,92.8,4.177
1.9300,1924.3822,297.95,0.99488,92.9,4.177
1.9400,1923.5543,299.92,0.99531,92.9,4.177
1.9500,1923.5543,297.16,0.99531,92.9,4.177
1.9600,1920.5081,277.24,0.99689,92.9,4.177
1.9700,1920.5081,293.21,0.99689,92.4,4.177
1.9800,1920.7303,309.97,0.99677,92.4,4.177
1.9900,1919.2857,293.58,0.99752,92.5,4.177
2.0000,1919.2857,309.17,0.99752,92.5,4.177
2.0100,1920.1846,297.50,0.99706,92.5,4.177
2.0200,1922.7126,282.00,0.99575,92.5,4.177
2.0300,1919.2041,284.84,0.99757,92.6,4.177
2.0400,1922.0405,299.26,0.99610,92.6,4.595
2.0500,1922.0405,318.30,0.99610,92.6,4.595
2.0600,1919.8157,301.07,0.99725,92.7,4.595
2.0700,1923.2396,291.10,0.99547,92.7,4.595
2.0800,1924.1743,316.38,0.99499,92.8,4.595
2.0900,1924.5328,323.03,0.99481,92.8,4.595
2.1000,1924.5328,321.03,0.99481,92.8,4.595
2.1100,1924.5328,312.96,0.99481,92.3,4.595
2.1200,1926.2975,295.29,0.99389,92.3,4.595
2.1300,1929.8891,315.17,0.99204,92.4,4.595
2.1400,1931.1513,291.90,0.99140,92.4,4.595
2.1500,1931.1513,297.38,0.99140,92.4,4.595
2.1600,1932.0253,306.13,0.99095,92.4,4.595
2.1700,1927.4955,321.42,0.99328,92.5,5.054
2.1800,1930.9621,282.48,0.99149,92.5,5.054
2.1900,1926.7171,290.70,0.99368,92.6,5.054
2.2000,1926.7171,316.72,0.99368,92.6,5.054
2.2100,1922.3714,288.28,0.99592,92.6,5.054
2.2200,1924.7441,278.63,0.99470,92.7,5.054
2.2300,1925.9635,290.17,0.99407,92.7,5.054
2.2400,1924.3310,289.51,0.99491,92.7,5.054
2.2500,1924.3310,298.24,0.99491,92.7,5.054
2.2600,1924.6693,302.88,0.99473,92.8,5.054
2.2700,1925.5353,300.63,0.99429,92.8,5.054
2.2800,1926.0865,286.62,0.99400,92.9,5.054
2.2900,1929.0304,303.26,0.99249,92.9,5.560
2.3000,1929.0304,289.67,0.99249,92.9,5.560
2.3100,1929.0304,280.99,0.99249,92.4,5.560
2.3200,1924.1037,300.39,0.99503,92.4,5.560
2.3300,1923.5140,296.93,0.99533,92.5,5.560
2.3400,1928.5214,296.65,0.99275,92.5,5.560
2.3500,1928.5214,303.37,0.99275,92.5,5.560
2.3600,1933.5313,332.29,0.99018,92.6,5.560
2.3700,1929.0491,342.62,0.99248,92.6,5.560
2.3800,1930.8854,319.55,0.99153,92.6,5.560
2.3900,1930.8854,321.64,0.99153,92.1,5.560
2.4000,1930.8854,301.55,0.99153,92.1,5.560
2.4100,1933.8259,313.94,0.99002,92.2,5.560
2.4200,1934.4240,309.91,0.98972,92.2,6.116
2.4300,1938.3523,312.05,0.98771,92.3,6.116
2.4400,1934.8574,283.56,0.98950,92.3,6.116
2.4500,1934.8574,295.82,0.98950,92.3,6.116
2.4600,1933.4374,304.89,0.99022,92.3,6.116
2.4700,1933.4374,300.72,0.99022,91.9,6.116
2.4800,1935.1354,308.48,0.98935,91.9,6.116
2.4900,1932.8585,285.75,0.99052,92.0,6.116
2.5000,1932.8585,282.81,0.99052,92.0,6.116
2.5100,1929.6484,287.75,0.99217,92.0,6.116
2.5200,1931.6143,277.96,0.99116,92.0,6.116
2.5300,1932.4486,296.15,0.99073,92.1,6.116
2.5400,1937.1261,279.59,0.98834,92.1,6.727
2.5500,1937.1261,268.79,0.98834,92.1,6.727
2.5600,1938.2876,291.67,0.98775,92.2,6.727
2.5700,1938.0587,305.22,0.98786,92.2,6.727
2.5800,1940.6672,277.75,0.98653,92.2,6.727
2.5900,1935.4003,293.09,0.98922,92.3,6.727
2.6000,1935.4003,283.37,0.98922,92.3,6.727
2.6100,1940.0073,306.10,0.98687,92.3,6.727
2.6200,1941.6257,316.58,0.98605,92.3,6.727
2.6300,1945.3697,316.04,0.98415,92.4,6.727
2.6400,1945.3697,311.86,0.98415,91.9,6.727
2.6500,1945.3697,298.32,0.98415,91.9,6.727
2.6600,1951.8939,306.23,0.98086,92.0,6.727
2.6700,1949.1813,286.17,0.98223,92.0,7.400
2.6800,1947.5123,291.41,0.98307,92.1,7.400
2.6900,1954.1118,331.08,0.97975,92.1,7.400
2.7000,1954.1118,326.57,0.97975,92.1,7.400
2.7100,1948.7182,309.92,0.98246,92.1,7.400
2.7200,1950.7982,310.01,0.98141,92.2,7.400
2.7300,1947.4650,285.40,0.98309,92.2,7.400
2.7400,1946.9389,317.95,0.98336,92.2,7.400
2.7500,1946.9389,300.36,0.98336,92.2,7.400
2.7600,1949.9961,296.73,0.98181,92.3,7.400
2.7700,1949.9961,314.67,0.98181,91.9,7.400
2.7800,1949.9961,293.44,0.98181,91.4,7.400
2.7900,1949.9961,307.77,0.98181,91.0,7.400
2.8000,1949.9961,299.53,0.98181,91.0,7.400
2.8100,1944.0637,314.87,0.98481,91.1,7.400
2.8200,1950.1528,282.15,0.98174,91.1,7.400
2.8300,1951.3813,267.70,0.98112,91.2,8.140
2.8400,1956.2494,284.10,0.97868,91.2,8.140
2.8500,1956.2494,270.65,0.97868,91.2,8.140
2.8600,1963.2074,281.45,0.97521,91.2,8.140
2.8700,1963.2074,303.03,0.97521,90.8,8.140
2.8800,1958.9979,298.20,0.97730,90.9,8.140
2.8900,1955.1942,304.54,0.97920,90.9,8.140
2.9000,1955.1942,297.19,0.97920,90.9,8.140
2.9100,1950.4866,294.49,0.98157,90.9,8.140
2.9200,1950.4866,281.11,0.98157,90.6,8.140
2.9300,1951.2032,286.39,0.98121,90.6,8.140
2.9400,1954.1262,297.57,0.97974,90.6,8.140
2.9500,1954.1262,280.21,0.97974,90.6,8.140
2.9600,1956.0667,273.53,0.97877,90.7,8.954
2.9700,1960.2955,316.59,0.97666,90.7,8.954
2.9800,1962.7891,318.01,0.97542,90.8,8.954
2.9900,1958.4196,284.40,0.97759,90.8,8.954
3.0000,1958.4196,325.41,0.97759,90.8,8.954
3.0100,1951.4829,323.69,0.98107,90.8,8.954
3.0200,1953.3402,333.52,0.98013,90.9,8.954
3.0300,1962.2654,309.31,0.97568,90.9,8.954
3.0400,1962.6369,309.00,0.97549,90.9,8.954
3.0500,1962.6369,293.68,0.97549,90.9,8.954
3.0600,1962.6369,302.84,0.97549,90.6,8.954
3.0700,1962.6369,288.70,0.97549,90.2,8.954
3.0800,1964.9439,288.15,0.97435,90.2,9.850
3.0900,1972.8461,303.21,0.97044,90.3,9.850
3.1000,1972.8461,299.57,0.97044,90.3,9.850
3.1100,1979.8337,286.11,0.96702,90.3,9.850
3.1200,1977.5422,320.93,0.96814,90.4,9.850
3.1300,1970.9392,299.24,0.97138,90.4,9.850
3.1400,1964.9272,303.59,0.97435,90.4,9.850
3.1500,1964.9272,293.04,0.97435,90.4,9.850
3.1600,1959.1179,298.94,0.97724,90.5,9.850
3.1700,1962.6768,296.94,0.97547,90.5,9.850
3.1800,1969.0281,275.06,0.97232,90.6,9.850
3.1900,1972.7468,286.39,0.97049,90.6,9.850
3.2000,1972.7468,283.84,0.97049,90.6,9.850
3.2100,1963.1351,297.70,0.97524,90.6,10.835
3.2200,1954.8822,296.93,0.97936,90.7,10.835
3.2300,1953.3824,290.98,0.98011,90.7,10.835
3.2400,1959.6302,293.36,0.97699,90.7,10.835
3.2500,1959.6302,298.80,0.97699,90.7,10.835
3.2600,1960.0871,292.27,0.97676,90.8,10.835
3.2700,1960.0871,285.21,0.97676,90.4,10.835
3.2800,1958.9787,300.00,0.97731,90.5,10.835
3.2900,1955.0026,303.56,0.97930,90.5,10.835
3.3000,1955.0026,283.00,0.97930,90.5,10.835
3.3100,1960.8852,323.01,0.97636,90.5,10.835
3.3200,1970.7355,321.07,0.97148,90.6,10.835
3.3300,1970.7355,316.66,0.97148,90.2,11.918
3.3400,1973.5297,305.88,0.97011,90.3,11.918
3.3500,1973.5297,315.69,0.97011,90.3,11.918
3.3600,1979.1296,326.59,0.96736,90.3,11.918
3.3700,1979.1296,304.84,0.96736,90.0,11.918
3.3800,1969.2806,307.03,0.97220,90.0,11.918
3.3900,1969.2806,290.28,0.97220,89.7,11.918
3.4000,1969.2806,303.31,0.97220,89.7,11.918
3.4100,1965.2326,333.52,0.97420,89.7,11.918
3.4200,1965.2326,311.36,0.97420,89.4,11.918
3.4300,1961.1853,332.85,0.97621,89.4,11.918
3.4400,1959.7341,308.12,0.97694,89.5,11.918
3.4500,1959.7341,323.82,0.97694,89.5,11.918
3.4600,1966.7966,296.88,0.97343,89.5,11.918
3.4700,1959.1596,312.04,0.97722,89.5,11.918
3.4800,1959.1596,300.02,0.97722,89.2,11.918
3.4900,1955.0389,328.33,0.97928,89.2,11.918
3.5000,1955.0389,289.79,0.97928,89.2,11.918
3.5100,1955.0389,294.81,0.97928,88.9,11.918
3.5200,1957.1035,301.19,0.97825,89.0,11.918
3.5300,1947.2861,300.23,0.98318,89.0,11.918
3.5400,1937.6677,289.82,0.98806,89.0,11.918
3.5500,1937.6677,289.83,0.98806,89.0,11.918
3.5600,1927.3330,276.02,0.99336,89.1,11.918
3.5700,1937.3293,287.48,0.98823,89.1,11.918
3.5800,1940.1435,284.08,0.98680,89.2,11.918
3.5900,1940.1435,290.23,0.98680,88.9,11.918
3.6000,1940.1435,292.62,0.98680,88.9,11.918
3.6100,1935.8006,304.25,0.98901,88.9,11.918
3.6200,1927.8018,308.57,0.99312,88.9,11.918
3.6300,1921.5225,307.24,0.99636,89.0,11.918
3.6400,1921.5225,292.15,0.99636,88.7,11.918
3.6500,1921.5225,331.40,0.99636,88.7,11.918
3.6600,1909.7878,302.99,1.00249,88.7,11.918
3.6700,1907.6820,296.64,1.00359,88.7,11.918
3.6800,1908.7742,292.68,1.00302,88.8,11.918
3.6900,1899.2312,288.89,1.00806,88.8,13.110
3.7000,1899.2312,278.67,1.00806,88.8,13.110
3.7100,1900.4688,306.51,1.00740,88.9,13.110
3.7200,1892.6866,290.85,1.01154,88.9,13.110
3.7300,1891.4060,291.44,1.01223,88.9,13.110
3.7400,1895.5433,287.66,1.01002,89.0,13.110
3.7500,1895.5433,296.12,1.01002,89.0,13.110
3.7600,1903.9048,290.60,1.00558,89.0,13.110
3.7700,1903.9048,295.98,1.00558,88.7,13.110
3.7800,1906.1955,298.34,1.00437,88.7,13.110
3.7900,1914.6252,303.30,0.99995,88.8,13.110
3.8000,1914.6252,306.22,0.99995,88.8,13.110
3.8100,1906.8675,309.67,1.00402,88.8,13.110
3.8200,1909.0101,297.77,1.00289,88.9,14.421
3.8300,1905.7226,305.77,1.00462,88.9,14.421
3.8400,1905.7226,288.26,1.00462,88.6,14.421
3.8500,1905.7226,306.44,1.00462,88.6,14.421
3.8600,1905.4346,297.39,1.00478,88.6,14.421
3.8700,1899.4624,303.69,1.00794,88.7,14.421
3.8800,1894.6447,302.76,1.01050,88.7,14.421
3.8900,1907.9379,311.29,1.00346,88.7,14.421
3.9000,1907.9379,324.11,1.00346,88.7,14.421
3.9100,1909.1984,294.96,1.00280,88.8,14.421
3.9200,1909.1984,296.79,1.00280,88.5,14.421
3.9300,1909.1984,305.63,1.00280,88.2,14.421
3.9400,1909.1984,291.54,1.00280,87.9,14.421
3.9500,1909.1984,281.77,1.00280,87.9,14.421
3.9600,1903.5320,302.61,1.00578,88.0,14.421
3.9700,1893.9840,320.64,1.01085,88.0,14.421
3.9800,1899.9557,300.01,1.00767,88.1,14.421
3.9900,1891.9391,286.59,1.01194,88.1,14.421
4.0000,1891.9391,273.79,1.01194,88.1,14.421
4.0100,1902.4883,300.84,1.00633,88.1,14.421
4.0200,1902.4883,288.34,1.00633,87.9,14.421
4.0300,1916.6513,304.78,0.99890,87.9,14.421
4.0400,1927.7666,296.28,0.99314,87.9,14.421
4.0500,1927.7666,291.45,0.99314,87.9,14.421
4.0600,1936.9557,297.26,0.98842,88.0,14.421
4.0700,1934.3372,314.27,0.98976,88.0,14.421
4.0800,1938.9009,315.96,0.98743,88.0,15.863
4.0900,1927.1373,320.10,0.99346,88.1,15.863
4.1000,1927.1373,328.17,0.99346,88.1,15.863
4.1100,1925.8264,320.03,0.99414,88.1,15.863
4.1200,1925.8264,340.61,0.99414,87.8,15.863
4.1300,1912.4477,330.56,1.00109,87.9,15.863
4.1400,1912.4477,307.78,1.00109,87.6,15.863
4.1500,1912.4477,293.03,1.00109,87.6,15.863
4.1600,1907.7701,335.46,1.00355,87.7,15.863
4.1700,1919.0739,328.40,0.99763,87.7,15.863
4.1800,1918.0003,342.44,0.99819,87.7,15.863
4.1900,1921.2313,319.96,0.99651,87.8,15.863
4.2000,1921.2313,323.60,0.99651,87.8,15.863
4.2100,1920.1538,324.66,0.99707,87.8,17.449
4.2200,1906.6134,298.95,1.00415,87.8,17.449
4.2300,1910.9708,319.32,1.00187,87.9,17.449
4.2400,1910.9708,317.79,1.00187,87.6,17.449
4.2500,1910.9708,340.11,1.00187,87.6,17.449
4.2600,1912.1996,311.34,1.00122,87.6,17.449
4.2700,1916.9693,301.65,0.99873,87.7,17.449
4.2800,1910.7257,305.79,1.00199,87.7,17.449
4.2900,1899.4553,335.95,1.00794,87.8,17.449
4.3000,1899.4553,316.71,1.00794,87.8,17.449
4.3100,1899.4553,300.37,1.00794,87.5,17.449
4.3200,1899.4553,304.90,1.00794,87.2,17.449
4.3300,1899.5514,307.92,1.00789,87.3,17.449
4.3400,1899.5514,286.47,1.00789,87.0,17.449
4.3500,1899.5514,278.65,1.00789,87.0,17.449
4.3600,1886.8187,294.47,1.01469,87.1,17.449
4.3700,1896.2132,286.57,1.00966,87.1,17.449
4.3800,1879.5073,267.46,1.01864,87.1,17.449
4.3900,1878.6466,264.80,1.01910,87.2,17.449
4.4000,1878.6466,286.83,1.01910,87.2,17.449
4.4100,1878.6466,288.64,1.01910,86.9,17.449
4.4200,1890.2733,292.37,1.01284,87.0,17.449
4.4300,1890.2733,280.36,1.01284,86.7,17.449
4.4400,1890.2733,298.85,1.01284,86.5,17.449
4.4500,1890.2733,312.39,1.01284,86.5,17.449
4.4600,1890.2733,299.79,1.01284,86.2,17.449
4.4700,1904.2752,315.87,1.00539,86.3,17.449
4.4800,1904.2752,315.37,1.00539,86.0,17.449
4.4900,1907.6304,320.33,1.00362,86.1,17.449
4.5000,1907.6304,323.78,1.00362,86.1,17.449
4.5100,1900.3059,310.40,1.00749,86.1,17.449
4.5200,1900.3059,312.68,1.00749,85.9,17.449
4.5300,1900.3059,322.92,1.00749,85.6,17.449
4.5400,1900.3059,285.88,1.00749,85.4,17.449
4.5500,1900.3059,281.51,1.00749,85.4,17.449
4.5600,1893.3963,282.46,1.01116,85.4,17.449
4.5700,1888.0271,315.65,1.01404,85.5,17.449
4.5800,1879.7540,308.48,1.01850,85.5,17.449
4.5900,1879.7540,309.05,1.01850,85.3,17.449
4.6000,1879.7540,279.40,1.01850,85.3,17.449
4.6100,1879.7540,286.38,1.01850,85.1,17.449
4.6200,1879.7540,293.11,1.01850,84.8,17.449
4.6300,1878.1619,285.54,1.01937,84.9,17.449
4.6400,1862.0499,279.16,1.02819,84.9,17.449
4.6500,1862.0499,304.63,1.02819,84.9,17.449
4.6600,1862.0499,283.94,1.02819,84.7,17.449
4.6700,1873.9150,283.17,1.02168,84.7,17.449
4.6800,1873.9150,296.84,1.02168,84.5,17.449
4.6900,1873.9150,271.75,1.02168,84.3,17.449
4.7000,1873.9150,282.15,1.02168,84.3,17.449
4.7100,1886.8281,281.20,1.01468,84.3,17.449
4.7200,1896.2013,288.25,1.00967,84.4,17.449
4.7300,1893.2624,316.39,1.01124,84.4,17.449
4.7400,1896.0175,337.89,1.00977,84.4,17.449
4.7500,1896.0175,324.80,1.00977,84.4,17.449
4.7600,1907.4067,327.63,1.00374,84.5,17.449
4.7700,1907.4067,319.69,1.00374,84.3,17.449
4.7800,1911.9169,308.72,1.00137,84.3,17.449
4.7900,1926.6798,312.25,0.99370,84.3,17.449
4.8000,1926.6798,318.70,0.99370,84.3,17.449
4.8100,1916.7579,323.25,0.99884,84.4,17.449
4.8200,1930.8530,332.83,0.99155,84.4,17.449
4.8300,1931.9867,341.25,0.99097,84.5,17.449
4.8400,1928.2253,300.36,0.99290,84.5,17.449
4.8500,1928.2253,332.53,0.99290,84.5,17.449
4.8600,1928.2253,327.95,0.99290,84.3,17.449
4.8700,1928.2253,326.23,0.99290,84.1,17.449
4.8800,1928.2253,321.88,0.99290,83.8,17.449
4.8900,1927.9803,323.55,0.99303,83.9,17.449
4.9000,1927.9803,326.96,0.99303,83.9,17.449
4.9100,1920.2094,331.65,0.99704,83.9,17.449
4.9200,1921.8155,315.85,0.99621,84.0,17.449
4.9300,1910.3940,335.06,1.00217,84.0,17.449
4.9400,1910.3940,332.29,1.00217,83.8,17.449
4.9500,1910.3940,339.03,1.00217,83.8,17.449
4.9600,1898.9761,351.79,1.00819,83.8,17.449
4.9700,1898.9761,314.02,1.00819,83.6,17.449
4.9800,1902.0771,313.50,1.00655,83.7,17.449
4.9900,1901.5936,330.58,1.00681,83.7,17.449
5.0000,1901.5936,355.85,1.00681,83.7,17.449
5.0100,1901.5936,357.35,1.00681,83.5,17.449
5.0200,1905.3045,327.85,1.00484,83.5,17.449
5.0300,1912.5948,334.04,1.00101,83.6,17.449
5.0400,1915.7695,328.20,0.99936,83.6,17.449
5.0500,1915.7695,346.00,0.99936,83.6,17.449
5.0600,1916.0914,344.85,0.99919,83.7,17.449
5.0700,1927.0187,337.12,0.99352,83.7,17.449
5.0800,1925.0710,317.04,0.99453,83.7,17.449
5.0900,1925.0710,326.34,0.99453,83.5,17.449
5.1000,1925.0710,306.58,0.99453,83.5,17.449
5.1100,1913.4081,323.07,1.00059,83.6,17.449
5.1200,1926.9788,320.22,0.99354,83.6,17.449
5.1300,1930.8438,288.97,0.99155,83.7,17.449
5.1400,1929.1396,299.50,0.99243,83.7,17.449
5.1500,1929.1396,304.32,0.99243,83.7,17.449
5.1600,1933.1282,309.60,0.99038,83.7,17.449
5.1700,1940.3691,316.33,0.98669,83.8,17.449
5.1800,1927.7375,306.72,0.99315,83.8,17.449
5.1900,1924.0179,293.89,0.99507,83.9,17.449
5.2000,1924.0179,305.77,0.99507,83.9,17.449
5.2100,1924.0179,316.81,0.99507,83.7,17.449
5.2200,1936.6927,296.47,0.98856,83.7,17.449
5.2300,1948.3249,297.48,0.98266,83.7,17.449
5.2400,1948.3249,302.17,0.98266,83.5,17.449
5.2500,1948.3249,306.66,0.98266,83.5,17.449
5.2600,1958.1020,313.39,0.97775,83.6,17.449
5.2700,1945.5934,331.26,0.98404,83.6,17.449
5.2800,1945.5934,328.40,0.98404,83.4,17.449
5.2900,1945.5934,332.17,0.98404,83.2,17.449
5.3000,1945.5934,306.89,0.98404,83.2,17.449
5.3100,1930.6841,292.03,0.99164,83.3,17.449
5.3200,1935.4625,306.38,0.98919,83.3,17.449
5.3300,1929.1033,315.56,0.99245,83.3,17.449
5.3400,1929.1033,300.88,0.99245,83.1,17.449
5.3500,1929.1033,312.28,0.99245,83.1,17.449
5.3600,1929.1033,308.69,0.99245,82.9,17.449
5.3700,1942.8852,310.73,0.98541,83.0,17.449
5.3800,1944.0633,299.62,0.98481,83.0,17.449
5.3900,1942.4037,317.06,0.98565,83.1,17.449
5.4000,1942.4037,324.50,0.98565,83.1,17.449
5.4100,1939.3468,323.32,0.98721,83.1,17.449
5.4200,1932.1360,305.82,0.99089,83.1,17.449
5.4300,1927.5193,299.64,0.99326,83.2,17.449
5.4400,1921.3394,294.54,0.99646,83.2,17.449
5.4500,1921.3394,311.13,0.99646,83.2,17.449
5.4600,1928.9270,319.21,0.99254,83.3,17.449
5.4700,1928.9270,315.72,0.99254,83.1,17.449
5.4800,1928.9270,290.64,0.99254,82.9,17.449
5.4900,1927.8321,287.33,0.99310,82.9,17.449
5.5000,1927.8321,280.11,0.99310,82.9,17.449
5.5100,1930.7313,287.41,0.99161,83.0,17.449
5.5200,1939.5750,309.90,0.98709,83.0,17.449
5.5300,1929.0955,299.86,0.99245,83.0,17.449
5.5400,1938.6666,299.98,0.98755,83.1,17.449
5.5500,1938.6666,284.78,0.98755,83.1,17.449
5.5600,1931.0995,291.86,0.99142,83.1,17.449
5.5700,1931.0995,290.56,0.99142,82.9,17.449
5.5800,1920.2894,305.68,0.99700,83.0,17.449
5.5900,1922.7347,312.69,0.99574,83.0,17.449
5.6000,1922.7347,314.74,0.99574,83.0,17.449
5.6100,1928.2793,305.96,0.99287,83.0,17.449
5.6200,1928.2793,306.41,0.99287,82.9,17.449
5.6300,1929.6365,310.08,0.99217,82.9,17.449
5.6400,1927.1833,323.86,0.99344,82.9,17.449
5.6500,1927.1833,312.89,0.99344,82.9,17.449
5.6600,1912.8424,308.17,1.00088,83.0,17.449
5.6700,1912.8424,302.07,1.00088,82.8,17.449
5.6800,1905.7186,320.13,1.00463,82.8,17.449
5.6900,1906.0647,304.77,1.00444,82.9,17.449
5.7000,1906.0647,329.19,1.00444,82.9,17.449
5.7100,1906.0647,334.93,1.00444,82.7,17.449
5.7200,1906.0647,332.42,1.00444,82.5,17.449
5.7300,1905.8606,325.23,1.00455,82.5,17.449
5.7400,1913.8222,333.67,1.00037,82.6,17.449
5.7500,1913.8222,306.37,1.00037,82.6,17.449
5.7600,1913.8222,308.31,1.00037,82.4,17.449
5.7700,1910.3512,298.67,1.00219,82.4,17.449
5.7800,1925.6832,300.62,0.99421,82.5,17.449
5.7900,1916.3978,340.97,0.99903,82.5,17.449
5.8000,1916.3978,324.94,0.99903,82.5,17.449
5.8100,1916.3978,299.01,0.99903,82.3,17.449
5.8200,1929.7325,286.65,0.99212,82.4,17.449
5.8300,1942.5372,298.01,0.98558,82.4,17.449
5.8400,1934.8917,298.51,0.98948,82.4,17.449
5.8500,1934.8917,294.82,0.98948,82.4,17.449
5.8600,1934.8917,309.48,0.98948,82.3,17.449
5.8700,1932.3771,314.92,0.99077,82.3,17.449
5.8800,1932.3771,298.54,0.99077,82.1,17.449
5.8900,1941.5396,304.62,0.98609,82.2,17.449
5.9000,1941.5396,297.59,0.98609,82.2,17.449
5.9100,1954.7528,295.66,0.97943,82.2,17.449
5.9200,1954.7528,306.31,0.97943,82.0,17.449
5.9300,1954.7528,323.02,0.97943,81.9,17.449
5.9400,1938.3171,305.29,0.98773,81.9,17.449
5.9500,1938.3171,308.47,0.98773,81.9,17.449
5.9600,1938.3171,303.73,0.98773,81.7,17.449
5.9700,1938.3171,300.42,0.98773,81.6,17.449
5.9800,1938.3171,326.35,0.98773,81.4,17.449
5.9900,1938.3171,284.10,0.98773,81.2,17.449
6.0000,1938.3171,272.75,0.98773,81.2,17.449
6.0100,1948.7690,290.91,0.98243,81.2,17.449
6.0200,1961.4353,298.95,0.97609,81.3,17.449
6.0300,1961.4353,281.28,0.97609,81.1,17.449
6.0400,1957.8607,294.25,0.97787,81.2,17.449
6.0500,1957.8607,322.31,0.97787,81.2,17.449
6.0600,1957.0885,296.69,0.97826,81.2,17.449
6.0700,1957.0885,300.71,0.97826,81.0,17.449
6.0800,1957.0885,282.01,0.97826,80.9,17.449
6.0900,1960.8745,293.58,0.97637,80.9,17.449
6.1000,1960.8745,293.58,0.97637,80.9,17.449
6.1100,1971.2398,277.95,0.97123,80.9,17.449
6.1200,1976.1904,270.23,0.96880,81.0,17.449
6.1300,1984.3502,298.05,0.96482,81.0,17.449
6.1400,1975.4335,297.39,0.96917,81.1,17.449
6.1500,1975.4335,299.02,0.96917,81.1,17.449
6.1600,1975.4335,261.73,0.96917,80.9,17.449
6.1700,1976.9657,263.33,0.96842,80.9,17.449
6.1800,1973.1888,273.11,0.97027,81.0,17.449
6.1900,1956.7667,301.22,0.97842,81.0,17.449
6.2000,1956.7667,282.76,0.97842,81.0,17.449
6.2100,1948.4676,301.13,0.98259,81.0,17.449
6.2200,1948.4676,284.69,0.98259,80.9,17.449
6.2300,1947.6712,271.39,0.98299,80.9,17.449
6.2400,1953.2435,281.37,0.98018,81.0,17.449
6.2500,1953.2435,275.11,0.98018,81.0,17.449
6.2600,1939.5489,293.68,0.98710,81.0,17.449
6.2700,1938.7368,278.74,0.98752,81.0,17.449
6.2800,1952.9705,273.27,0.98032,81.1,17.449
6.2900,1949.5267,299.59,0.98205,81.1,17.449
6.3000,1949.5267,305.09,0.98205,81.1,17.449
6.3100,1957.0623,311.84,0.97827,81.2,17.449
6.3200,1957.0623,306.37,0.97827,81.0,17.449
6.3300,1949.8028,300.98,0.98191,81.0,17.449
6.3400,1948.4559,325.30,0.98259,81.1,17.449
6.3500,1948.4559,345.30,0.98259,81.1,17.449
6.3600,1936.0329,326.16,0.98890,81.1,17.449
6.3700,1936.0329,330.34,0.98890,80.9,17.449
6.3800,1936.0329,309.77,0.98890,80.8,17.449
6.3900,1936.0329,314.42,0.98890,80.6,17.449
6.4000,1936.0329,333.57,0.98890,80.6,17.449
6.4100,1939.2018,320.20,0.98728,80.7,17.449
6.4200,1944.5818,331.58,0.98455,80.7,17.449
6.4300,1944.5818,328.69,0.98455,80.5,17.449
6.4400,1930.3731,324.81,0.99180,80.6,17.449
6.4500,1930.3731,354.18,0.99180,80.6,17.449
6.4600,1913.5033,350.42,1.00054,80.6,17.449
6.4700,1930.8816,341.08,0.99153,80.7,17.449
6.4800,1920.2065,333.27,0.99705,80.7,17.449
6.4900,1920.2065,319.94,0.99705,80.5,17.449
6.5000,1920.2065,311.24,0.99705,80.5,17.449
6.5100,1920.2065,315.60,0.99705,80.4,17.449
6.5200,1920.2065,333.03,0.99705,80.2,17.449
6.5300,1916.7297,291.04,0.99886,80.3,17.449
6.5400,1921.6002,304.70,0.99632,80.3,17.449
6.5500,1921.6002,282.42,0.99632,80.3,17.449
6.5600,1905.5265,298.24,1.00473,80.3,17.449
6.5700,1912.2030,315.16,1.00122,80.4,17.449
6.5800,1912.2030,303.62,1.00122,80.2,17.449
6.5900,1901.7522,270.85,1.00672,80.3,17.449
6.6000,1901.7522,271.08,1.00672,80.3,17.449
6.6100,1908.6977,264.73,1.00306,80.3,17.449
6.6200,1905.3092,299.57,1.00484,80.3,17.449
6.6300,1911.6495,302.54,1.00151,80.4,17.449
6.6400,1911.6495,272.64,1.00151,80.2,17.449
6.6500,1911.6495,292.56,1.00151,80.2,17.449
6.6600,1920.6497,294.64,0.99682,80.3,17.449
6.6700,1904.6660,301.09,1.00518,80.3,17.449
6.6800,1904.6660,310.81,1.00518,80.1,17.449
6.6900,1912.5953,282.14,1.00101,80.2,17.449
6.7000,1912.5953,298.78,1.00101,80.2,17.449
6.7100,1912.5953,304.49,1.00101,80.0,17.449
6.7200,1912.5953,328.64,1.00101,79.9,17.449
6.7300,1910.0550,306.85,1.00235,79.9,17.449
6.7400,1898.3847,300.59,1.00851,80.0,17.449
6.7500,1898.3847,308.28,1.00851,80.0,17.449
6.7600,1890.0340,311.55,1.01296,80.0,17.449
6.7700,1885.1687,298.99,1.01558,80.0,17.449
6.7800,1900.6146,312.04,1.00732,80.1,17.449
6.7900,1889.1684,308.60,1.01343,80.1,17.449
6.8000,1889.1684,298.79,1.01343,80.1,17.449
6.8100,1892.6319,303.43,1.01157,80.1,17.449
6.8200,1892.6319,298.75,1.01157,80.0,17.449
6.8300,1895.1937,309.90,1.01021,80.0,17.449
6.8400,1903.6569,276.14,1.00571,80.1,17.449
6.8500,1903.6569,274.90,1.00571,80.1,17.449
6.8600,1911.8446,284.52,1.00141,80.1,17.449
6.8700,1912.6453,276.99,1.00099,80.1,17.449
6.8800,1912.4985,273.64,1.00106,80.2,17.449
6.8900,1912.4985,284.98,1.00106,80.0,17.449
6.9000,1912.4985,308.66,1.00106,80.0,17.449
6.9100,1912.4985,298.25,1.00106,79.9,17.449
6.9200,1912.4985,259.68,1.00106,79.7,17.449
6.9300,1900.0057,267.25,1.00765,79.8,17.449
6.9400,1894.7341,277.13,1.01045,79.8,17.449
6.9500,1894.7341,294.89,1.01045,79.8,17.449
6.9600,1880.5740,318.34,1.01806,79.9,17.449
6.9700,1863.7413,306.98,1.02725,79.9,17.449
6.9800,1861.3773,316.63,1.02856,79.9,17.449
6.9900,1861.3773,286.85,1.02856,79.8,17.449
7.0000,1861.3773,287.79,1.02856,79.8,17.449
7.0100,1868.0482,288.77,1.02489,79.8,17.449
7.0200,1868.0482,294.79,1.02489,79.7,17.449
7.0300,1868.0482,321.60,1.02489,79.5,17.449
7.0400,1868.0482,299.81,1.02489,79.4,17.449
7.0500,1868.0482,300.48,1.02489,79.4,17.449
7.0600,1868.0482,282.08,1.02489,79.3,17.449
7.0700,1870.7246,285.91,1.02342,79.3,17.449
7.0800,1871.9349,283.71,1.02276,79.3,17.449
7.0900,1867.0839,273.82,1.02541,79.4,17.449
7.1000,1867.0839,277.86,1.02541,79.4,17.449
7.1100,1870.4704,266.27,1.02356,79.4,17.449
7.1200,1870.4704,293.60,1.02356,79.3,17.449
7.1300,1873.9090,284.97,1.02168,79.3,17.449
7.1400,1873.9090,277.78,1.02168,79.2,17.449
7.1500,1873.9090,270.12,1.02168,79.2,17.449
7.1600,1868.8367,290.14,1.02445,79.2,17.449
7.1700,1868.8367,290.56,1.02445,79.1,17.449
7.1800,1862.6053,318.22,1.02788,79.1,17.449
7.1900,1868.5046,303.19,1.02463,79.1,17.449
7.2000,1868.5046,291.66,1.02463,79.1,17.449
7.2100,1868.5046,300.23,1.02463,79.0,17.449
7.2200,1854.2610,299.14,1.03251,79.0,17.449
7.2300,1847.7105,324.84,1.03617,79.1,17.449
7.2400,1847.7105,323.69,1.03617,78.9,17.449
7.2500,1847.7105,326.97,1.03617,78.9,17.449
7.2600,1853.6430,301.19,1.03285,79.0,17.449
7.2700,1858.9113,315.52,1.02992,79.0,17.449
7.2800,1842.6980,299.95,1.03898,79.0,17.449
7.2900,1846.3554,305.27,1.03693,79.1,17.449
7.3000,1846.3554,309.77,1.03693,79.1,17.449
7.3100,1839.6469,269.65,1.04071,79.1,17.449
7.3200,1839.6469,327.11,1.04071,79.0,17.449
7.3300,1853.0733,299.53,1.03317,79.0,17.449
7.3400,1859.3333,286.21,1.02969,79.0,17.449
7.3500,1859.3333,275.63,1.02969,79.0,17.449
7.3600,1873.4217,300.69,1.02195,79.1,17.449
7.3700,1876.9290,295.43,1.02004,79.1,17.449
7.3800,1876.9290,300.43,1.02004,79.0,17.449
7.3900,1890.0889,314.96,1.01293,79.0,17.449
7.4000,1890.0889,309.71,1.01293,79.0,17.449
7.4100,1890.0889,294.66,1.01293,78.9,17.449
7.4200,1890.0889,298.66,1.01293,78.8,17.449
7.4300,1890.0889,310.55,1.01293,78.6,17.449
7.4400,1897.3139,322.83,1.00908,78.7,17.449
7.4500,1897.3139,298.20,1.00908,78.7,17.449
7.4600,1888.1240,329.02,1.01399,78.7,17.449
7.4700,1888.1240,325.55,1.01399,78.6,17.449
7.4800,1884.1080,347.45,1.01615,78.6,17.449
7.4900,1884.1080,347.23,1.01615,78.5,17.449
7.5000,1884.1080,320.23,1.01615,78.5,17.449
7.5100,1880.7217,333.14,1.01798,78.5,17.449
7.5200,1880.7217,335.15,1.01798,78.4,17.449
7.5300,1864.2103,302.07,1.02700,78.4,17.449
7.5400,1873.4997,317.25,1.02190,78.4,17.449
7.5500,1873.4997,307.57,1.02190,78.4,17.449
7.5600,1873.4997,320.50,1.02190,78.3,17.449
7.5700,1866.9593,336.04,1.02548,78.3,17.449
7.5800,1864.1942,329.48,1.02700,78.4,17.449
7.5900,1865.0945,301.78,1.02651,78.4,17.449
7.6000,1865.0945,295.58,1.02651,78.4,17.449
7.6100,1860.6985,310.31,1.02893,78.5,17.449
7.6200,1860.5583,312.58,1.02901,78.5,17.449
7.6300,1860.5583,314.98,1.02901,78.4,17.449
7.6400,1860.5583,311.11,1.02901,78.2,17.449
7.6500,1860.5583,324.76,1.02901,78.2,17.449
7.6600,1863.1172,311.26,1.02760,78.3,17.449
7.6700,1863.1172,330.21,1.02760,78.1,17.449
7.6800,1863.1172,305.22,1.02760,78.0,17.449
7.6900,1871.7338,327.35,1.02287,78.0,17.449
7.7000,1871.7338,332.28,1.02287,78.0,17.449
7.7100,1871.7338,323.46,1.02287,77.9,17.449
7.7200,1862.9157,332.05,1.02771,78.0,17.449
7.7300,1872.2703,313.19,1.02257,78.0,17.449
7.7400,1869.6151,312.57,1.02403,78.0,17.449
7.7500,1869.6151,310.13,1.02403,78.0,17.449
7.7600,1872.0798,331.21,1.02268,78.1,17.449
7.7700,1870.9503,300.77,1.02330,78.1,17.449
7.7800,1880.8339,307.75,1.01792,78.1,17.449
7.7900,1885.2663,305.19,1.01553,78.2,17.449
7.8000,1885.2663,304.04,1.01553,78.2,17.449
7.8100,1874.6331,300.33,1.02129,78.2,17.449
7.8200,1870.4301,303.94,1.02358,78.2,17.449
7.8300,1870.4301,300.19,1.02358,78.1,17.449
7.8400,1870.4301,275.28,1.02358,78.0,17.449
7.8500,1870.4301,288.95,1.02358,78.0,17.449
7.8600,1869.1973,286.62,1.02426,78.0,17.449
7.8700,1881.0315,301.07,1.01781,78.1,17.449
7.8800,1873.1811,301.51,1.02208,78.1,17.449
7.8900,1873.1811,321.32,1.02208,78.0,17.449
7.9000,1873.1811,326.16,1.02208,78.0,17.449
7.9100,1883.4850,331.62,1.01649,78.0,17.449
7.9200,1874.4931,315.24,1.02136,78.0,17.449
7.9300,1867.8785,323.89,1.02498,78.1,17.449
7.9400,1871.7012,297.68,1.02289,78.1,17.449
7.9500,1871.7012,311.35,1.02289,78.1,17.449
7.9600,1871.7012,318.92,1.02289,78.0,17.449
7.9700,1872.3425,298.56,1.02253,78.0,17.449
7.9800,1859.2312,283.73,1.02975,78.1,17.449
7.9900,1873.4834,299.33,1.02191,78.1,17.449
8.0000,1873.4834,281.44,1.02191,78.1,17.449
8.0100,1884.6729,282.21,1.01584,78.1,17.449
8.0200,1894.3301,299.12,1.01067,78.2,17.449
8.0300,1901.1924,339.80,1.00702,78.2,17.449
8.0400,1901.1924,342.81,1.00702,78.1,17.449
8.0500,1901.1924,312.10,1.00702,78.1,17.449
8.0600,1899.1349,340.48,1.00811,78.1,17.449
8.0700,1907.0103,322.55,1.00395,78.1,17.449
8.0800,1902.7305,301.93,1.00620,78.2,17.449
8.0900,1902.7305,316.86,1.00620,78.1,17.449
8.1000,1902.7305,337.68,1.00620,78.1,17.449
8.1100,1902.7305,313.35,1.00620,77.9,17.449
8.1200,1902.7305,300.76,1.00620,77.8,17.449
8.1300,1902.7305,291.99,1.00620,77.7,17.449
8.1400,1902.7305,313.01,1.00620,77.6,17.449
8.1500,1902.7305,303.87,1.00620,77.6,17.449
8.1600,1913.7787,306.38,1.00040,77.6,17.449
8.1700,1903.3056,307.78,1.00590,77.6,17.449
8.1800,1906.8230,304.08,1.00404,77.7,17.449
8.1900,1906.8230,304.42,1.00404,77.6,17.449
8.2000,1906.8230,293.64,1.00404,77.6,17.449
8.2100,1905.9282,300.65,1.00452,77.6,17.449
8.2200,1897.5080,298.71,1.00897,77.6,17.449
8.2300,1892.0621,290.34,1.01188,77.7,17.449
8.2400,1883.1352,308.02,1.01667,77.7,17.449
8.2500,1883.1352,286.17,1.01667,77.7,17.449
8.2600,1883.6275,289.47,1.01641,77.7,17.449
8.2700,1879.2698,281.55,1.01877,77.8,17.449
8.2800,1866.1077,297.68,1.02595,77.8,17.449
8.2900,1866.1077,295.59,1.02595,77.7,17.449
8.3000,1866.1077,283.15,1.02595,77.7,17.449
8.3100,1875.8653,300.09,1.02061,77.7,17.449
8.3200,1875.8653,271.20,1.02061,77.6,17.449
8.3300,1875.8653,246.03,1.02061,77.5,17.449
8.3400,1882.0185,285.87,1.01728,77.5,17.449
8.3500,1882.0185,282.30,1.01728,77.5,17.449
8.3600,1884.9125,270.67,1.01572,77.5,17.449
8.3700,1890.9548,242.54,1.01247,77.6,17.449
8.3800,1878.1674,273.93,1.01936,77.6,17.449
8.3900,1878.1674,269.21,1.01936,77.5,17.449
8.4000,1878.1674,258.60,1.01936,77.5,17.449
8.4100,1869.8581,290.47,1.02389,77.5,17.449
8.4200,1855.2543,285.17,1.03195,77.6,17.449
8.4300,1855.2543,272.90,1.03195,77.4,17.449
8.4400,1855.2543,277.89,1.03195,77.3,17.449
8.4500,1855.2543,287.60,1.03195,77.3,17.449
8.4600,1855.2543,281.55,1.03195,77.2,17.449
8.4700,1855.2543,288.68,1.03195,77.1,17.449
8.4800,1855.2543,307.36,1.03195,77.0,17.449
8.4900,1855.2543,287.96,1.03195,76.9,17.449
8.5000,1855.2543,297.26,1.03195,76.9,17.449
8.5100,1846.6243,270.67,1.03678,76.9,17.449
8.5200,1846.6243,281.70,1.03678,76.8,17.449
8.5300,1846.6243,276.07,1.03678,76.7,17.449
8.5400,1859.1055,281.47,1.02982,76.7,17.449
8.5500,1859.1055,293.16,1.02982,76.7,17.449
8.5600,1865.6105,305.22,1.02622,76.8,17.449
8.5700,1866.0277,284.65,1.02600,76.8,17.449
8.5800,1866.0277,293.13,1.02600,76.7,17.449
8.5900,1848.8765,289.59,1.03551,76.7,17.449
8.6000,1848.8765,293.42,1.03551,76.7,17.449
8.6100,1853.8052,302.36,1.03276,76.7,17.449
8.6200,1853.8052,299.87,1.03276,76.6,17.449
8.6300,1851.6752,284.09,1.03395,76.7,17.449
8.6400,1845.1098,288.00,1.03763,76.7,17.449
8.6500,1845.1098,296.61,1.03763,76.7,17.449
8.6600,1854.6397,298.57,1.03229,76.7,17.449
8.6700,1854.6397,308.08,1.03229,76.6,17.449
8.6800,1856.5489,294.98,1.03123,76.7,17.449
8.6900,1853.3650,315.85,1.03300,76.7,17.449
8.7000,1853.3650,327.08,1.03300,76.7,17.449
8.7100,1856.7973,313.33,1.03110,76.7,17.449
8.7200,1851.4604,294.76,1.03407,76.8,17.449
8.7300,1851.4604,309.15,1.03407,76.6,17.449
8.7400,1851.6648,283.89,1.03395,76.7,17.449
8.7500,1851.6648,282.10,1.03395,76.7,17.449
8.7600,1834.5511,304.48,1.04360,76.7,17.449
8.7700,1828.1793,278.77,1.04724,76.7,17.449
8.7800,1827.6773,273.40,1.04752,76.8,17.449
8.7900,1835.2020,272.49,1.04323,76.8,17.449
8.8000,1835.2020,278.95,1.04323,76.8,17.449
8.8100,1835.2020,275.59,1.04323,76.7,17.449
8.8200,1835.2020,307.17,1.04323,76.6,17.449
8.8300,1824.1235,294.15,1.04956,76.6,17.449
8.8400,1840.7818,300.91,1.04007,76.7,17.449
8.8500,1840.7818,284.89,1.04007,76.7,17.449
8.8600,1838.2941,282.19,1.04147,76.7,17.449
8.8700,1840.3213,290.62,1.04033,76.7,17.449
8.8800,1840.3213,298.14,1.04033,76.6,17.449
8.8900,1852.9260,278.11,1.03325,76.7,17.449
8.9000,1852.9260,285.57,1.03325,76.7,17.449
8.9100,1852.9260,275.21,1.03325,76.5,17.449
8.9200,1856.9815,261.23,1.03099,76.6,17.449
8.9300,1856.9815,301.54,1.03099,76.5,17.449
8.9400,1846.8775,300.90,1.03663,76.5,17.449
8.9500,1846.8775,295.01,1.03663,76.5,17.449
8.9600,1845.8426,289.03,1.03721,76.5,17.449
8.9700,1853.3126,298.27,1.03303,76.6,17.449
8.9800,1853.3126,305.77,1.03303,76.5,17.449
8.9900,1853.3126,325.84,1.03303,76.4,17.449
9.0000,1853.3126,301.05,1.03303,76.4,17.449
9.0100,1843.2619,280.58,1.03867,76.4,17.449
9.0200,1843.2619,326.08,1.03867,76.3,17.449
9.0300,1853.2124,304.17,1.03309,76.3,17.449
9.0400,1853.2124,306.22,1.03309,76.2,17.449
9.0500,1853.2124,291.01,1.03309,76.2,17.449
9.0600,1853.2124,294.10,1.03309,76.1,17.449
9.0700,1841.2559,313.45,1.03980,76.1,17.449
9.0800,1840.7944,326.73,1.04006,76.2,17.449
9.0900,1840.7944,301.79,1.04006,76.1,17.449
9.1000,1840.7944,303.15,1.04006,76.1,17.449
9.1100,1840.7944,285.84,1.04006,76.0,17.449
9.1200,1824.6947,287.77,1.04924,76.0,17.449
9.1300,1821.9504,337.30,1.05082,76.0,17.449
9.1400,1821.9504,327.84,1.05082,75.9,17.449
9.1500,1821.9504,328.73,1.05082,75.9,17.449
9.1600,1821.9504,311.79,1.05082,75.8,17.449
9.1700,1814.3119,298.69,1.05524,75.9,17.449
9.1800,1814.3119,318.05,1.05524,75.7,17.449
9.1900,1814.3119,288.25,1.05524,75.6,17.449
9.2000,1814.3119,285.02,1.05524,75.6,17.449
9.2100,1829.9903,297.67,1.04620,75.7,17.449
9.2200,1842.8962,301.20,1.03887,75.7,17.449
9.2300,1854.7702,324.49,1.03222,75.7,17.449
9.2400,1854.7702,296.66,1.03222,75.6,17.449
9.2500,1854.7702,287.38,1.03222,75.6,17.449
9.2600,1854.7702,285.60,1.03222,75.5,17.449
9.2700,1854.7702,304.66,1.03222,75.4,17.449
9.2800,1841.4195,300.94,1.03971,75.5,17.449
9.2900,1841.4195,287.72,1.03971,75.4,17.449
9.3000,1841.4195,290.97,1.03971,75.4,17.449
9.3100,1842.8321,314.16,1.03891,75.4,17.449
9.3200,1840.1237,301.59,1.04044,75.4,17.449
9.3300,1853.3878,288.82,1.03299,75.5,17.449
9.3400,1853.3878,292.20,1.03299,75.4,17.449
9.3500,1853.3878,311.66,1.03299,75.4,17.449
9.3600,1861.7613,315.65,1.02835,75.4,17.449
9.3700,1879.0158,294.30,1.01890,75.4,17.449
9.3800,1865.9118,282.86,1.02606,75.5,17.449
9.3900,1855.7895,298.80,1.03166,75.5,17.449
9.4000,1855.7895,296.55,1.03166,75.5,17.449
9.4100,1848.4615,306.72,1.03575,75.5,17.449
9.4200,1860.4210,293.91,1.02909,75.6,17.449
9.4300,1862.1048,283.20,1.02816,75.6,17.449
9.4400,1862.1048,284.63,1.02816,75.5,17.449
9.4500,1862.1048,297.46,1.02816,75.5,17.449
9.4600,1878.5814,294.23,1.01914,75.5,17.449
9.4700,1878.5814,317.65,1.01914,75.4,17.449
9.4800,1869.9147,292.31,1.02386,75.5,17.449
9.4900,1869.9147,314.39,1.02386,75.4,17.449
9.5000,1869.9147,301.27,1.02386,75.4,17.449
9.5100,1882.5036,300.11,1.01702,75.4,17.449
9.5200,1870.5354,345.86,1.02352,75.4,17.449
9.5300,1876.5285,317.21,1.02025,75.5,17.449
9.5400,1876.5285,296.52,1.02025,75.4,17.449
9.5500,1876.5285,308.68,1.02025,75.4,17.449
9.5600,1872.4589,310.93,1.02247,75.4,17.449
9.5700,1872.4589,307.78,1.02247,75.3,17.449
9.5800,1870.0815,315.07,1.02377,75.3,17.449
9.5900,1858.9983,294.39,1.02987,75.4,17.449
9.6000,1858.9983,302.32,1.02987,75.4,17.449
9.6100,1851.1646,294.13,1.03423,75.4,17.449
9.6200,1836.2367,304.08,1.04264,75.4,17.449
9.6300,1833.4098,292.86,1.04425,75.5,17.449
9.6400,1833.4098,303.21,1.04425,75.4,17.449
9.6500,1833.4098,292.41,1.04425,75.4,17.449
9.6600,1833.4098,298.64,1.04425,75.3,17.449
9.6700,1845.6001,282.04,1.03735,75.3,17.449
9.6800,1856.8545,270.64,1.03106,75.3,17.449
9.6900,1856.8545,284.30,1.03106,75.2,17.449
9.7000,1856.8545,281.59,1.03106,75.2,17.449
9.7100,1852.1733,319.38,1.03367,75.3,17.449
9.7200,1867.5013,317.89,1.02519,75.3,17.449
9.7300,1867.5013,287.58,1.02519,75.2,17.449
9.7400,1851.9650,297.75,1.03379,75.2,17.449
9.7500,1851.9650,292.97,1.03379,75.2,17.449
9.7600,1864.7675,317.35,1.02669,75.3,17.449
9.7700,1863.3783,297.68,1.02745,75.3,17.449
9.7800,1864.4223,297.77,1.02688,75.3,17.449
9.7900,1859.5646,297.92,1.02956,75.4,17.449
9.8000,1859.5646,294.91,1.02956,75.4,17.449
9.8100,1857.0940,284.78,1.03093,75.4,17.449
9.8200,1857.4797,294.94,1.03072,75.4,17.449
9.8300,1855.3860,301.14,1.03188,75.4,17.449
9.8400,1845.6290,308.25,1.03733,75.5,17.449
9.8500,1845.6290,305.33,1.03733,75.5,17.449
9.8600,1837.7347,309.73,1.04179,75.5,17.449
9.8700,1835.6798,296.98,1.04296,75.5,17.449
9.8800,1840.6932,299.47,1.04012,75.6,17.449
9.8900,1840.6932,317.67,1.04012,75.5,17.449
9.9000,1840.6932,332.09,1.04012,75.5,17.449
9.9100,1840.6932,310.41,1.04012,75.4,17.449
9.9200,1840.6932,326.92,1.04012,75.3,17.449
9.9300,1837.0963,300.49,1.04215,75.3,17.449
9.9400,1841.9145,321.40,1.03943,75.3,17.449
9.9500,1841.9145,318.31,1.03943,75.3,17.449
9.9600,1843.8246,319.76,1.03835,75.4,17.449
9.9700,1845.5182,289.87,1.03740,75.4,17.449
9.9800,1859.5942,295.54,1.02954,75.4,17.449
9.9900,1860.6470,331.39,1.02896,75.5,17.449
10.0000,1860.6470,327.53,1.02896,75.5,17.449
10.0100,1860.6470,325.27,1.02896,75.4,17.449
10.0200,1861.5324,308.71,1.02847,75.4,17.449
10.0300,1861.5324,288.97,1.02847,75.3,17.449
10.0400,1861.2728,293.70,1.02862,75.3,17.449
10.0500,1861.2728,322.92,1.02862,75.3,17.449
10.0600,1873.3785,313.11,1.02197,75.4,17.449
10.0700,1888.5531,306.49,1.01376,75.4,17.449
10.0800,1888.5531,310.36,1.01376,75.3,17.449
10.0900,1889.2013,332.63,1.01341,75.3,17.449
10.1000,1889.2013,332.80,1.01341,75.3,17.449
10.1100,1879.5392,340.76,1.01862,75.4,17.449
10.1200,1883.6268,297.07,1.01641,75.4,17.449
10.1300,1900.9036,304.62,1.00717,75.4,17.449
10.1400,1900.9036,313.29,1.00717,75.3,17.449
10.1500,1900.9036,301.00,1.00717,75.3,17.449
10.1600,1896.3479,280.50,1.00959,75.4,17.449
10.1700,1896.3479,288.78,1.00959,75.3,17.449
10.1800,1886.2699,306.32,1.01498,75.3,17.449
10.1900,1889.9295,299.98,1.01302,75.3,17.449
10.2000,1889.9295,294.87,1.01302,75.3,17.449
10.2100,1877.1633,333.48,1.01991,75.4,17.449
10.2200,1881.8278,327.44,1.01738,75.4,17.449
10.2300,1881.8278,276.98,1.01738,75.3,17.449
10.2400,1896.4851,279.08,1.00952,75.3,17.449
10.2500,1896.4851,269.53,1.00952,75.3,17.449
10.2600,1900.0870,286.79,1.00760,75.4,17.449
10.2700,1903.6802,269.65,1.00570,75.4,17.449
10.2800,1912.0733,286.48,1.00129,75.4,17.449
10.2900,1909.1171,292.92,1.00284,75.5,17.449
10.3000,1909.1171,312.63,1.00284,75.5,17.449
10.3100,1909.1171,304.97,1.00284,75.4,17.449
10.3200,1910.6296,296.96,1.00204,75.4,17.449
10.3300,1913.6466,295.16,1.00046,75.4,17.449
10.3400,1913.6466,280.74,1.00046,75.3,17.449
10.3500,1913.6466,292.19,1.00046,75.3,17.449
10.3600,1916.9429,305.77,0.99874,75.4,17.449
10.3700,1916.9429,278.45,0.99874,75.3,17.449
10.3800,1916.9429,277.97,0.99874,75.2,17.449
10.3900,1916.9429,275.76,0.99874,75.1,17.449
10.4000,1916.9429,291.11,0.99874,75.1,17.449
10.4100,1912.6195,289.35,1.00100,75.1,17.449
10.4200,1906.8174,289.20,1.00405,75.2,17.449
10.4300,1906.8174,288.79,1.00405,75.1,17.449
10.4400,1913.2229,316.77,1.00069,75.1,17.449
10.4500,1913.2229,317.73,1.00069,75.1,17.449
10.4600,1913.2229,291.61,1.00069,75.0,17.449
10.4700,1908.5210,296.62,1.00315,75.0,17.449
10.4800,1908.0946,281.73,1.00338,75.1,17.449
10.4900,1894.2714,310.33,1.01070,75.1,17.449
10.5000,1894.2714,272.83,1.01070,75.1,17.449
10.5100,1886.0662,259.92,1.01509,75.1,17.449
10.5200,1886.0662,288.22,1.01509,75.0,17.449
10.5300,1878.5357,290.01,1.01916,75.1,17.449
10.5400,1867.9655,307.50,1.02493,75.1,17.449
10.5500,1867.9655,286.94,1.02493,75.1,17.449
10.5600,1867.9655,297.34,1.02493,75.0,17.449
10.5700,1881.7742,295.23,1.01741,75.0,17.449
10.5800,1881.7742,270.37,1.01741,74.9,17.449
10.5900,1881.7742,310.56,1.01741,74.9,17.449
10.6000,1881.7742,297.88,1.01741,74.9,17.449
10.6100,1869.9444,300.84,1.02385,74.9,17.449
10.6200,1882.8394,272.37,1.01683,74.9,17.449
10.6300,1874.7828,284.92,1.02120,74.9,17.449
10.6400,1874.7828,312.37,1.02120,74.9,17.449
10.6500,1874.7828,314.69,1.02120,74.9,17.449
10.6600,1863.0593,283.08,1.02763,74.9,17.449
10.6700,1849.3173,278.58,1.03527,74.9,17.449
10.6800,1833.2205,286.08,1.04436,74.9,17.449
10.6900,1816.1975,294.25,1.05414,75.0,17.449
10.7000,1816.1975,300.92,1.05414,75.0,17.449
10.7100,1816.1975,299.28,1.05414,74.9,17.449
10.7200,1818.4534,318.61,1.05284,74.9,17.449
10.7300,1825.4369,307.13,1.04881,74.9,17.449
10.7400,1825.4369,330.69,1.04881,74.9,17.449
10.7500,1825.4369,325.53,1.04881,74.9,17.449
10.7600,1825.4369,314.72,1.04881,74.8,17.449
10.7700,1825.4369,325.15,1.04881,74.7,17.449
10.7800,1825.4369,325.60,1.04881,74.6,17.449
10.7900,1830.8117,342.67,1.04573,74.6,17.449
10.8000,1830.8117,310.99,1.04573,74.6,17.449
10.8100,1830.8117,313.85,1.04573,74.5,17.449
10.8200,1830.3835,318.60,1.04597,74.6,17.449
10.8300,1840.3153,332.75,1.04033,74.6,17.449
10.8400,1840.3153,324.40,1.04033,74.5,17.449
10.8500,1840.3153,332.31,1.04033,74.5,17.449
10.8600,1831.1321,358.50,1.04555,74.5,17.449
10.8700,1832.5622,335.83,1.04473,74.6,17.449
10.8800,1828.8063,326.34,1.04688,74.6,17.449
10.8900,1844.8702,341.89,1.03776,74.6,17.449
10.9000,1844.8702,346.62,1.03776,74.6,17.449
10.9100,1844.8702,353.38,1.03776,74.5,17.449
10.9200,1831.8894,351.35,1.04512,74.6,17.449
10.9300,1841.5196,328.96,1.03965,74.6,17.449
10.9400,1836.9123,337.85,1.04226,74.6,17.449
10.9500,1836.9123,318.55,1.04226,74.6,17.449
10.9600,1836.9123,300.83,1.04226,74.5,17.449
10.9700,1836.9123,295.53,1.04226,74.5,17.449
10.9800,1836.9123,313.69,1.04226,74.4,17.449
10.9900,1836.9123,273.19,1.04226,74.3,17.449
11.0000,1836.9123,297.08,1.04226,74.3,17.449
11.0100,1839.4961,325.90,1.04079,74.3,17.449
11.0200,1841.1808,295.62,1.03984,74.3,17.449
11.0300,1841.1808,314.56,1.03984,74.3,17.449
11.0400,1839.8197,314.23,1.04061,74.3,17.449
11.0500,1839.8197,311.43,1.04061,74.3,17.449
11.0600,1835.2287,317.45,1.04321,74.3,17.449
11.0700,1835.2287,293.35,1.04321,74.2,17.449
11.0800,1824.4709,320.38,1.04936,74.3,17.449
11.0900,1816.0844,332.84,1.05421,74.3,17.449
11.1000,1816.0844,289.46,1.05421,74.3,17.449
11.1100,1828.3699,301.80,1.04713,74.3,17.449
11.1200,1828.3699,309.32,1.04713,74.2,17.449
11.1300,1826.5996,284.26,1.04814,74.3,17.449
11.1400,1817.9319,312.31,1.05314,74.3,17.449
11.1500,1817.9319,308.92,1.05314,74.3,17.449
11.1600,1816.5465,310.19,1.05394,74.3,17.449
11.1700,1831.5670,297.10,1.04530,74.4,17.449
11.1800,1816.5175,291.43,1.05396,74.4,17.449
11.1900,1807.8042,312.61,1.05904,74.4,17.449
11.2000,1807.8042,297.28,1.05904,74.4,17.449
11.2100,1806.5789,314.47,1.05976,74.4,17.449
11.2200,1814.8938,304.41,1.05490,74.5,17.449
11.2300,1814.8938,273.34,1.05490,74.4,17.449
11.2400,1821.6572,295.88,1.05099,74.4,17.449
11.2500,1821.6572,298.79,1.05099,74.4,17.449
11.2600,1817.6221,283.91,1.05332,74.4,17.449
11.2700,1801.8796,300.31,1.06252,74.5,17.449
11.2800,1801.8796,313.75,1.06252,74.4,17.449
11.2900,1805.1846,306.51,1.06058,74.4,17.449
11.3000,1805.1846,288.79,1.06058,74.4,17.449
11.3100,1802.0295,287.36,1.06243,74.4,17.449
11.3200,1805.8842,299.04,1.06016,74.5,17.449
11.3300,1797.6458,286.98,1.06502,74.5,17.449
11.3400,1809.9239,288.87,1.05780,74.5,17.449
11.3500,1809.9239,262.61,1.05780,74.5,17.449
11.3600,1818.8944,279.02,1.05258,74.6,17.449
11.3700,1818.8944,278.84,1.05258,74.5,17.449
11.3800,1818.8944,290.37,1.05258,74.4,17.449
11.3900,1805.3566,306.89,1.06047,74.4,17.449
11.4000,1805.3566,305.33,1.06047,74.4,17.449
11.4100,1815.4299,284.73,1.05459,74.5,17.449
11.4200,1812.6644,304.93,1.05620,74.5,17.449
11.4300,1829.6050,321.46,1.04642,74.5,17.449
11.4400,1829.6050,333.61,1.04642,74.4,17.449
11.4500,1829.6050,300.30,1.04642,74.4,17.449
11.4600,1831.1139,302.27,1.04556,74.5,17.449
11.4700,1835.3567,323.23,1.04314,74.5,17.449
11.4800,1842.0182,315.71,1.03937,74.5,17.449
11.4900,1832.1611,295.76,1.04496,74.5,17.449
11.5000,1832.1611,304.97,1.04496,74.5,17.449
11.5100,1832.1611,304.31,1.04496,74.5,17.449
11.5200,1828.1024,301.39,1.04728,74.5,17.449
11.5300,1835.5294,299.98,1.04304,74.5,17.449
11.5400,1825.8909,321.16,1.04855,74.5,17.449
11.5500,1825.8909,305.98,1.04855,74.5,17.449
11.5600,1814.2742,291.79,1.05526,74.6,17.449
11.5700,1799.1924,316.13,1.06411,74.6,17.449
11.5800,1812.5424,306.50,1.05627,74.6,17.449
11.5900,1812.5424,297.98,1.05627,74.5,17.449
11.6000,1812.5424,285.10,1.05627,74.5,17.449
11.6100,1819.2211,282.00,1.05239,74.6,17.449
11.6200,1804.4699,276.22,1.06100,74.6,17.449
11.6300,1804.4699,275.98,1.06100,74.5,17.449
11.6400,1804.4699,283.79,1.06100,74.4,17.449
11.6500,1804.4699,281.24,1.06100,74.4,17.449
11.6600,1813.5904,300.98,1.05566,74.5,17.449
11.6700,1813.5904,298.96,1.05566,74.4,17.449
11.6800,1813.5904,329.23,1.05566,74.3,17.449
11.6900,1813.5904,301.46,1.05566,74.2,17.449
11.7000,1813.5904,290.74,1.05566,74.2,17.449
11.7100,1806.9143,274.27,1.05956,74.3,17.449
11.7200,1812.9376,279.33,1.05604,74.3,17.449
11.7300,1812.9376,289.33,1.05604,74.2,17.449
11.7400,1804.7482,301.08,1.06083,74.2,17.449
11.7500,1804.7482,294.29,1.06083,74.2,17.449
11.7600,1814.6130,308.65,1.05507,74.3,17.449
11.7700,1814.6130,300.61,1.05507,74.2,17.449
11.7800,1814.6130,323.37,1.05507,74.1,17.449
11.7900,1814.6130,306.81,1.05507,74.0,17.449
11.8000,1814.6130,311.52,1.05507,74.0,17.449
11.8100,1823.6347,332.64,1.04985,74.0,17.449
11.8200,1823.6347,324.71,1.04985,74.0,17.449
11.8300,1823.6347,309.65,1.04985,73.9,17.449
11.8400,1823.6347,310.57,1.04985,73.8,17.449
11.8500,1823.6347,315.10,1.04985,73.8,17.449
11.8600,1823.6347,308.85,1.04985,73.7,17.449
11.8700,1816.2920,293.28,1.05409,73.8,17.449
11.8800,1819.4951,297.32,1.05223,73.8,17.449
11.8900,1824.1051,271.79,1.04957,73.8,17.449
11.9000,1824.1051,280.18,1.04957,73.8,17.449
11.9100,1828.8584,277.24,1.04685,73.8,17.449
11.9200,1828.8584,274.02,1.04685,73.8,17.449
11.9300,1813.3840,270.35,1.05578,73.8,17.449
11.9400,1810.8080,291.27,1.05728,73.8,17.449
11.9500,1810.8080,283.04,1.05728,73.8,17.449
11.9600,1810.8080,281.61,1.05728,73.7,17.449
11.9700,1823.5477,284.75,1.04990,73.8,17.449
11.9800,1823.5477,271.22,1.04990,73.7,17.449
11.9900,1823.9818,283.85,1.04965,73.7,17.449
12.0000,1823.9818,290.22,1.04965,73.7,17.449
12.0100,1837.2227,276.82,1.04208,73.8,17.449
12.0200,1845.4631,255.11,1.03743,73.8,17.449
12.0300,1836.8121,282.29,1.04231,73.8,17.449
12.0400,1847.5765,295.44,1.03624,73.8,17.449
12.0500,1847.5765,290.01,1.03624,73.8,17.449
12.0600,1843.6855,295.53,1.03843,73.9,17.449
12.0700,1856.1239,262.72,1.03147,73.9,17.449
12.0800,1856.1239,282.09,1.03147,73.8,17.449
12.0900,1855.2404,284.83,1.03196,73.8,17.449
12.1000,1855.2404,259.57,1.03196,73.8,17.449
12.1100,1860.2911,270.24,1.02916,73.9,17.449
12.1200,1848.7274,282.74,1.03560,73.9,17.449
12.1300,1849.1615,273.65,1.03535,73.9,17.449
12.1400,1837.5849,285.45,1.04188,73.9,17.449
12.1500,1837.5849,287.46,1.04188,73.9,17.449
12.1600,1836.6303,271.40,1.04242,74.0,17.449
12.1700,1836.6303,295.89,1.04242,73.9,17.449
12.1800,1836.6303,302.93,1.04242,73.8,17.449
12.1900,1848.9243,299.31,1.03549,73.8,17.449
12.2000,1848.9243,311.78,1.03549,73.8,17.449
12.2100,1839.4064,295.44,1.04084,73.9,17.449
12.2200,1839.4064,298.79,1.04084,73.8,17.449
12.2300,1841.1954,332.07,1.03983,73.8,17.449
12.2400,1855.3798,291.48,1.03188,73.9,17.449
12.2500,1855.3798,310.83,1.03188,73.9,17.449
12.2600,1856.4373,291.97,1.03130,73.9,17.449
12.2700,1871.3008,307.93,1.02310,73.9,17.449
12.2800,1858.5259,306.75,1.03014,73.9,17.449
12.2900,1859.6016,296.90,1.02954,74.0,17.449
12.3000,1859.6016,284.06,1.02954,74.0,17.449
12.3100,1853.5203,286.51,1.03292,74.0,17.449
12.3200,1853.5203,298.76,1.03292,73.9,17.449
12.3300,1853.5203,292.47,1.03292,73.8,17.449
12.3400,1853.5203,282.50,1.03292,73.8,17.449
12.3500,1853.5203,293.16,1.03292,73.8,17.449
12.3600,1853.5203,301.28,1.03292,73.7,17.449
12.3700,1841.7487,307.91,1.03952,73.7,17.449
12.3800,1832.4993,298.83,1.04477,73.7,17.449
12.3900,1832.4993,311.29,1.04477,73.7,17.449
12.4000,1832.4993,286.54,1.04477,73.7,17.449
12.4100,1848.0801,315.44,1.03596,73.7,17.449
12.4200,1843.4210,282.40,1.03858,73.7,17.449
12.4300,1841.4059,301.83,1.03971,73.7,17.449
12.4400,1831.8126,295.12,1.04516,73.8,17.449
12.4500,1831.8126,289.72,1.04516,73.8,17.449
12.4600,1824.8815,299.19,1.04913,73.8,17.449
12.4700,1824.8815,338.77,1.04913,73.7,17.449
12.4800,1825.0737,335.43,1.04902,73.7,17.449
12.4900,1825.0737,316.03,1.04902,73.7,17.449
12.5000,1825.0737,303.79,1.04902,73.7,17.449
12.5100,1837.6242,293.05,1.04185,73.7,17.449
12.5200,1837.6242,291.54,1.04185,73.6,17.449
12.5300,1837.6242,303.53,1.04185,73.6,17.449
12.5400,1849.8258,304.85,1.03498,73.6,17.449
12.5500,1849.8258,301.01,1.03498,73.6,17.449
12.5600,1845.0713,316.18,1.03765,73.6,17.449
12.5700,1852.0852,310.32,1.03372,73.6,17.449
12.5800,1858.9634,289.89,1.02989,73.7,17.449
12.5900,1866.5211,300.61,1.02572,73.7,17.449
12.6000,1866.5211,294.40,1.02572,73.7,17.449
12.6100,1866.5211,292.15,1.02572,73.6,17.449
12.6200,1866.5211,316.43,1.02572,73.5,17.449
12.6300,1866.5211,279.86,1.02572,73.5,17.449
12.6400,1881.3239,290.67,1.01765,73.5,17.449
12.6500,1881.3239,292.26,1.01765,73.5,17.449
12.6600,1890.1975,308.44,1.01288,73.5,17.449
12.6700,1894.7325,296.17,1.01045,73.5,17.449
12.6800,1907.0491,302.65,1.00393,73.6,17.449
12.6900,1911.5121,306.55,1.00158,73.6,17.449
12.7000,1911.5121,297.04,1.00158,73.6,17.449
12.7100,1911.5121,292.79,1.00158,73.5,17.449
12.7200,1911.5121,307.10,1.00158,73.5,17.449
12.7300,1911.5121,294.38,1.00158,73.4,17.449
12.7400,1918.0766,304.90,0.99815,73.4,17.449
12.7500,1918.0766,321.65,0.99815,73.4,17.449
12.7600,1915.1503,284.06,0.99968,73.4,17.449
12.7700,1918.4561,316.87,0.99796,73.5,17.449
12.7800,1904.5085,286.21,1.00526,73.5,17.449
12.7900,1914.6734,281.85,0.99993,73.5,17.449
12.8000,1914.6734,292.70,0.99993,73.5,17.449
12.8100,1914.6734,280.53,0.99993,73.4,17.449
12.8200,1906.8495,281.22,1.00403,73.5,17.449
12.8300,1896.5075,290.66,1.00951,73.5,17.449
12.8400,1902.6837,305.07,1.00623,73.5,17.449
12.8500,1902.6837,303.56,1.00623,73.5,17.449
12.8600,1897.6601,301.08,1.00889,73.5,17.449
12.8700,1902.8790,316.56,1.00613,73.6,17.449
12.8800,1903.6301,279.69,1.00573,73.6,17.449
12.8900,1916.6468,281.46,0.99890,73.6,17.449
12.9000,1916.6468,281.32,0.99890,73.6,17.449
12.9100,1916.6468,292.79,0.99890,73.5,17.449
12.9200,1919.2570,254.10,0.99754,73.6,17.449
12.9300,1908.3612,295.93,1.00324,73.6,17.449
12.9400,1915.2560,289.03,0.99962,73.6,17.449
12.9500,1915.2560,285.21,0.99962,73.6,17.449
12.9600,1915.2560,302.96,0.99962,73.6,17.449
12.9700,1897.9260,309.07,1.00875,73.6,17.449
12.9800,1897.9260,296.52,1.00875,73.5,17.449
12.9900,1897.5632,295.44,1.00894,73.5,17.449
13.0000,1897.5632,300.04,1.00894,73.5,17.449
13.0100,1905.1559,321.38,1.00492,73.6,17.449
13.0200,1914.7557,281.66,0.99988,73.6,17.449
13.0300,1917.2920,278.56,0.99856,73.6,17.449
13.0400,1930.4457,294.24,0.99176,73.6,17.449
13.0500,1930.4457,298.80,0.99176,73.6,17.449
13.0600,1930.4457,313.60,0.99176,73.6,17.449
13.0700,1921.8156,285.50,0.99621,73.6,17.449
13.0800,1921.8156,289.47,0.99621,73.5,17.449
13.0900,1921.8156,299.74,0.99621,73.4,17.449
13.1000,1921.8156,292.27,0.99621,73.4,17.449
13.1100,1921.8156,301.77,0.99621,73.4,17.449
13.1200,1914.7026,293.87,0.99991,73.4,17.449
13.1300,1914.7026,311.22,0.99991,73.3,17.449
13.1400,1902.1425,308.22,1.00652,73.4,17.449
13.1500,1902.1425,313.45,1.00652,73.4,17.449
13.1600,1900.0969,287.61,1.00760,73.4,17.449
13.1700,1898.8498,290.39,1.00826,73.4,17.449
13.1800,1909.6204,304.68,1.00257,73.4,17.449
13.1900,1909.6204,269.96,1.00257,73.4,17.449
13.2000,1909.6204,274.98,1.00257,73.4,17.449
13.2100,1908.2037,286.42,1.00332,73.4,17.449
13.2200,1898.3581,293.88,1.00852,73.4,17.449
13.2300,1898.3581,301.21,1.00852,73.3,17.449
13.2400,1908.6068,296.45,1.00311,73.4,17.449
13.2500,1908.6068,290.16,1.00311,73.4,17.449
13.2600,1908.2307,278.16,1.00330,73.4,17.449
13.2700,1900.8005,301.53,1.00723,73.4,17.449
13.2800,1900.8005,294.18,1.00723,73.4,17.449
13.2900,1900.8005,328.90,1.00723,73.3,17.449
13.3000,1900.8005,302.77,1.00723,73.3,17.449
13.3100,1898.8939,319.76,1.00824,73.3,17.449
13.3200,1897.3877,326.23,1.00904,73.3,17.449
13.3300,1898.9268,294.48,1.00822,73.4,17.449
13.3400,1897.6275,312.40,1.00891,73.4,17.449
13.3500,1897.6275,320.87,1.00891,73.4,17.449
13.3600,1895.8537,335.17,1.00985,73.4,17.449
13.3700,1895.8537,298.39,1.00985,73.3,17.449
13.3800,1895.8537,296.40,1.00985,73.3,17.449
13.3900,1889.3950,304.31,1.01331,73.3,17.449
13.4000,1889.3950,292.86,1.01331,73.3,17.449
13.4100,1889.3950,316.63,1.01331,73.2,17.449
13.4200,1904.0053,314.41,1.00553,73.3,17.449
13.4300,1904.0053,291.04,1.00553,73.2,17.449
13.4400,1911.4310,310.61,1.00162,73.2,17.449
13.4500,1911.4310,296.56,1.00162,73.2,17.449
13.4600,1926.5512,284.75,0.99376,73.2,17.449
13.4700,1933.1260,310.33,0.99038,73.3,17.449
13.4800,1933.1260,304.84,0.99038,73.2,17.449
13.4900,1946.8032,293.24,0.98343,73.2,17.449
13.5000,1946.8032,318.27,0.98343,73.2,17.449
13.5100,1946.8032,315.08,0.98343,73.1,17.449
13.5200,1961.0524,312.52,0.97628,73.2,17.449
13.5300,1961.0524,287.06,0.97628,73.1,17.449
13.5400,1944.4326,301.67,0.98462,73.1,17.449
13.5500,1944.4326,301.76,0.98462,73.1,17.449
13.5600,1928.4064,288.73,0.99281,73.2,17.449
13.5700,1919.1167,293.02,0.99761,73.2,17.449
13.5800,1919.1167,300.86,0.99761,73.1,17.449
13.5900,1918.6449,307.93,0.99786,73.1,17.449
13.6000,1918.6449,306.38,0.99786,73.1,17.449
13.6100,1910.8890,295.77,1.00191,73.2,17.449
13.6200,1910.8890,306.74,1.00191,73.1,17.449
13.6300,1910.8890,325.90,1.00191,73.0,17.449
13.6400,1927.1488,307.03,0.99345,73.1,17.449
13.6500,1927.1488,313.42,0.99345,73.1,17.449
13.6600,1923.3948,328.01,0.99539,73.1,17.449
13.6700,1930.2886,340.88,0.99184,73.1,17.449
13.6800,1926.3603,332.05,0.99386,73.1,17.449
13.6900,1926.3603,321.18,0.99386,73.1,17.449
13.7000,1926.3603,323.22,0.99386,73.1,17.449
13.7100,1912.6146,331.28,1.00100,73.1,17.449
13.7200,1902.5957,324.03,1.00628,73.1,17.449
13.7300,1905.6299,323.04,1.00467,73.1,17.449
13.7400,1905.2184,300.53,1.00489,73.2,17.449
13.7500,1905.2184,322.82,1.00489,73.2,17.449
13.7600,1905.2184,319.46,1.00489,73.1,17.449
13.7700,1889.1358,334.67,1.01344,73.1,17.449
13.7800,1886.6670,301.82,1.01477,73.1,17.449
13.7900,1873.5370,282.72,1.02188,73.2,17.449
13.8000,1873.5370,296.23,1.02188,73.2,17.449
13.8100,1873.5370,277.86,1.02188,73.1,17.449
13.8200,1886.7268,287.06,1.01474,73.1,17.449
13.8300,1895.3567,320.80,1.01012,73.1,17.449
13.8400,1890.0876,288.32,1.01293,73.2,17.449
13.8500,1890.0876,282.46,1.01293,73.2,17.449
13.8600,1890.0876,271.36,1.01293,73.1,17.449
13.8700,1890.0876,291.31,1.01293,73.0,17.449
13.8800,1885.1573,299.08,1.01558,73.1,17.449
13.8900,1885.1573,305.81,1.01558,73.0,17.449
13.9000,1885.1573,286.86,1.01558,73.0,17.449
13.9100,1885.1573,280.81,1.01558,72.9,17.449
13.9200,1901.0276,311.64,1.00711,73.0,17.449
13.9300,1886.4173,282.47,1.01491,73.0,17.449
13.9400,1886.4173,280.34,1.01491,72.9,17.449
13.9500,1886.4173,311.83,1.01491,72.9,17.449
13.9600,1886.4173,306.95,1.01491,72.8,17.449
13.9700,1885.2002,290.94,1.01556,72.9,17.449
13.9800,1885.2002,285.52,1.01556,72.8,17.449
13.9900,1885.2002,288.68,1.01556,72.7,17.449
14.0000,1885.2002,279.59,1.01556,72.7,17.449
14.0100,1885.2002,268.84,1.01556,72.7,17.449
14.0200,1884.6802,277.20,1.01584,72.7,17.449
14.0300,1889.4709,282.72,1.01327,72.7,17.449
14.0400,1889.4709,296.75,1.01327,72.7,17.449
14.0500,1889.4709,278.83,1.01327,72.7,17.449
14.0600,1889.4709,281.72,1.01327,72.6,17.449
14.0700,1889.4709,273.91,1.01327,72.5,17.449
14.0800,1889.4709,289.07,1.01327,72.5,17.449
14.0900,1889.4709,305.46,1.01327,72.4,17.449
14.1000,1889.4709,300.00,1.01327,72.4,17.449
14.1100,1873.9411,316.63,1.02166,72.4,17.449
14.1200,1873.9411,334.60,1.02166,72.4,17.449
14.1300,1860.9926,294.47,1.02877,72.4,17.449
14.1400,1858.7582,288.91,1.03001,72.4,17.449
14.1500,1858.7582,305.32,1.03001,72.4,17.449
14.1600,1858.7582,293.87,1.03001,72.3,17.449
14.1700,1858.7582,322.03,1.03001,72.3,17.449
14.1800,1858.7582,313.96,1.03001,72.2,17.449
14.1900,1858.7582,319.52,1.03001,72.2,17.449
14.2000,1858.7582,313.20,1.03001,72.2,17.449
14.2100,1856.3758,324.88,1.03133,72.2,17.449
14.2200,1856.3758,313.25,1.03133,72.1,17.449
14.2300,1860.9048,340.07,1.02882,72.1,17.449
14.2400,1860.9048,338.01,1.02882,72.1,17.449
14.2500,1860.9048,326.72,1.02882,72.1,17.449
14.2600,1869.0144,295.47,1.02436,72.1,17.449
14.2700,1869.0144,313.89,1.02436,72.0,17.449
14.2800,1865.7991,291.51,1.02612,72.1,17.449
14.2900,1876.6036,305.22,1.02021,72.1,17.449
14.3000,1876.6036,283.53,1.02021,72.1,17.449
14.3100,1888.9479,311.00,1.01355,72.1,17.449
14.3200,1888.8296,301.15,1.01361,72.1,17.449
14.3300,1874.9804,300.57,1.02110,72.2,17.449
14.3400,1858.7553,297.30,1.03001,72.2,17.449
14.3500,1858.7553,309.83,1.03001,72.2,17.449
14.3600,1853.6196,291.14,1.03286,72.2,17.449
14.3700,1855.0725,291.49,1.03205,72.2,17.449
14.3800,1862.1406,271.06,1.02814,72.3,17.449
14.3900,1854.8696,267.62,1.03217,72.3,17.449
14.4000,1854.8696,280.52,1.03217,72.3,17.449
14.4100,1843.6502,287.73,1.03845,72.3,17.449
14.4200,1843.6502,267.15,1.03845,72.2,17.449
14.4300,1843.6502,284.62,1.03845,72.2,17.449
14.4400,1842.7939,301.76,1.03893,72.2,17.449
14.4500,1842.7939,285.47,1.03893,72.2,17.449
14.4600,1844.7173,276.55,1.03785,72.2,17.449
14.4700,1838.1751,279.61,1.04154,72.3,17.449
14.4800,1836.4018,302.99,1.04255,72.3,17.449
14.4900,1836.4018,288.80,1.04255,72.2,17.449
14.5000,1836.4018,286.85,1.04255,72.2,17.449
14.5100,1853.5636,274.74,1.03289,72.2,17.449
14.5200,1853.4107,294.00,1.03298,72.3,17.449
14.5300,1853.4107,312.62,1.03298,72.2,17.449
14.5400,1856.3303,291.50,1.03135,72.2,17.449
14.5500,1856.3303,283.34,1.03135,72.2,17.449
14.5600,1839.6761,270.20,1.04069,72.3,17.449
14.5700,1839.6761,283.27,1.04069,72.2,17.449
14.5800,1841.9154,283.12,1.03943,72.2,17.449
14.5900,1842.6440,269.20,1.03902,72.2,17.449
14.6000,1842.6440,271.72,1.03902,72.2,17.449
14.6100,1838.8721,296.01,1.04115,72.3,17.449
14.6200,1838.8721,288.34,1.04115,72.2,17.449
14.6300,1833.5571,286.03,1.04416,72.2,17.449
14.6400,1844.6970,292.29,1.03786,72.2,17.449
14.6500,1844.6970,284.79,1.03786,72.2,17.449
14.6600,1840.0524,300.45,1.04048,72.3,17.449
14.6700,1828.6250,316.71,1.04698,72.3,17.449
14.6800,1838.1842,329.30,1.04154,72.3,17.449
14.6900,1836.7742,314.94,1.04234,72.3,17.449
14.7000,1836.7742,309.76,1.04234,72.3,17.449
14.7100,1847.8109,298.97,1.03611,72.4,17.449
14.7200,1847.8109,311.53,1.03611,72.3,17.449
14.7300,1847.8109,303.15,1.03611,72.2,17.449
14.7400,1850.5171,282.43,1.03459,72.3,17.449
14.7500,1850.5171,315.12,1.03459,72.3,17.449
14.7600,1848.0799,307.57,1.03596,72.3,17.449
14.7700,1848.0799,332.88,1.03596,72.2,17.449
14.7800,1848.0799,324.57,1.03596,72.2,17.449
14.7900,1848.4121,309.54,1.03577,72.2,17.449
14.8000,1848.4121,283.95,1.03577,72.2,17.449
14.8100,1862.1648,301.19,1.02812,72.2,17.449
14.8200,1848.0839,293.72,1.03596,72.2,17.449
14.8300,1864.7021,305.22,1.02672,72.3,17.449
14.8400,1869.7940,320.67,1.02393,72.3,17.449
14.8500,1869.7940,310.31,1.02393,72.3,17.449
14.8600,1869.7940,322.55,1.02393,72.2,17.449
14.8700,1869.7940,323.09,1.02393,72.2,17.449
14.8800,1870.4461,284.41,1.02357,72.2,17.449
14.8900,1855.7110,299.72,1.03170,72.2,17.449
14.9000,1855.7110,317.04,1.03170,72.2,17.449
14.9100,1855.7110,293.05,1.03170,72.1,17.449
14.9200,1849.4886,307.60,1.03517,72.2,17.449
14.9300,1843.4801,305.51,1.03854,72.2,17.449
14.9400,1841.7896,316.36,1.03950,72.2,17.449
14.9500,1841.7896,298.25,1.03950,72.2,17.449
14.9600,1842.7605,317.76,1.03895,72.2,17.449
14.9700,1842.7605,299.50,1.03895,72.2,17.449
14.9800,1828.4686,293.99,1.04707,72.2,17.449
14.9900,1828.4686,320.05,1.04707,72.1,17.449
15.0000,1828.4686,313.79,1.04707,72.1,17.449
15.0100,1835.3375,294.22,1.04315,72.2,17.449
15.0200,1835.3375,294.99,1.04315,72.1,17.449
15.0300,1826.6999,274.71,1.04808,72.1,17.449
15.0400,1826.6999,259.00,1.04808,72.1,17.449
15.0500,1826.6999,268.04,1.04808,72.1,17.449
15.0600,1815.6033,290.03,1.05449,72.1,17.449
15.0700,1827.4764,287.87,1.04764,72.1,17.449
15.0800,1822.1624,292.11,1.05069,72.1,17.449
15.0900,1822.1624,301.94,1.05069,72.1,17.449
15.1000,1822.1624,294.48,1.05069,72.1,17.449
15.1100,1806.7238,268.01,1.05967,72.1,17.449
15.1200,1806.7238,279.58,1.05967,72.0,17.449
15.1300,1796.6439,303.55,1.06562,72.1,17.449
15.1400,1779.2820,299.93,1.07602,72.1,17.449
15.1500,1779.2820,307.33,1.07602,72.1,17.449
15.1600,1779.2820,308.70,1.07602,72.0,17.449
15.1700,1779.2820,300.12,1.07602,72.0,17.449
15.1800,1788.9744,300.01,1.07019,72.0,17.449
15.1900,1777.8331,295.84,1.07689,72.0,17.449
15.2000,1777.8331,293.53,1.07689,72.0,17.449
15.2100,1784.1102,297.71,1.07310,72.0,17.449
15.2200,1776.0593,303.77,1.07797,72.1,17.449
15.2300,1776.0593,322.76,1.07797,72.0,17.449
15.2400,1776.0593,325.49,1.07797,71.9,17.449
15.2500,1776.0593,310.02,1.07797,71.9,17.449
15.2600,1775.1712,296.25,1.07851,72.0,17.449
15.2700,1768.5641,289.57,1.08254,72.0,17.449
15.2800,1771.1858,275.50,1.08093,72.0,17.449
15.2900,1779.1877,303.08,1.07607,72.0,17.449
15.3000,1779.1877,311.03,1.07607,72.0,17.449
15.3100,1781.1598,310.72,1.07488,72.1,17.449
15.3200,1784.3725,320.88,1.07295,72.1,17.449
15.3300,1784.2860,328.38,1.07300,72.1,17.449
15.3400,1779.7945,344.83,1.07571,72.1,17.449
15.3500,1779.7945,325.22,1.07571,72.1,17.449
15.3600,1779.4573,300.76,1.07591,72.1,17.449
15.3700,1773.7560,323.95,1.07937,72.2,17.449
15.3800,1771.4654,316.77,1.08076,72.2,17.449
15.3900,1758.9179,301.58,1.08847,72.2,17.449
15.4000,1758.9179,307.59,1.08847,72.2,17.449
15.4100,1758.9179,308.54,1.08847,72.2,17.449
15.4200,1765.0407,336.93,1.08470,72.2,17.449
15.4300,1767.2558,312.23,1.08334,72.2,17.449
15.4400,1763.5648,338.07,1.08561,72.2,17.449
15.4500,1763.5648,323.43,1.08561,72.2,17.449
15.4600,1763.5648,328.09,1.08561,72.2,17.449
15.4700,1748.1529,343.99,1.09518,72.2,17.449
15.4800,1748.1529,315.09,1.09518,72.1,17.449
15.4900,1748.1529,316.11,1.09518,72.1,17.449
15.5000,1748.1529,303.16,1.09518,72.1,17.449
15.5100,1735.5238,315.33,1.10315,72.1,17.449
15.5200,1738.1505,319.52,1.10148,72.1,17.449
15.5300,1753.4419,282.88,1.09187,72.1,17.449
15.5400,1753.4419,283.16,1.09187,72.1,17.449
15.5500,1753.4419,273.10,1.09187,72.1,17.449
15.5600,1764.0160,282.25,1.08533,72.1,17.449
15.5700,1754.6923,286.21,1.09109,72.1,17.449
15.5800,1754.2427,305.24,1.09137,72.2,17.449
15.5900,1754.2427,294.45,1.09137,72.1,17.449
15.6000,1754.2427,292.20,1.09137,72.1,17.449
15.6100,1754.2427,322.78,1.09137,72.0,17.449
15.6200,1754.2427,311.38,1.09137,72.0,17.449
15.6300,1749.2760,306.42,1.09447,72.0,17.449
15.6400,1763.6147,296.39,1.08557,72.0,17.449
15.6500,1763.6147,282.36,1.08557,72.0,17.449
15.6600,1763.6147,286.73,1.08557,72.0,17.449
15.6700,1770.0359,285.20,1.08164,72.0,17.449
15.6800,1766.3760,272.05,1.08388,72.0,17.449
15.6900,1749.9682,270.07,1.09404,72.0,17.449
15.7000,1749.9682,294.70,1.09404,72.0,17.449
15.7100,1747.5948,310.41,1.09553,72.1,17.449
15.7200,1747.5948,316.60,1.09553,72.0,17.449
15.7300,1758.2201,321.80,1.08891,72.0,17.449
15.7400,1766.5451,298.87,1.08377,72.0,17.449
15.7500,1766.5451,287.17,1.08377,72.0,17.449
15.7600,1766.5451,283.18,1.08377,72.0,17.449
15.7700,1751.7594,283.46,1.09292,72.0,17.449
15.7800,1751.7594,285.40,1.09292,71.9,17.449
15.7900,1750.7499,289.24,1.09355,72.0,17.449
15.8000,1750.7499,271.63,1.09355,72.0,17.449
15.8100,1750.7499,285.43,1.09355,71.9,17.449
15.8200,1750.5601,275.70,1.09367,71.9,17.449
15.8300,1751.1499,283.70,1.09330,72.0,17.449
15.8400,1751.1499,257.65,1.09330,71.9,17.449
15.8500,1751.1499,294.62,1.09330,71.9,17.449
15.8600,1751.1499,262.25,1.09330,71.8,17.449
15.8700,1751.1499,278.01,1.09330,71.8,17.449
15.8800,1751.1499,267.98,1.09330,71.7,17.449
15.8900,1751.1499,282.61,1.09330,71.7,17.449
15.9000,1751.1499,281.06,1.09330,71.7,17.449
15.9100,1751.1499,264.26,1.09330,71.6,17.449
15.9200,1751.1499,291.50,1.09330,71.6,17.449
15.9300,1734.6872,291.17,1.10368,71.6,17.449
15.9400,1734.6872,303.94,1.10368,71.5,17.449
15.9500,1734.6872,310.68,1.10368,71.5,17.449
15.9600,1746.0233,317.26,1.09651,71.6,17.449
15.9700,1739.6210,296.60,1.10055,71.6,17.449
15.9800,1738.3077,294.08,1.10138,71.6,17.449
15.9900,1734.5574,321.90,1.10376,71.6,17.449
16.0000,1734.5574,299.30,1.10376,71.6,17.449
16.0100,1727.7073,313.85,1.10814,71.6,17.449
16.0200,1718.9049,319.97,1.11381,71.7,17.449
16.0300,1724.8576,317.25,1.10997,71.7,17.449
16.0400,1722.8182,301.09,1.11128,71.7,17.449
16.0500,1722.8182,313.96,1.11128,71.7,17.449
16.0600,1722.8182,307.90,1.11128,71.7,17.449
16.0700,1722.8182,333.89,1.11128,71.6,17.449
16.0800,1712.8130,313.86,1.11777,71.6,17.449
16.0900,1714.2070,301.39,1.11686,71.6,17.449
16.1000,1714.2070,300.30,1.11686,71.6,17.449
16.1100,1708.8175,298.47,1.12039,71.7,17.449
16.1200,1709.1304,281.09,1.12018,71.7,17.449
16.1300,1704.2772,273.24,1.12337,71.7,17.449
16.1400,1695.3098,285.84,1.12931,71.7,17.449
16.1500,1695.3098,291.70,1.12931,71.7,17.449
16.1600,1709.4518,268.54,1.11997,71.7,17.449
16.1700,1699.0792,273.14,1.12681,71.8,17.449
16.1800,1714.9845,279.23,1.11636,71.8,17.449
16.1900,1708.8756,289.80,1.12035,71.8,17.449
16.2000,1708.8756,293.85,1.12035,71.8,17.449
16.2100,1719.4329,287.96,1.11347,71.8,17.449
16.2200,1702.5682,299.87,1.12450,71.9,17.449
16.2300,1706.7193,300.05,1.12176,71.9,17.449
16.2400,1693.4792,287.24,1.13053,71.9,17.449
16.2500,1693.4792,292.66,1.13053,71.9,17.449
16.2600,1693.4792,294.50,1.13053,71.8,17.449
16.2700,1694.2447,315.43,1.13002,71.9,17.449
16.2800,1700.9801,323.26,1.12555,71.9,17.449
16.2900,1714.3884,299.64,1.11675,71.9,17.449
16.3000,1714.3884,288.46,1.11675,71.9,17.449
16.3100,1698.7045,320.42,1.12706,71.9,17.449
16.3200,1698.7045,289.34,1.12706,71.9,17.449
16.3300,1684.2196,269.02,1.13675,71.9,17.449
16.3400,1667.4599,279.58,1.14817,71.9,17.449
16.3500,1667.4599,305.62,1.14817,71.9,17.449
16.3600,1667.4599,291.02,1.14817,71.9,17.449
16.3700,1667.4599,297.06,1.14817,71.8,17.449
16.3800,1683.1870,287.41,1.13745,71.8,17.449
16.3900,1683.1870,303.25,1.13745,71.8,17.449
16.4000,1683.1870,314.25,1.13745,71.8,17.449
16.4100,1683.1870,306.55,1.13745,71.7,17.449
16.4200,1683.1870,332.82,1.13745,71.7,17.449
16.4300,1672.2312,294.11,1.14490,71.7,17.449
16.4400,1667.4502,289.82,1.14818,71.7,17.449
16.4500,1667.4502,297.85,1.14818,71.7,17.449
16.4600,1676.8840,292.80,1.14172,71.7,17.449
16.4700,1676.8840,299.75,1.14172,71.7,17.449
16.4800,1661.4524,290.31,1.15233,71.7,17.449
16.4900,1661.4524,273.33,1.15233,71.6,17.449
16.5000,1661.4524,280.83,1.15233,71.6,17.449
16.5100,1661.4524,297.71,1.15233,71.6,17.449
16.5200,1668.4644,299.85,1.14748,71.6,17.449
16.5300,1668.4644,287.32,1.14748,71.6,17.449
16.5400,1668.0461,279.77,1.14777,71.6,17.449
16.5500,1668.0461,277.52,1.14777,71.6,17.449
16.5600,1668.0461,281.66,1.14777,71.5,17.449
16.5700,1672.6943,254.98,1.14458,71.5,17.449
16.5800,1689.4037,285.96,1.13326,71.6,17.449
16.5900,1699.2241,278.05,1.12671,71.6,17.449
16.6000,1699.2241,290.96,1.12671,71.6,17.449
16.6100,1701.7565,294.86,1.12503,71.6,17.449
16.6200,1701.7565,283.52,1.12503,71.6,17.449
16.6300,1707.1590,296.26,1.12147,71.6,17.449
16.6400,1707.1590,283.73,1.12147,71.5,17.449
16.6500,1707.1590,295.12,1.12147,71.5,17.449
16.6600,1715.0247,297.38,1.11633,71.5,17.449
16.6700,1715.0247,309.93,1.11633,71.5,17.449
16.6800,1716.4795,288.28,1.11538,71.5,17.449
16.6900,1712.2985,314.07,1.11811,71.5,17.449
16.7000,1712.2985,329.76,1.11811,71.5,17.449
16.7100,1712.2985,306.82,1.11811,71.5,17.449
16.7200,1712.2985,320.80,1.11811,71.4,17.449
16.7300,1706.3732,320.87,1.12199,71.4,17.449
16.7400,1708.7360,301.94,1.12044,71.5,17.449
16.7500,1708.7360,303.31,1.12044,71.5,17.449
16.7600,1708.7360,289.77,1.12044,71.4,17.449
16.7700,1708.7360,306.12,1.12044,71.4,17.449
16.7800,1708.7360,300.79,1.12044,71.3,17.449
16.7900,1708.7360,287.83,1.12044,71.3,17.449
16.8000,1708.7360,285.74,1.12044,71.3,17.449
16.8100,1706.7533,285.31,1.12174,71.3,17.449
16.8200,1706.7533,290.00,1.12174,71.2,17.449
16.8300,1708.6769,300.15,1.12048,71.2,17.449
16.8400,1719.8067,280.57,1.11323,71.3,17.449
16.8500,1719.8067,292.93,1.11323,71.3,17.449
16.8600,1719.8067,280.42,1.11323,71.2,17.449
16.8700,1715.2387,293.91,1.11619,71.2,17.449
16.8800,1717.5390,307.53,1.11470,71.3,17.449
16.8900,1717.5390,294.05,1.11470,71.2,17.449
16.9000,1717.5390,296.95,1.11470,71.2,17.449
16.9100,1717.5390,324.00,1.11470,71.2,17.449
16.9200,1720.3028,308.10,1.11291,71.2,17.449
16.9300,1705.1093,280.63,1.12282,71.2,17.449
16.9400,1705.1093,290.80,1.12282,71.1,17.449
16.9500,1705.1093,292.12,1.12282,71.1,17.449
16.9600,1715.6131,307.12,1.11595,71.2,17.449
16.9700,1731.0191,292.32,1.10602,71.2,17.449
16.9800,1719.4377,275.84,1.11347,71.2,17.449
16.9900,1719.4377,277.66,1.11347,71.2,17.449
17.0000,1719.4377,280.92,1.11347,71.2,17.449
17.0100,1703.6791,298.16,1.12377,71.2,17.449
17.0200,1703.6791,297.90,1.12377,71.1,17.449
17.0300,1701.6953,302.63,1.12508,71.1,17.449
17.0400,1701.7117,318.26,1.12506,71.2,17.449
17.0500,1701.7117,290.39,1.12506,71.2,17.449
17.0600,1701.7117,298.79,1.12506,71.1,17.449
17.0700,1701.7117,303.49,1.12506,71.1,17.449
17.0800,1701.7117,301.61,1.12506,71.0,17.449
17.0900,1708.3483,298.10,1.12069,71.0,17.449
17.1000,1708.3483,322.27,1.12069,71.0,17.449
17.1100,1706.4813,330.81,1.12192,71.1,17.449
17.1200,1702.3056,332.49,1.12467,71.1,17.449
17.1300,1702.3056,315.89,1.12467,71.0,17.449
17.1400,1705.8833,296.21,1.12231,71.0,17.449
17.1500,1705.8833,296.62,1.12231,71.0,17.449
17.1600,1705.8833,298.50,1.12231,71.0,17.449
17.1700,1705.8833,294.17,1.12231,70.9,17.449
17.1800,1689.6092,288.06,1.13312,71.0,17.449
17.1900,1698.8212,299.00,1.12698,71.0,17.449
17.2000,1698.8212,282.01,1.12698,71.0,17.449
17.2100,1698.8212,331.46,1.12698,70.9,17.449
17.2200,1705.3120,329.72,1.12269,71.0,17.449
17.2300,1707.2102,288.78,1.12144,71.0,17.449
17.2400,1703.0903,266.72,1.12415,71.0,17.449
17.2500,1703.0903,286.50,1.12415,71.0,17.449
17.2600,1703.0903,289.11,1.12415,70.9,17.449
17.2700,1703.0903,288.70,1.12415,70.9,17.449
17.2800,1718.2304,287.67,1.11425,70.9,17.449
17.2900,1718.2304,300.11,1.11425,70.9,17.449
17.3000,1718.2304,315.52,1.11425,70.9,17.449
17.3100,1718.2304,289.02,1.11425,70.8,17.449
17.3200,1714.4846,295.49,1.11668,70.8,17.449
17.3300,1728.9826,276.50,1.10732,70.9,17.449
17.3400,1728.9826,286.44,1.10732,70.8,17.449
17.3500,1728.9826,297.21,1.10732,70.8,17.449
17.3600,1728.9826,283.01,1.10732,70.7,17.449
17.3700,1724.9699,273.71,1.10989,70.8,17.449
17.3800,1724.9699,272.17,1.10989,70.7,17.449
17.3900,1726.1148,269.59,1.10916,70.7,17.449
17.4000,1726.1148,265.79,1.10916,70.7,17.449
17.4100,1726.1148,284.38,1.10916,70.7,17.449
17.4200,1726.1148,279.25,1.10916,70.6,17.449
17.4300,1727.6296,281.62,1.10819,70.7,17.449
17.4400,1726.5605,282.36,1.10887,70.7,17.449
17.4500,1726.5605,274.75,1.10887,70.7,17.449
17.4600,1726.5605,291.11,1.10887,70.6,17.449
17.4700,1712.0256,314.00,1.11829,70.7,17.449
17.4800,1697.5024,331.92,1.12785,70.7,17.449
17.4900,1691.8413,324.21,1.13163,70.7,17.449
17.5000,1691.8413,311.02,1.13163,70.7,17.449
17.5100,1677.6051,295.24,1.14123,70.7,17.449
17.5200,1675.1207,311.14,1.14292,70.7,17.449
17.5300,1674.0251,320.07,1.14367,70.8,17.449
17.5400,1668.7527,312.54,1.14729,70.8,17.449
17.5500,1668.7527,322.03,1.14729,70.8,17.449
17.5600,1681.0934,330.64,1.13886,70.8,17.449
17.5700,1679.4769,335.56,1.13996,70.8,17.449
17.5800,1679.4769,360.21,1.13996,70.8,17.449
17.5900,1679.4769,325.91,1.13996,70.7,17.449
17.6000,1679.4769,330.28,1.13996,70.7,17.449
17.6100,1689.9742,320.22,1.13288,70.7,17.449
17.6200,1689.9742,302.27,1.13288,70.7,17.449
17.6300,1704.8671,297.59,1.12298,70.7,17.449
17.6400,1694.9683,299.27,1.12954,70.7,17.449
17.6500,1694.9683,298.63,1.12954,70.7,17.449
17.6600,1689.5672,300.44,1.13315,70.8,17.449
17.6700,1699.2960,301.07,1.12666,70.8,17.449
17.6800,1704.2914,300.97,1.12336,70.8,17.449
17.6900,1698.8846,334.36,1.12694,70.8,17.449
17.7000,1698.8846,341.46,1.12694,70.8,17.449
17.7100,1709.3308,327.28,1.12005,70.8,17.449
17.7200,1712.1686,318.60,1.11819,70.9,17.449
17.7300,1709.4530,332.79,1.11997,70.9,17.449
17.7400,1704.8750,288.66,1.12298,70.9,17.449
17.7500,1704.8750,324.36,1.12298,70.9,17.449
17.7600,1710.1865,309.61,1.11949,70.9,17.449
17.7700,1702.7009,278.20,1.12441,70.9,17.449
17.7800,1702.7009,321.30,1.12441,70.9,17.449
17.7900,1699.1935,289.65,1.12673,70.9,17.449
17.8000,1699.1935,301.23,1.12673,70.9,17.449
17.8100,1698.7477,292.91,1.12703,70.9,17.449
17.8200,1697.0781,324.19,1.12814,70.9,17.449
17.8300,1695.7453,300.17,1.12902,71.0,17.449
17.8400,1695.7453,306.20,1.12902,70.9,17.449
17.8500,1695.7453,332.11,1.12902,70.9,17.449
17.8600,1706.5680,301.90,1.12186,70.9,17.449
17.8700,1693.2103,300.54,1.13071,71.0,17.449
17.8800,1693.2103,293.18,1.13071,70.9,17.449
17.8900,1693.2103,319.29,1.13071,70.9,17.449
17.9000,1693.2103,308.43,1.13071,70.9,17.449
17.9100,1681.6348,328.61,1.13850,70.9,17.449
17.9200,1681.6348,304.70,1.13850,70.8,17.449
17.9300,1681.6348,311.51,1.13850,70.8,17.449
17.9400,1672.4812,287.13,1.14473,70.8,17.449
17.9500,1672.4812,289.15,1.14473,70.8,17.449
17.9600,1658.7834,293.87,1.15418,70.8,17.449
17.9700,1656.1287,265.52,1.15603,70.8,17.449
17.9800,1656.1806,281.90,1.15599,70.9,17.449
17.9900,1656.1806,254.97,1.15599,70.8,17.449
18.0000,1656.1806,268.00,1.15599,70.8,17.449
18.0100,1656.1806,294.06,1.15599,70.8,17.449
18.0200,1653.0231,298.94,1.15820,70.8,17.449
18.0300,1653.0231,300.36,1.15820,70.7,17.449
18.0400,1665.7397,306.49,1.14936,70.8,17.449
18.0500,1665.7397,286.44,1.14936,70.8,17.449
18.0600,1666.9630,312.10,1.14852,70.8,17.449
18.0700,1660.0105,319.34,1.15333,70.8,17.449
18.0800,1670.9201,323.10,1.14580,70.8,17.449
18.0900,1676.1071,316.03,1.14225,70.8,17.449
18.1000,1676.1071,313.20,1.14225,70.8,17.449
18.1100,1675.4156,300.64,1.14272,70.9,17.449
18.1200,1690.2422,296.74,1.13270,70.9,17.449
18.1300,1682.5653,304.22,1.13787,70.9,17.449
18.1400,1674.2062,306.64,1.14355,70.9,17.449
18.1500,1674.2062,302.72,1.14355,70.9,17.449
18.1600,1658.8009,304.63,1.15417,70.9,17.449
18.1700,1661.0033,323.19,1.15264,71.0,17.449
18.1800,1666.1289,304.99,1.14909,71.0,17.449
18.1900,1672.6313,293.75,1.14462,71.0,17.449
18.2000,1672.6313,296.32,1.14462,71.0,17.449
18.2100,1672.4378,334.05,1.14476,71.0,17.449
18.2200,1676.8477,307.83,1.14175,71.0,17.449
18.2300,1676.8477,304.30,1.14175,71.0,17.449
18.2400,1690.5026,314.75,1.13252,71.0,17.449
18.2500,1690.5026,312.21,1.13252,71.0,17.449
18.2600,1679.9871,300.43,1.13961,71.0,17.449
18.2700,1694.4198,291.06,1.12991,71.0,17.449
18.2800,1690.5171,288.65,1.13251,71.1,17.449
18.2900,1679.7950,313.10,1.13974,71.1,17.449
18.3000,1679.7950,324.79,1.13974,71.1,17.449
18.3100,1683.9134,318.32,1.13696,71.1,17.449
18.3200,1685.4020,292.06,1.13595,71.1,17.449
18.3300,1689.6579,273.40,1.13309,71.1,17.449
18.3400,1683.9956,284.45,1.13690,71.2,17.449
18.3500,1683.9956,289.03,1.13690,71.2,17.449
18.3600,1672.8416,291.68,1.14448,71.2,17.449
18.3700,1679.3884,302.44,1.14002,71.2,17.449
18.3800,1679.3884,319.63,1.14002,71.2,17.449
18.3900,1682.7955,294.62,1.13771,71.2,17.449
18.4000,1682.7955,290.56,1.13771,71.2,17.449
18.4100,1683.6927,288.04,1.13710,71.2,17.449
18.4200,1697.1342,290.21,1.12810,71.2,17.449
18.4300,1683.5466,294.32,1.13720,71.2,17.449
18.4400,1683.5466,283.76,1.13720,71.2,17.449
18.4500,1683.5466,299.81,1.13720,71.2,17.449
18.4600,1698.8963,287.62,1.12693,71.2,17.449
18.4700,1698.8963,309.66,1.12693,71.2,17.449
18.4800,1703.6836,299.08,1.12376,71.2,17.449
18.4900,1702.8320,286.73,1.12432,71.2,17.449
18.5000,1702.8320,277.01,1.12432,71.2,17.449
18.5100,1699.3818,266.24,1.12661,71.2,17.449
18.5200,1699.3818,276.63,1.12661,71.2,17.449
18.5300,1706.9134,262.08,1.12164,71.2,17.449
18.5400,1718.8648,269.88,1.11384,71.2,17.449
18.5500,1718.8648,288.44,1.11384,71.2,17.449
18.5600,1719.1191,290.39,1.11367,71.2,17.449
18.5700,1719.1191,283.54,1.11367,71.2,17.449
18.5800,1719.1191,306.82,1.11367,71.1,17.449
18.5900,1729.4671,284.05,1.10701,71.1,17.449
18.6000,1729.4671,269.32,1.10701,71.1,17.449
18.6100,1729.4671,286.89,1.10701,71.1,17.449
18.6200,1732.2190,299.19,1.10525,71.1,17.449
18.6300,1732.9318,282.27,1.10480,71.1,17.449
18.6400,1732.9318,301.75,1.10480,71.1,17.449
18.6500,1732.9318,284.83,1.10480,71.1,17.449
18.6600,1732.9318,266.98,1.10480,71.0,17.449
18.6700,1732.9318,269.79,1.10480,71.0,17.449
18.6800,1730.3777,287.78,1.10643,71.0,17.449
18.6900,1728.3072,291.55,1.10775,71.0,17.449
18.7000,1728.3072,293.89,1.10775,71.0,17.449
18.7100,1728.3072,296.84,1.10775,71.0,17.449
18.7200,1728.3072,312.86,1.10775,70.9,17.449
18.7300,1714.0772,291.48,1.11695,71.0,17.449
18.7400,1714.0772,295.67,1.11695,70.9,17.449
18.7500,1714.0772,314.24,1.11695,70.9,17.449
18.7600,1702.3104,297.29,1.12467,70.9,17.449
18.7700,1702.2831,295.81,1.12469,71.0,17.449
18.7800,1691.7680,300.63,1.13168,71.0,17.449
18.7900,1690.8792,312.55,1.13227,71.0,17.449
18.8000,1690.8792,292.55,1.13227,71.0,17.449
18.8100,1690.3816,269.38,1.13261,71.0,17.449
18.8200,1690.3816,299.86,1.13261,71.0,17.449
18.8300,1672.9556,299.20,1.14440,71.0,17.449
18.8400,1672.9556,280.86,1.14440,70.9,17.449
18.8500,1672.9556,290.85,1.14440,70.9,17.449
18.8600,1683.2036,274.02,1.13744,71.0,17.449
18.8700,1675.5632,275.42,1.14262,71.0,17.449
18.8800,1660.1359,276.56,1.15324,71.0,17.449
18.8900,1670.5858,302.67,1.14603,71.0,17.449
18.9000,1670.5858,277.60,1.14603,71.0,17.449
18.9100,1669.4082,293.43,1.14683,71.0,17.449
18.9200,1672.1477,280.02,1.14496,71.1,17.449
18.9300,1672.1477,287.87,1.14496,71.0,17.449
18.9400,1672.1477,295.08,1.14496,71.0,17.449
18.9500,1672.1477,298.04,1.14496,71.0,17.449
18.9600,1672.1477,275.22,1.14496,70.9,17.449
18.9700,1672.1477,295.68,1.14496,70.9,17.449
18.9800,1671.0046,316.91,1.14574,70.9,17.449
18.9900,1663.5594,307.00,1.15087,70.9,17.449
19.0000,1663.5594,329.79,1.15087,70.9,17.449
19.0100,1646.3775,319.66,1.16288,70.9,17.449
19.0200,1663.1300,292.35,1.15116,70.9,17.449
19.0300,1664.4858,268.14,1.15023,71.0,17.449
19.0400,1664.4858,321.39,1.15023,70.9,17.449
19.0500,1664.4858,341.66,1.15023,70.9,17.449
19.0600,1672.4121,317.01,1.14477,70.9,17.449
19.0700,1672.4121,284.04,1.14477,70.9,17.449
19.0800,1668.4726,317.47,1.14748,70.9,17.449
19.0900,1674.6249,303.83,1.14326,70.9,17.449
19.1000,1674.6249,290.82,1.14326,70.9,17.449
19.1100,1691.1664,282.08,1.13208,70.9,17.449
19.1200,1690.5809,305.62,1.13247,71.0,17.449
19.1300,1690.5809,303.99,1.13247,70.9,17.449
19.1400,1686.1403,313.07,1.13545,70.9,17.449
19.1500,1686.1403,323.06,1.13545,70.9,17.449
19.1600,1669.9454,295.28,1.14647,71.0,17.449
19.1700,1663.0301,327.49,1.15123,71.0,17.449
19.1800,1663.0301,324.21,1.15123,70.9,17.449
19.1900,1657.8560,300.68,1.15483,70.9,17.449
19.2000,1657.8560,303.31,1.15483,70.9,17.449
19.2100,1657.2597,297.47,1.15524,71.0,17.449
19.2200,1672.1467,302.66,1.14496,71.0,17.449
19.2300,1674.5228,291.43,1.14333,71.0,17.449
19.2400,1676.2475,296.43,1.14216,71.0,17.449
19.2500,1676.2475,303.10,1.14216,71.0,17.449
19.2600,1682.9402,309.87,1.13761,71.0,17.449
19.2700,1682.9402,303.25,1.13761,71.0,17.449
19.2800,1682.9402,290.36,1.13761,70.9,17.449
19.2900,1698.7222,291.29,1.12704,71.0,17.449
19.3000,1698.7222,321.52,1.12704,71.0,17.449
19.3100,1698.7222,330.72,1.12704,70.9,17.449
19.3200,1704.2591,316.61,1.12338,70.9,17.449
19.3300,1703.2091,284.46,1.12408,71.0,17.449
19.3400,1694.7269,282.48,1.12970,71.0,17.449
19.3500,1694.7269,313.01,1.12970,71.0,17.449
19.3600,1693.1287,339.66,1.13077,71.0,17.449
19.3700,1703.9175,326.67,1.12361,71.0,17.449
19.3800,1704.6399,307.70,1.12313,71.0,17.449
19.3900,1712.1799,306.53,1.11819,71.1,17.449
19.4000,1712.1799,289.25,1.11819,71.1,17.449
19.4100,1722.3962,300.54,1.11155,71.1,17.449
19.4200,1722.3962,295.18,1.11155,71.0,17.449
19.4300,1738.0630,322.32,1.10153,71.0,17.449
19.4400,1727.4632,320.23,1.10829,71.1,17.449
19.4500,1727.4632,316.62,1.10829,71.1,17.449
19.4600,1727.4632,316.44,1.10829,71.0,17.449
19.4700,1736.5783,328.94,1.10248,71.0,17.449
19.4800,1727.9518,308.72,1.10798,71.1,17.449
19.4900,1729.8210,285.73,1.10678,71.1,17.449
19.5000,1729.8210,290.58,1.10678,71.1,17.449
19.5100,1729.8210,291.46,1.10678,71.0,17.449
19.5200,1737.1023,292.99,1.10214,71.0,17.449
19.5300,1737.1023,282.74,1.10214,71.0,17.449
19.5400,1737.1023,296.85,1.10214,71.0,17.449
19.5500,1737.1023,323.81,1.10214,71.0,17.449
19.5600,1750.2509,315.21,1.09386,71.0,17.449
19.5700,1750.2509,324.42,1.09386,70.9,17.449
19.5800,1733.1214,312.19,1.10467,70.9,17.449
19.5900,1731.4421,282.59,1.10575,71.0,17.449
19.6000,1731.4421,322.54,1.10575,71.0,17.449
19.6100,1735.6786,320.80,1.10305,71.0,17.449
19.6200,1735.6786,311.22,1.10305,70.9,17.449
19.6300,1745.6881,303.26,1.09672,71.0,17.449
19.6400,1733.2846,321.81,1.10457,71.0,17.449
19.6500,1733.2846,315.40,1.10457,71.0,17.449
19.6600,1725.0585,301.15,1.10984,71.0,17.449
19.6700,1729.4908,305.37,1.10699,71.0,17.449
19.6800,1737.9135,310.58,1.10163,71.0,17.449
19.6900,1737.9135,315.02,1.10163,71.0,17.449
19.7000,1737.9135,285.50,1.10163,71.0,17.449
19.7100,1738.4499,273.77,1.10129,71.0,17.449
19.7200,1738.4499,277.99,1.10129,71.0,17.449
19.7300,1753.8078,306.52,1.09164,71.0,17.449
19.7400,1750.1530,302.99,1.09392,71.0,17.449
19.7500,1750.1530,317.59,1.09392,71.0,17.449
19.7600,1755.6798,282.60,1.09048,71.0,17.449
19.7700,1755.6798,326.64,1.09048,71.0,17.449
19.7800,1754.2558,275.48,1.09137,71.0,17.449
19.7900,1754.2558,290.38,1.09137,70.9,17.449
19.8000,1754.2558,325.20,1.09137,70.9,17.449
19.8100,1754.2558,288.83,1.09137,70.9,17.449
19.8200,1754.2558,305.87,1.09137,70.9,17.449
19.8300,1753.6206,289.98,1.09176,70.9,17.449
19.8400,1740.1585,298.46,1.10021,70.9,17.449
19.8500,1740.1585,289.81,1.10021,70.9,17.449
19.8600,1740.1585,286.79,1.10021,70.8,17.449
19.8700,1731.2077,281.26,1.10590,70.9,17.449
19.8800,1731.2077,291.76,1.10590,70.8,17.449
19.8900,1734.7380,305.97,1.10365,70.8,17.449
19.9000,1734.7380,293.19,1.10365,70.8,17.449
19.9100,1731.3020,294.00,1.10584,70.9,17.449
19.9200,1715.7778,280.85,1.11584,70.9,17.449
19.9300,1715.7778,282.10,1.11584,70.8,17.449
19.9400,1711.0357,279.68,1.11893,70.8,17.449
19.9500,1711.0357,277.17,1.11893,70.8,17.449
19.9600,1708.4203,291.72,1.12065,70.9,17.449
19.9700,1721.2661,292.84,1.11228,70.9,17.449
19.9800,1729.3564,303.54,1.10708,70.9,17.449
19.9900,1729.3564,300.24,1.10708,70.9,17.449
20.0000,1729.3564,290.76,1.10708,70.9,17.449
20.0100,1746.7795,282.57,1.09604,70.9,17.449
20.0200,1743.0037,272.95,1.09841,70.9,17.449
20.0300,1743.0037,294.81,1.09841,70.8,17.449
20.0400,1739.9103,308.63,1.10036,70.9,17.449
20.0500,1739.9103,289.65,1.10036,70.9,17.449
20.0600,1745.8844,270.53,1.09660,70.9,17.449
20.0700,1739.2053,286.38,1.10081,70.9,17.449
20.0800,1739.2053,325.16,1.10081,70.9,17.449
20.0900,1747.7485,306.48,1.09543,70.9,17.449
20.1000,1747.7485,289.08,1.09543,70.9,17.449
20.1100,1750.4589,288.07,1.09373,70.9,17.449
20.1200,1750.4589,299.24,1.09373,70.9,17.449
20.1300,1750.4589,319.35,1.09373,70.8,17.449
20.1400,1758.3841,303.03,1.08880,70.8,17.449
20.1500,1758.3841,283.64,1.08880,70.8,17.449
20.1600,1766.8236,311.85,1.08360,70.8,17.449
20.1700,1767.6335,289.27,1.08311,70.9,17.449
20.1800,1767.6335,282.63,1.08311,70.8,17.449
20.1900,1767.6335,317.54,1.08311,70.8,17.449
20.2000,1767.6335,315.63,1.08311,70.8,17.449
20.2100,1771.2561,332.27,1.08089,70.8,17.449
20.2200,1766.7946,310.33,1.08362,70.8,17.449
20.2300,1768.5151,290.76,1.08257,70.8,17.449
20.2400,1751.6688,289.85,1.09298,70.8,17.449
20.2500,1751.6688,323.66,1.09298,70.8,17.449
20.2600,1740.1772,304.93,1.10020,70.9,17.449
20.2700,1740.1772,300.31,1.10020,70.8,17.449
20.2800,1740.1772,301.76,1.10020,70.8,17.449
20.2900,1734.3948,315.36,1.10386,70.8,17.449
20.3000,1734.3948,285.36,1.10386,70.8,17.449
20.3100,1734.3948,306.02,1.10386,70.8,17.449
20.3200,1727.3763,309.34,1.10835,70.8,17.449
20.3300,1724.5019,296.20,1.11020,70.8,17.449
20.3400,1726.0517,296.25,1.10920,70.8,17.449
20.3500,1726.0517,307.12,1.10920,70.8,17.449
20.3600,1719.8216,309.21,1.11322,70.8,17.449
20.3700,1721.7657,305.09,1.11196,70.8,17.449
20.3800,1721.7657,351.11,1.11196,70.8,17.449
20.3900,1721.7657,336.92,1.11196,70.8,17.449
20.4000,1721.7657,293.22,1.11196,70.8,17.449
20.4100,1721.7657,310.80,1.11196,70.7,17.449
20.4200,1731.6242,323.53,1.10563,70.7,17.449
20.4300,1731.6242,322.46,1.10563,70.7,17.449
20.4400,1731.6242,315.55,1.10563,70.6,17.449
20.4500,1731.6242,293.08,1.10563,70.6,17.449
20.4600,1731.6242,316.37,1.10563,70.6,17.449
20.4700,1740.9874,317.67,1.09968,70.6,17.449
20.4800,1740.9874,310.71,1.09968,70.6,17.449
20.4900,1740.9874,284.01,1.09968,70.5,17.449
20.5000,1740.9874,292.66,1.09968,70.5,17.449
20.5100,1735.1987,284.36,1.10335,70.5,17.449
20.5200,1735.1987,269.49,1.10335,70.5,17.449
20.5300,1750.0461,309.89,1.09399,70.5,17.449
20.5400,1755.0013,316.21,1.09090,70.5,17.449
20.5500,1755.0013,306.21,1.09090,70.5,17.449
20.5600,1755.0013,298.22,1.09090,70.5,17.449
20.5700,1751.7637,282.14,1.09292,70.5,17.449
20.5800,1737.0574,295.10,1.10217,70.5,17.449
20.5900,1725.2770,295.91,1.10970,70.6,17.449
20.6000,1725.2770,279.13,1.10970,70.6,17.449
20.6100,1725.8182,274.21,1.10935,70.6,17.449
20.6200,1738.6154,289.23,1.10118,70.6,17.449
20.6300,1738.6154,312.50,1.10118,70.5,17.449
20.6400,1753.7710,311.29,1.09167,70.6,17.449
20.6500,1753.7710,294.46,1.09167,70.6,17.449
20.6600,1760.0851,290.03,1.08775,70.6,17.449
20.6700,1767.9589,303.53,1.08291,70.6,17.449
20.6800,1765.1316,294.68,1.08464,70.6,17.449
20.6900,1750.7716,271.19,1.09354,70.6,17.449
20.7000,1750.7716,300.77,1.09354,70.6,17.449
20.7100,1750.7716,290.99,1.09354,70.6,17.449
20.7200,1750.7716,297.89,1.09354,70.5,17.449
20.7300,1759.9991,287.51,1.08780,70.6,17.449
20.7400,1766.5785,304.10,1.08375,70.6,17.449
20.7500,1766.5785,315.30,1.08375,70.6,17.449
20.7600,1766.5785,313.17,1.08375,70.5,17.449
20.7700,1765.4727,291.69,1.08443,70.6,17.449
20.7800,1754.1901,292.16,1.09141,70.6,17.449
20.7900,1764.0412,268.11,1.08531,70.6,17.449
20.8000,1764.0412,265.03,1.08531,70.6,17.449
20.8100,1763.2769,285.53,1.08578,70.6,17.449
20.8200,1774.9968,288.31,1.07861,70.6,17.449
20.8300,1774.9968,296.82,1.07861,70.6,17.449
20.8400,1771.0671,296.85,1.08101,70.6,17.449
20.8500,1771.0671,316.94,1.08101,70.6,17.449
20.8600,1758.3208,275.67,1.08884,70.6,17.449
20.8700,1773.9107,292.46,1.07927,70.6,17.449
20.8800,1788.5535,311.79,1.07044,70.7,17.449
20.8900,1798.5121,276.08,1.06451,70.7,17.449
20.9000,1798.5121,269.52,1.06451,70.7,17.449
20.9100,1798.5121,283.27,1.06451,70.6,17.449
20.9200,1798.5121,279.55,1.06451,70.6,17.449
20.9300,1798.5121,271.60,1.06451,70.5,17.449
20.9400,1803.6227,275.15,1.06149,70.6,17.449
20.9500,1803.6227,268.40,1.06149,70.6,17.449
20.9600,1803.6227,285.81,1.06149,70.5,17.449
20.9700,1788.4605,310.28,1.07049,70.5,17.449
20.9800,1777.8119,284.83,1.07691,70.6,17.449
20.9900,1791.3247,255.99,1.06878,70.6,17.449
21.0000,1791.3247,261.45,1.06878,70.6,17.449
21.0100,1787.6680,272.71,1.07097,70.6,17.449
21.0200,1778.8233,302.68,1.07629,70.6,17.449
21.0300,1775.8315,297.97,1.07811,70.6,17.449
21.0400,1765.4949,297.85,1.08442,70.6,17.449
21.0500,1765.4949,292.77,1.08442,70.6,17.449
21.0600,1765.4949,300.80,1.08442,70.6,17.449
21.0700,1768.6014,312.84,1.08251,70.6,17.449
21.0800,1763.2918,305.29,1.08577,70.6,17.449
21.0900,1772.9235,281.04,1.07987,70.7,17.449
21.1000,1772.9235,298.06,1.07987,70.7,17.449
21.1100,1761.9134,290.94,1.08662,70.7,17.449
21.1200,1771.9874,306.19,1.08045,70.7,17.449
21.1300,1771.9874,307.50,1.08045,70.7,17.449
21.1400,1758.3917,284.24,1.08880,70.7,17.449
21.1500,1758.3917,285.88,1.08880,70.7,17.449
21.1600,1758.3917,297.47,1.08880,70.6,17.449
21.1700,1772.8629,276.03,1.07991,70.6,17.449
21.1800,1783.0578,290.97,1.07374,70.7,17.449
21.1900,1783.0578,309.92,1.07374,70.6,17.449
21.2000,1783.0578,295.41,1.07374,70.6,17.449
21.2100,1777.6740,334.06,1.07699,70.6,17.449
21.2200,1773.4125,316.09,1.07958,70.7,17.449
21.2300,1773.4125,325.76,1.07958,70.6,17.449
21.2400,1780.3554,320.89,1.07537,70.6,17.449
21.2500,1780.3554,321.81,1.07537,70.6,17.449
21.2600,1797.1682,387.11,1.06531,70.6,17.449
21.2700,1797.1682,356.45,1.06531,70.6,17.449
21.2800,1806.9302,363.03,1.05955,70.6,17.449
21.2900,1799.9049,358.27,1.06369,70.6,17.449
21.3000,1799.9049,335.70,1.06369,70.6,17.449
21.3100,1796.1497,318.61,1.06591,70.7,17.449
21.3200,1796.1497,315.53,1.06591,70.6,17.449
21.3300,1800.9188,307.76,1.06309,70.6,17.449
21.3400,1800.9188,293.31,1.06309,70.6,17.449
21.3500,1800.9188,304.12,1.06309,70.6,17.449
21.3600,1805.7033,328.82,1.06027,70.6,17.449
21.3700,1803.4921,315.44,1.06157,70.6,17.449
21.3800,1795.1608,314.21,1.06650,70.6,17.449
21.3900,1795.1608,318.39,1.06650,70.6,17.449
21.4000,1795.1608,316.70,1.06650,70.6,17.449
21.4100,1796.8505,319.50,1.06549,70.6,17.449
21.4200,1806.5159,343.72,1.05979,70.6,17.449
21.4300,1791.7226,336.55,1.06854,70.7,17.449
21.4400,1792.6831,336.26,1.06797,70.7,17.449
21.4500,1792.6831,339.59,1.06797,70.7,17.449
21.4600,1777.0854,321.90,1.07735,70.7,17.449
21.4700,1778.5342,319.85,1.07647,70.7,17.449
21.4800,1778.5342,293.72,1.07647,70.7,17.449
21.4900,1765.6064,300.61,1.08435,70.7,17.449
21.5000,1765.6064,310.15,1.08435,70.7,17.449
21.5100,1756.4799,346.93,1.08998,70.7,17.449
21.5200,1769.0235,302.64,1.08226,70.7,17.449
21.5300,1769.0235,309.89,1.08226,70.7,17.449
21.5400,1765.6605,321.67,1.08432,70.7,17.449
21.5500,1765.6605,305.51,1.08432,70.7,17.449
21.5600,1766.0011,333.73,1.08411,70.7,17.449
21.5700,1754.4308,353.14,1.09126,70.7,17.449
21.5800,1754.4308,336.21,1.09126,70.7,17.449
21.5900,1754.4308,329.16,1.09126,70.6,17.449
21.6000,1754.4308,322.52,1.09126,70.6,17.449
21.6100,1754.4308,310.28,1.09126,70.6,17.449
21.6200,1756.3806,311.57,1.09005,70.6,17.449
21.6300,1756.3806,300.63,1.09005,70.6,17.449
21.6400,1756.3806,282.35,1.09005,70.5,17.449
21.6500,1756.3806,315.93,1.09005,70.5,17.449
21.6600,1756.3806,277.86,1.09005,70.5,17.449
21.6700,1756.3806,338.60,1.09005,70.5,17.449
21.6800,1755.3807,308.25,1.09067,70.5,17.449
21.6900,1746.8176,322.97,1.09601,70.5,17.449
21.7000,1746.8176,299.46,1.09601,70.5,17.449
21.7100,1750.1006,282.68,1.09396,70.5,17.449
21.7200,1749.6429,296.41,1.09424,70.5,17.449
21.7300,1751.0272,268.11,1.09338,70.5,17.449
21.7400,1748.4676,281.04,1.09498,70.6,17.449
21.7500,1748.4676,279.41,1.09498,70.6,17.449
21.7600,1744.9671,288.29,1.09718,70.6,17.449
21.7700,1755.8290,283.37,1.09039,70.6,17.449
21.7800,1763.1306,282.49,1.08587,70.6,17.449
21.7900,1772.5652,277.71,1.08009,70.6,17.449
21.8000,1772.5652,272.04,1.08009,70.6,17.449
21.8100,1772.5652,285.31,1.08009,70.6,17.449
21.8200,1761.3991,308.82,1.08694,70.6,17.449
21.8300,1770.9119,288.52,1.08110,70.6,17.449
21.8400,1788.0071,277.00,1.07076,70.6,17.449
21.8500,1788.0071,297.92,1.07076,70.6,17.449
21.8600,1788.0071,305.45,1.07076,70.6,17.449
21.8700,1783.5890,321.06,1.07342,70.6,17.449
21.8800,1782.3863,287.47,1.07414,70.6,17.449
21.8900,1789.0897,285.76,1.07012,70.6,17.449
21.9000,1789.0897,308.91,1.07012,70.6,17.449
21.9100,1781.5435,302.69,1.07465,70.7,17.449
21.9200,1771.9080,324.93,1.08049,70.7,17.449
21.9300,1764.1626,293.99,1.08524,70.7,17.449
21.9400,1774.8422,294.72,1.07871,70.7,17.449
21.9500,1774.8422,274.82,1.07871,70.7,17.449
21.9600,1774.8422,294.99,1.07871,70.7,17.449
21.9700,1761.2523,281.94,1.08703,70.7,17.449
21.9800,1761.2523,281.99,1.08703,70.6,17.449
21.9900,1761.9389,308.04,1.08661,70.7,17.449
22.0000,1761.9389,292.24,1.08661,70.7,17.449
22.0100,1761.9389,304.66,1.08661,70.6,17.449
22.0200,1761.9389,296.46,1.08661,70.6,17.449
22.0300,1756.6499,271.36,1.08988,70.6,17.449
22.0400,1757.2021,313.98,1.08954,70.6,17.449
22.0500,1757.2021,310.51,1.08954,70.6,17.449
22.0600,1759.7450,291.69,1.08796,70.6,17.449
22.0700,1752.7793,292.06,1.09229,70.7,17.449
22.0800,1752.5344,306.10,1.09244,70.7,17.449
22.0900,1752.5344,343.87,1.09244,70.6,17.449
22.1000,1752.5344,329.57,1.09244,70.6,17.449
22.1100,1752.5344,318.92,1.09244,70.6,17.449
22.1200,1759.8720,346.18,1.08788,70.6,17.449
22.1300,1763.7346,321.86,1.08550,70.6,17.449
22.1400,1762.5811,322.09,1.08621,70.6,17.449
22.1500,1762.5811,310.74,1.08621,70.6,17.449
22.1600,1758.7458,297.93,1.08858,70.7,17.449
22.1700,1758.7458,342.00,1.08858,70.6,17.449
22.1800,1764.8835,304.82,1.08479,70.6,17.449
22.1900,1754.3090,308.42,1.09133,70.6,17.449
22.2000,1754.3090,280.55,1.09133,70.6,17.449
22.2100,1741.3943,298.61,1.09943,70.7,17.449
22.2200,1741.3943,303.21,1.09943,70.6,17.449
22.2300,1740.2739,298.79,1.10013,70.6,17.449
22.2400,1745.6154,300.53,1.09677,70.7,17.449
22.2500,1745.6154,308.85,1.09677,70.7,17.449
22.2600,1745.6154,340.31,1.09677,70.6,17.449
22.2700,1745.6154,333.77,1.09677,70.6,17.449
22.2800,1745.6154,280.90,1.09677,70.5,17.449
22.2900,1745.6154,295.49,1.09677,70.5,17.449
22.3000,1745.6154,300.94,1.09677,70.5,17.449
22.3100,1745.7572,273.80,1.09668,70.5,17.449
22.3200,1741.6442,319.97,1.09927,70.5,17.449
22.3300,1732.9107,314.04,1.10481,70.5,17.449
22.3400,1731.1732,294.90,1.10592,70.6,17.449
22.3500,1731.1732,312.64,1.10592,70.6,17.449
22.3600,1721.5000,300.94,1.11213,70.6,17.449
22.3700,1711.4013,317.03,1.11869,70.6,17.449
22.3800,1709.6683,310.61,1.11983,70.6,17.449
22.3900,1709.6683,327.99,1.11983,70.6,17.449
22.4000,1709.6683,302.72,1.11983,70.6,17.449
22.4100,1714.6726,303.74,1.11656,70.6,17.449
22.4200,1714.6726,294.01,1.11656,70.6,17.449
22.4300,1714.6726,290.73,1.11656,70.5,17.449
22.4400,1723.7489,302.28,1.11068,70.5,17.449
22.4500,1723.7489,299.16,1.11068,70.5,17.449
22.4600,1723.7489,294.77,1.11068,70.5,17.449
22.4700,1717.3791,298.76,1.11480,70.5,17.449
22.4800,1717.3791,292.33,1.11480,70.5,17.449
22.4900,1699.9894,307.69,1.12620,70.5,17.449
22.5000,1699.9894,317.88,1.12620,70.5,17.449
22.5100,1695.3304,299.26,1.12930,70.5,17.449
22.5200,1695.3304,266.92,1.12930,70.5,17.449
22.5300,1697.9304,286.00,1.12757,70.5,17.449
22.5400,1704.7097,304.05,1.12309,70.5,17.449
22.5500,1704.7097,291.46,1.12309,70.5,17.449
22.5600,1717.9042,297.34,1.11446,70.5,17.449
22.5700,1717.9042,307.05,1.11446,70.5,17.449
22.5800,1706.6709,314.77,1.12180,70.5,17.449
22.5900,1706.6709,312.18,1.12180,70.4,17.449
22.6000,1706.6709,300.82,1.12180,70.4,17.449
22.6100,1706.3413,301.45,1.12201,70.5,17.449
22.6200,1699.3909,275.54,1.12660,70.5,17.449
22.6300,1708.0018,293.74,1.12092,70.5,17.449
22.6400,1698.3456,297.32,1.12729,70.5,17.449
22.6500,1698.3456,332.06,1.12729,70.5,17.449
22.6600,1698.3456,284.51,1.12729,70.5,17.449
22.6700,1698.3456,290.22,1.12729,70.4,17.449
22.6800,1699.3181,289.19,1.12665,70.5,17.449
22.6900,1698.5126,274.03,1.12718,70.5,17.449
22.7000,1698.5126,297.06,1.12718,70.5,17.449
22.7100,1698.5126,288.36,1.12718,70.4,17.449
22.7200,1698.5126,303.34,1.12718,70.4,17.449
22.7300,1706.4724,296.92,1.12193,70.4,17.449
22.7400,1703.2796,304.73,1.12403,70.4,17.449
22.7500,1703.2796,292.09,1.12403,70.4,17.449
22.7600,1709.1799,300.34,1.12015,70.4,17.449
22.7700,1693.8079,310.39,1.13031,70.5,17.449
22.7800,1703.7593,338.46,1.12371,70.5,17.449
22.7900,1703.7593,331.59,1.12371,70.4,17.449
22.8000,1703.7593,290.34,1.12371,70.4,17.449
22.8100,1713.0127,297.06,1.11764,70.4,17.449
22.8200,1713.0127,315.49,1.11764,70.4,17.449
22.8300,1713.0127,291.10,1.11764,70.4,17.449
22.8400,1713.0127,319.58,1.11764,70.3,17.449
22.8500,1713.0127,318.81,1.11764,70.3,17.449
22.8600,1713.6962,324.08,1.11720,70.4,17.449
22.8700,1713.6962,328.47,1.11720,70.3,17.449
22.8800,1701.6262,340.25,1.12512,70.3,17.449
22.8900,1713.7488,308.05,1.11716,70.3,17.449
22.9000,1713.7488,285.03,1.11716,70.3,17.449
22.9100,1713.7488,315.08,1.11716,70.3,17.449
22.9200,1716.8834,323.83,1.11512,70.3,17.449
22.9300,1716.8834,297.82,1.11512,70.3,17.449
22.9400,1716.8834,298.82,1.11512,70.2,17.449
22.9500,1716.8834,310.00,1.11512,70.2,17.449
22.9600,1718.7483,326.43,1.11391,70.3,17.449
22.9700,1728.7931,334.97,1.10744,70.3,17.449
22.9800,1743.8328,326.34,1.09789,70.3,17.449
22.9900,1756.8965,320.88,1.08973,70.3,17.449
23.0000,1756.8965,326.77,1.08973,70.3,17.449
23.0100,1764.3895,302.35,1.08510,70.3,17.449
23.0200,1759.9063,315.55,1.08786,70.3,17.449
23.0300,1759.9063,309.62,1.08786,70.3,17.449
23.0400,1769.0719,325.15,1.08223,70.3,17.449
23.0500,1769.0719,306.08,1.08223,70.3,17.449
23.0600,1770.5207,303.37,1.08134,70.3,17.449
23.0700,1770.5207,288.13,1.08134,70.3,17.449
23.0800,1766.6039,316.99,1.08374,70.3,17.449
23.0900,1770.5790,297.67,1.08130,70.3,17.449
23.1000,1770.5790,301.05,1.08130,70.3,17.449
23.1100,1772.6909,282.44,1.08002,70.3,17.449
23.1200,1772.6909,298.77,1.08002,70.3,17.449
23.1300,1758.2946,287.27,1.08886,70.3,17.449
23.1400,1758.2946,315.64,1.08886,70.3,17.449
23.1500,1758.2946,312.57,1.08886,70.3,17.449
23.1600,1752.0299,325.73,1.09275,70.3,17.449
23.1700,1752.0299,303.47,1.09275,70.3,17.449
23.1800,1762.6350,316.98,1.08618,70.3,17.449
23.1900,1763.8121,300.88,1.08545,70.3,17.449
23.2000,1763.8121,296.37,1.08545,70.3,17.449
23.2100,1758.5493,310.67,1.08870,70.3,17.449
23.2200,1762.2201,304.51,1.08643,70.3,17.449
23.2300,1765.3538,305.39,1.08451,70.3,17.449
23.2400,1765.3538,311.37,1.08451,70.3,17.449
23.2500,1765.3538,320.38,1.08451,70.3,17.449
23.2600,1780.8828,289.93,1.07505,70.3,17.449
23.2700,1780.8828,286.54,1.07505,70.3,17.449
23.2800,1778.2953,285.24,1.07661,70.3,17.449
23.2900,1764.9850,293.83,1.08473,70.3,17.449
23.3000,1764.9850,291.74,1.08473,70.3,17.449
23.3100,1764.9850,285.36,1.08473,70.3,17.449
23.3200,1752.2200,321.18,1.09263,70.3,17.449
23.3300,1752.2200,303.28,1.09263,70.3,17.449
23.3400,1751.0380,293.60,1.09337,70.3,17.449
23.3500,1751.0380,289.44,1.09337,70.3,17.449
23.3600,1747.2392,307.17,1.09575,70.3,17.449
23.3700,1763.8636,293.66,1.08542,70.3,17.449
23.3800,1755.0972,317.82,1.09084,70.3,17.449
23.3900,1755.0972,296.64,1.09084,70.3,17.449
23.4000,1755.0972,298.41,1.09084,70.3,17.449
23.4100,1744.3259,295.83,1.09758,70.3,17.449
23.4200,1740.6023,295.99,1.09993,70.3,17.449
23.4300,1740.6023,293.45,1.09993,70.3,17.449
23.4400,1742.2833,304.76,1.09887,70.3,17.449
23.4500,1742.2833,268.09,1.09887,70.3,17.449
23.4600,1754.9517,266.31,1.09093,70.3,17.449
23.4700,1754.9517,274.62,1.09093,70.3,17.449
23.4800,1754.9517,297.71,1.09093,70.2,17.449
23.4900,1754.9517,298.03,1.09093,70.2,17.449
23.5000,1754.9517,293.27,1.09093,70.2,17.449
23.5100,1754.9517,286.17,1.09093,70.2,17.449
23.5200,1753.4897,308.86,1.09184,70.2,17.449
23.5300,1759.2732,283.83,1.08825,70.2,17.449
23.5400,1753.0141,278.17,1.09214,70.2,17.449
23.5500,1753.0141,307.52,1.09214,70.2,17.449
23.5600,1753.0141,322.18,1.09214,70.2,17.449
23.5700,1744.4567,315.59,1.09750,70.2,17.449
23.5800,1744.5291,297.66,1.09745,70.2,17.449
23.5900,1744.5291,289.90,1.09745,70.2,17.449
23.6000,1744.5291,281.53,1.09745,70.2,17.449
23.6100,1744.5291,276.07,1.09745,70.1,17.449
23.6200,1740.5841,329.98,1.09994,70.1,17.449
23.6300,1740.5841,314.81,1.09994,70.1,17.449
23.6400,1754.1682,300.74,1.09142,70.1,17.449
23.6500,1754.1682,285.85,1.09142,70.1,17.449
23.6600,1754.1682,283.51,1.09142,70.1,17.449
23.6700,1762.6728,288.37,1.08615,70.1,17.449
23.6800,1768.9516,308.40,1.08230,70.1,17.449
23.6900,1772.4022,276.42,1.08019,70.1,17.449
23.7000,1772.4022,307.19,1.08019,70.1,17.449
23.7100,1767.8151,275.56,1.08300,70.1,17.449
23.7200,1767.8151,263.25,1.08300,70.1,17.449
23.7300,1767.8151,284.58,1.08300,70.1,17.449
23.7400,1767.8151,261.67,1.08300,70.0,17.449
23.7500,1767.8151,259.69,1.08300,70.0,17.449
23.7600,1767.8151,289.86,1.08300,70.0,17.449
23.7700,1765.1067,276.02,1.08466,70.0,17.449
23.7800,1765.1067,287.98,1.08466,70.0,17.449
23.7900,1767.8432,289.70,1.08298,70.0,17.449
23.8000,1767.8432,292.60,1.08298,70.0,17.449
23.8100,1778.6528,277.92,1.07640,70.0,17.449
23.8200,1786.0645,314.82,1.07193,70.0,17.449
23.8300,1794.3612,289.36,1.06697,70.0,17.449
23.8400,1794.3612,283.47,1.06697,70.0,17.449
23.8500,1794.3612,269.64,1.06697,70.0,17.449
23.8600,1794.7311,281.59,1.06675,70.0,17.449
23.8700,1794.7311,276.96,1.06675,70.0,17.449
23.8800,1784.0836,262.92,1.07312,70.0,17.449
23.8900,1779.4363,271.05,1.07592,70.0,17.449
23.9000,1779.4363,273.62,1.07592,70.0,17.449
23.9100,1791.1162,298.48,1.06891,70.0,17.449
23.9200,1791.1162,317.16,1.06891,70.0,17.449
23.9300,1808.0263,277.82,1.05891,70.0,17.449
23.9400,1808.0263,287.16,1.05891,70.0,17.449
23.9500,1808.0263,263.06,1.05891,70.0,17.449
23.9600,1809.5538,281.56,1.05802,70.0,17.449
23.9700,1793.4461,311.52,1.06752,70.0,17.449
23.9800,1793.8289,291.75,1.06729,70.0,17.449
23.9900,1800.7533,291.55,1.06319,70.0,17.449
24.0000,1800.7533,283.16,1.06319,70.0,17.449
24.0100,1797.6422,290.00,1.06503,70.1,17.449
24.0200,1805.5952,299.94,1.06033,70.1,17.449
24.0300,1808.0774,312.67,1.05888,70.1,17.449
24.0400,1818.9161,296.62,1.05257,70.1,17.449
24.0500,1818.9161,288.09,1.05257,70.1,17.449
24.0600,1819.0652,310.19,1.05248,70.1,17.449
24.0700,1819.0652,313.41,1.05248,70.1,17.449
24.0800,1820.1453,299.19,1.05186,70.1,17.449
24.0900,1831.7175,305.08,1.04521,70.1,17.449
24.1000,1831.7175,316.90,1.04521,70.1,17.449
24.1100,1841.2074,332.53,1.03983,70.1,17.449
24.1200,1841.2074,320.59,1.03983,70.1,17.449
24.1300,1852.2022,313.23,1.03365,70.1,17.449
24.1400,1852.2022,301.14,1.03365,70.1,17.449
24.1500,1852.2022,311.82,1.03365,70.1,17.449
24.1600,1852.2022,334.82,1.03365,70.0,17.449
24.1700,1839.9949,291.34,1.04051,70.0,17.449
24.1800,1844.0604,276.80,1.03822,70.1,17.449
24.1900,1835.6845,286.40,1.04295,70.1,17.449
24.2000,1835.6845,294.51,1.04295,70.1,17.449
24.2100,1835.6407,282.47,1.04298,70.1,17.449
24.2200,1830.0973,290.97,1.04614,70.1,17.449
24.2300,1846.4370,318.03,1.03688,70.1,17.449
24.2400,1859.2050,275.48,1.02976,70.1,17.449
24.2500,1859.2050,294.78,1.02976,70.1,17.449
24.2600,1862.0131,320.52,1.02821,70.2,17.449
24.2700,1861.8444,317.90,1.02830,70.2,17.449
24.2800,1869.4268,299.84,1.02413,70.2,17.449
24.2900,1873.6078,296.37,1.02184,70.2,17.449
24.3000,1873.6078,309.31,1.02184,70.2,17.449
24.3100,1874.4185,301.01,1.02140,70.2,17.449
24.3200,1874.4185,307.18,1.02140,70.2,17.449
24.3300,1873.1181,309.47,1.02211,70.2,17.449
24.3400,1873.1181,292.43,1.02211,70.2,17.449
24.3500,1873.1181,296.05,1.02211,70.2,17.449
24.3600,1885.6267,291.03,1.01533,70.2,17.449
24.3700,1885.9573,313.88,1.01515,70.2,17.449
24.3800,1885.9573,318.76,1.01515,70.2,17.449
24.3900,1885.0258,281.89,1.01565,70.2,17.449
24.4000,1885.0258,280.50,1.01565,70.2,17.449
24.4100,1885.0258,303.36,1.01565,70.1,17.449
24.4200,1878.2346,286.62,1.01933,70.1,17.449
24.4300,1876.2207,292.69,1.02042,70.2,17.449
24.4400,1864.9740,316.60,1.02657,70.2,17.449
24.4500,1864.9740,335.91,1.02657,70.2,17.449
24.4600,1864.9740,296.57,1.02657,70.1,17.449
24.4700,1864.9740,299.82,1.02657,70.1,17.449
24.4800,1864.9740,276.43,1.02657,70.1,17.449
24.4900,1857.8659,286.96,1.03050,70.1,17.449
24.5000,1857.8659,267.94,1.03050,70.1,17.449
24.5100,1857.8659,279.70,1.03050,70.1,17.449
24.5200,1857.8659,281.13,1.03050,70.0,17.449
24.5300,1857.8659,289.64,1.03050,70.0,17.449
24.5400,1857.8659,272.58,1.03050,69.9,17.449
24.5500,1857.8659,272.09,1.03050,69.9,17.449
24.5600,1848.4654,294.86,1.03574,70.0,17.449
24.5700,1845.0936,291.31,1.03764,70.0,17.449
24.5800,1839.6148,290.21,1.04073,70.0,17.449
24.5900,1839.6148,308.89,1.04073,70.0,17.449
24.6000,1839.6148,305.82,1.04073,70.0,17.449
24.6100,1829.1608,287.84,1.04667,70.0,17.449
24.6200,1836.6151,309.97,1.04243,70.0,17.449
24.6300,1836.6151,302.96,1.04243,69.9,17.449
24.6400,1849.9660,297.30,1.03490,70.0,17.449
24.6500,1849.9660,291.19,1.03490,70.0,17.449
24.6600,1842.9652,324.46,1.03883,70.0,17.449
24.6700,1842.9568,319.52,1.03884,70.0,17.449
24.6800,1831.7960,328.72,1.04517,70.0,17.449
24.6900,1837.5181,303.77,1.04191,70.0,17.449
24.7000,1837.5181,335.05,1.04191,70.0,17.449
24.7100,1837.5181,313.38,1.04191,70.0,17.449
24.7200,1848.8501,305.97,1.03553,70.0,17.449
24.7300,1859.3419,299.68,1.02968,70.0,17.449
24.7400,1859.3419,292.79,1.02968,70.0,17.449
24.7500,1859.3419,307.03,1.02968,70.0,17.449
24.7600,1873.8522,303.83,1.02171,70.0,17.449
24.7700,1865.9333,295.36,1.02605,70.0,17.449
24.7800,1865.9333,300.93,1.02605,70.0,17.449
24.7900,1875.3901,302.92,1.02087,70.0,17.449
24.8000,1875.3901,265.34,1.02087,70.0,17.449
24.8100,1866.3182,295.50,1.02584,70.0,17.449
24.8200,1866.3182,291.33,1.02584,70.0,17.449
24.8300,1855.9037,286.63,1.03159,70.0,17.449
24.8400,1855.9037,262.01,1.03159,70.0,17.449
24.8500,1855.9037,285.34,1.03159,70.0,17.449
24.8600,1855.9037,289.93,1.03159,69.9,17.449
24.8700,1855.9037,300.32,1.03159,69.9,17.449
24.8800,1855.9037,323.05,1.03159,69.8,17.449
24.8900,1854.4127,351.37,1.03242,69.9,17.449
24.9000,1854.4127,296.26,1.03242,69.9,17.449
24.9100,1854.4127,314.02,1.03242,69.8,17.449
24.9200,1854.4127,301.01,1.03242,69.8,17.449
24.9300,1851.5402,284.76,1.03402,69.8,17.449
24.9400,1851.5402,296.45,1.03402,69.8,17.449
24.9500,1851.5402,304.53,1.03402,69.8,17.449
24.9600,1847.2879,299.46,1.03640,69.8,17.449
24.9700,1847.2879,286.63,1.03640,69.8,17.449
24.9800,1847.2879,280.73,1.03640,69.7,17.449
24.9900,1849.0410,280.54,1.03542,69.7,17.449
25.0000,1849.0410,298.69,1.03542,69.7,17.449
25.0100,1862.8549,288.04,1.02774,69.8,17.449
25.0200,1862.8549,297.30,1.02774,69.7,17.449
25.0300,1867.4326,292.23,1.02522,69.7,17.449
25.0400,1871.6073,288.51,1.02294,69.7,17.449
25.0500,1871.6073,284.30,1.02294,69.7,17.449
25.0600,1860.6525,304.10,1.02896,69.8,17.449
25.0700,1860.6525,314.41,1.02896,69.7,17.449
25.0800,1844.1932,279.56,1.03814,69.7,17.449
25.0900,1837.1397,291.34,1.04213,69.8,17.449
25.1000,1837.1397,307.25,1.04213,69.8,17.449
25.1100,1839.9341,305.51,1.04055,69.8,17.449
25.1200,1843.5179,297.67,1.03852,69.8,17.449
25.1300,1826.3756,299.34,1.04827,69.8,17.449
25.1400,1824.9474,287.35,1.04909,69.8,17.449
25.1500,1824.9474,300.35,1.04909,69.8,17.449
25.1600,1841.7121,283.57,1.03954,69.8,17.449
25.1700,1835.2337,269.19,1.04321,69.8,17.449
25.1800,1835.2337,269.23,1.04321,69.8,17.449
25.1900,1827.1731,316.50,1.04781,69.8,17.449
25.2000,1827.1731,315.30,1.04781,69.8,17.449
25.2100,1809.9697,300.49,1.05777,69.8,17.449
25.2200,1806.9407,287.28,1.05955,69.9,17.449
25.2300,1806.9407,282.23,1.05955,69.8,17.449
25.2400,1820.3714,293.27,1.05173,69.8,17.449
25.2500,1820.3714,300.56,1.05173,69.8,17.449
25.2600,1823.3142,285.22,1.05003,69.9,17.449
25.2700,1827.4672,301.91,1.04764,69.9,17.449
25.2800,1826.9681,315.02,1.04793,69.9,17.449
25.2900,1820.8971,307.35,1.05142,69.9,17.449
25.3000,1820.8971,335.50,1.05142,69.9,17.449
25.3100,1817.7045,327.38,1.05327,69.9,17.449
25.3200,1801.0834,323.93,1.06299,69.9,17.449
25.3300,1802.1525,348.75,1.06236,69.9,17.449
25.3400,1809.9531,310.89,1.05778,70.0,17.449
25.3500,1809.9531,297.62,1.05778,70.0,17.449
25.3600,1809.9531,303.35,1.05778,69.9,17.449
25.3700,1811.1280,305.79,1.05710,69.9,17.449
25.3800,1802.3906,308.24,1.06222,70.0,17.449
25.3900,1787.6011,301.08,1.07101,70.0,17.449
25.4000,1787.6011,297.64,1.07101,70.0,17.449
25.4100,1786.8597,323.13,1.07145,70.0,17.449
25.4200,1784.7411,335.46,1.07272,70.0,17.449
25.4300,1797.5707,320.19,1.06507,70.0,17.449
25.4400,1797.5707,321.78,1.06507,70.0,17.449
25.4500,1797.5707,337.23,1.06507,70.0,17.449
25.4600,1781.5918,307.08,1.07462,70.0,17.449
25.4700,1777.1359,324.78,1.07731,70.0,17.449
25.4800,1790.2635,329.82,1.06942,70.0,17.449
25.4900,1790.2635,305.25,1.06942,70.0,17.449
25.5000,1790.2635,317.29,1.06942,70.0,17.449
25.5100,1797.9630,287.57,1.06484,70.0,17.449
25.5200,1782.1737,307.19,1.07427,70.0,17.449
25.5300,1791.4707,311.17,1.06869,70.0,17.449
25.5400,1790.8005,314.91,1.06909,70.0,17.449
25.5500,1790.8005,322.77,1.06909,70.0,17.449
25.5600,1790.8005,306.93,1.06909,70.0,17.449
25.5700,1790.8005,312.14,1.06909,70.0,17.449
25.5800,1801.8968,307.77,1.06251,70.0,17.449
25.5900,1796.5303,321.68,1.06568,70.0,17.449
25.6000,1796.5303,291.33,1.06568,70.0,17.449
25.6100,1804.5648,274.16,1.06094,70.0,17.449
25.6200,1804.5648,288.80,1.06094,70.0,17.449
25.6300,1804.5648,295.21,1.06094,70.0,17.449
25.6400,1804.5648,332.70,1.06094,69.9,17.449
25.6500,1804.5648,304.24,1.06094,69.9,17.449
25.6600,1804.1618,269.05,1.06118,69.9,17.449
25.6700,1808.5839,297.44,1.05858,69.9,17.449
25.6800,1794.3564,309.42,1.06698,70.0,17.449
25.6900,1786.9912,291.23,1.07137,70.0,17.449
25.7000,1786.9912,272.23,1.07137,70.0,17.449
25.7100,1786.9912,292.59,1.07137,69.9,17.449
25.7200,1778.2559,290.98,1.07664,70.0,17.449
25.7300,1778.2559,270.91,1.07664,69.9,17.449
25.7400,1794.1947,304.88,1.06707,69.9,17.449
25.7500,1794.1947,275.51,1.06707,69.9,17.449
25.7600,1794.1947,320.51,1.06707,69.9,17.449
25.7700,1794.1947,296.29,1.06707,69.9,17.449
25.7800,1811.2288,297.28,1.05704,69.9,17.449
25.7900,1796.0291,306.20,1.06598,69.9,17.449
25.8000,1796.0291,314.76,1.06598,69.9,17.449
25.8100,1796.0291,306.67,1.06598,69.9,17.449
25.8200,1786.6017,281.17,1.07161,69.9,17.449
25.8300,1786.6017,278.87,1.07161,69.8,17.449
25.8400,1788.3891,299.84,1.07054,69.9,17.449
25.8500,1788.3891,269.16,1.07054,69.9,17.449
25.8600,1775.3896,275.50,1.07837,69.9,17.449
25.8700,1790.6712,307.98,1.06917,69.9,17.449
25.8800,1792.5003,307.83,1.06808,69.9,17.449
25.8900,1782.0074,289.99,1.07437,69.9,17.449
25.9000,1782.0074,287.02,1.07437,69.9,17.449
25.9100,1782.0074,283.57,1.07437,69.9,17.449
25.9200,1780.5081,288.82,1.07527,69.9,17.449
25.9300,1763.3200,289.53,1.08576,69.9,17.449
25.9400,1755.0069,322.62,1.09090,69.9,17.449
25.9500,1755.0069,319.90,1.09090,69.9,17.449
25.9600,1749.1962,333.24,1.09452,69.9,17.449
25.9700,1749.1962,330.49,1.09452,69.9,17.449
25.9800,1749.1962,325.78,1.09452,69.9,17.449
25.9900,1751.3717,300.31,1.09316,69.9,17.449
26.0000,1751.3717,305.86,1.09316,69.9,17.449
26.0100,1743.3086,310.03,1.09822,69.9,17.449
26.0200,1743.3086,297.10,1.09822,69.9,17.449
26.0300,1743.3086,293.56,1.09822,69.8,17.449
26.0400,1743.3086,297.60,1.09822,69.8,17.449
26.0500,1743.3086,275.97,1.09822,69.8,17.449
26.0600,1742.5593,300.63,1.09869,69.8,17.449
26.0700,1727.3415,296.60,1.10837,69.8,17.449
26.0800,1724.3535,297.69,1.11029,69.8,17.449
26.0900,1712.0868,299.99,1.11825,69.9,17.449
26.1000,1712.0868,322.71,1.11825,69.9,17.449
26.1100,1701.9421,308.85,1.12491,69.9,17.449
26.1200,1701.9421,322.01,1.12491,69.8,17.449
26.1300,1714.5824,308.63,1.11662,69.9,17.449
26.1400,1702.7680,318.20,1.12437,69.9,17.449
26.1500,1702.7680,303.65,1.12437,69.9,17.449
26.1600,1704.0621,311.82,1.12351,69.9,17.449
26.1700,1712.4517,319.74,1.11801,69.9,17.449
26.1800,1714.0030,292.56,1.11700,69.9,17.449
26.1900,1719.0142,289.05,1.11374,69.9,17.449
26.2000,1719.0142,302.30,1.11374,69.9,17.449
26.2100,1721.2209,316.78,1.11231,69.9,17.449
26.2200,1736.6725,312.92,1.10242,70.0,17.449
26.2300,1735.2397,302.90,1.10333,70.0,17.449
26.2400,1740.3862,297.49,1.10006,70.0,17.449
26.2500,1740.3862,315.41,1.10006,70.0,17.449
26.2600,1726.6323,321.85,1.10883,70.0,17.449
26.2700,1733.7774,319.82,1.10426,70.0,17.449
26.2800,1744.5133,333.36,1.09746,70.0,17.449
26.2900,1754.2114,314.81,1.09139,70.0,17.449
26.3000,1754.2114,283.81,1.09139,70.0,17.449
26.3100,1754.2114,303.24,1.09139,70.0,17.449
26.3200,1754.2114,313.32,1.09139,70.0,17.449
26.3300,1754.3725,308.85,1.09129,70.0,17.449
26.3400,1754.3725,287.69,1.09129,70.0,17.449
26.3500,1754.3725,294.53,1.09129,70.0,17.449
26.3600,1740.6531,313.77,1.09989,70.0,17.449
26.3700,1737.6822,312.01,1.10178,70.0,17.449
26.3800,1733.0103,297.18,1.10475,70.0,17.449
26.3900,1737.8277,316.27,1.10168,70.0,17.449
26.4000,1737.8277,314.82,1.10168,70.0,17.449
26.4100,1737.8277,298.95,1.10168,70.0,17.449
26.4200,1731.5416,269.25,1.10568,70.0,17.449
26.4300,1726.4578,291.03,1.10894,70.0,17.449
26.4400,1732.9171,267.34,1.10480,70.0,17.449
26.4500,1732.9171,301.08,1.10480,70.0,17.449
26.4600,1729.2868,287.16,1.10712,70.0,17.449
26.4700,1729.2868,290.96,1.10712,70.0,17.449
26.4800,1746.6227,295.44,1.09614,70.0,17.449
26.4900,1746.8334,297.08,1.09600,70.0,17.449
26.5000,1746.8334,296.32,1.09600,70.0,17.449
26.5100,1732.9128,300.58,1.10481,70.0,17.449
26.5200,1729.4043,306.58,1.10705,70.1,17.449
26.5300,1736.1557,307.28,1.10274,70.1,17.449
26.5400,1736.1557,294.22,1.10274,70.0,17.449
26.5500,1736.1557,302.63,1.10274,70.0,17.449
26.5600,1750.8048,303.55,1.09352,70.1,17.449
26.5700,1750.8048,271.38,1.09352,70.0,17.449
26.5800,1760.6500,307.12,1.08740,70.0,17.449
26.5900,1765.1403,298.41,1.08464,70.1,17.449
26.6000,1765.1403,276.70,1.08464,70.1,17.449
26.6100,1765.1403,263.51,1.08464,70.0,17.449
26.6200,1765.1403,298.97,1.08464,70.0,17.449
26.6300,1757.9149,293.06,1.08909,70.0,17.449
26.6400,1748.3087,283.90,1.09508,70.0,17.449
26.6500,1748.3087,302.07,1.09508,70.0,17.449
26.6600,1741.1088,299.44,1.09961,70.0,17.449
26.6700,1748.8088,307.06,1.09477,70.0,17.449
26.6800,1747.5928,298.50,1.09553,70.1,17.449
26.6900,1747.5928,307.82,1.09553,70.0,17.449
26.7000,1747.5928,277.94,1.09553,70.0,17.449
26.7100,1738.5039,303.74,1.10125,70.0,17.449
26.7200,1742.9768,279.50,1.09843,70.1,17.449
26.7300,1758.6073,305.03,1.08867,70.1,17.449
26.7400,1758.6073,320.94,1.08867,70.0,17.449
26.7500,1758.6073,300.91,1.08867,70.0,17.449
26.7600,1752.3474,302.28,1.09255,70.0,17.449
26.7700,1750.7486,305.99,1.09355,70.1,17.449
26.7800,1751.7680,317.86,1.09292,70.1,17.449
26.7900,1751.7680,316.90,1.09292,70.0,17.449
26.8000,1751.7680,338.27,1.09292,70.0,17.449
26.8100,1751.7680,299.78,1.09292,70.0,17.449
26.8200,1749.0992,309.70,1.09458,70.0,17.449
26.8300,1740.7432,310.98,1.09984,70.0,17.449
26.8400,1753.6708,335.54,1.09173,70.1,17.449
26.8500,1753.6708,332.60,1.09173,70.1,17.449
26.8600,1741.9921,309.28,1.09905,70.1,17.449
26.8700,1741.9921,317.65,1.09905,70.0,17.449
26.8800,1747.1466,339.88,1.09581,70.0,17.449
26.8900,1733.2267,331.68,1.10461,70.1,17.449
26.9000,1733.2267,312.14,1.10461,70.1,17.449
26.9100,1746.6286,301.68,1.09613,70.1,17.449
26.9200,1743.3807,298.53,1.09817,70.1,17.449
26.9300,1747.5299,318.84,1.09557,70.1,17.449
26.9400,1764.4422,272.64,1.08507,70.1,17.449
26.9500,1764.4422,286.16,1.08507,70.1,17.449
26.9600,1779.9787,307.54,1.07559,70.1,17.449
26.9700,1779.9787,275.05,1.07559,70.1,17.449
26.9800,1787.0424,291.62,1.07134,70.1,17.449
26.9900,1781.5732,303.96,1.07463,70.1,17.449
27.0000,1781.5732,309.19,1.07463,70.1,17.449
27.0100,1790.2666,328.16,1.06941,70.1,17.449
27.0200,1790.2666,336.52,1.06941,70.1,17.449
27.0300,1785.6465,329.15,1.07218,70.1,17.449
27.0400,1771.8025,323.93,1.08056,70.1,17.449
27.0500,1771.8025,316.82,1.08056,70.1,17.449
27.0600,1771.8025,325.00,1.08056,70.1,17.449
27.0700,1770.7970,322.99,1.08117,70.1,17.449
27.0800,1770.7970,288.80,1.08117,70.1,17.449
27.0900,1770.7970,330.90,1.08117,70.1,17.449
27.1000,1770.7970,312.36,1.08117,70.1,17.449
27.1100,1777.3830,312.50,1.07717,70.1,17.449
27.1200,1770.1911,290.77,1.08154,70.1,17.449
27.1300,1767.4962,293.10,1.08319,70.1,17.449
27.1400,1766.8819,324.19,1.08357,70.1,17.449
27.1500,1766.8819,309.50,1.08357,70.1,17.449
27.1600,1768.9613,324.48,1.08229,70.1,17.449
27.1700,1766.1463,325.77,1.08402,70.1,17.449
27.1800,1766.1463,307.36,1.08402,70.1,17.449
27.1900,1763.8481,288.26,1.08543,70.1,17.449
27.2000,1763.8481,300.30,1.08543,70.1,17.449
27.2100,1772.4283,291.50,1.08018,70.1,17.449
27.2200,1772.4283,329.90,1.08018,70.1,17.449
27.2300,1761.7011,303.28,1.08675,70.1,17.449
27.2400,1766.3840,307.44,1.08387,70.1,17.449
27.2500,1766.3840,296.67,1.08387,70.1,17.449
27.2600,1766.3840,302.20,1.08387,70.1,17.449
27.2700,1759.3137,279.11,1.08823,70.1,17.449
27.2800,1759.3137,309.51,1.08823,70.1,17.449
27.2900,1753.4564,305.84,1.09186,70.1,17.449
27.3000,1753.4564,300.32,1.09186,70.1,17.449
27.3100,1753.4564,301.39,1.09186,70.1,17.449
27.3200,1763.0401,280.37,1.08593,70.1,17.449
27.3300,1768.0108,284.20,1.08288,70.1,17.449
27.3400,1768.0108,296.39,1.08288,70.1,17.449
27.3500,1768.0108,309.97,1.08288,70.1,17.449
27.3600,1761.7304,334.18,1.08674,70.1,17.449
27.3700,1773.1141,317.67,1.07976,70.1,17.449
27.3800,1773.1141,318.77,1.07976,70.0,17.449
27.3900,1773.1141,278.85,1.07976,70.0,17.449
27.4000,1773.1141,300.14,1.07976,70.0,17.449
27.4100,1776.7762,291.08,1.07753,70.0,17.449
27.4200,1771.0725,299.63,1.08100,70.0,17.449
27.4300,1771.0725,292.89,1.08100,70.0,17.449
27.4400,1766.8071,307.01,1.08361,70.0,17.449
27.4500,1766.8071,295.96,1.08361,70.0,17.449
27.4600,1781.9116,285.84,1.07443,70.0,17.449
27.4700,1791.2650,299.97,1.06882,70.1,17.449
27.4800,1798.1337,331.94,1.06473,70.1,17.449
27.4900,1800.6370,305.90,1.06325,70.1,17.449
27.5000,1800.6370,293.24,1.06325,70.1,17.449
27.5100,1802.5198,292.11,1.06214,70.1,17.449
27.5200,1805.5046,274.63,1.06039,70.1,17.449
27.5300,1794.8530,285.47,1.06668,70.1,17.449
27.5400,1797.8875,274.24,1.06488,70.1,17.449
27.5500,1797.8875,278.96,1.06488,70.1,17.449
27.5600,1797.8875,292.33,1.06488,70.1,17.449
27.5700,1812.7160,265.10,1.05617,70.1,17.449
27.5800,1811.7909,276.23,1.05671,70.1,17.449
27.5900,1820.2366,267.42,1.05181,70.1,17.449
27.6000,1820.2366,274.85,1.05181,70.1,17.449
27.6100,1823.1511,297.35,1.05012,70.2,17.449
27.6200,1823.1511,279.69,1.05012,70.1,17.449
27.6300,1819.9616,268.43,1.05196,70.1,17.449
27.6400,1814.4765,287.33,1.05514,70.1,17.449
27.6500,1814.4765,296.47,1.05514,70.1,17.449
27.6600,1814.4765,302.89,1.05514,70.1,17.449
27.6700,1814.5961,301.29,1.05508,70.1,17.449
27.6800,1802.9030,323.37,1.06192,70.1,17.449
27.6900,1804.1384,314.90,1.06119,70.2,17.449
27.7000,1804.1384,307.32,1.06119,70.2,17.449
27.7100,1804.1384,303.42,1.06119,70.1,17.449
27.7200,1798.0658,281.41,1.06477,70.1,17.449
27.7300,1788.4327,302.39,1.07051,70.2,17.449
27.7400,1782.1875,294.49,1.07426,70.2,17.449
27.7500,1782.1875,318.77,1.07426,70.2,17.449
27.7600,1780.2682,300.26,1.07542,70.2,17.449
27.7700,1780.2682,292.62,1.07542,70.1,17.449
27.7800,1780.2682,282.51,1.07542,70.1,17.449
27.7900,1780.2682,282.91,1.07542,70.1,17.449
27.8000,1780.2682,271.41,1.07542,70.1,17.449
27.8100,1780.2682,286.05,1.07542,70.1,17.449
27.8200,1792.3753,295.18,1.06816,70.1,17.449
27.8300,1803.9912,308.04,1.06128,70.1,17.449
27.8400,1814.1716,306.52,1.05532,70.1,17.449
27.8500,1814.1716,278.45,1.05532,70.1,17.449
27.8600,1809.4487,293.22,1.05808,70.1,17.449
27.8700,1804.3625,297.38,1.06106,70.1,17.449
27.8800,1812.2742,283.16,1.05643,70.1,17.449
27.8900,1812.2742,294.75,1.05643,70.1,17.449
27.9000,1812.2742,295.82,1.05643,70.1,17.449
27.9100,1807.7688,307.12,1.05906,70.1,17.449
27.9200,1806.0648,307.87,1.06006,70.1,17.449
27.9300,1806.0648,311.78,1.06006,70.1,17.449
27.9400,1806.0648,327.01,1.06006,70.1,17.449
27.9500,1806.0648,305.90,1.06006,70.1,17.449
27.9600,1805.5516,306.02,1.06036,70.1,17.449
27.9700,1804.4132,307.13,1.06103,70.1,17.449
27.9800,1812.0029,316.60,1.05659,70.1,17.449
27.9900,1814.3010,291.42,1.05525,70.1,17.449
28.0000,1814.3010,310.38,1.05525,70.1,17.449
28.0100,1831.5751,312.91,1.04529,70.1,17.449
28.0200,1828.9179,281.14,1.04681,70.1,17.449
28.0300,1819.9659,276.34,1.05196,70.2,17.449
28.0400,1810.5247,287.60,1.05745,70.2,17.449
28.0500,1810.5247,289.74,1.05745,70.2,17.449
28.0600,1801.0151,282.10,1.06303,70.2,17.449
28.0700,1797.2727,292.54,1.06524,70.2,17.449
28.0800,1797.2727,298.51,1.06524,70.2,17.449
28.0900,1797.2727,288.60,1.06524,70.1,17.449
28.1000,1797.2727,251.26,1.06524,70.1,17.449
28.1100,1791.5364,264.67,1.06866,70.2,17.449
28.1200,1787.7253,294.02,1.07093,70.2,17.449
28.1300,1786.7178,310.04,1.07154,70.2,17.449
28.1400,1786.7178,296.39,1.07154,70.1,17.449
28.1500,1786.7178,276.38,1.07154,70.1,17.449
28.1600,1786.7178,267.83,1.07154,70.1,17.449
28.1700,1786.7178,283.53,1.07154,70.1,17.449
28.1800,1788.5276,290.47,1.07045,70.1,17.449
28.1900,1789.3252,294.02,1.06998,70.1,17.449
28.2000,1789.3252,277.90,1.06998,70.1,17.449
28.2100,1787.7925,289.49,1.07089,70.1,17.449
28.2200,1774.3751,295.91,1.07899,70.1,17.449
28.2300,1774.3751,298.11,1.07899,70.1,17.449
28.2400,1759.4345,290.00,1.08815,70.1,17.449
28.2500,1759.4345,282.64,1.08815,70.1,17.449
28.2600,1774.4209,301.10,1.07896,70.1,17.449
28.2700,1762.4141,299.81,1.08631,70.1,17.449
28.2800,1751.9132,289.87,1.09283,70.2,17.449
28.2900,1751.1669,300.64,1.09329,70.2,17.449
28.3000,1751.1669,283.10,1.09329,70.2,17.449
28.3100,1760.2650,293.32,1.08764,70.2,17.449
28.3200,1773.4221,297.52,1.07957,70.2,17.449
28.3300,1777.9656,298.85,1.07681,70.2,17.449
28.3400,1772.2722,308.57,1.08027,70.2,17.449
28.3500,1772.2722,348.81,1.08027,70.2,17.449
28.3600,1772.2722,302.71,1.08027,70.2,17.449
28.3700,1771.5230,302.62,1.08073,70.2,17.449
28.3800,1767.0101,322.61,1.08349,70.2,17.449
28.3900,1767.0101,340.54,1.08349,70.2,17.449
28.4000,1767.0101,320.91,1.08349,70.2,17.449
28.4100,1776.4114,345.45,1.07775,70.2,17.449
28.4200,1767.1718,337.21,1.08339,70.2,17.449
28.4300,1757.3881,331.84,1.08942,70.2,17.449
28.4400,1762.6501,318.58,1.08617,70.2,17.449
28.4500,1762.6501,333.57,1.08617,70.2,17.449
28.4600,1774.6010,338.97,1.07885,70.3,17.449
28.4700,1781.6365,345.38,1.07459,70.3,17.449
28.4800,1782.1583,335.28,1.07428,70.3,17.449
28.4900,1782.7013,325.89,1.07395,70.3,17.449
28.5000,1782.7013,295.30,1.07395,70.3,17.449
28.5100,1782.7013,300.22,1.07395,70.3,17.449
28.5200,1798.2370,306.29,1.06467,70.3,17.449
28.5300,1798.2370,315.58,1.06467,70.2,17.449
28.5400,1813.9023,320.79,1.05548,70.3,17.449
28.5500,1813.9023,314.39,1.05548,70.3,17.449
28.5600,1813.9023,329.27,1.05548,70.2,17.449
28.5700,1799.6594,299.19,1.06383,70.2,17.449
28.5800,1799.6594,304.65,1.06383,70.2,17.449
28.5900,1786.4044,310.37,1.07173,70.2,17.449
28.6000,1786.4044,300.15,1.07173,70.2,17.449
28.6100,1791.5658,308.69,1.06864,70.2,17.449
28.6200,1786.9709,295.64,1.07139,70.2,17.449
28.6300,1802.3965,286.26,1.06222,70.3,17.449
28.6400,1811.4002,299.45,1.05694,70.3,17.449
28.6500,1811.4002,296.24,1.05694,70.3,17.449
28.6600,1811.4002,285.24,1.05694,70.2,17.449
28.6700,1807.0578,290.87,1.05948,70.3,17.449
28.6800,1795.7856,322.48,1.06613,70.3,17.449
28.6900,1795.7856,301.65,1.06613,70.2,17.449
28.7000,1795.7856,313.72,1.06613,70.2,17.449
28.7100,1795.7856,323.83,1.06613,70.2,17.449
28.7200,1798.3805,327.60,1.06459,70.2,17.449
28.7300,1797.0298,305.89,1.06539,70.2,17.449
28.7400,1783.2326,316.38,1.07363,70.2,17.449
28.7500,1783.2326,302.89,1.07363,70.2,17.449
28.7600,1798.4274,296.70,1.06456,70.3,17.449
28.7700,1795.9004,293.35,1.06606,70.3,17.449
28.7800,1802.0572,314.29,1.06242,70.3,17.449
28.7900,1808.7192,310.31,1.05850,70.3,17.449
28.8000,1808.7192,301.71,1.05850,70.3,17.449
28.8100,1808.7192,298.16,1.05850,70.3,17.449
28.8200,1804.5145,281.99,1.06097,70.3,17.449
28.8300,1804.5145,293.64,1.06097,70.3,17.449
28.8400,1808.7966,308.50,1.05846,70.3,17.449
28.8500,1808.7966,275.23,1.05846,70.3,17.449
28.8600,1814.4808,267.93,1.05514,70.3,17.449
28.8700,1814.4808,265.36,1.05514,70.2,17.449
28.8800,1814.4808,273.77,1.05514,70.2,17.449
28.8900,1814.4808,277.68,1.05514,70.2,17.449
28.9000,1814.4808,281.29,1.05514,70.2,17.449
28.9100,1815.5569,251.96,1.05452,70.2,17.449
28.9200,1827.4463,277.37,1.04766,70.2,17.449
28.9300,1823.5658,281.92,1.04989,70.2,17.449
28.9400,1823.5658,276.63,1.04989,70.2,17.449
28.9500,1823.5658,284.40,1.04989,70.2,17.449
28.9600,1818.8413,270.61,1.05261,70.2,17.449
28.9700,1828.6000,295.62,1.04700,70.2,17.449
28.9800,1830.4953,306.51,1.04591,70.2,17.449
28.9900,1829.4780,278.91,1.04649,70.2,17.449
29.0000,1829.4780,279.84,1.04649,70.2,17.449
29.0100,1829.4780,284.59,1.04649,70.2,17.449
29.0200,1833.4932,301.38,1.04420,70.2,17.449
29.0300,1841.0936,310.72,1.03989,70.2,17.449
29.0400,1831.4301,301.02,1.04538,70.3,17.449
29.0500,1831.4301,304.07,1.04538,70.3,17.449
29.0600,1839.0609,312.91,1.04104,70.3,17.449
29.0700,1827.0749,314.04,1.04787,70.3,17.449
29.0800,1827.0749,317.09,1.04787,70.2,17.449
29.0900,1819.0399,333.94,1.05250,70.3,17.449
29.1000,1819.0399,331.13,1.05250,70.3,17.449
29.1100,1819.0399,306.70,1.05250,70.2,17.449
29.1200,1835.6184,307.11,1.04299,70.2,17.449
29.1300,1826.7643,325.95,1.04805,70.3,17.449
29.1400,1826.7643,295.73,1.04805,70.2,17.449
29.1500,1826.7643,295.73,1.04805,70.2,17.449
29.1600,1826.7643,301.40,1.04805,70.2,17.449
29.1700,1812.0195,306.20,1.05658,70.2,17.449
29.1800,1811.8367,303.19,1.05668,70.2,17.449
29.1900,1811.8367,299.51,1.05668,70.2,17.449
29.2000,1811.8367,311.92,1.05668,70.2,17.449
29.2100,1811.8367,314.16,1.05668,70.2,17.449
29.2200,1814.6898,305.09,1.05502,70.2,17.449
29.2300,1830.8004,307.21,1.04574,70.2,17.449
29.2400,1842.9788,308.10,1.03883,70.2,17.449
29.2500,1842.9788,320.02,1.03883,70.2,17.449
29.2600,1832.4089,315.11,1.04482,70.2,17.449
29.2700,1832.4089,279.56,1.04482,70.2,17.449
29.2800,1832.4089,304.68,1.04482,70.2,17.449
29.2900,1832.4089,295.38,1.04482,70.1,17.449
29.3000,1832.4089,279.79,1.04482,70.1,17.449
29.3100,1832.4089,292.54,1.04482,70.1,17.449
29.3200,1825.9443,288.94,1.04852,70.1,17.449
29.3300,1825.9443,301.89,1.04852,70.1,17.449
29.3400,1825.2206,319.84,1.04893,70.1,17.449
29.3500,1825.2206,331.00,1.04893,70.1,17.449
29.3600,1825.2206,340.52,1.04893,70.1,17.449
29.3700,1822.6184,334.40,1.05043,70.1,17.449
29.3800,1822.6184,319.31,1.05043,70.0,17.449
29.3900,1822.6184,314.94,1.05043,70.0,17.449
29.4000,1822.6184,344.59,1.05043,70.0,17.449
29.4100,1814.2881,320.38,1.05525,70.0,17.449
29.4200,1805.0463,306.24,1.06066,70.0,17.449
29.4300,1795.0015,296.86,1.06659,70.1,17.449
29.4400,1799.1570,338.85,1.06413,70.1,17.449
29.4500,1799.1570,305.35,1.06413,70.1,17.449
29.4600,1799.1570,290.50,1.06413,70.0,17.449
29.4700,1793.5603,302.89,1.06745,70.0,17.449
29.4800,1793.5603,301.54,1.06745,70.0,17.449
29.4900,1793.5603,300.80,1.06745,70.0,17.449
29.5000,1793.5603,275.51,1.06745,70.0,17.449
29.5100,1793.5603,289.20,1.06745,70.0,17.449
29.5200,1787.0227,303.29,1.07135,70.0,17.449
29.5300,1775.8638,296.27,1.07809,70.0,17.449
29.5400,1771.4067,321.03,1.08080,70.0,17.449
29.5500,1771.4067,310.53,1.08080,70.0,17.449
29.5600,1771.4067,316.26,1.08080,70.0,17.449
29.5700,1771.4067,322.43,1.08080,69.9,17.449
29.5800,1776.3155,301.90,1.07781,69.9,17.449
29.5900,1769.4372,301.83,1.08200,70.0,17.449
29.6000,1769.4372,292.30,1.08200,70.0,17.449
29.6100,1779.3046,287.51,1.07600,70.0,17.449
29.6200,1785.9137,286.47,1.07202,70.0,17.449
29.6300,1785.9137,286.30,1.07202,70.0,17.449
29.6400,1774.2738,264.29,1.07905,70.0,17.449
29.6500,1774.2738,260.83,1.07905,70.0,17.449
29.6600,1766.5131,280.35,1.08379,70.0,17.449
29.6700,1766.5131,288.80,1.08379,70.0,17.449
29.6800,1766.5131,305.80,1.08379,69.9,17.449
29.6900,1766.5131,302.85,1.08379,69.9,17.449
29.7000,1766.5131,304.09,1.08379,69.9,17.449
29.7100,1766.5131,299.48,1.08379,69.9,17.449
29.7200,1768.2452,305.39,1.08273,69.9,17.449
29.7300,1767.4432,308.08,1.08322,69.9,17.449
29.7400,1778.8048,312.85,1.07630,69.9,17.449
29.7500,1778.8048,301.97,1.07630,69.9,17.449
29.7600,1778.8048,286.76,1.07630,69.9,17.449
29.7700,1780.2937,304.97,1.07540,69.9,17.449
29.7800,1780.2937,304.57,1.07540,69.9,17.449
29.7900,1795.6910,312.11,1.06618,69.9,17.449
29.8000,1795.6910,299.66,1.06618,69.9,17.449
29.8100,1808.7193,302.42,1.05850,69.9,17.449
29.8200,1808.7193,311.90,1.05850,69.9,17.449
29.8300,1808.7193,325.39,1.05850,69.8,17.449
29.8400,1808.7193,267.70,1.05850,69.8,17.449
29.8500,1808.7193,280.91,1.05850,69.8,17.449
29.8600,1807.4647,269.53,1.05924,69.8,17.449
29.8700,1807.4647,274.32,1.05924,69.8,17.449
29.8800,1824.1666,276.69,1.04954,69.8,17.449
29.8900,1831.6947,302.32,1.04523,69.8,17.449
29.9000,1831.6947,292.23,1.04523,69.8,17.449
29.9100,1846.8381,311.84,1.03666,69.8,17.449
29.9200,1832.8247,280.12,1.04458,69.8,17.449
29.9300,1833.2314,294.18,1.04435,69.8,17.449
29.9400,1833.2314,303.44,1.04435,69.8,17.449
29.9500,1833.2314,313.70,1.04435,69.8,17.449
29.9600,1833.2314,288.91,1.04435,69.8,17.449
29.9700,1822.9228,311.63,1.05026,69.8,17.449
29.9800,1822.9228,322.94,1.05026,69.8,17.449
29.9900,1822.9228,327.67,1.05026,69.7,17.449
30.0000,1822.9228,303.03,1.05026,69.7,17.449
