time_ps,volume_A3,temperature_K,density_g_cm3,mc_accept_pct,mc_volume_scale_A3
0.0000,1920.3259,291.11,0.99698,nan,1.000
0.0100,1920.3259,296.60,0.99698,nan,1.000
0.0200,1920.5467,295.18,0.99687,100.0,1.000
0.0300,1920.9111,294.25,0.99668,100.0,1.000
0.0400,1921.1946,301.05,0.99653,100.0,1.000
0.0500,1921.1946,286.62,0.99653,100.0,1.000
0.0600,1921.1406,293.79,0.99656,100.0,1.000
0.0700,1920.6174,316.19,0.99683,100.0,1.000
0.0800,1919.9316,293.94,0.99719,100.0,1.000
0.0900,1920.1802,291.64,0.99706,100.0,1.000
0.1000,1920.1802,302.11,0.99706,100.0,1.000
0.1100,1920.8138,301.89,0.99673,100.0,1.000
0.1200,1921.2737,302.85,0.99649,100.0,1.000
0.1300,1921.7919,272.50,0.99622,100.0,1.100
0.1400,1921.5468,280.16,0.99635,100.0,1.100
0.1500,1921.5468,276.17,0.99635,100.0,1.100
0.1600,1920.8721,305.56,0.99670,100.0,1.100
0.1700,1920.6323,306.33,0.99683,100.0,1.100
0.1800,1920.3852,318.70,0.99695,100.0,1.100
0.1900,1921.3926,297.71,0.99643,100.0,1.100
0.2000,1921.3926,301.19,0.99643,100.0,1.100
0.2100,1922.3162,318.44,0.99595,100.0,1.100
0.2200,1923.2420,282.84,0.99547,100.0,1.100
0.2300,1923.7506,290.40,0.99521,100.0,1.100
0.2400,1924.4930,288.60,0.99483,100.0,1.100
0.2500,1924.4930,294.33,0.99483,100.0,1.100
0.2600,1924.1559,312.41,0.99500,100.0,1.210
0.2700,1925.0149,319.54,0.99456,100.0,1.210
0.2800,1925.7384,318.66,0.99418,100.0,1.210
0.2900,1925.6100,319.17,0.99425,100.0,1.210
0.3000,1925.6100,307.57,0.99425,100.0,1.210
0.3100,1925.6100,321.09,0.99425,95.8,1.210
0.3200,1924.9414,308.06,0.99459,96.0,1.210
0.3300,1925.1498,301.15,0.99449,96.2,1.210
0.3400,1926.3143,305.36,0.99389,96.3,1.210
0.3500,1926.3143,298.79,0.99389,96.3,1.210
0.3600,1926.4844,311.32,0.99380,96.4,1.210
0.3700,1926.3414,323.57,0.99387,96.6,1.210
0.3800,1926.7596,308.66,0.99366,96.7,1.331
0.3900,1927.5869,314.66,0.99323,96.8,1.331
0.4000,1927.5869,322.00,0.99323,96.8,1.331
0.4100,1927.5869,312.80,0.99323,93.8,1.331
0.4200,1926.6891,305.74,0.99369,93.9,1.331
0.4300,1926.7070,280.31,0.99368,94.1,1.331
0.4400,1925.4333,323.73,0.99434,94.3,1.331
0.4500,1925.4333,308.47,0.99434,94.3,1.331
0.4600,1925.4635,306.97,0.99432,94.4,1.331
0.4700,1925.4220,290.56,0.99435,94.6,1.331
0.4800,1924.6111,318.98,0.99476,94.7,1.331
0.4900,1925.8213,304.34,0.99414,94.9,1.331
0.5000,1925.8213,308.72,0.99414,94.9,1.331
0.5100,1924.6498,301.33,0.99474,95.0,1.464
0.5200,1925.7356,323.65,0.99418,95.1,1.464
0.5300,1925.4902,314.87,0.99431,95.2,1.464
0.5400,1925.4902,306.79,0.99431,93.0,1.464
0.5500,1925.4902,322.11,0.99431,93.0,1.464
0.5600,1924.4063,289.74,0.99487,93.2,1.464
0.5700,1924.0758,301.21,0.99504,93.3,1.464
0.5800,1925.4262,330.48,0.99434,93.5,1.464
0.5900,1925.9177,303.70,0.99409,93.6,1.464
0.6000,1925.9177,289.57,0.99409,93.6,1.464
0.6100,1926.0984,288.76,0.99400,93.8,1.464
0.6200,1926.9896,275.26,0.99354,93.9,1.464
0.6300,1926.5445,290.12,0.99377,94.0,1.611
0.6400,1927.2181,310.55,0.99342,94.1,1.611
0.6500,1927.2181,293.46,0.99342,94.1,1.611
0.6600,1926.3876,280.86,0.99385,94.2,1.611
0.6700,1925.1681,285.57,0.99448,94.3,1.611
0.6800,1925.1675,290.30,0.99448,94.4,1.611
0.6900,1926.2449,265.44,0.99392,94.5,1.611
0.7000,1926.2449,255.27,0.99392,94.5,1.611
0.7100,1924.9949,295.17,0.99457,94.6,1.611
0.7200,1924.4347,277.92,0.99486,94.7,1.611
0.7300,1924.0789,290.53,0.99504,94.8,1.611
0.7400,1925.6615,293.35,0.99422,94.9,1.611
0.7500,1925.6615,303.34,0.99422,94.9,1.611
0.7600,1926.2117,266.65,0.99394,95.0,1.772
0.7700,1926.8003,308.10,0.99363,95.1,1.772
0.7800,1926.2721,302.89,0.99391,95.2,1.772
0.7900,1924.8315,295.27,0.99465,95.2,1.772
0.8000,1924.8315,275.60,0.99465,95.2,1.772
0.8100,1923.5861,283.32,0.99529,95.3,1.772
0.8200,1924.0436,281.13,0.99506,95.4,1.772
0.8300,1924.7539,302.66,0.99469,95.5,1.772
0.8400,1924.6458,290.27,0.99475,95.5,1.772
0.8500,1924.6458,299.12,0.99475,95.5,1.772
0.8600,1925.8119,289.72,0.99414,95.6,1.772
0.8700,1924.4862,282.75,0.99483,95.7,1.772
0.8800,1926.1215,277.05,0.99398,95.7,1.949
0.8900,1926.2696,289.42,0.99391,95.8,1.949
0.9000,1926.2696,296.58,0.99391,95.8,1.949
0.9100,1927.5166,289.01,0.99327,95.8,1.949
0.9200,1929.3880,291.55,0.99230,95.9,1.949
0.9300,1930.8157,290.17,0.99157,95.9,1.949
0.9400,1932.5194,297.92,0.99069,96.0,1.949
0.9500,1932.5194,280.90,0.99069,96.0,1.949
0.9600,1932.3470,277.02,0.99078,96.1,1.949
0.9700,1933.5257,295.51,0.99018,96.1,1.949
0.9800,1935.3801,297.80,0.98923,96.2,1.949
0.9900,1935.3801,313.08,0.98923,94.9,1.949
1.0000,1935.3801,297.99,0.98923,94.9,1.949
1.0100,1937.1321,315.99,0.98833,95.0,2.144
1.0200,1937.1321,312.47,0.98833,93.8,2.144
1.0300,1935.5953,303.21,0.98912,93.9,2.144
1.0400,1934.4271,311.88,0.98972,94.0,2.144
1.0500,1934.4271,305.68,0.98972,94.0,2.144
1.0600,1932.5544,319.26,0.99068,94.0,2.144
1.0700,1932.1361,327.39,0.99089,94.1,2.144
1.0800,1933.3713,338.94,0.99026,94.2,2.144
1.0900,1935.4846,325.50,0.98918,94.3,2.144
1.1000,1935.4846,301.01,0.98918,94.3,2.144
1.1100,1934.4912,302.98,0.98968,94.3,2.144
1.1200,1933.9755,307.70,0.98995,94.4,2.144
1.1300,1933.6620,272.27,0.99011,94.4,2.358
1.1400,1932.8484,300.62,0.99053,94.5,2.358
1.1500,1932.8484,308.55,0.99053,94.5,2.358
1.1600,1932.7306,334.25,0.99059,94.6,2.358
1.1700,1930.8766,331.20,0.99154,94.6,2.358
1.1800,1930.8766,326.74,0.99154,93.6,2.358
1.1900,1931.1263,321.53,0.99141,93.7,2.358
1.2000,1931.1263,315.62,0.99141,93.7,2.358
1.2100,1930.4902,321.79,0.99174,93.8,2.358
1.2200,1928.1904,336.69,0.99292,93.8,2.358
1.2300,1929.5561,336.42,0.99222,93.9,2.358
1.2400,1931.6293,337.10,0.99115,93.9,2.358
1.2500,1931.6293,309.49,0.99115,93.9,2.358
1.2600,1933.6904,306.39,0.99009,94.0,2.594
1.2700,1933.9753,315.82,0.98995,94.1,2.594
1.2800,1935.8030,288.03,0.98901,94.1,2.594
1.2900,1935.3042,308.32,0.98927,94.2,2.594
1.3000,1935.3042,324.17,0.98927,94.2,2.594
1.3100,1935.5801,305.96,0.98913,94.2,2.594
1.3200,1937.7227,310.28,0.98803,94.3,2.594
1.3300,1939.5723,317.74,0.98709,94.3,2.594
1.3400,1940.5474,289.84,0.98660,94.4,2.594
1.3500,1940.5474,291.24,0.98660,94.4,2.594
1.3600,1939.6519,302.56,0.98705,94.4,2.594
1.3700,1940.4893,308.09,0.98662,94.5,2.594
1.3800,1942.4728,309.00,0.98562,94.5,2.853
1.3900,1942.4728,280.55,0.98562,93.7,2.853
1.4000,1942.4728,279.75,0.98562,93.7,2.853
1.4100,1944.2302,303.03,0.98473,93.8,2.853
1.4200,1941.5408,298.95,0.98609,93.8,2.853
1.4300,1940.1831,271.15,0.98678,93.9,2.853
1.4400,1940.4836,312.79,0.98663,93.9,2.853
1.4500,1940.4836,305.31,0.98663,93.9,2.853
1.4600,1938.2562,270.87,0.98776,94.0,2.853
1.4700,1935.7019,281.38,0.98907,94.0,2.853
1.4800,1937.5432,288.72,0.98813,94.1,2.853
1.4900,1937.5432,300.77,0.98813,93.3,2.853
1.5000,1937.5432,306.45,0.98813,93.3,2.853
1.5100,1936.5196,297.40,0.98865,93.3,3.138
1.5200,1939.3149,305.35,0.98722,93.4,3.138
1.5300,1939.2378,295.32,0.98726,93.4,3.138
1.5400,1941.0310,292.86,0.98635,93.5,3.138
1.5500,1941.0310,298.53,0.98635,93.5,3.138
1.5600,1939.4044,297.20,0.98718,93.5,3.138
1.5700,1938.0572,317.57,0.98786,93.6,3.138
1.5800,1935.7611,305.94,0.98903,93.7,3.138
1.5900,1934.7401,297.83,0.98956,93.7,3.138
1.6000,1934.7401,282.35,0.98956,93.7,3.138
1.6100,1931.6381,313.90,0.99115,93.8,3.138
1.6200,1933.4203,318.24,0.99023,93.8,3.138
1.6300,1935.9642,304.32,0.98893,93.8,3.452
1.6400,1938.3661,288.68,0.98771,93.9,3.452
1.6500,1938.3661,325.44,0.98771,93.9,3.452
1.6600,1940.6320,314.32,0.98655,93.9,3.452
1.6700,1938.7501,301.51,0.98751,94.0,3.452
1.6800,1936.3407,295.00,0.98874,94.0,3.452
1.6900,1936.0397,290.85,0.98889,94.1,3.452
1.7000,1936.0397,285.26,0.98889,94.1,3.452
1.7100,1938.4463,280.56,0.98766,94.1,3.452
1.7200,1936.5652,283.63,0.98862,94.2,3.452
1.7300,1939.1703,286.59,0.98730,94.2,3.452
1.7400,1941.4304,309.89,0.98615,94.2,3.452
1.7500,1941.4304,327.25,0.98615,94.2,3.452
1.7600,1941.4304,304.81,0.98615,93.6,3.797
1.7700,1939.9119,305.17,0.98692,93.6,3.797
1.7800,1939.9119,298.40,0.98692,93.0,3.797
1.7900,1937.0307,301.28,0.98839,93.0,3.797
1.8000,1937.0307,306.96,0.98839,93.0,3.797
1.8100,1934.8365,327.72,0.98951,93.1,3.797
1.8200,1934.8365,295.76,0.98951,92.4,3.797
1.8300,1935.2289,289.81,0.98931,92.5,3.797
1.8400,1935.1640,305.30,0.98934,92.5,3.797
1.8500,1935.1640,303.78,0.98934,92.5,3.797
1.8600,1935.1640,289.76,0.98934,91.9,3.797
1.8700,1934.7479,299.24,0.98955,91.9,3.797
1.8800,1933.5315,299.95,0.99018,92.0,3.797
1.8900,1932.0833,325.80,0.99092,92.1,3.797
1.9000,1932.0833,304.02,0.99092,92.1,3.797
1.9100,1935.7385,300.00,0.98905,92.1,3.797
1.9200,1937.3027,278.71,0.98825,92.2,4.177
1.9300,1935.7187,308.64,0.98906,92.2,4.177
1.9400,1939.8701,274.79,0.98694,92.3,4.177
1.9500,1939.8701,292.84,0.98694,92.3,4.177
1.9600,1939.4801,289.11,0.98714,92.3,4.177
1.9700,1939.6330,292.84,0.98706,92.4,4.177
1.9800,1940.7173,263.25,0.98651,92.4,4.177
1.9900,1940.7146,290.30,0.98651,92.5,4.177
2.0000,1940.7146,317.13,0.98651,92.5,4.177
2.0100,1938.6873,314.28,0.98754,92.5,4.177
2.0200,1938.4683,308.51,0.98765,92.5,4.177
2.0300,1935.3568,280.40,0.98924,92.6,4.177
2.0400,1937.9728,288.23,0.98791,92.6,4.595
2.0500,1937.9728,324.21,0.98791,92.6,4.595
2.0600,1937.4693,316.29,0.98816,92.7,4.595
2.0700,1934.6479,295.87,0.98960,92.7,4.595
2.0800,1937.0128,301.87,0.98840,92.8,4.595
2.0900,1936.4346,285.40,0.98869,92.8,4.595
2.1000,1936.4346,276.06,0.98869,92.8,4.595
2.1100,1932.4849,285.92,0.99071,92.9,4.595
2.1200,1933.5337,271.50,0.99017,92.9,4.595
2.1300,1931.5170,299.02,0.99121,92.9,4.595
2.1400,1934.1557,282.30,0.98986,93.0,4.595
2.1500,1934.1557,285.55,0.98986,93.0,4.595
2.1600,1931.0750,293.23,0.99143,93.0,4.595
2.1700,1933.3730,302.02,0.99026,93.1,5.054
2.1800,1929.6805,301.42,0.99215,93.1,5.054
2.1900,1933.5152,302.50,0.99018,93.1,5.054
2.2000,1933.5152,315.16,0.99018,93.1,5.054
2.2100,1931.4994,316.64,0.99122,93.2,5.054
2.2200,1927.6827,314.55,0.99318,93.2,5.054
2.2300,1928.6520,302.65,0.99268,93.3,5.054
2.2400,1929.8860,300.66,0.99205,93.3,5.054
2.2500,1929.8860,306.39,0.99205,93.3,5.054
2.2600,1926.0920,324.78,0.99400,93.3,5.054
2.2700,1926.7661,334.50,0.99365,93.4,5.054
2.2800,1928.8037,284.68,0.99260,93.4,5.054
2.2900,1925.7896,298.74,0.99416,93.4,5.560
2.3000,1925.7896,299.58,0.99416,93.4,5.560
2.3100,1930.4718,307.00,0.99174,93.5,5.560
2.3200,1928.2488,280.83,0.99289,93.5,5.560
2.3300,1929.3637,263.84,0.99231,93.5,5.560
2.3400,1934.1316,287.53,0.98987,93.6,5.560
2.3500,1934.1316,300.32,0.98987,93.6,5.560
2.3600,1934.2505,282.49,0.98981,93.6,5.560
2.3700,1928.7814,310.67,0.99261,93.7,5.560
2.3800,1925.8995,282.93,0.99410,93.7,5.560
2.3900,1929.0302,291.16,0.99249,93.7,5.560
2.4000,1929.0302,294.69,0.99249,93.7,5.560
2.4100,1931.8929,314.45,0.99102,93.8,5.560
2.4200,1929.4674,304.68,0.99226,93.8,6.116
2.4300,1930.9191,287.63,0.99151,93.8,6.116
2.4400,1927.8081,304.42,0.99311,93.8,6.116
2.4500,1927.8081,326.04,0.99311,93.8,6.116
2.4600,1925.4615,315.65,0.99433,93.9,6.116
2.4700,1925.0476,304.52,0.99454,93.9,6.116
2.4800,1927.4439,303.57,0.99330,93.9,6.116
2.4900,1921.8046,304.80,0.99622,94.0,6.116
2.5000,1921.8046,304.67,0.99622,94.0,6.116
2.5100,1924.6447,309.15,0.99475,94.0,6.116
2.5200,1928.4387,298.99,0.99279,94.0,6.116
2.5300,1929.6515,309.34,0.99217,94.1,6.116
2.5400,1923.6048,302.79,0.99529,94.1,6.727
2.5500,1923.6048,290.00,0.99529,94.1,6.727
2.5600,1924.0586,277.24,0.99505,94.1,6.727
2.5700,1922.1787,277.93,0.99602,94.1,6.727
2.5800,1916.6976,322.26,0.99887,94.2,6.727
2.5900,1919.9312,295.54,0.99719,94.2,6.727
2.6000,1919.9312,329.27,0.99719,94.2,6.727
2.6100,1918.3727,318.06,0.99800,94.2,6.727
2.6200,1915.7560,330.01,0.99936,94.3,6.727
2.6300,1914.6964,323.33,0.99992,94.3,6.727
2.6400,1914.6964,312.26,0.99992,93.8,6.727
2.6500,1914.6964,313.96,0.99992,93.8,6.727
2.6600,1919.8729,307.51,0.99722,93.9,6.727
2.6700,1924.1347,322.43,0.99501,93.9,7.400
2.6800,1918.7537,322.84,0.99780,93.9,7.400
2.6900,1913.6794,296.03,1.00045,94.0,7.400
2.7000,1913.6794,297.84,1.00045,94.0,7.400
2.7100,1919.5912,301.20,0.99737,94.0,7.400
2.7200,1922.8741,278.03,0.99566,94.0,7.400
2.7300,1928.7777,338.53,0.99262,94.0,7.400
2.7400,1923.3567,343.16,0.99541,94.1,7.400
2.7500,1923.3567,323.73,0.99541,94.1,7.400
2.7600,1926.0967,340.62,0.99400,94.1,7.400
2.7700,1920.9246,316.81,0.99667,94.1,7.400
2.7800,1922.7430,313.95,0.99573,94.1,7.400
2.7900,1926.5702,322.45,0.99375,94.2,8.140
2.8000,1926.5702,307.98,0.99375,94.2,8.140
2.8100,1926.1330,316.14,0.99398,94.2,8.140
2.8200,1926.1330,316.44,0.99398,93.8,8.140
2.8300,1929.3878,303.29,0.99230,93.8,8.140
2.8400,1926.3330,317.35,0.99388,93.8,8.140
2.8500,1926.3330,318.71,0.99388,93.8,8.140
2.8600,1934.3579,312.22,0.98975,93.9,8.140
2.8700,1939.4163,301.46,0.98717,93.9,8.140
2.8800,1944.7079,303.21,0.98448,93.9,8.140
2.8900,1937.3707,293.76,0.98821,93.9,8.140
2.9000,1937.3707,311.27,0.98821,93.9,8.140
2.9100,1936.8879,314.17,0.98846,94.0,8.140
2.9200,1934.5060,293.72,0.98968,94.0,8.954
2.9300,1940.8561,287.04,0.98644,94.0,8.954
2.9400,1933.4524,264.21,0.99022,94.0,8.954
2.9500,1933.4524,262.35,0.99022,94.0,8.954
2.9600,1927.2642,277.63,0.99340,94.1,8.954
2.9700,1927.2642,310.10,0.99340,93.7,8.954
2.9800,1925.1110,307.13,0.99451,93.7,8.954
2.9900,1930.4884,295.93,0.99174,93.7,8.954
3.0000,1930.4884,292.51,0.99174,93.7,8.954
3.0100,1936.0815,325.29,0.98887,93.8,8.954
3.0200,1936.0815,292.82,0.98887,93.4,8.954
3.0300,1939.1510,269.50,0.98731,93.4,8.954
3.0400,1945.5530,276.55,0.98406,93.4,9.850
3.0500,1945.5530,285.24,0.98406,93.4,9.850
3.0600,1948.7119,284.31,0.98246,93.4,9.850
3.0700,1954.2237,281.94,0.97969,93.5,9.850
3.0800,1954.6149,271.97,0.97949,93.5,9.850
3.0900,1955.4734,319.81,0.97906,93.5,9.850
3.1000,1955.4734,298.59,0.97906,93.5,9.850
3.1100,1947.2457,313.02,0.98320,93.5,9.850
3.1200,1954.0199,314.00,0.97979,93.6,9.850
3.1300,1956.7697,302.79,0.97842,93.6,9.850
3.1400,1958.9771,327.02,0.97731,93.6,9.850
3.1500,1958.9771,310.12,0.97731,93.6,9.850
3.1600,1967.1442,290.46,0.97326,93.7,9.850
3.1700,1962.0065,295.00,0.97580,93.7,10.835
3.1800,1970.0806,319.09,0.97181,93.7,10.835
3.1900,1975.3569,320.15,0.96921,93.7,10.835
3.2000,1975.3569,304.33,0.96921,93.7,10.835
3.2100,1973.7854,321.41,0.96998,93.8,10.835
3.2200,1964.6435,284.83,0.97449,93.8,10.835
3.2300,1959.7660,313.52,0.97692,93.8,10.835
3.2400,1959.7660,297.41,0.97692,93.4,10.835
3.2500,1959.7660,295.19,0.97692,93.4,10.835
3.2600,1959.3002,305.16,0.97715,93.5,10.835
3.2700,1960.4231,289.17,0.97659,93.5,10.835
3.2800,1969.5168,301.76,0.97208,93.5,10.835
3.2900,1965.5155,314.24,0.97406,93.5,11.918
3.3000,1965.5155,294.57,0.97406,93.5,11.918
3.3100,1965.3182,297.45,0.97416,93.6,11.918
3.3200,1956.7250,294.07,0.97844,93.6,11.918
3.3300,1945.8912,321.05,0.98389,93.6,11.918
3.3400,1945.0219,298.86,0.98433,93.6,11.918
3.3500,1945.0219,311.70,0.98433,93.6,11.918
3.3600,1938.6451,312.72,0.98756,93.7,11.918
3.3700,1941.4766,319.78,0.98612,93.7,11.918
3.3800,1941.4766,309.88,0.98612,93.3,11.918
3.3900,1941.4766,312.68,0.98612,93.0,11.918
3.4000,1941.4766,310.87,0.98612,93.0,11.918
3.4100,1941.6348,293.65,0.98604,93.0,11.918
3.4200,1942.5919,308.06,0.98556,93.0,13.110
3.4300,1942.5919,319.09,0.98556,92.7,13.110
3.4400,1942.5919,290.12,0.98556,92.4,13.110
3.4500,1942.5919,271.34,0.98556,92.4,13.110
3.4600,1952.1893,274.39,0.98071,92.4,13.110
3.4700,1946.1651,295.88,0.98375,92.4,13.110
3.4800,1944.7544,294.38,0.98446,92.4,13.110
3.4900,1944.3216,271.38,0.98468,92.5,13.110
3.5000,1944.3216,281.48,0.98468,92.5,13.110
3.5100,1933.6495,280.84,0.99011,92.5,13.110
3.5200,1921.5025,274.08,0.99637,92.5,13.110
3.5300,1921.0372,258.88,0.99662,92.6,13.110
3.5400,1921.0372,276.26,0.99662,92.2,13.110
3.5500,1921.0372,286.62,0.99662,92.2,13.110
3.5600,1916.4824,313.23,0.99898,92.3,13.110
3.5700,1908.3457,299.58,1.00324,92.3,13.110
3.5800,1908.3457,281.94,1.00324,92.0,13.110
3.5900,1907.5766,283.76,1.00365,92.0,13.110
3.6000,1907.5766,276.21,1.00365,92.0,13.110
3.6100,1905.4473,284.89,1.00477,92.0,13.110
3.6200,1899.5827,275.88,1.00787,92.0,13.110
3.6300,1893.1873,303.92,1.01128,92.1,14.421
3.6400,1889.9949,308.09,1.01298,92.1,14.421
3.6500,1889.9949,312.09,1.01298,92.1,14.421
3.6600,1886.3344,277.61,1.01495,92.1,14.421
3.6700,1886.3344,282.28,1.01495,91.8,14.421
3.6800,1880.0510,302.46,1.01834,91.8,14.421
3.6900,1873.5603,311.11,1.02187,91.9,14.421
3.7000,1873.5603,293.97,1.02187,91.9,14.421
3.7100,1874.5284,299.00,1.02134,91.9,14.421
3.7200,1880.0926,299.51,1.01832,91.9,14.421
3.7300,1882.4030,288.71,1.01707,91.9,14.421
3.7400,1882.5785,294.54,1.01697,92.0,14.421
3.7500,1882.5785,304.55,1.01697,92.0,14.421
3.7600,1889.6030,294.19,1.01319,92.0,15.863
3.7700,1895.6409,276.58,1.00997,92.0,15.863
3.7800,1895.6409,266.11,1.00997,91.7,15.863
3.7900,1895.6409,283.29,1.00997,91.4,15.863
3.8000,1895.6409,267.57,1.00997,91.4,15.863
3.8100,1905.9859,275.20,1.00449,91.4,15.863
3.8200,1905.9859,258.89,1.00449,91.1,15.863
3.8300,1903.3950,278.58,1.00585,91.2,15.863
3.8400,1903.3950,264.23,1.00585,90.9,15.863
3.8500,1903.3950,281.49,1.00585,90.9,15.863
3.8600,1903.3950,266.05,1.00585,90.6,15.863
3.8700,1898.6180,264.26,1.00838,90.6,15.863
3.8800,1898.6180,276.50,1.00838,90.3,15.863
3.8900,1908.5219,266.78,1.00315,90.4,15.863
3.9000,1908.5219,282.13,1.00315,90.4,15.863
3.9100,1908.5219,263.83,1.00315,90.1,15.863
3.9200,1905.7915,251.22,1.00459,90.1,15.863
3.9300,1905.7915,265.06,1.00459,89.8,15.863
3.9400,1916.7604,271.11,0.99884,89.8,15.863
3.9500,1916.7604,264.86,0.99884,89.8,15.863
3.9600,1913.7880,244.15,1.00039,89.9,15.863
3.9700,1909.6173,255.43,1.00258,89.9,15.863
3.9800,1917.9698,287.78,0.99821,89.9,15.863
3.9900,1917.9698,274.46,0.99821,89.7,15.863
4.0000,1917.9698,264.47,0.99821,89.7,15.863
4.0100,1917.9698,270.36,0.99821,89.4,15.863
4.0200,1917.9698,269.02,0.99821,89.1,15.863
4.0300,1926.9412,257.40,0.99356,89.1,15.863
4.0400,1938.4531,278.21,0.98766,89.2,15.863
4.0500,1938.4531,277.56,0.98766,89.2,15.863
4.0600,1937.8532,298.60,0.98797,89.2,15.863
4.0700,1934.5027,281.24,0.98968,89.2,15.863
4.0800,1928.5438,290.76,0.99274,89.3,15.863
4.0900,1932.5955,277.67,0.99065,89.3,15.863
4.1000,1932.5955,274.48,0.99065,89.3,15.863
4.1100,1930.0870,271.98,0.99194,89.3,15.863
4.1200,1929.2963,299.34,0.99235,89.4,15.863
4.1300,1927.0760,299.71,0.99349,89.4,15.863
4.1400,1912.4651,297.36,1.00108,89.4,15.863
4.1500,1912.4651,268.40,1.00108,89.4,15.863
4.1600,1912.4651,270.22,1.00108,89.2,15.863
4.1700,1912.4651,269.69,1.00108,88.9,15.863
4.1800,1912.3963,289.23,1.00112,88.9,15.863
4.1900,1899.4437,300.77,1.00795,89.0,15.863
4.2000,1899.4437,275.18,1.00795,89.0,15.863
4.2100,1895.5784,258.38,1.01000,89.0,15.863
4.2200,1887.7678,284.56,1.01418,89.0,15.863
4.2300,1887.7678,290.36,1.01418,88.8,15.863
4.2400,1878.2955,293.67,1.01929,88.8,15.863
4.2500,1878.2955,288.54,1.01929,88.8,15.863
4.2600,1881.0734,302.14,1.01779,88.8,15.863
4.2700,1873.5711,288.12,1.02186,88.9,15.863
4.2800,1873.5711,304.33,1.02186,88.6,15.863
4.2900,1867.1920,296.39,1.02536,88.6,15.863
4.3000,1867.1920,294.75,1.02536,88.6,15.863
4.3100,1868.3103,308.96,1.02474,88.7,15.863
4.3200,1858.1119,304.94,1.03037,88.7,15.863
4.3300,1858.1119,290.96,1.03037,88.4,15.863
4.3400,1844.0782,320.67,1.03821,88.5,15.863
4.3500,1844.0782,312.86,1.03821,88.5,15.863
4.3600,1844.6874,329.58,1.03786,88.5,15.863
4.3700,1844.6874,314.27,1.03786,88.3,15.863
4.3800,1844.6874,295.45,1.03786,88.0,15.863
4.3900,1842.0068,298.47,1.03937,88.0,15.863
4.4000,1842.0068,286.07,1.03937,88.0,15.863
4.4100,1843.7179,273.34,1.03841,88.1,15.863
4.4200,1843.7179,292.74,1.03841,87.8,15.863
4.4300,1843.7179,297.41,1.03841,87.6,15.863
4.4400,1838.7709,277.77,1.04120,87.6,15.863
4.4500,1838.7709,284.29,1.04120,87.6,15.863
4.4600,1848.8518,300.66,1.03553,87.6,15.863
4.4700,1863.7194,303.41,1.02727,87.7,15.863
4.4800,1865.7020,321.00,1.02617,87.7,15.863
4.4900,1875.3883,307.65,1.02087,87.7,15.863
4.5000,1875.3883,299.52,1.02087,87.7,15.863
4.5100,1875.3883,287.68,1.02087,87.5,15.863
4.5200,1872.3704,300.76,1.02252,87.5,15.863
4.5300,1857.4383,303.55,1.03074,87.6,15.863
4.5400,1857.4383,289.82,1.03074,87.3,15.863
4.5500,1857.4383,296.23,1.03074,87.3,15.863
4.5600,1857.4383,311.98,1.03074,87.1,15.863
4.5700,1857.4383,323.07,1.03074,86.8,15.863
4.5800,1862.0347,280.43,1.02820,86.9,15.863
4.5900,1850.4686,278.72,1.03462,86.9,15.863
4.6000,1850.4686,273.45,1.03462,86.9,15.863
4.6100,1858.7376,277.79,1.03002,87.0,15.863
4.6200,1860.4797,278.92,1.02905,87.0,15.863
4.6300,1855.4247,296.37,1.03186,87.0,15.863
4.6400,1854.3699,291.47,1.03245,87.1,15.863
4.6500,1854.3699,303.89,1.03245,87.1,15.863
4.6600,1844.5640,283.99,1.03793,87.1,15.863
4.6700,1837.3649,279.58,1.04200,87.1,15.863
4.6800,1844.7156,318.07,1.03785,87.2,15.863
4.6900,1856.6501,316.03,1.03118,87.2,15.863
4.7000,1856.6501,299.08,1.03118,87.2,15.863
4.7100,1856.6501,315.01,1.03118,87.0,15.863
4.7200,1859.1922,291.38,1.02977,87.0,15.863
4.7300,1866.6881,302.83,1.02563,87.0,15.863
4.7400,1869.8278,320.60,1.02391,87.1,15.863
4.7500,1869.8278,290.04,1.02391,87.1,15.863
4.7600,1869.8278,285.95,1.02391,86.8,15.863
4.7700,1881.7768,259.60,1.01741,86.9,15.863
4.7800,1896.0211,306.51,1.00976,86.9,15.863
4.7900,1901.3578,300.30,1.00693,86.9,15.863
4.8000,1901.3578,313.68,1.00693,86.9,15.863
4.8100,1901.3578,331.16,1.00693,86.7,15.863
4.8200,1887.7565,283.37,1.01419,86.8,15.863
4.8300,1887.7565,272.16,1.01419,86.5,15.863
4.8400,1899.2978,283.12,1.00802,86.6,15.863
4.8500,1899.2978,281.80,1.00802,86.6,15.863
4.8600,1892.4425,294.34,1.01167,86.6,15.863
4.8700,1892.4425,313.55,1.01167,86.4,15.863
4.8800,1878.7212,314.03,1.01906,86.4,15.863
4.8900,1874.2979,299.83,1.02147,86.4,15.863
4.9000,1874.2979,310.57,1.02147,86.4,15.863
4.9100,1874.2979,304.03,1.02147,86.2,15.863
4.9200,1883.2500,323.84,1.01661,86.3,15.863
4.9300,1883.2500,325.12,1.01661,86.0,15.863
4.9400,1870.1864,348.73,1.02371,86.1,15.863
4.9500,1870.1864,323.94,1.02371,86.1,15.863
4.9600,1861.1903,329.83,1.02866,86.1,15.863
4.9700,1872.5977,320.55,1.02240,86.1,15.863
4.9800,1872.5977,301.51,1.02240,85.9,15.863
4.9900,1872.5977,309.91,1.02240,85.7,15.863
5.0000,1872.5977,309.55,1.02240,85.7,15.863
5.0100,1862.2712,304.46,1.02806,85.8,15.863
5.0200,1873.4079,315.05,1.02195,85.8,15.863
5.0300,1868.0978,321.71,1.02486,85.8,15.863
5.0400,1868.0978,320.04,1.02486,85.6,15.863
5.0500,1868.0978,303.94,1.02486,85.6,15.863
5.0600,1858.3783,320.86,1.03022,85.6,15.863
5.0700,1858.3783,312.04,1.03022,85.4,15.863
5.0800,1845.6640,317.69,1.03732,85.5,15.863
5.0900,1841.1357,288.08,1.03987,85.5,15.863
5.1000,1841.1357,299.29,1.03987,85.5,15.863
5.1100,1842.8612,287.40,1.03889,85.5,15.863
5.1200,1858.6270,290.67,1.03008,85.6,15.863
5.1300,1858.6270,276.15,1.03008,85.4,15.863
5.1400,1858.6270,279.40,1.03008,85.2,15.863
5.1500,1858.6270,283.55,1.03008,85.2,15.863
5.1600,1847.1764,285.18,1.03647,85.2,15.863
5.1700,1847.1764,272.31,1.03647,85.0,15.863
5.1800,1836.9917,268.74,1.04221,85.0,15.863
5.1900,1836.9917,292.82,1.04221,84.8,15.863
5.2000,1836.9917,271.29,1.04221,84.8,15.863
5.2100,1836.9917,280.20,1.04221,84.6,15.863
5.2200,1840.8385,276.44,1.04003,84.7,15.863
5.2300,1842.3853,293.11,1.03916,84.7,15.863
5.2400,1839.7708,281.42,1.04064,84.7,15.863
5.2500,1839.7708,299.54,1.04064,84.7,15.863
5.2600,1851.6915,298.09,1.03394,84.8,15.863
5.2700,1837.1130,306.04,1.04214,84.8,15.863
5.2800,1841.5483,295.36,1.03963,84.8,15.863
5.2900,1841.5483,303.48,1.03963,84.6,15.863
5.3000,1841.5483,288.04,1.03963,84.6,15.863
5.3100,1828.7457,283.83,1.04691,84.7,15.863
5.3200,1835.1035,295.48,1.04328,84.7,15.863
5.3300,1835.1035,270.53,1.04328,84.5,15.863
5.3400,1824.6457,279.29,1.04926,84.5,15.863
5.3500,1824.6457,299.15,1.04926,84.5,15.863
5.3600,1835.9825,268.99,1.04279,84.6,15.863
5.3700,1822.9232,258.71,1.05026,84.6,15.863
5.3800,1829.0684,277.13,1.04673,84.7,15.863
5.3900,1829.0684,301.02,1.04673,84.5,15.863
5.4000,1829.0684,332.82,1.04673,84.5,15.863
5.4100,1829.5244,321.08,1.04647,84.5,15.863
5.4200,1814.6290,309.04,1.05506,84.5,15.863
5.4300,1805.3670,325.40,1.06047,84.6,15.863
5.4400,1805.3670,306.56,1.06047,84.4,15.863
5.4500,1805.3670,310.68,1.06047,84.4,15.863
5.4600,1796.0001,318.14,1.06600,84.4,15.863
5.4700,1782.2151,317.00,1.07424,84.4,15.863
5.4800,1782.2151,297.04,1.07424,84.2,15.863
5.4900,1782.2151,314.03,1.07424,84.1,15.863
5.5000,1782.2151,284.25,1.07424,84.1,15.863
5.5100,1777.4343,278.15,1.07713,84.1,15.863
5.5200,1777.4343,292.88,1.07713,83.9,15.863
5.5300,1777.4343,314.29,1.07713,83.7,15.863
5.5400,1771.9755,311.53,1.08045,83.7,15.863
5.5500,1771.9755,298.59,1.08045,83.7,15.863
5.5600,1776.9246,329.99,1.07744,83.8,15.863
5.5700,1790.8595,299.09,1.06906,83.8,15.863
5.5800,1784.8132,292.45,1.07268,83.9,15.863
5.5900,1781.1339,298.14,1.07490,83.9,15.863
5.6000,1781.1339,291.84,1.07490,83.9,15.863
5.6100,1767.4484,292.04,1.08322,83.9,15.863
5.6200,1767.4484,302.40,1.08322,83.7,15.863
5.6300,1772.9446,315.76,1.07986,83.8,15.863
5.6400,1771.0997,301.98,1.08099,83.8,15.863
5.6500,1771.0997,282.12,1.08099,83.8,15.863
5.6600,1771.0997,297.12,1.08099,83.6,15.863
5.6700,1775.7845,290.65,1.07813,83.7,15.863
5.6800,1790.5068,294.63,1.06927,83.7,15.863
5.6900,1790.5233,307.22,1.06926,83.7,15.863
5.7000,1790.5233,292.81,1.06926,83.7,15.863
5.7100,1785.2435,281.55,1.07242,83.8,15.863
5.7200,1780.5436,281.30,1.07525,83.8,15.863
5.7300,1780.5436,299.94,1.07525,83.6,15.863
5.7400,1790.2741,294.49,1.06941,83.7,15.863
5.7500,1790.2741,289.06,1.06941,83.7,15.863
5.7600,1790.3592,288.79,1.06936,83.7,15.863
5.7700,1795.1807,304.08,1.06649,83.7,15.863
5.7800,1803.4207,306.13,1.06161,83.8,15.863
5.7900,1801.1446,311.27,1.06295,83.8,15.863
5.8000,1801.1446,301.58,1.06295,83.8,15.863
5.8100,1816.6650,318.91,1.05387,83.8,15.863
5.8200,1805.6012,308.52,1.06033,83.9,15.863
5.8300,1805.6012,276.64,1.06033,83.7,15.863
5.8400,1798.3496,278.69,1.06461,83.7,15.863
5.8500,1798.3496,307.33,1.06461,83.7,15.863
5.8600,1803.8385,311.08,1.06137,83.8,15.863
5.8700,1803.8385,322.85,1.06137,83.6,15.863
5.8800,1803.0535,332.90,1.06183,83.6,15.863
5.8900,1812.0061,314.88,1.05658,83.7,15.863
5.9000,1812.0061,322.10,1.05658,83.7,15.863
5.9100,1824.8661,326.53,1.04914,83.7,15.863
5.9200,1824.8661,312.73,1.04914,83.5,15.863
5.9300,1824.8661,299.50,1.04914,83.3,15.863
5.9400,1830.7058,326.19,1.04579,83.4,15.863
5.9500,1830.7058,316.73,1.04579,83.4,15.863
5.9600,1843.3618,313.79,1.03861,83.4,15.863
5.9700,1849.9540,302.70,1.03491,83.4,15.863
5.9800,1862.7177,294.11,1.02782,83.5,15.863
5.9900,1847.5244,285.87,1.03627,83.5,15.863
6.0000,1847.5244,306.34,1.03627,83.5,15.863
6.0100,1847.5244,281.27,1.03627,83.3,15.863
6.0200,1847.5244,298.62,1.03627,83.2,15.863
6.0300,1845.2732,286.17,1.03753,83.2,15.863
6.0400,1834.4462,289.29,1.04366,83.2,15.863
6.0500,1834.4462,300.69,1.04366,83.2,15.863
6.0600,1834.4462,295.36,1.04366,83.1,15.863
6.0700,1841.1361,288.92,1.03987,83.1,15.863
6.0800,1842.7333,312.43,1.03896,83.1,15.863
6.0900,1842.7333,312.72,1.03896,83.0,15.863
6.1000,1842.7333,270.95,1.03896,83.0,15.863
6.1100,1857.4817,288.60,1.03072,83.0,15.863
6.1200,1846.6404,292.64,1.03677,83.0,15.863
6.1300,1846.6404,282.61,1.03677,82.9,15.863
6.1400,1849.7223,307.19,1.03504,82.9,15.863
6.1500,1849.7223,285.08,1.03504,82.9,15.863
6.1600,1857.8625,282.27,1.03050,82.9,15.863
6.1700,1842.9027,291.80,1.03887,83.0,15.863
6.1800,1842.9027,276.51,1.03887,82.8,15.863
6.1900,1837.9288,293.04,1.04168,82.8,15.863
6.2000,1837.9288,336.15,1.04168,82.8,15.863
6.2100,1836.3448,278.47,1.04258,82.9,15.863
6.2200,1836.3448,285.11,1.04258,82.7,15.863
6.2300,1829.0164,297.52,1.04676,82.7,15.863
6.2400,1827.6214,296.86,1.04756,82.8,15.863
6.2500,1827.6214,302.40,1.04756,82.8,15.863
6.2600,1827.6214,301.92,1.04756,82.6,15.863
6.2700,1826.8010,277.42,1.04803,82.6,15.863
6.2800,1836.8782,300.78,1.04228,82.7,15.863
6.2900,1837.4171,330.40,1.04197,82.7,15.863
6.3000,1837.4171,314.85,1.04197,82.7,15.863
6.3100,1831.6014,295.94,1.04528,82.7,15.863
6.3200,1831.9550,304.63,1.04508,82.8,15.863
6.3300,1823.2264,318.48,1.05008,82.8,15.863
6.3400,1813.4033,299.39,1.05577,82.8,15.863
6.3500,1813.4033,318.30,1.05577,82.8,15.863
6.3600,1813.6699,310.60,1.05561,82.9,15.863
6.3700,1813.6699,320.40,1.05561,82.7,15.863
6.3800,1813.6699,318.17,1.05561,82.5,15.863
6.3900,1802.7069,309.05,1.06203,82.6,15.863
6.4000,1802.7069,322.95,1.06203,82.6,15.863
6.4100,1809.8612,318.53,1.05784,82.6,15.863
6.4200,1821.5908,287.83,1.05102,82.7,15.863
6.4300,1821.5908,312.50,1.05102,82.5,15.863
6.4400,1806.3165,289.90,1.05991,82.5,15.863
6.4500,1806.3165,290.24,1.05991,82.5,15.863
6.4600,1810.6848,289.79,1.05735,82.6,15.863
6.4700,1807.4659,308.42,1.05924,82.6,15.863
6.4800,1807.4659,312.04,1.05924,82.4,15.863
6.4900,1807.4659,317.06,1.05924,82.3,15.863
6.5000,1807.4659,287.26,1.05924,82.3,15.863
6.5100,1807.4659,317.23,1.05924,82.1,15.863
6.5200,1791.8472,327.30,1.06847,82.1,15.863
6.5300,1779.8831,357.11,1.07565,82.2,15.863
6.5400,1777.6077,340.18,1.07703,82.2,15.863
6.5500,1777.6077,336.20,1.07703,82.2,15.863
6.5600,1777.6077,324.46,1.07703,82.1,15.863
6.5700,1766.0012,326.72,1.08411,82.1,15.863
6.5800,1773.1642,297.45,1.07973,82.1,15.863
6.5900,1775.7944,317.99,1.07813,82.2,15.863
6.6000,1775.7944,321.55,1.07813,82.2,15.863
6.6100,1787.5986,311.29,1.07101,82.2,15.863
6.6200,1775.2059,297.38,1.07849,82.2,15.863
6.6300,1789.0816,289.24,1.07012,82.3,15.863
6.6400,1779.6420,290.17,1.07580,82.3,15.863
6.6500,1779.6420,285.92,1.07580,82.3,15.863
6.6600,1794.0936,296.76,1.06713,82.3,15.863
6.6700,1803.2320,286.13,1.06172,82.4,15.863
6.6800,1796.7837,272.12,1.06553,82.4,15.863
6.6900,1806.4974,278.05,1.05981,82.4,15.863
6.7000,1806.4974,302.16,1.05981,82.4,15.863
6.7100,1812.9755,275.92,1.05602,82.5,15.863
6.7200,1824.8573,267.79,1.04914,82.5,15.863
6.7300,1824.8573,280.28,1.04914,82.3,15.863
6.7400,1820.1637,306.54,1.05185,82.4,15.863
6.7500,1820.1637,300.63,1.05185,82.4,15.863
6.7600,1805.8903,286.29,1.06016,82.4,15.863
6.7700,1805.8903,272.93,1.06016,82.3,15.863
6.7800,1790.8120,282.92,1.06909,82.3,15.863
6.7900,1794.7917,292.24,1.06672,82.3,15.863
6.8000,1794.7917,296.08,1.06672,82.3,15.863
6.8100,1794.7917,288.62,1.06672,82.2,15.863
6.8200,1810.1800,292.07,1.05765,82.2,15.863
6.8300,1809.1570,290.28,1.05825,82.2,15.863
6.8400,1817.1606,312.49,1.05359,82.3,15.863
6.8500,1817.1606,300.01,1.05359,82.3,15.863
6.8600,1817.1606,274.96,1.05359,82.1,15.863
6.8700,1820.4587,285.49,1.05168,82.1,15.863
6.8800,1822.6115,282.77,1.05044,82.2,15.863
6.8900,1811.9658,291.54,1.05661,82.2,15.863
6.9000,1811.9658,282.91,1.05661,82.2,15.863
6.9100,1810.9250,295.40,1.05721,82.2,15.863
6.9200,1812.3465,292.62,1.05638,82.3,15.863
6.9300,1826.9130,285.96,1.04796,82.3,15.863
6.9400,1826.9130,280.43,1.04796,82.2,15.863
6.9500,1826.9130,294.24,1.04796,82.2,15.863
6.9600,1841.9790,280.80,1.03939,82.2,15.863
6.9700,1841.9790,303.22,1.03939,82.0,15.863
6.9800,1829.8768,299.34,1.04626,82.1,15.863
6.9900,1826.0077,275.54,1.04848,82.1,15.863
7.0000,1826.0077,290.49,1.04848,82.1,15.863
7.0100,1824.3094,304.51,1.04946,82.1,15.863
7.0200,1824.3094,322.31,1.04946,82.0,15.863
7.0300,1826.0749,311.29,1.04844,82.0,15.863
7.0400,1821.0581,297.41,1.05133,82.1,15.863
7.0500,1821.0581,299.38,1.05133,82.1,15.863
7.0600,1822.9193,307.21,1.05026,82.1,15.863
7.0700,1808.9615,316.45,1.05836,82.1,15.863
7.0800,1797.0592,313.30,1.06537,82.2,15.863
7.0900,1797.0592,310.73,1.06537,82.0,15.863
7.1000,1797.0592,319.52,1.06537,82.0,15.863
7.1100,1804.0839,303.39,1.06122,82.0,15.863
7.1200,1804.2068,298.92,1.06115,82.1,15.863
7.1300,1804.2068,306.26,1.06115,81.9,15.863
7.1400,1804.2068,292.16,1.06115,81.8,15.863
7.1500,1804.2068,309.85,1.06115,81.8,15.863
7.1600,1793.0502,338.25,1.06775,81.8,15.863
7.1700,1777.6880,349.90,1.07698,81.8,15.863
7.1800,1778.7773,321.49,1.07632,81.9,15.863
7.1900,1776.8161,297.42,1.07751,81.9,15.863
7.2000,1776.8161,298.03,1.07751,81.9,15.863
7.2100,1776.3665,310.45,1.07778,81.9,15.863
7.2200,1768.6912,303.03,1.08246,82.0,15.863
7.2300,1768.6912,340.72,1.08246,81.8,15.863
7.2400,1777.6436,315.84,1.07701,81.9,15.863
7.2500,1777.6436,287.71,1.07701,81.9,15.863
7.2600,1770.9345,283.84,1.08109,81.9,15.863
7.2700,1770.9345,293.84,1.08109,81.8,15.863
7.2800,1770.9345,297.25,1.08109,81.6,15.863
7.2900,1772.5454,281.69,1.08010,81.6,15.863
7.3000,1772.5454,279.62,1.08010,81.6,15.863
7.3100,1778.2279,281.73,1.07665,81.7,15.863
7.3200,1788.5816,270.74,1.07042,81.7,15.863
7.3300,1778.5418,286.20,1.07646,81.7,15.863
7.3400,1779.9316,303.32,1.07562,81.8,15.863
7.3500,1779.9316,282.37,1.07562,81.8,15.863
7.3600,1764.4831,293.08,1.08504,81.8,15.863
7.3700,1764.4831,296.89,1.08504,81.7,15.863
7.3800,1766.5310,319.47,1.08378,81.7,15.863
7.3900,1775.6330,287.30,1.07823,81.7,15.863
7.4000,1775.6330,275.85,1.07823,81.7,15.863
7.4100,1787.9147,276.15,1.07082,81.8,15.863
7.4200,1781.2376,284.17,1.07483,81.8,15.863
7.4300,1780.1349,268.99,1.07550,81.8,15.863
7.4400,1784.2539,280.03,1.07302,81.8,15.863
7.4500,1784.2539,304.22,1.07302,81.8,15.863
7.4600,1780.1993,282.51,1.07546,81.9,15.863
7.4700,1773.3234,281.17,1.07963,81.9,15.863
7.4800,1774.2626,283.32,1.07906,81.9,15.863
7.4900,1760.7820,293.14,1.08732,82.0,15.863
7.5000,1760.7820,312.67,1.08732,82.0,15.863
7.5100,1760.7820,293.23,1.08732,81.8,15.863
7.5200,1763.9663,311.84,1.08536,81.9,15.863
7.5300,1758.5985,329.47,1.08867,81.9,15.863
7.5400,1743.3578,309.83,1.09819,81.9,15.863
7.5500,1743.3578,309.35,1.09819,81.9,15.863
7.5600,1728.3837,318.11,1.10770,82.0,15.863
7.5700,1740.1216,333.07,1.10023,82.0,15.863
7.5800,1740.1216,318.89,1.10023,81.8,15.863
7.5900,1740.1216,285.72,1.10023,81.7,15.863
7.6000,1740.1216,280.93,1.10023,81.7,15.863
7.6100,1739.2646,293.82,1.10077,81.7,15.863
7.6200,1724.7871,310.73,1.11001,81.8,15.863
7.6300,1735.1591,302.60,1.10338,81.8,15.863
7.6400,1727.2400,280.10,1.10844,81.8,15.863
7.6500,1727.2400,299.16,1.10844,81.8,15.863
7.6600,1732.1270,303.98,1.10531,81.9,15.863
7.6700,1728.2592,295.77,1.10778,81.9,15.863
7.6800,1728.4992,293.88,1.10763,81.9,15.863
7.6900,1717.5980,288.69,1.11466,82.0,15.863
7.7000,1717.5980,303.09,1.11466,82.0,15.863
7.7100,1727.6524,328.25,1.10817,82.0,15.863
7.7200,1712.2801,310.02,1.11812,82.0,15.863
7.7300,1712.2801,308.28,1.11812,81.9,15.863
7.7400,1718.9695,289.02,1.11377,81.9,15.863
7.7500,1718.9695,286.55,1.11377,81.9,15.863
7.7600,1720.2090,292.24,1.11297,81.9,15.863
7.7700,1720.3088,301.32,1.11290,82.0,15.863
7.7800,1707.6804,291.47,1.12113,82.0,15.863
7.7900,1707.6804,296.68,1.12113,81.9,15.863
7.8000,1707.6804,295.02,1.12113,81.9,15.863
7.8100,1702.2165,313.09,1.12473,81.9,15.863
7.8200,1703.8772,322.43,1.12363,81.9,15.863
7.8300,1700.3088,311.72,1.12599,81.9,15.863
7.8400,1712.6228,309.28,1.11790,82.0,15.863
7.8500,1712.6228,324.88,1.11790,82.0,15.863
7.8600,1707.6279,323.40,1.12117,82.0,15.863
7.8700,1722.1381,306.96,1.11172,82.0,15.863
7.8800,1730.3505,316.49,1.10644,82.1,15.863
7.8900,1727.3247,325.97,1.10838,82.1,15.863
7.9000,1727.3247,325.06,1.10838,82.1,15.863
7.9100,1727.3247,294.39,1.10838,82.0,15.863
7.9200,1727.3247,318.28,1.10838,81.8,15.863
7.9300,1721.7881,321.15,1.11195,81.9,15.863
7.9400,1736.1576,301.04,1.10274,81.9,15.863
7.9500,1736.1576,281.55,1.10274,81.9,15.863
7.9600,1724.1537,291.27,1.11042,81.9,15.863
7.9700,1724.1537,295.25,1.11042,81.8,15.863
7.9800,1723.2933,307.10,1.11097,81.8,15.863
7.9900,1727.0888,289.34,1.10853,81.8,15.863
8.0000,1727.0888,298.11,1.10853,81.8,15.863
8.0100,1727.0888,286.93,1.10853,81.7,15.863
8.0200,1714.2766,282.89,1.11682,81.7,15.863
8.0300,1722.4529,305.35,1.11152,81.8,15.863
8.0400,1722.4529,273.83,1.11152,81.6,15.863
8.0500,1722.4529,280.68,1.11152,81.6,15.863
8.0600,1722.4529,301.27,1.11152,81.5,15.863
8.0700,1722.4529,308.06,1.11152,81.4,15.863
8.0800,1722.4529,303.99,1.11152,81.3,15.863
8.0900,1722.4529,304.77,1.11152,81.1,15.863
8.1000,1722.4529,301.78,1.11152,81.1,15.863
8.1100,1721.4221,301.12,1.11218,81.2,15.863
8.1200,1715.4676,302.86,1.11604,81.2,15.863
8.1300,1708.2722,319.49,1.12074,81.2,15.863
8.1400,1708.2722,337.25,1.12074,81.1,15.863
8.1500,1708.2722,288.56,1.12074,81.1,15.863
8.1600,1699.2832,306.84,1.12667,81.1,15.863
8.1700,1689.9026,308.53,1.13293,81.2,15.863
8.1800,1681.6224,330.56,1.13850,81.2,15.863
8.1900,1681.6224,309.42,1.13850,81.1,15.863
8.2000,1681.6224,287.54,1.13850,81.1,15.863
8.2100,1681.6224,313.06,1.13850,80.9,15.863
8.2200,1672.0290,321.78,1.14504,81.0,15.863
8.2300,1677.0728,332.34,1.14159,81.0,15.863
8.2400,1679.2292,301.27,1.14013,81.0,15.863
8.2500,1679.2292,299.38,1.14013,81.0,15.863
8.2600,1679.2292,320.93,1.14013,80.9,15.863
8.2700,1692.8091,333.86,1.13098,80.9,15.863
8.2800,1690.4789,312.45,1.13254,81.0,15.863
8.2900,1683.5483,305.62,1.13720,81.0,15.863
8.3000,1683.5483,305.59,1.13720,81.0,15.863
8.3100,1686.2737,303.82,1.13536,81.0,15.863
8.3200,1688.4031,312.12,1.13393,81.1,15.863
8.3300,1696.0003,283.38,1.12885,81.1,15.863
8.3400,1681.5740,316.44,1.13854,81.1,15.863
8.3500,1681.5740,296.16,1.13854,81.1,15.863
8.3600,1676.6713,306.44,1.14187,81.1,15.863
8.3700,1685.0528,300.46,1.13619,81.2,15.863
8.3800,1671.9718,295.20,1.14508,81.2,15.863
8.3900,1666.8807,315.10,1.14857,81.2,15.863
8.4000,1666.8807,308.39,1.14857,81.2,15.863
8.4100,1666.8807,314.57,1.14857,81.1,15.863
8.4200,1666.8807,309.42,1.14857,81.0,15.863
8.4300,1677.2810,312.86,1.14145,81.0,15.863
8.4400,1677.2810,307.07,1.14145,80.9,15.863
8.4500,1677.2810,312.67,1.14145,80.9,15.863
8.4600,1679.5931,318.14,1.13988,80.9,15.863
8.4700,1679.5931,308.01,1.13988,80.8,15.863
8.4800,1679.5931,313.50,1.13988,80.7,15.863
8.4900,1679.5931,289.04,1.13988,80.6,15.863
8.5000,1679.5931,298.39,1.13988,80.6,15.863
8.5100,1678.9152,308.03,1.14034,80.6,15.863
8.5200,1678.9152,323.84,1.14034,80.5,15.863
8.5300,1671.4304,296.19,1.14545,80.5,15.863
8.5400,1683.0451,295.12,1.13754,80.5,15.863
8.5500,1683.0451,301.65,1.13754,80.5,15.863
8.5600,1681.6994,288.51,1.13845,80.6,15.863
8.5700,1676.2831,267.55,1.14213,80.6,15.863
8.5800,1676.2831,272.19,1.14213,80.5,15.863
8.5900,1676.2831,284.95,1.14213,80.3,15.863
8.6000,1676.2831,300.14,1.14213,80.3,15.863
8.6100,1688.4154,286.90,1.13392,80.4,15.863
8.6200,1673.9358,294.47,1.14373,80.4,15.863
8.6300,1681.4253,297.05,1.13864,80.4,15.863
8.6400,1685.2508,287.93,1.13605,80.5,15.863
8.6500,1685.2508,278.48,1.13605,80.5,15.863
8.6600,1697.1494,273.97,1.12809,80.5,15.863
8.6700,1697.1494,274.52,1.12809,80.4,15.863
8.6800,1709.8551,254.67,1.11971,80.4,15.863
8.6900,1713.5481,275.14,1.11729,80.4,15.863
8.7000,1713.5481,277.56,1.11729,80.4,15.863
8.7100,1703.9417,268.31,1.12359,80.5,15.863
8.7200,1688.2976,251.53,1.13400,80.5,15.863
8.7300,1690.2571,276.43,1.13269,80.5,15.863
8.7400,1691.6715,277.70,1.13174,80.5,15.863
8.7500,1691.6715,263.15,1.13174,80.5,15.863
8.7600,1691.6715,281.64,1.13174,80.4,15.863
8.7700,1689.1296,279.07,1.13344,80.5,15.863
8.7800,1697.6503,268.33,1.12776,80.5,15.863
8.7900,1704.4910,270.14,1.12323,80.5,15.863
8.8000,1704.4910,263.11,1.12323,80.5,15.863
8.8100,1702.8387,286.14,1.12432,80.5,15.863
8.8200,1702.8387,279.58,1.12432,80.4,15.863
8.8300,1693.3867,294.18,1.13060,80.5,15.863
8.8400,1681.3496,328.49,1.13869,80.5,15.863
8.8500,1681.3496,324.61,1.13869,80.5,15.863
8.8600,1678.1373,317.15,1.14087,80.5,15.863
8.8700,1675.4615,299.83,1.14269,80.5,15.863
8.8800,1678.7963,279.21,1.14042,80.6,15.863
8.8900,1678.7963,284.53,1.14042,80.5,15.863
8.9000,1678.7963,278.17,1.14042,80.5,15.863
8.9100,1682.9001,271.16,1.13764,80.5,15.863
8.9200,1682.9001,284.49,1.13764,80.4,15.863
8.9300,1682.9001,291.49,1.13764,80.3,15.863
8.9400,1682.9001,293.71,1.13764,80.1,15.863
8.9500,1682.9001,282.02,1.13764,80.1,15.863
8.9600,1678.0076,278.44,1.14096,80.2,15.863
8.9700,1663.8251,269.43,1.15068,80.2,15.863
8.9800,1661.6356,289.37,1.15220,80.2,15.863
8.9900,1671.1723,272.05,1.14562,80.3,15.863
9.0000,1671.1723,298.28,1.14562,80.3,15.863
9.0100,1671.1723,283.00,1.14562,80.1,15.863
9.0200,1657.2546,280.78,1.15524,80.2,15.863
9.0300,1657.2546,302.57,1.15524,80.1,15.863
9.0400,1662.8354,291.27,1.15137,80.1,15.863
9.0500,1662.8354,286.18,1.15137,80.1,15.863
9.0600,1674.7006,277.26,1.14321,80.1,15.863
9.0700,1669.9909,275.12,1.14643,80.1,15.863
9.0800,1658.1715,267.84,1.15461,80.2,15.863
9.0900,1658.1715,303.07,1.15461,80.1,15.863
9.1000,1658.1715,305.27,1.15461,80.1,15.863
9.1100,1646.6731,315.18,1.16267,80.1,15.863
9.1200,1646.6731,272.90,1.16267,80.0,15.863
9.1300,1646.6731,271.89,1.16267,79.9,15.863
9.1400,1652.4600,320.81,1.15860,79.9,15.863
9.1500,1652.4600,315.91,1.15860,79.9,15.863
9.1600,1659.7628,307.35,1.15350,79.9,15.863
9.1700,1659.0411,290.25,1.15400,79.9,15.863
9.1800,1669.4405,301.95,1.14681,80.0,15.863
9.1900,1684.3993,273.75,1.13663,80.0,15.863
9.2000,1684.3993,302.51,1.13663,80.0,15.863
9.2100,1695.6582,281.19,1.12908,80.0,15.863
9.2200,1695.6582,278.38,1.12908,79.9,15.863
9.2300,1683.8920,293.04,1.13697,79.9,15.863
9.2400,1671.8939,314.28,1.14513,80.0,15.863
9.2500,1671.8939,306.07,1.14513,80.0,15.863
9.2600,1666.0574,299.19,1.14914,80.0,15.863
9.2700,1666.0574,293.94,1.14914,79.9,15.863
9.2800,1654.3113,305.88,1.15730,79.9,15.863
9.2900,1668.0452,317.15,1.14777,79.9,15.863
9.3000,1668.0452,303.94,1.14777,79.9,15.863
9.3100,1668.0452,292.09,1.14777,79.8,15.863
9.3200,1673.6756,289.10,1.14391,79.9,15.863
9.3300,1673.6756,277.55,1.14391,79.8,15.863
9.3400,1680.0614,285.50,1.13956,79.8,15.863
9.3500,1680.0614,284.12,1.13956,79.8,15.863
9.3600,1689.8759,269.81,1.13294,79.8,15.863
9.3700,1687.6772,284.02,1.13442,79.8,15.863
9.3800,1680.4075,269.12,1.13933,79.9,15.863
9.3900,1665.2547,285.03,1.14970,79.9,15.863
9.4000,1665.2547,276.57,1.14970,79.9,15.863
9.4100,1661.8009,300.59,1.15208,79.9,15.863
9.4200,1661.9872,314.18,1.15196,79.9,15.863
9.4300,1674.2011,303.11,1.14355,80.0,15.863
9.4400,1674.2011,292.03,1.14355,79.9,15.863
9.4500,1674.2011,294.50,1.14355,79.9,15.863
9.4600,1683.3229,323.72,1.13735,79.9,15.863
9.4700,1683.3229,301.69,1.13735,79.8,15.863
9.4800,1684.1569,325.59,1.13679,79.8,15.863
9.4900,1684.1569,311.64,1.13679,79.7,15.863
9.5000,1684.1569,307.51,1.13679,79.7,15.863
9.5100,1674.1543,295.05,1.14358,79.7,15.863
9.5200,1679.8057,315.25,1.13974,79.8,15.863
9.5300,1690.7895,334.68,1.13233,79.8,15.863
9.5400,1692.4015,308.02,1.13125,79.8,15.863
9.5500,1692.4015,313.70,1.13125,79.8,15.863
9.5600,1692.4015,288.82,1.13125,79.7,15.863
9.5700,1692.4015,314.08,1.13125,79.6,15.863
9.5800,1697.7037,301.11,1.12772,79.6,15.863
9.5900,1708.2268,316.12,1.12077,79.7,15.863
9.6000,1708.2268,304.43,1.12077,79.7,15.863
9.6100,1703.4856,318.77,1.12389,79.7,15.863
9.6200,1702.3976,318.24,1.12461,79.7,15.863
9.6300,1716.7303,321.05,1.11522,79.7,15.863
9.6400,1726.5885,316.36,1.10885,79.8,15.863
9.6500,1726.5885,295.77,1.10885,79.8,15.863
9.6600,1713.9817,287.12,1.11701,79.8,15.863
9.6700,1708.0262,292.90,1.12090,79.8,15.863
9.6800,1716.1476,330.74,1.11560,79.8,15.863
9.6900,1716.1476,305.94,1.11560,79.7,15.863
9.7000,1716.1476,285.90,1.11560,79.7,15.863
9.7100,1716.1476,271.88,1.11560,79.6,15.863
9.7200,1712.1375,295.51,1.11821,79.7,15.863
9.7300,1702.1584,308.28,1.12477,79.7,15.863
9.7400,1692.4834,284.43,1.13120,79.7,15.863
9.7500,1692.4834,313.26,1.13120,79.7,15.863
9.7600,1683.1010,313.02,1.13750,79.7,15.863
9.7700,1684.0899,303.38,1.13684,79.8,15.863
9.7800,1683.8166,309.39,1.13702,79.8,15.863
9.7900,1683.8166,295.14,1.13702,79.7,15.863
9.8000,1683.8166,297.34,1.13702,79.7,15.863
9.8100,1683.8166,283.43,1.13702,79.6,15.863
9.8200,1683.8166,324.69,1.13702,79.5,15.863
9.8300,1683.8166,335.71,1.13702,79.4,15.863
9.8400,1694.6095,288.82,1.12978,79.4,15.863
9.8500,1694.6095,301.64,1.12978,79.4,15.863
9.8600,1694.6095,300.95,1.12978,79.3,15.863
9.8700,1695.0092,314.29,1.12951,79.3,15.863
9.8800,1681.1337,298.41,1.13884,79.4,15.863
9.8900,1672.8578,302.16,1.14447,79.4,15.863
9.9000,1672.8578,302.39,1.14447,79.4,15.863
9.9100,1675.2613,312.74,1.14283,79.4,15.863
9.9200,1674.4286,331.83,1.14340,79.4,15.863
9.9300,1674.3714,335.10,1.14344,79.5,15.863
9.9400,1674.3714,295.94,1.14344,79.4,15.863
9.9500,1674.3714,292.94,1.14344,79.4,15.863
9.9600,1682.2321,308.13,1.13809,79.4,15.863
9.9700,1682.2321,311.07,1.13809,79.3,15.863
9.9800,1682.2321,296.86,1.13809,79.2,15.863
9.9900,1682.2321,272.82,1.13809,79.1,15.863
10.0000,1682.2321,290.85,1.13809,79.1,15.863
10.0100,1679.8332,290.20,1.13972,79.1,15.863
10.0200,1679.8332,291.60,1.13972,79.0,15.863
10.0300,1687.1812,322.35,1.13475,79.1,15.863
10.0400,1692.2048,281.34,1.13138,79.1,15.863
10.0500,1692.2048,297.17,1.13138,79.1,15.863
10.0600,1692.2048,313.09,1.13138,79.0,15.863
10.0700,1692.2048,303.31,1.13138,78.9,15.863
10.0800,1694.7707,331.52,1.12967,78.9,15.863
10.0900,1693.1143,298.69,1.13078,78.9,15.863
10.1000,1693.1143,307.21,1.13078,78.9,15.863
10.1100,1686.9788,340.90,1.13489,79.0,15.863
10.1200,1673.4826,331.32,1.14404,79.0,15.863
10.1300,1673.5759,331.00,1.14398,79.0,15.863
10.1400,1689.3911,292.52,1.13327,79.0,15.863
10.1500,1689.3911,311.62,1.13327,79.0,15.863
10.1600,1689.3911,324.95,1.13327,78.9,15.863
10.1700,1679.1989,310.63,1.14015,79.0,15.863
10.1800,1666.1903,298.02,1.14905,79.0,15.863
10.1900,1676.3041,288.02,1.14212,79.0,15.863
10.2000,1676.3041,296.70,1.14212,79.0,15.863
10.2100,1676.3041,300.60,1.14212,78.9,15.863
10.2200,1676.3041,296.27,1.14212,78.8,15.863
10.2300,1660.9801,302.49,1.15265,78.9,15.863
10.2400,1659.1743,294.41,1.15391,78.9,15.863
10.2500,1659.1743,303.94,1.15391,78.9,15.863
10.2600,1673.0623,302.39,1.14433,78.9,15.863
10.2700,1676.3911,296.06,1.14206,78.9,15.863
10.2800,1682.4395,291.42,1.13795,79.0,15.863
10.2900,1672.8882,324.99,1.14445,79.0,15.863
10.3000,1672.8882,314.02,1.14445,79.0,15.863
10.3100,1672.6418,302.72,1.14462,79.0,15.863
10.3200,1672.6418,297.82,1.14462,78.9,15.863
10.3300,1661.7287,299.46,1.15213,78.9,15.863
10.3400,1668.0711,299.56,1.14775,79.0,15.863
10.3500,1668.0711,306.52,1.14775,79.0,15.863
10.3600,1668.0711,310.42,1.14775,78.9,15.863
10.3700,1663.3308,286.42,1.15102,78.9,15.863
10.3800,1675.3015,302.24,1.14280,78.9,15.863
10.3900,1662.9771,330.93,1.15127,78.9,15.863
10.4000,1662.9771,286.29,1.15127,78.9,15.863
10.4100,1660.6669,309.17,1.15287,79.0,15.863
10.4200,1662.9038,302.82,1.15132,79.0,15.863
10.4300,1653.2385,303.72,1.15805,79.0,15.863
10.4400,1647.4590,296.73,1.16211,79.0,15.863
10.4500,1647.4590,322.97,1.16211,79.0,15.863
10.4600,1646.7430,305.72,1.16262,79.1,15.863
10.4700,1655.1137,299.58,1.15674,79.1,15.863
10.4800,1655.1137,321.74,1.15674,79.0,15.863
10.4900,1659.3065,312.00,1.15382,79.0,15.863
10.5000,1659.3065,303.77,1.15382,79.0,15.863
10.5100,1646.3041,301.85,1.16293,79.0,15.863
10.5200,1646.3041,284.10,1.16293,79.0,15.863
10.5300,1652.3589,305.16,1.15867,79.0,15.863
10.5400,1652.8201,316.70,1.15834,79.0,15.863
10.5500,1652.8201,294.45,1.15834,79.0,15.863
10.5600,1661.7447,284.84,1.15212,79.0,15.863
10.5700,1675.7557,280.06,1.14249,79.1,15.863
10.5800,1689.1162,281.59,1.13345,79.1,15.863
10.5900,1693.4190,260.10,1.13057,79.1,15.863
10.6000,1693.4190,299.22,1.13057,79.1,15.863
10.6100,1693.4190,325.28,1.13057,79.0,15.863
10.6200,1708.7382,308.03,1.12044,79.0,15.863
10.6300,1708.7382,308.62,1.12044,78.9,15.863
10.6400,1708.7382,302.67,1.12044,78.8,15.863
10.6500,1708.7382,308.13,1.12044,78.8,15.863
10.6600,1708.7382,315.13,1.12044,78.8,15.863
10.6700,1716.0090,303.13,1.11569,78.8,15.863
10.6800,1716.0090,302.95,1.11569,78.7,15.863
10.6900,1707.8269,296.37,1.12104,78.7,15.863
10.7000,1707.8269,283.64,1.12104,78.7,15.863
10.7100,1712.2948,316.67,1.11811,78.7,15.863
10.7200,1716.7638,306.55,1.11520,78.8,15.863
10.7300,1712.1713,302.11,1.11819,78.8,15.863
10.7400,1724.2132,305.71,1.11038,78.8,15.863
10.7500,1724.2132,312.61,1.11038,78.8,15.863
10.7600,1724.2132,322.16,1.11038,78.7,15.863
10.7700,1724.2132,326.53,1.11038,78.6,15.863
10.7800,1723.2483,296.87,1.11100,78.7,15.863
10.7900,1724.4327,301.95,1.11024,78.7,15.863
10.8000,1724.4327,307.99,1.11024,78.7,15.863
10.8100,1716.9951,275.46,1.11505,78.7,15.863
10.8200,1725.5220,275.06,1.10954,78.7,15.863
10.8300,1732.9548,262.66,1.10478,78.8,15.863
10.8400,1742.2770,301.25,1.09887,78.8,15.863
10.8500,1742.2770,333.45,1.09887,78.8,15.863
10.8600,1746.5179,332.77,1.09620,78.8,15.863
10.8700,1738.7354,326.78,1.10111,78.8,15.863
10.8800,1738.7354,321.57,1.10111,78.7,15.863
10.8900,1734.1108,326.95,1.10404,78.8,15.863
10.9000,1734.1108,318.92,1.10404,78.8,15.863
10.9100,1745.5686,298.89,1.09680,78.8,15.863
10.9200,1745.5686,305.87,1.09680,78.7,15.863
10.9300,1745.5686,303.85,1.09680,78.6,15.863
10.9400,1752.1857,330.31,1.09266,78.6,15.863
10.9500,1752.1857,312.78,1.09266,78.6,15.863
10.9600,1752.1857,304.23,1.09266,78.5,15.863
10.9700,1765.7258,321.55,1.08428,78.6,15.863
10.9800,1762.1254,290.06,1.08649,78.6,15.863
10.9900,1766.8805,308.91,1.08357,78.6,15.863
11.0000,1766.8805,282.86,1.08357,78.6,15.863
11.0100,1766.8805,313.89,1.08357,78.5,15.863
11.0200,1764.2778,303.45,1.08517,78.5,15.863
11.0300,1763.3161,296.66,1.08576,78.6,15.863
11.0400,1756.1998,297.17,1.09016,78.6,15.863
11.0500,1756.1998,311.77,1.09016,78.6,15.863
11.0600,1763.4738,315.04,1.08566,78.6,15.863
11.0700,1759.5668,311.94,1.08807,78.6,15.863
11.0800,1758.0675,300.61,1.08900,78.7,15.863
11.0900,1758.0675,296.10,1.08900,78.6,15.863
11.1000,1758.0675,292.30,1.08900,78.6,15.863
11.1100,1768.6903,312.75,1.08246,78.6,15.863
11.1200,1764.1042,285.00,1.08527,78.6,15.863
11.1300,1767.8926,275.15,1.08295,78.7,15.863
11.1400,1767.8926,286.79,1.08295,78.6,15.863
11.1500,1767.8926,309.47,1.08295,78.6,15.863
11.1600,1767.8926,323.47,1.08295,78.5,15.863
11.1700,1767.8969,314.54,1.08295,78.5,15.863
11.1800,1762.4277,298.01,1.08631,78.5,15.863
11.1900,1754.3282,334.78,1.09132,78.5,15.863
11.2000,1754.3282,333.24,1.09132,78.5,15.863
11.2100,1753.4932,310.64,1.09184,78.6,15.863
11.2200,1753.4932,306.09,1.09184,78.5,15.863
11.2300,1764.4344,307.44,1.08507,78.5,15.863
11.2400,1775.6530,287.00,1.07821,78.5,15.863
11.2500,1775.6530,272.95,1.07821,78.5,15.863
11.2600,1765.1933,283.01,1.08460,78.6,15.863
11.2700,1773.4695,301.32,1.07954,78.6,15.863
11.2800,1776.1002,279.98,1.07794,78.6,15.863
11.2900,1762.4446,276.79,1.08630,78.6,15.863
11.3000,1762.4446,274.11,1.08630,78.6,15.863
11.3100,1746.7108,296.19,1.09608,78.7,15.863
11.3200,1750.5792,289.53,1.09366,78.7,15.863
11.3300,1748.1728,288.69,1.09516,78.7,15.863
11.3400,1748.1728,302.76,1.09516,78.6,15.863
11.3500,1748.1728,314.19,1.09516,78.6,15.863
11.3600,1748.8725,302.66,1.09473,78.6,15.863
11.3700,1747.2706,308.44,1.09573,78.7,15.863
11.3800,1758.0454,316.62,1.08901,78.7,15.863
11.3900,1758.0454,312.84,1.08901,78.6,15.863
11.4000,1758.0454,288.81,1.08901,78.6,15.863
11.4100,1757.6246,302.28,1.08927,78.6,15.863
11.4200,1771.0579,283.25,1.08101,78.6,15.863
11.4300,1771.0579,266.70,1.08101,78.6,15.863
11.4400,1772.5742,268.71,1.08009,78.6,15.863
11.4500,1772.5742,281.92,1.08009,78.6,15.863
11.4600,1773.8374,294.84,1.07932,78.6,15.863
11.4700,1773.8374,304.58,1.07932,78.5,15.863
11.4800,1780.5551,311.67,1.07525,78.5,15.863
11.4900,1780.5551,299.16,1.07525,78.5,15.863
11.5000,1780.5551,275.20,1.07525,78.5,15.863
11.5100,1780.5551,286.93,1.07525,78.4,15.863
11.5200,1781.2298,298.79,1.07484,78.4,15.863
11.5300,1774.0233,293.16,1.07921,78.4,15.863
11.5400,1766.1164,302.93,1.08404,78.4,15.863
11.5500,1766.1164,310.27,1.08404,78.4,15.863
11.5600,1766.1164,294.12,1.08404,78.4,15.863
11.5700,1768.6669,319.46,1.08247,78.4,15.863
11.5800,1769.0205,328.31,1.08226,78.4,15.863
11.5900,1771.0149,328.21,1.08104,78.4,15.863
11.6000,1771.0149,338.03,1.08104,78.4,15.863
11.6100,1765.6100,335.68,1.08435,78.4,15.863
11.6200,1752.9680,299.55,1.09217,78.5,15.863
11.6300,1752.9680,313.16,1.09217,78.4,15.863
11.6400,1768.5210,295.44,1.08256,78.4,15.863
11.6500,1768.5210,329.71,1.08256,78.4,15.863
11.6600,1778.2336,317.40,1.07665,78.4,15.863
11.6700,1775.0393,297.32,1.07859,78.5,15.863
11.6800,1783.8380,311.33,1.07327,78.5,15.863
11.6900,1773.4100,309.89,1.07958,78.5,15.863
11.7000,1773.4100,300.14,1.07958,78.5,15.863
11.7100,1773.4100,319.25,1.07958,78.4,15.863
11.7200,1769.3881,308.81,1.08203,78.4,15.863
11.7300,1772.1603,300.42,1.08034,78.5,15.863
11.7400,1772.1603,304.85,1.08034,78.4,15.863
11.7500,1772.1603,286.43,1.08034,78.4,15.863
11.7600,1780.8629,269.77,1.07506,78.4,15.863
11.7700,1789.2735,287.09,1.07001,78.4,15.863
11.7800,1789.2735,299.38,1.07001,78.3,15.863
11.7900,1789.2735,288.96,1.07001,78.3,15.863
11.8000,1789.2735,293.78,1.07001,78.3,15.863
11.8100,1789.2735,294.90,1.07001,78.2,15.863
11.8200,1797.8125,315.24,1.06492,78.2,15.863
11.8300,1786.4703,323.05,1.07169,78.2,15.863
11.8400,1776.8290,286.86,1.07750,78.2,15.863
11.8500,1776.8290,295.43,1.07750,78.2,15.863
11.8600,1773.4479,291.40,1.07956,78.3,15.863
11.8700,1773.4479,269.92,1.07956,78.2,15.863
11.8800,1772.3156,286.42,1.08025,78.2,15.863
11.8900,1765.7452,298.33,1.08426,78.2,15.863
11.9000,1765.7452,278.43,1.08426,78.2,15.863
11.9100,1779.2435,286.12,1.07604,78.3,15.863
11.9200,1779.2435,280.90,1.07604,78.2,15.863
11.9300,1779.9503,298.35,1.07561,78.2,15.863
11.9400,1779.9503,292.75,1.07561,78.1,15.863
11.9500,1779.9503,289.39,1.07561,78.1,15.863
11.9600,1779.9503,296.20,1.07561,78.0,15.863
11.9700,1785.0015,302.43,1.07257,78.1,15.863
11.9800,1785.0015,317.71,1.07257,78.0,15.863
11.9900,1780.9924,325.22,1.07498,78.0,15.863
12.0000,1780.9924,300.45,1.07498,78.0,15.863
12.0100,1780.9924,309.08,1.07498,77.9,15.863
12.0200,1768.8491,306.20,1.08236,77.9,15.863
12.0300,1784.3685,308.25,1.07295,78.0,15.863
12.0400,1769.0188,332.00,1.08226,78.0,15.863
12.0500,1769.0188,325.52,1.08226,78.0,15.863
12.0600,1776.7404,320.85,1.07755,78.0,15.863
12.0700,1790.0055,333.86,1.06957,78.0,15.863
12.0800,1790.0055,331.24,1.06957,78.0,15.863
12.0900,1795.6039,320.77,1.06623,78.0,15.863
12.1000,1795.6039,336.05,1.06623,78.0,15.863
12.1100,1782.3369,333.42,1.07417,78.0,15.863
12.1200,1782.3369,311.14,1.07417,77.9,15.863
12.1300,1778.3164,306.02,1.07660,77.9,15.863
12.1400,1772.7136,293.68,1.08000,78.0,15.863
12.1500,1772.7136,277.93,1.08000,78.0,15.863
12.1600,1772.7136,304.81,1.08000,77.9,15.863
12.1700,1772.7136,311.29,1.08000,77.8,15.863
12.1800,1780.2268,295.43,1.07544,77.8,15.863
12.1900,1790.3229,301.41,1.06938,77.8,15.863
12.2000,1790.3229,292.17,1.06938,77.8,15.863
12.2100,1802.9711,281.20,1.06188,77.9,15.863
12.2200,1802.9711,271.14,1.06188,77.8,15.863
12.2300,1802.9711,288.40,1.06188,77.7,15.863
12.2400,1818.5208,282.61,1.05280,77.7,15.863
12.2500,1818.5208,282.69,1.05280,77.7,15.863
12.2600,1815.9771,284.58,1.05427,77.8,15.863
12.2700,1809.0891,278.14,1.05829,77.8,15.863
12.2800,1813.3130,281.10,1.05582,77.8,15.863
12.2900,1813.3130,282.22,1.05582,77.7,15.863
12.3000,1813.3130,304.62,1.05582,77.7,15.863
12.3100,1811.8181,289.20,1.05669,77.7,15.863
12.3200,1813.2311,263.73,1.05587,77.8,15.863
12.3300,1806.2671,275.71,1.05994,77.8,15.863
12.3400,1806.7018,296.97,1.05969,77.8,15.863
12.3500,1806.7018,280.68,1.05969,77.8,15.863
12.3600,1809.1340,290.82,1.05826,77.8,15.863
12.3700,1824.1533,292.08,1.04955,77.9,15.863
12.3800,1834.6646,293.57,1.04353,77.9,15.863
12.3900,1837.0879,297.28,1.04216,77.9,15.863
12.4000,1837.0879,318.35,1.04216,77.9,15.863
12.4100,1838.0467,308.12,1.04161,77.9,15.863
12.4200,1847.8116,305.57,1.03611,77.9,15.863
12.4300,1846.0948,291.80,1.03707,78.0,15.863
12.4400,1846.0948,315.90,1.03707,77.9,15.863
12.4500,1846.0948,332.21,1.03707,77.9,15.863
12.4600,1846.0948,332.93,1.03707,77.8,15.863
12.4700,1850.3688,332.15,1.03468,77.8,15.863
12.4800,1850.3688,299.42,1.03468,77.8,15.863
12.4900,1849.6017,300.71,1.03511,77.8,15.863
12.5000,1849.6017,289.02,1.03511,77.8,15.863
12.5100,1856.0185,293.21,1.03153,77.8,15.863
12.5200,1852.0506,284.64,1.03374,77.8,15.863
12.5300,1852.0506,287.10,1.03374,77.7,15.863
12.5400,1862.1211,290.79,1.02815,77.8,15.863
12.5500,1862.1211,286.41,1.02815,77.8,15.863
12.5600,1872.9468,307.09,1.02220,77.8,15.863
12.5700,1872.6961,285.46,1.02234,77.8,15.863
12.5800,1872.6961,291.02,1.02234,77.7,15.863
12.5900,1865.6483,291.25,1.02620,77.8,15.863
12.6000,1865.6483,290.35,1.02620,77.8,15.863
12.6100,1875.9278,278.12,1.02058,77.8,15.863
12.6200,1869.0263,299.24,1.02435,77.8,15.863
12.6300,1869.0263,302.60,1.02435,77.7,15.863
12.6400,1864.8062,309.66,1.02667,77.7,15.863
12.6500,1864.8062,288.49,1.02667,77.7,15.863
12.6600,1859.8605,297.81,1.02940,77.8,15.863
12.6700,1864.4516,311.32,1.02686,77.8,15.863
12.6800,1864.4516,312.37,1.02686,77.7,15.863
12.6900,1864.0337,317.00,1.02709,77.7,15.863
12.7000,1864.0337,334.99,1.02709,77.7,15.863
12.7100,1863.8072,294.04,1.02722,77.8,15.863
12.7200,1853.9243,300.00,1.03269,77.8,15.863
12.7300,1857.8380,330.06,1.03052,77.8,15.863
12.7400,1864.1242,316.50,1.02704,77.8,15.863
12.7500,1864.1242,295.77,1.02704,77.8,15.863
12.7600,1864.1242,307.14,1.02704,77.7,15.863
12.7700,1864.1242,321.00,1.02704,77.7,15.863
12.7800,1864.1242,322.15,1.02704,77.6,15.863
12.7900,1866.8914,296.92,1.02552,77.6,15.863
12.8000,1866.8914,305.87,1.02552,77.6,15.863
12.8100,1866.8914,296.12,1.02552,77.5,15.863
12.8200,1870.5847,293.24,1.02350,77.6,15.863
12.8300,1864.4802,321.92,1.02685,77.6,15.863
12.8400,1866.2188,319.85,1.02589,77.6,15.863
12.8500,1866.2188,298.74,1.02589,77.6,15.863
12.8600,1851.5424,304.89,1.03402,77.6,15.863
12.8700,1847.8335,324.34,1.03610,77.6,15.863
12.8800,1842.0066,322.18,1.03937,77.7,15.863
12.8900,1842.0066,324.37,1.03937,77.6,15.863
12.9000,1842.0066,306.22,1.03937,77.6,15.863
12.9100,1842.0066,295.68,1.03937,77.5,15.863
12.9200,1842.5539,302.48,1.03907,77.5,15.863
12.9300,1836.1632,304.40,1.04268,77.6,15.863
12.9400,1827.2566,309.98,1.04776,77.6,15.863
12.9500,1827.2566,330.21,1.04776,77.6,15.863
12.9600,1832.6234,305.60,1.04470,77.6,15.863
12.9700,1831.6512,313.17,1.04525,77.6,15.863
12.9800,1831.6512,311.56,1.04525,77.6,15.863
12.9900,1831.6512,315.49,1.04525,77.5,15.863
13.0000,1831.6512,343.48,1.04525,77.5,15.863
13.0100,1831.6512,338.46,1.04525,77.4,15.863
13.0200,1839.5388,329.30,1.04077,77.4,15.863
13.0300,1840.6040,281.68,1.04017,77.4,15.863
13.0400,1833.4296,314.97,1.04424,77.5,15.863
13.0500,1833.4296,310.46,1.04424,77.5,15.863
13.0600,1833.4296,297.75,1.04424,77.4,15.863
13.0700,1841.4123,310.41,1.03971,77.4,15.863
13.0800,1841.4123,312.55,1.03971,77.3,15.863
13.0900,1855.4708,292.71,1.03183,77.4,15.863
13.1000,1855.4708,290.05,1.03183,77.4,15.863
13.1100,1852.8959,324.46,1.03327,77.4,15.863
13.1200,1853.0418,312.90,1.03319,77.4,15.863
13.1300,1856.3461,292.37,1.03135,77.4,15.863
13.1400,1856.3461,316.11,1.03135,77.4,15.863
13.1500,1856.3461,306.86,1.03135,77.4,15.863
13.1600,1864.8089,301.82,1.02667,77.4,15.863
13.1700,1864.8089,278.14,1.02667,77.3,15.863
13.1800,1864.8089,290.64,1.02667,77.2,15.863
13.1900,1864.8089,290.67,1.02667,77.2,15.863
13.2000,1864.8089,297.39,1.02667,77.2,15.863
13.2100,1873.6498,303.71,1.02182,77.2,15.863
13.2200,1870.0256,308.59,1.02380,77.2,15.863
13.2300,1870.0256,300.24,1.02380,77.1,15.863
13.2400,1870.2029,302.37,1.02370,77.1,15.863
13.2500,1870.2029,296.01,1.02370,77.1,15.863
13.2600,1859.1072,310.99,1.02981,77.2,15.863
13.2700,1845.1560,275.35,1.03760,77.2,15.863
13.2800,1847.9390,294.48,1.03604,77.2,15.863
13.2900,1847.4842,297.27,1.03629,77.2,15.863
13.3000,1847.4842,315.25,1.03629,77.2,15.863
13.3100,1860.8394,311.75,1.02886,77.3,15.863
13.3200,1865.0187,307.40,1.02655,77.3,15.863
13.3300,1849.8952,286.98,1.03494,77.3,15.863
13.3400,1849.8952,279.73,1.03494,77.2,15.863
13.3500,1849.8952,304.06,1.03494,77.2,15.863
13.3600,1848.0690,308.92,1.03597,77.2,15.863
13.3700,1845.2725,316.60,1.03754,77.3,15.863
13.3800,1833.7604,320.75,1.04405,77.3,15.863
13.3900,1830.1328,302.70,1.04612,77.3,15.863
13.4000,1830.1328,304.00,1.04612,77.3,15.863
13.4100,1830.1328,286.99,1.04612,77.2,15.863
13.4200,1830.1328,291.83,1.04612,77.2,15.863
13.4300,1831.8120,279.86,1.04516,77.2,15.863
13.4400,1840.1780,286.33,1.04041,77.2,15.863
13.4500,1840.1780,297.11,1.04041,77.2,15.863
13.4600,1840.1780,290.80,1.04041,77.1,15.863
13.4700,1834.2666,284.14,1.04376,77.2,15.863
13.4800,1821.5996,279.86,1.05102,77.2,15.863
13.4900,1813.7173,297.56,1.05559,77.2,15.863
13.5000,1813.7173,305.62,1.05559,77.2,15.863
13.5100,1816.4350,296.57,1.05401,77.2,15.863
13.5200,1820.0475,317.32,1.05191,77.2,15.863
13.5300,1823.7273,314.76,1.04979,77.3,15.863
13.5400,1823.7273,308.80,1.04979,77.2,15.863
13.5500,1823.7273,292.32,1.04979,77.2,15.863
13.5600,1821.4703,271.34,1.05109,77.2,15.863
13.5700,1817.8939,274.26,1.05316,77.2,15.863
13.5800,1814.6418,283.98,1.05505,77.3,15.863
13.5900,1814.6418,285.48,1.05505,77.2,15.863
13.6000,1814.6418,288.07,1.05505,77.2,15.863
13.6100,1819.1492,287.69,1.05243,77.2,15.863
13.6200,1819.1492,280.88,1.05243,77.1,15.863
13.6300,1805.2313,288.96,1.06055,77.2,15.863
13.6400,1799.0758,283.42,1.06418,77.2,15.863
13.6500,1799.0758,295.88,1.06418,77.2,15.863
13.6600,1814.5385,287.69,1.05511,77.2,15.863
13.6700,1824.8506,273.36,1.04915,77.2,15.863
13.6800,1821.4463,283.69,1.05111,77.2,15.863
13.6900,1821.4463,271.95,1.05111,77.2,15.863
13.7000,1821.4463,250.77,1.05111,77.2,15.863
13.7100,1821.4463,258.64,1.05111,77.1,15.863
13.7200,1821.4463,274.11,1.05111,77.0,15.863
13.7300,1832.2732,282.61,1.04490,77.0,15.863
13.7400,1832.2732,283.28,1.04490,77.0,15.863
13.7500,1832.2732,291.28,1.04490,77.0,15.863
13.7600,1817.8079,287.17,1.05321,77.0,15.863
13.7700,1821.0374,301.54,1.05134,77.0,15.863
13.7800,1821.0374,310.15,1.05134,77.0,15.863
13.7900,1821.0374,304.80,1.05134,76.9,15.863
13.8000,1821.0374,289.18,1.05134,76.9,15.863
13.8100,1829.2623,291.40,1.04662,76.9,15.863
13.8200,1831.4451,295.72,1.04537,76.9,15.863
13.8300,1831.4451,306.99,1.04537,76.9,15.863
13.8400,1817.7340,304.44,1.05325,76.9,15.863
13.8500,1817.7340,292.15,1.05325,76.9,15.863
13.8600,1804.3689,305.00,1.06106,76.9,15.863
13.8700,1794.3955,306.16,1.06695,76.9,15.863
13.8800,1794.3955,284.64,1.06695,76.8,15.863
13.8900,1802.0987,287.55,1.06239,76.9,15.863
13.9000,1802.0987,291.03,1.06239,76.9,15.863
13.9100,1802.0987,307.84,1.06239,76.8,15.863
13.9200,1812.3831,321.77,1.05636,76.8,15.863
13.9300,1812.3831,332.10,1.05636,76.8,15.863
13.9400,1812.3831,316.26,1.05636,76.7,15.863
13.9500,1812.3831,277.09,1.05636,76.7,15.863
13.9600,1806.9906,303.04,1.05952,76.7,15.863
13.9700,1807.3273,303.49,1.05932,76.7,15.863
13.9800,1807.3273,311.58,1.05932,76.7,15.863
13.9900,1798.1275,309.45,1.06474,76.7,15.863
14.0000,1798.1275,302.30,1.06474,76.7,15.863
14.0100,1808.4098,313.88,1.05868,76.7,15.863
14.0200,1814.9821,308.93,1.05485,76.7,15.863
14.0300,1814.9821,301.10,1.05485,76.6,15.863
14.0400,1810.6724,311.29,1.05736,76.7,15.863
14.0500,1810.6724,321.16,1.05736,76.7,15.863
14.0600,1810.6724,333.11,1.05736,76.6,15.863
14.0700,1800.2826,319.36,1.06346,76.6,15.863
14.0800,1786.4631,331.09,1.07169,76.6,15.863
14.0900,1792.8887,335.41,1.06785,76.7,15.863
14.1000,1792.8887,313.20,1.06785,76.7,15.863
14.1100,1804.6131,315.33,1.06091,76.7,15.863
14.1200,1809.9123,306.59,1.05781,76.7,15.863
14.1300,1811.7460,330.79,1.05673,76.7,15.863
14.1400,1811.4514,336.37,1.05691,76.7,15.863
14.1500,1811.4514,321.36,1.05691,76.7,15.863
14.1600,1811.8738,327.57,1.05666,76.8,15.863
14.1700,1803.3483,310.54,1.06166,76.8,15.863
14.1800,1803.3483,323.45,1.06166,76.7,15.863
14.1900,1792.3335,330.23,1.06818,76.7,15.863
14.2000,1792.3335,318.35,1.06818,76.7,15.863
14.2100,1801.8495,312.45,1.06254,76.8,15.863
14.2200,1801.8495,299.63,1.06254,76.7,15.863
14.2300,1797.8596,286.85,1.06490,76.7,15.863
14.2400,1797.8596,300.90,1.06490,76.6,15.863
14.2500,1797.8596,288.64,1.06490,76.6,15.863
14.2600,1784.1132,286.02,1.07310,76.7,15.863
14.2700,1781.9998,295.20,1.07437,76.7,15.863
14.2800,1768.8110,305.34,1.08239,76.7,15.863
14.2900,1756.8007,307.16,1.08979,76.7,15.863
14.3000,1756.8007,301.40,1.08979,76.7,15.863
14.3100,1756.8007,296.23,1.08979,76.7,15.863
14.3200,1769.8579,307.36,1.08175,76.7,15.863
14.3300,1770.0995,299.05,1.08160,76.7,15.863
14.3400,1770.0995,273.00,1.08160,76.6,15.863
14.3500,1770.0995,286.38,1.08160,76.6,15.863
14.3600,1770.0995,307.41,1.08160,76.6,15.863
14.3700,1770.0995,325.17,1.08160,76.5,15.863
14.3800,1766.8258,322.60,1.08360,76.5,15.863
14.3900,1764.7724,323.91,1.08486,76.5,15.863
14.4000,1764.7724,306.77,1.08486,76.5,15.863
14.4100,1774.0770,298.27,1.07917,76.6,15.863
14.4200,1774.0770,297.82,1.07917,76.5,15.863
14.4300,1777.7454,297.09,1.07695,76.5,15.863
14.4400,1783.0283,335.98,1.07375,76.5,15.863
14.4500,1783.0283,338.58,1.07375,76.5,15.863
14.4600,1783.0283,326.93,1.07375,76.5,15.863
14.4700,1783.0283,316.14,1.07375,76.4,15.863
14.4800,1772.5209,320.87,1.08012,76.4,15.863
14.4900,1772.5209,298.22,1.08012,76.4,15.863
14.5000,1772.5209,281.12,1.08012,76.4,15.863
14.5100,1772.5209,292.77,1.08012,76.3,15.863
14.5200,1759.5158,315.50,1.08810,76.3,15.863
14.5300,1768.5307,288.23,1.08256,76.3,15.863
14.5400,1768.5307,312.88,1.08256,76.3,15.863
14.5500,1768.5307,303.83,1.08256,76.3,15.863
14.5600,1768.5307,319.26,1.08256,76.2,15.863
14.5700,1759.2796,322.36,1.08825,76.2,15.863
14.5800,1759.2796,326.28,1.08825,76.2,15.863
14.5900,1761.4192,322.70,1.08693,76.2,15.863
14.6000,1761.4192,313.06,1.08693,76.2,15.863
14.6100,1761.4192,334.90,1.08693,76.1,15.863
14.6200,1764.8364,287.79,1.08482,76.1,15.863
14.6300,1764.8364,305.21,1.08482,76.1,15.863
14.6400,1760.0116,303.81,1.08780,76.1,15.863
14.6500,1760.0116,303.48,1.08780,76.1,15.863
14.6600,1760.0116,303.58,1.08780,76.0,15.863
14.6700,1752.0966,291.19,1.09271,76.0,15.863
14.6800,1755.2923,284.92,1.09072,76.1,15.863
14.6900,1740.0116,282.83,1.10030,76.1,15.863
14.7000,1740.0116,294.78,1.10030,76.1,15.863
14.7100,1740.0116,320.11,1.10030,76.0,15.863
14.7200,1744.3669,295.18,1.09755,76.0,15.863
14.7300,1753.4517,303.10,1.09187,76.1,15.863
14.7400,1758.4413,276.75,1.08877,76.1,15.863
14.7500,1758.4413,254.64,1.08877,76.1,15.863
14.7600,1752.4003,289.06,1.09252,76.1,15.863
14.7700,1745.5182,278.51,1.09683,76.1,15.863
14.7800,1745.2941,261.13,1.09697,76.1,15.863
14.7900,1754.3106,272.58,1.09133,76.2,15.863
14.8000,1754.3106,274.78,1.09133,76.2,15.863
14.8100,1754.3106,263.96,1.09133,76.1,15.863
14.8200,1753.8135,262.79,1.09164,76.1,15.863
14.8300,1764.6408,264.48,1.08494,76.1,15.863
14.8400,1764.6408,291.39,1.08494,76.1,15.863
14.8500,1764.6408,293.39,1.08494,76.1,15.863
14.8600,1760.7988,277.86,1.08731,76.1,15.863
14.8700,1768.9149,300.19,1.08232,76.1,15.863
14.8800,1770.7504,308.82,1.08120,76.1,15.863
14.8900,1761.6336,304.41,1.08680,76.2,15.863
14.9000,1761.6336,306.14,1.08680,76.2,15.863
14.9100,1756.4772,306.99,1.08999,76.2,15.863
14.9200,1765.0900,332.55,1.08467,76.2,15.863
14.9300,1776.0890,323.87,1.07795,76.2,15.863
14.9400,1774.0150,314.74,1.07921,76.2,15.863
14.9500,1774.0150,318.15,1.07921,76.2,15.863
14.9600,1759.4038,302.67,1.08817,76.3,15.863
14.9700,1748.0986,301.58,1.09521,76.3,15.863
14.9800,1758.2702,311.16,1.08887,76.3,15.863
14.9900,1759.7199,288.25,1.08798,76.3,15.863
15.0000,1759.7199,300.41,1.08798,76.3,15.863
15.0100,1755.0761,309.22,1.09086,76.3,15.863
15.0200,1755.0761,309.07,1.09086,76.3,15.863
15.0300,1755.0761,287.77,1.09086,76.2,15.863
15.0400,1739.5262,311.61,1.10061,76.2,15.863
15.0500,1739.5262,311.95,1.10061,76.2,15.863
15.0600,1739.1445,302.85,1.10085,76.2,15.863
15.0700,1736.6578,314.03,1.10243,76.3,15.863
15.0800,1732.9331,303.41,1.10479,76.3,15.863
15.0900,1732.9331,310.40,1.10479,76.2,15.863
15.1000,1732.9331,299.92,1.10479,76.2,15.863
15.1100,1747.5263,285.36,1.09557,76.2,15.863
15.1200,1757.1137,302.49,1.08959,76.3,15.863
15.1300,1768.2244,289.06,1.08274,76.3,15.863
15.1400,1771.1395,292.63,1.08096,76.3,15.863
15.1500,1771.1395,293.88,1.08096,76.3,15.863
15.1600,1773.7091,316.09,1.07940,76.3,15.863
15.1700,1773.7091,293.63,1.07940,76.3,15.863
15.1800,1788.1906,297.31,1.07065,76.3,15.863
15.1900,1788.1906,308.89,1.07065,76.2,15.863
15.2000,1788.1906,308.63,1.07065,76.2,15.863
15.2100,1789.2888,310.90,1.07000,76.2,15.863
15.2200,1773.9893,299.82,1.07923,76.3,15.863
15.2300,1766.7053,284.72,1.08368,76.3,15.863
15.2400,1777.4181,282.46,1.07714,76.3,15.863
15.2500,1777.4181,276.77,1.07714,76.3,15.863
15.2600,1768.7092,286.62,1.08245,76.3,15.863
15.2700,1757.6080,302.92,1.08928,76.3,15.863
15.2800,1757.6080,307.45,1.08928,76.3,15.863
15.2900,1752.5819,310.22,1.09241,76.3,15.863
15.3000,1752.5819,287.53,1.09241,76.3,15.863
15.3100,1760.4605,268.93,1.08752,76.3,15.863
15.3200,1760.0625,272.60,1.08777,76.3,15.863
15.3300,1768.5796,300.49,1.08253,76.3,15.863
15.3400,1768.5796,296.44,1.08253,76.3,15.863
15.3500,1768.5796,289.81,1.08253,76.3,15.863
15.3600,1769.9101,291.96,1.08171,76.3,15.863
15.3700,1767.5126,317.40,1.08318,76.3,15.863
15.3800,1768.8627,305.79,1.08235,76.3,15.863
15.3900,1777.8184,308.21,1.07690,76.4,15.863
15.4000,1777.8184,298.14,1.07690,76.4,15.863
15.4100,1777.8184,315.78,1.07690,76.3,15.863
15.4200,1764.2234,315.87,1.08520,76.3,15.863
15.4300,1764.2234,299.27,1.08520,76.3,15.863
15.4400,1753.9760,299.41,1.09154,76.3,15.863
15.4500,1753.9760,302.67,1.09154,76.3,15.863
15.4600,1761.4331,305.21,1.08692,76.3,15.863
15.4700,1748.2461,308.90,1.09512,76.3,15.863
15.4800,1748.2461,328.27,1.09512,76.3,15.863
15.4900,1748.2461,300.93,1.09512,76.2,15.863
15.5000,1748.2461,310.45,1.09512,76.2,15.863
15.5100,1748.2461,303.40,1.09512,76.1,15.863
15.5200,1748.2461,325.93,1.09512,76.1,15.863
15.5300,1748.2461,294.58,1.09512,76.0,15.863
15.5400,1748.2461,321.62,1.09512,75.9,15.863
15.5500,1748.2461,314.11,1.09512,75.9,15.863
15.5600,1760.7582,302.61,1.08734,76.0,15.863
15.5700,1755.7838,301.71,1.09042,76.0,15.863
15.5800,1755.7838,332.60,1.09042,75.9,15.863
15.5900,1755.7838,306.34,1.09042,75.9,15.863
15.6000,1755.7838,302.19,1.09042,75.9,15.863
15.6100,1756.2659,312.57,1.09012,75.9,15.863
15.6200,1759.0320,299.81,1.08840,75.9,15.863
15.6300,1767.3899,302.70,1.08326,75.9,15.863
15.6400,1764.0417,315.75,1.08531,75.9,15.863
15.6500,1764.0417,295.51,1.08531,75.9,15.863
15.6600,1768.7244,305.66,1.08244,76.0,15.863
15.6700,1768.7244,317.80,1.08244,75.9,15.863
15.6800,1765.9367,325.58,1.08415,75.9,15.863
15.6900,1765.9367,323.26,1.08415,75.9,15.863
15.7000,1765.9367,321.35,1.08415,75.9,15.863
15.7100,1762.4468,304.31,1.08629,75.9,15.863
15.7200,1771.2796,314.88,1.08088,75.9,15.863
15.7300,1758.6184,293.64,1.08866,75.9,15.863
15.7400,1744.9330,303.06,1.09720,75.9,15.863
15.7500,1744.9330,302.21,1.09720,75.9,15.863
15.7600,1741.5712,319.78,1.09931,76.0,15.863
15.7700,1745.4980,312.07,1.09684,76.0,15.863
15.7800,1745.4980,296.24,1.09684,75.9,15.863
15.7900,1755.3388,288.82,1.09069,75.9,15.863
15.8000,1755.3388,315.61,1.09069,75.9,15.863
15.8100,1755.3388,304.29,1.09069,75.9,15.863
15.8200,1748.0430,309.60,1.09524,75.9,15.863
15.8300,1748.0430,322.70,1.09524,75.8,15.863
15.8400,1737.0712,316.57,1.10216,75.8,15.863
15.8500,1737.0712,281.64,1.10216,75.8,15.863
15.8600,1741.9203,282.75,1.09909,75.9,15.863
15.8700,1741.9203,281.05,1.09909,75.8,15.863
15.8800,1732.4319,287.60,1.10511,75.8,15.863
15.8900,1718.9433,298.00,1.11379,75.8,15.863
15.9000,1718.9433,320.08,1.11379,75.8,15.863
15.9100,1718.9433,299.96,1.11379,75.8,15.863
15.9200,1718.9433,306.02,1.11379,75.7,15.863
15.9300,1718.9433,288.34,1.11379,75.7,15.863
15.9400,1725.9642,274.06,1.10926,75.7,15.863
15.9500,1725.9642,300.80,1.10926,75.7,15.863
15.9600,1725.3595,301.68,1.10964,75.7,15.863
15.9700,1725.9242,288.93,1.10928,75.7,15.863
15.9800,1721.9568,296.80,1.11184,75.7,15.863
15.9900,1716.7438,279.30,1.11521,75.8,15.863
16.0000,1716.7438,273.85,1.11521,75.8,15.863
16.0100,1716.7438,280.01,1.11521,75.7,15.863
16.0200,1708.3480,264.22,1.12069,75.7,15.863
16.0300,1696.9842,265.67,1.12820,75.7,15.863
16.0400,1703.8279,290.35,1.12367,75.8,15.863
16.0500,1703.8279,279.14,1.12367,75.8,15.863
16.0600,1714.1321,308.85,1.11691,75.8,15.863
16.0700,1708.2714,289.80,1.12074,75.8,15.863
16.0800,1708.2714,295.40,1.12074,75.7,15.863
16.0900,1694.1455,296.46,1.13009,75.8,15.863
16.1000,1694.1455,314.24,1.13009,75.8,15.863
16.1100,1709.1440,284.18,1.12017,75.8,15.863
16.1200,1705.9052,277.79,1.12230,75.8,15.863
16.1300,1705.9052,306.70,1.12230,75.7,15.863
16.1400,1704.2197,288.39,1.12341,75.8,15.863
16.1500,1704.2197,285.34,1.12341,75.8,15.863
16.1600,1704.2197,278.39,1.12341,75.7,15.863
16.1700,1704.2197,296.36,1.12341,75.6,15.863
16.1800,1704.2197,283.22,1.12341,75.6,15.863
16.1900,1699.6843,263.88,1.12641,75.6,15.863
16.2000,1699.6843,306.65,1.12641,75.6,15.863
16.2100,1700.3013,276.28,1.12600,75.6,15.863
16.2200,1700.3013,288.87,1.12600,75.6,15.863
16.2300,1700.3013,327.52,1.12600,75.5,15.863
16.2400,1694.2108,317.20,1.13005,75.5,15.863
16.2500,1694.2108,303.03,1.13005,75.5,15.863
16.2600,1694.2108,303.38,1.13005,75.5,15.863
16.2700,1704.0028,305.31,1.12355,75.5,15.863
16.2800,1700.2915,304.76,1.12600,75.5,15.863
16.2900,1701.7841,307.57,1.12502,75.5,15.863
16.3000,1701.7841,302.04,1.12502,75.5,15.863
16.3100,1709.5054,290.60,1.11994,75.5,15.863
16.3200,1721.7527,313.85,1.11197,75.6,15.863
16.3300,1727.6401,321.33,1.10818,75.6,15.863
16.3400,1737.6597,299.07,1.10179,75.6,15.863
16.3500,1737.6597,306.37,1.10179,75.6,15.863
16.3600,1737.6597,294.67,1.10179,75.5,15.863
16.3700,1740.8024,320.89,1.09980,75.6,15.863
16.3800,1744.0870,321.59,1.09773,75.6,15.863
16.3900,1745.1770,296.40,1.09704,75.6,15.863
16.4000,1745.1770,291.73,1.09704,75.6,15.863
16.4100,1735.2325,325.52,1.10333,75.6,15.863
16.4200,1742.6569,324.66,1.09863,75.6,15.863
16.4300,1747.0662,300.48,1.09586,75.6,15.863
16.4400,1754.9894,325.98,1.09091,75.7,15.863
16.4500,1754.9894,272.79,1.09091,75.7,15.863
16.4600,1758.0073,281.99,1.08904,75.7,15.863
16.4700,1758.2680,274.71,1.08888,75.7,15.863
16.4800,1756.5725,297.00,1.08993,75.7,15.863
16.4900,1740.8444,317.86,1.09977,75.7,15.863
16.5000,1740.8444,290.69,1.09977,75.7,15.863
16.5100,1752.3741,278.04,1.09254,75.8,15.863
16.5200,1752.3741,277.12,1.09254,75.7,15.863
16.5300,1759.0769,292.32,1.08837,75.7,15.863
16.5400,1753.4932,275.54,1.09184,75.7,15.863
16.5500,1753.4932,298.16,1.09184,75.7,15.863
16.5600,1756.1219,313.69,1.09021,75.8,15.863
16.5700,1745.0559,290.44,1.09712,75.8,15.863
16.5800,1754.8546,283.99,1.09099,75.8,15.863
16.5900,1755.1744,278.60,1.09079,75.8,15.863
16.6000,1755.1744,288.13,1.09079,75.8,15.863
16.6100,1755.1744,298.30,1.09079,75.8,15.863
16.6200,1755.1744,306.62,1.09079,75.7,15.863
16.6300,1755.1744,303.82,1.09079,75.6,15.863
16.6400,1744.1908,299.44,1.09766,75.7,15.863
16.6500,1744.1908,292.68,1.09766,75.7,15.863
16.6600,1744.1908,311.91,1.09766,75.6,15.863
16.6700,1736.2050,289.62,1.10271,75.6,15.863
16.6800,1745.0762,290.85,1.09711,75.6,15.863
16.6900,1746.0423,320.89,1.09650,75.7,15.863
16.7000,1746.0423,316.64,1.09650,75.7,15.863
16.7100,1746.0423,303.39,1.09650,75.6,15.863
16.7200,1752.9852,315.59,1.09216,75.6,15.863
16.7300,1743.1463,312.58,1.09832,75.6,15.863
16.7400,1741.0184,304.42,1.09966,75.7,15.863
16.7500,1741.0184,307.09,1.09966,75.7,15.863
16.7600,1733.0029,322.47,1.10475,75.7,15.863
16.7700,1739.5832,296.49,1.10057,75.7,15.863
16.7800,1724.4370,303.34,1.11024,75.7,15.863
16.7900,1730.7355,281.07,1.10620,75.7,15.863
16.8000,1730.7355,297.74,1.10620,75.7,15.863
16.8100,1719.6294,292.13,1.11334,75.7,15.863
16.8200,1719.6294,319.12,1.11334,75.7,15.863
16.8300,1715.9107,315.91,1.11575,75.7,15.863
16.8400,1702.6157,310.14,1.12447,75.7,15.863
16.8500,1702.6157,338.93,1.12447,75.7,15.863
16.8600,1700.6096,318.49,1.12579,75.7,15.863
16.8700,1700.8184,295.23,1.12566,75.8,15.863
16.8800,1697.8307,288.21,1.12764,75.8,15.863
16.8900,1697.8307,299.80,1.12764,75.7,15.863
16.9000,1697.8307,303.00,1.12764,75.7,15.863
16.9100,1697.8307,307.94,1.12764,75.7,15.863
16.9200,1710.9816,280.75,1.11897,75.7,15.863
16.9300,1710.9816,309.20,1.11897,75.6,15.863
16.9400,1710.9816,305.68,1.11897,75.6,15.863
16.9500,1710.9816,335.37,1.11897,75.6,15.863
16.9600,1719.6107,332.42,1.11335,75.6,15.863
16.9700,1729.2698,320.51,1.10713,75.6,15.863
16.9800,1727.7827,290.48,1.10809,75.6,15.863
16.9900,1724.6563,307.32,1.11010,75.6,15.863
17.0000,1724.6563,312.80,1.11010,75.6,15.863
17.0100,1731.2444,296.17,1.10587,75.7,15.863
17.0200,1722.5197,299.18,1.11147,75.7,15.863
17.0300,1719.4485,313.12,1.11346,75.7,15.863
17.0400,1719.4485,322.28,1.11346,75.6,15.863
17.0500,1719.4485,296.73,1.11346,75.6,15.863
17.0600,1732.1526,321.92,1.10529,75.7,15.863
17.0700,1718.9055,294.92,1.11381,75.7,15.863
17.0800,1718.9055,279.20,1.11381,75.6,15.863
17.0900,1703.4095,300.32,1.12394,75.6,15.863
17.1000,1703.4095,333.64,1.12394,75.6,15.863
17.1100,1696.4383,326.37,1.12856,75.7,15.863
17.1200,1696.3868,294.47,1.12860,75.7,15.863
17.1300,1710.0452,309.73,1.11958,75.7,15.863
17.1400,1710.0452,314.09,1.11958,75.6,15.863
17.1500,1710.0452,300.55,1.11958,75.6,15.863
17.1600,1708.9000,300.56,1.12033,75.7,15.863
17.1700,1701.4325,316.67,1.12525,75.7,15.863
17.1800,1691.8229,321.45,1.13164,75.7,15.863
17.1900,1691.8229,305.03,1.13164,75.6,15.863
17.2000,1691.8229,283.62,1.13164,75.6,15.863
17.2100,1678.3088,285.74,1.14075,75.7,15.863
17.2200,1663.8576,320.20,1.15066,75.7,15.863
17.2300,1663.8576,316.51,1.15066,75.6,15.863
17.2400,1674.2062,327.03,1.14355,75.6,15.863
17.2500,1674.2062,299.93,1.14355,75.6,15.863
17.2600,1687.4862,307.34,1.13455,75.7,15.863
17.2700,1673.8658,312.17,1.14378,75.7,15.863
17.2800,1668.4153,334.31,1.14752,75.7,15.863
17.2900,1653.6487,308.38,1.15776,75.7,15.863
17.3000,1653.6487,320.15,1.15776,75.7,15.863
17.3100,1642.5560,311.88,1.16558,75.7,15.863
17.3200,1657.2807,307.62,1.15523,75.7,15.863
17.3300,1651.9012,315.36,1.15899,75.8,15.863
17.3400,1655.8180,305.70,1.15625,75.8,15.863
17.3500,1655.8180,308.94,1.15625,75.8,15.863
17.3600,1668.8559,274.78,1.14721,75.8,15.863
17.3700,1668.8559,292.74,1.14721,75.7,15.863
17.3800,1658.0931,296.34,1.15466,75.8,15.863
17.3900,1658.0931,299.85,1.15466,75.7,15.863
17.4000,1658.0931,318.20,1.15466,75.7,15.863
17.4100,1658.0931,313.53,1.15466,75.6,15.863
17.4200,1658.0931,305.38,1.15466,75.6,15.863
17.4300,1658.0931,289.28,1.15466,75.5,15.863
17.4400,1660.6235,305.79,1.15290,75.6,15.863
17.4500,1660.6235,306.13,1.15290,75.6,15.863
17.4600,1674.1696,294.16,1.14357,75.6,15.863
17.4700,1679.6040,285.00,1.13987,75.6,15.863
17.4800,1679.6040,292.36,1.13987,75.5,15.863
17.4900,1676.7256,288.54,1.14183,75.6,15.863
17.5000,1676.7256,293.83,1.14183,75.6,15.863
17.5100,1670.5592,282.97,1.14604,75.6,15.863
17.5200,1664.0253,290.59,1.15054,75.6,15.863
17.5300,1649.9055,295.71,1.16039,75.6,15.863
17.5400,1642.7422,302.68,1.16545,75.6,15.863
17.5500,1642.7422,293.74,1.16545,75.6,15.863
17.5600,1652.1334,297.76,1.15883,75.6,15.863
17.5700,1652.1334,301.34,1.15883,75.6,15.863
17.5800,1652.1334,305.02,1.15883,75.5,15.863
17.5900,1652.1334,309.73,1.15883,75.5,15.863
17.6000,1652.1334,296.15,1.15883,75.5,15.863
17.6100,1651.8316,328.61,1.15904,75.5,15.863
17.6200,1651.5491,323.19,1.15924,75.5,15.863
17.6300,1651.5491,289.31,1.15924,75.5,15.863
17.6400,1658.5911,299.41,1.15431,75.5,15.863
17.6500,1658.5911,293.37,1.15431,75.5,15.863
17.6600,1672.7341,286.36,1.14455,75.5,15.863
17.6700,1658.0001,303.47,1.15473,75.5,15.863
17.6800,1658.0001,308.50,1.15473,75.5,15.863
17.6900,1658.0001,309.20,1.15473,75.4,15.863
17.7000,1658.0001,332.49,1.15473,75.4,15.863
17.7100,1660.8342,324.13,1.15276,75.4,15.863
17.7200,1660.8342,311.23,1.15276,75.4,15.863
17.7300,1665.4041,299.07,1.14959,75.4,15.863
17.7400,1668.1070,321.83,1.14773,75.4,15.863
17.7500,1668.1070,325.67,1.14773,75.4,15.863
17.7600,1668.1070,307.26,1.14773,75.4,15.863
17.7700,1671.9231,298.52,1.14511,75.4,15.863
17.7800,1671.9231,309.55,1.14511,75.3,15.863
17.7900,1666.3031,320.08,1.14897,75.3,15.863
17.8000,1666.3031,293.54,1.14897,75.3,15.863
17.8100,1653.1656,285.80,1.15810,75.4,15.863
17.8200,1644.4014,298.61,1.16427,75.4,15.863
17.8300,1645.3778,283.34,1.16358,75.4,15.863
17.8400,1641.9568,278.48,1.16601,75.4,15.863
17.8500,1641.9568,281.77,1.16601,75.4,15.863
17.8600,1641.9568,303.29,1.16601,75.4,15.863
17.8700,1654.5720,298.02,1.15712,75.4,15.863
17.8800,1654.4691,296.43,1.15719,75.4,15.863
17.8900,1663.5617,303.68,1.15087,75.4,15.863
17.9000,1663.5617,318.68,1.15087,75.4,15.863
17.9100,1663.5617,325.57,1.15087,75.3,15.863
17.9200,1673.7799,289.02,1.14384,75.4,15.863
17.9300,1674.1719,287.89,1.14357,75.4,15.863
17.9400,1667.7909,277.50,1.14795,75.4,15.863
17.9500,1667.7909,266.33,1.14795,75.4,15.863
17.9600,1665.7975,305.37,1.14932,75.4,15.863
17.9700,1666.1405,312.21,1.14908,75.4,15.863
17.9800,1655.6859,301.34,1.15634,75.5,15.863
17.9900,1648.6476,284.46,1.16128,75.5,15.863
18.0000,1648.6476,277.21,1.16128,75.5,15.863
18.0100,1660.4720,281.41,1.15301,75.5,15.863
18.0200,1660.4720,287.15,1.15301,75.4,15.863
18.0300,1660.4720,278.87,1.15301,75.4,15.863
18.0400,1670.0057,274.29,1.14642,75.4,15.863
18.0500,1670.0057,300.14,1.14642,75.4,15.863
18.0600,1669.7933,318.58,1.14657,75.4,15.863
18.0700,1664.8994,296.92,1.14994,75.4,15.863
18.0800,1664.8994,316.16,1.14994,75.4,15.863
18.0900,1663.6410,330.72,1.15081,75.4,15.863
18.1000,1663.6410,308.45,1.15081,75.4,15.863
18.1100,1664.9130,317.51,1.14993,75.4,15.863
18.1200,1655.0247,317.65,1.15680,75.4,15.863
18.1300,1653.7949,310.90,1.15766,75.4,15.863
18.1400,1653.7949,289.92,1.15766,75.4,15.863
18.1500,1653.7949,311.39,1.15766,75.4,15.863
18.1600,1653.7949,321.85,1.15766,75.3,15.863
18.1700,1653.7949,318.86,1.15766,75.3,15.863
18.1800,1653.7949,339.07,1.15766,75.2,15.863
18.1900,1655.7321,325.16,1.15631,75.3,15.863
18.2000,1655.7321,321.69,1.15631,75.3,15.863
18.2100,1655.2091,317.45,1.15667,75.3,15.863
18.2200,1647.5087,315.29,1.16208,75.3,15.863
18.2300,1658.5397,325.86,1.15435,75.3,15.863
18.2400,1658.5397,330.76,1.15435,75.3,15.863
18.2500,1658.5397,320.42,1.15435,75.3,15.863
18.2600,1655.6140,321.37,1.15639,75.3,15.863
18.2700,1663.0993,306.68,1.15119,75.3,15.863
18.2800,1663.0993,311.13,1.15119,75.2,15.863
18.2900,1663.0993,308.18,1.15119,75.2,15.863
18.3000,1663.0993,320.46,1.15119,75.2,15.863
18.3100,1673.6499,307.52,1.14393,75.2,15.863
18.3200,1673.6499,336.77,1.14393,75.2,15.863
18.3300,1668.1608,322.94,1.14769,75.2,15.863
18.3400,1657.5946,324.56,1.15501,75.2,15.863
18.3500,1657.5946,320.02,1.15501,75.2,15.863
18.3600,1652.4993,302.20,1.15857,75.2,15.863
18.3700,1664.4719,298.06,1.15024,75.2,15.863
18.3800,1667.4109,300.61,1.14821,75.2,15.863
18.3900,1667.4109,281.40,1.14821,75.2,15.863
18.4000,1667.4109,268.77,1.14821,75.2,15.863
18.4100,1668.6737,286.51,1.14734,75.2,15.863
18.4200,1662.6516,287.96,1.15150,75.2,15.863
18.4300,1668.0585,306.14,1.14776,75.2,15.863
18.4400,1659.6167,273.99,1.15360,75.3,15.863
18.4500,1659.6167,295.42,1.15360,75.3,15.863
18.4600,1671.0088,270.36,1.14574,75.3,15.863
18.4700,1655.4519,307.19,1.15650,75.3,15.863
18.4800,1649.6100,303.26,1.16060,75.3,15.863
18.4900,1659.4748,302.68,1.15370,75.3,15.863
18.5000,1659.4748,301.30,1.15370,75.3,15.863
18.5100,1659.4748,298.26,1.15370,75.3,15.863
18.5200,1652.2417,292.48,1.15875,75.3,15.863
18.5300,1645.6215,315.69,1.16341,75.3,15.863
18.5400,1645.6215,288.95,1.16341,75.3,15.863
18.5500,1645.6215,280.89,1.16341,75.3,15.863
18.5600,1641.6357,321.37,1.16624,75.3,15.863
18.5700,1645.3307,318.95,1.16362,75.3,15.863
18.5800,1644.9130,329.71,1.16391,75.3,15.863
18.5900,1639.0852,303.17,1.16805,75.3,15.863
18.6000,1639.0852,293.21,1.16805,75.3,15.863
18.6100,1649.2258,300.09,1.16087,75.3,15.863
18.6200,1649.2258,302.62,1.16087,75.3,15.863
18.6300,1652.9352,316.06,1.15826,75.3,15.863
18.6400,1658.5887,304.64,1.15432,75.3,15.863
18.6500,1658.5887,283.41,1.15432,75.3,15.863
18.6600,1658.5887,302.96,1.15432,75.3,15.863
18.6700,1658.5887,290.57,1.15432,75.2,15.863
18.6800,1659.1178,313.46,1.15395,75.2,15.863
18.6900,1659.1178,282.27,1.15395,75.2,15.863
18.7000,1659.1178,290.54,1.15395,75.2,15.863
18.7100,1674.9250,283.87,1.14306,75.2,15.863
18.7200,1674.9250,310.57,1.14306,75.2,15.863
18.7300,1689.8208,306.26,1.13298,75.2,15.863
18.7400,1689.8208,315.94,1.13298,75.1,15.863
18.7500,1689.8208,318.84,1.13298,75.1,15.863
18.7600,1689.8208,305.55,1.13298,75.1,15.863
18.7700,1689.8208,297.96,1.13298,75.0,15.863
18.7800,1700.7617,315.31,1.12569,75.0,15.863
18.7900,1695.0866,300.53,1.12946,75.0,15.863
18.8000,1695.0866,337.14,1.12946,75.0,15.863
18.8100,1695.0866,313.08,1.12946,75.0,15.863
18.8200,1695.0866,321.72,1.12946,75.0,15.863
18.8300,1695.0866,309.69,1.12946,74.9,15.863
18.8400,1701.8357,306.35,1.12498,74.9,15.863
18.8500,1701.8357,302.21,1.12498,74.9,15.863
18.8600,1698.0587,293.24,1.12748,74.9,15.863
18.8700,1701.9212,288.87,1.12493,75.0,15.863
18.8800,1703.8489,292.74,1.12365,75.0,15.863
18.8900,1712.6401,316.38,1.11789,75.0,15.863
18.9000,1712.6401,289.46,1.11789,75.0,15.863
18.9100,1697.2900,271.10,1.12800,75.0,15.863
18.9200,1698.1291,305.56,1.12744,75.0,15.863
18.9300,1698.1291,319.66,1.12744,75.0,15.863
18.9400,1694.8910,307.35,1.12959,75.0,15.863
18.9500,1694.8910,306.85,1.12959,75.0,15.863
18.9600,1694.8910,318.79,1.12959,74.9,15.863
18.9700,1690.9585,300.46,1.13222,75.0,15.863
18.9800,1690.9585,295.02,1.13222,74.9,15.863
18.9900,1690.9585,313.52,1.13222,74.9,15.863
19.0000,1690.9585,317.00,1.13222,74.9,15.863
19.0100,1690.9585,304.59,1.13222,74.8,15.863
19.0200,1695.0754,307.96,1.12947,74.8,15.863
19.0300,1695.0754,272.90,1.12947,74.8,15.863
19.0400,1698.2111,263.66,1.12738,74.8,15.863
19.0500,1698.2111,280.46,1.12738,74.8,15.863
19.0600,1698.2111,299.14,1.12738,74.7,15.863
19.0700,1690.0382,319.89,1.13284,74.8,15.863
19.0800,1679.0445,295.82,1.14025,74.8,15.863
19.0900,1680.1938,294.50,1.13947,74.8,15.863
19.1000,1680.1938,291.96,1.13947,74.8,15.863
19.1100,1689.0317,298.34,1.13351,74.8,15.863
19.1200,1689.0317,299.06,1.13351,74.8,15.863
19.1300,1696.7728,282.68,1.12834,74.8,15.863
19.1400,1691.9523,308.52,1.13155,74.8,15.863
19.1500,1691.9523,299.11,1.13155,74.8,15.863
19.1600,1691.9523,307.86,1.13155,74.7,15.863
19.1700,1691.9523,325.19,1.13155,74.7,15.863
19.1800,1691.9523,290.34,1.13155,74.6,15.863
19.1900,1706.6040,301.49,1.12184,74.7,15.863
19.2000,1706.6040,285.17,1.12184,74.7,15.863
19.2100,1711.5937,309.70,1.11857,74.7,15.863
19.2200,1706.5820,290.03,1.12185,74.7,15.863
19.2300,1717.1635,309.83,1.11494,74.7,15.863
19.2400,1716.9083,305.42,1.11511,74.7,15.863
19.2500,1716.9083,294.67,1.11511,74.7,15.863
19.2600,1715.9154,336.64,1.11575,74.7,15.863
19.2700,1719.3540,330.73,1.11352,74.8,15.863
19.2800,1719.3540,310.36,1.11352,74.7,15.863
19.2900,1719.3540,288.05,1.11352,74.7,15.863
19.3000,1719.3540,298.30,1.11352,74.7,15.863
19.3100,1719.3540,323.60,1.11352,74.6,15.863
19.3200,1727.1583,309.13,1.10849,74.6,15.863
19.3300,1721.8870,318.80,1.11188,74.6,15.863
19.3400,1721.6935,318.72,1.11201,74.7,15.863
19.3500,1721.6935,319.59,1.11201,74.7,15.863
19.3600,1730.1838,283.99,1.10655,74.7,15.863
19.3700,1741.3644,302.69,1.09945,74.7,15.863
19.3800,1744.4556,301.12,1.09750,74.7,15.863
19.3900,1744.4556,330.75,1.09750,74.7,15.863
19.4000,1744.4556,337.60,1.09750,74.7,15.863
19.4100,1740.6809,318.10,1.09988,74.7,15.863
19.4200,1740.6809,318.90,1.09988,74.6,15.863
19.4300,1733.2266,315.00,1.10461,74.6,15.863
19.4400,1739.7719,331.89,1.10045,74.7,15.863
19.4500,1739.7719,311.16,1.10045,74.7,15.863
19.4600,1751.1198,314.67,1.09332,74.7,15.863
19.4700,1739.4864,325.38,1.10063,74.7,15.863
19.4800,1738.2410,337.15,1.10142,74.7,15.863
19.4900,1724.0211,354.30,1.11051,74.7,15.863
19.5000,1724.0211,353.71,1.11051,74.7,15.863
19.5100,1719.5017,351.45,1.11342,74.7,15.863
19.5200,1728.3209,359.78,1.10774,74.8,15.863
19.5300,1717.1166,316.75,1.11497,74.8,15.863
19.5400,1712.0131,316.51,1.11829,74.8,15.863
19.5500,1712.0131,348.81,1.11829,74.8,15.863
19.5600,1712.0131,344.27,1.11829,74.7,15.863
19.5700,1718.9557,335.26,1.11378,74.8,15.863
19.5800,1718.9273,307.55,1.11380,74.8,15.863
19.5900,1718.3597,317.26,1.11416,74.8,15.863
19.6000,1718.3597,314.58,1.11416,74.8,15.863
19.6100,1727.7384,321.22,1.10812,74.8,15.863
19.6200,1727.7384,337.11,1.10812,74.8,15.863
19.6300,1727.7384,311.39,1.10812,74.7,15.863
19.6400,1727.7384,310.65,1.10812,74.7,15.863
19.6500,1727.7384,315.43,1.10812,74.7,15.863
19.6600,1727.7384,320.32,1.10812,74.6,15.863
19.6700,1741.3018,316.23,1.09948,74.6,15.863
19.6800,1745.9140,307.41,1.09658,74.7,15.863
19.6900,1746.9292,307.27,1.09594,74.7,15.863
19.7000,1746.9292,283.21,1.09594,74.7,15.863
19.7100,1752.3757,293.02,1.09254,74.7,15.863
19.7200,1752.5389,305.28,1.09244,74.7,15.863
19.7300,1760.3878,302.03,1.08756,74.7,15.863
19.7400,1760.3878,304.84,1.08756,74.7,15.863
19.7500,1760.3878,297.95,1.08756,74.7,15.863
19.7600,1747.1359,281.60,1.09581,74.7,15.863
19.7700,1753.0102,280.43,1.09214,74.7,15.863
19.7800,1754.9419,290.51,1.09094,74.7,15.863
19.7900,1747.0768,296.00,1.09585,74.7,15.863
19.8000,1747.0768,301.72,1.09585,74.7,15.863
19.8100,1739.8349,293.53,1.10041,74.7,15.863
19.8200,1755.0603,280.56,1.09087,74.8,15.863
19.8300,1759.9804,305.42,1.08782,74.8,15.863
19.8400,1755.7502,309.59,1.09044,74.8,15.863
19.8500,1755.7502,307.18,1.09044,74.8,15.863
19.8600,1742.4147,307.66,1.09878,74.8,15.863
19.8700,1742.4147,300.60,1.09878,74.8,15.863
19.8800,1742.4147,293.73,1.09878,74.7,15.863
19.8900,1750.9340,289.76,1.09344,74.7,15.863
19.9000,1750.9340,280.71,1.09344,74.7,15.863
19.9100,1744.4975,280.03,1.09747,74.7,15.863
19.9200,1736.1597,301.43,1.10274,74.8,15.863
19.9300,1743.0375,314.07,1.09839,74.8,15.863
19.9400,1743.0375,320.31,1.09839,74.7,15.863
19.9500,1743.0375,304.04,1.09839,74.7,15.863
19.9600,1749.4989,311.75,1.09433,74.7,15.863
19.9700,1753.6179,293.18,1.09176,74.8,15.863
19.9800,1765.0276,288.06,1.08471,74.8,15.863
19.9900,1754.2548,303.40,1.09137,74.8,15.863
20.0000,1754.2548,308.67,1.09137,74.8,15.863
20.0100,1744.6528,298.88,1.09737,74.8,15.863
20.0200,1745.8437,287.79,1.09662,74.8,15.863
20.0300,1743.6732,293.14,1.09799,74.8,15.863
20.0400,1740.3728,290.22,1.10007,74.9,15.863
20.0500,1740.3728,295.19,1.10007,74.9,15.863
20.0600,1729.4192,285.27,1.10704,74.9,15.863
20.0700,1740.9380,288.08,1.09971,74.9,15.863
20.0800,1729.6081,304.65,1.10692,74.9,15.863
20.0900,1732.8557,308.52,1.10484,74.9,15.863
20.1000,1732.8557,290.78,1.10484,74.9,15.863
20.1100,1735.9954,283.93,1.10285,74.9,15.863
20.1200,1731.8119,263.21,1.10551,75.0,15.863
20.1300,1742.2652,242.52,1.09888,75.0,15.863
20.1400,1749.5843,273.48,1.09428,75.0,15.863
20.1500,1749.5843,276.11,1.09428,75.0,15.863
20.1600,1749.5843,270.28,1.09428,74.9,15.863
20.1700,1759.6801,284.80,1.08800,75.0,15.863
20.1800,1759.6801,285.07,1.08800,74.9,15.863
20.1900,1764.7287,303.72,1.08489,74.9,15.863
20.2000,1764.7287,270.03,1.08489,74.9,15.863
20.2100,1779.3244,271.30,1.07599,74.9,15.863
20.2200,1772.3299,277.75,1.08024,75.0,15.863
20.2300,1772.3299,262.00,1.08024,74.9,15.863
20.2400,1784.3511,294.10,1.07296,74.9,15.863
20.2500,1784.3511,296.19,1.07296,74.9,15.863
20.2600,1784.3511,297.10,1.07296,74.9,15.863
20.2700,1780.2861,287.51,1.07541,74.9,15.863
20.2800,1764.6404,300.24,1.08494,74.9,15.863
20.2900,1762.7163,325.89,1.08613,74.9,15.863
20.3000,1762.7163,300.10,1.08613,74.9,15.863
20.3100,1768.7156,296.31,1.08244,74.9,15.863
20.3200,1773.9884,297.26,1.07923,75.0,15.863
20.3300,1773.9884,299.12,1.07923,74.9,15.863
20.3400,1773.9884,302.04,1.07923,74.9,15.863
20.3500,1773.9884,281.42,1.07923,74.9,15.863
20.3600,1781.0689,275.69,1.07494,74.9,15.863
20.3700,1781.0689,302.82,1.07494,74.8,15.863
20.3800,1787.5050,277.94,1.07107,74.8,15.863
20.3900,1801.1543,273.14,1.06295,74.9,15.863
20.4000,1801.1543,261.15,1.06295,74.9,15.863
20.4100,1788.2179,302.86,1.07064,74.9,15.863
20.4200,1789.1878,292.30,1.07006,74.9,15.863
20.4300,1796.3626,293.64,1.06578,74.9,15.863
20.4400,1796.3626,292.65,1.06578,74.9,15.863
20.4500,1796.3626,275.05,1.06578,74.9,15.863
20.4600,1794.2095,298.89,1.06706,74.9,15.863
20.4700,1809.8098,273.73,1.05787,74.9,15.863
20.4800,1809.8098,255.24,1.05787,74.8,15.863
20.4900,1809.8098,281.94,1.05787,74.8,15.863
20.5000,1809.8098,290.49,1.05787,74.8,15.863
20.5100,1809.8098,286.03,1.05787,74.8,15.863
20.5200,1812.0130,290.22,1.05658,74.8,15.863
20.5300,1796.3435,302.85,1.06580,74.8,15.863
20.5400,1800.0835,312.58,1.06358,74.8,15.863
20.5500,1800.0835,327.64,1.06358,74.8,15.863
20.5600,1800.0835,280.17,1.06358,74.8,15.863
20.5700,1801.1144,261.34,1.06297,74.8,15.863
20.5800,1813.3360,317.38,1.05581,74.8,15.863
20.5900,1810.1372,321.03,1.05767,74.8,15.863
20.6000,1810.1372,320.91,1.05767,74.8,15.863
20.6100,1810.1372,304.94,1.05767,74.8,15.863
20.6200,1812.0059,292.92,1.05658,74.8,15.863
20.6300,1797.2877,298.07,1.06524,74.8,15.863
20.6400,1790.9362,273.63,1.06901,74.8,15.863
20.6500,1790.9362,291.98,1.06901,74.8,15.863
20.6600,1791.8163,286.81,1.06849,74.8,15.863
20.6700,1779.9558,271.97,1.07561,74.8,15.863
20.6800,1794.8157,312.88,1.06670,74.8,15.863
20.6900,1788.9892,308.56,1.07018,74.9,15.863
20.7000,1788.9892,301.43,1.07018,74.9,15.863
20.7100,1798.9281,298.66,1.06426,74.9,15.863
20.7200,1812.7114,303.92,1.05617,74.9,15.863
20.7300,1813.6043,304.51,1.05565,74.9,15.863
20.7400,1813.6043,284.91,1.05565,74.9,15.863
20.7500,1813.6043,266.52,1.05565,74.9,15.863
20.7600,1813.6043,303.19,1.05565,74.8,15.863
20.7700,1802.9262,298.34,1.06190,74.8,15.863
20.7800,1807.4843,322.74,1.05923,74.8,15.863
20.7900,1807.4843,302.68,1.05923,74.8,15.863
20.8000,1807.4843,312.13,1.05923,74.8,15.863
20.8100,1802.1610,295.92,1.06236,74.8,15.863
20.8200,1801.6030,316.82,1.06268,74.8,15.863
20.8300,1786.7355,317.24,1.07153,74.8,15.863
20.8400,1799.8280,302.60,1.06373,74.9,15.863
20.8500,1799.8280,285.87,1.06373,74.9,15.863
20.8600,1799.8280,311.04,1.06373,74.8,15.863
20.8700,1799.8280,327.31,1.06373,74.8,15.863
20.8800,1799.8280,334.44,1.06373,74.7,15.863
20.8900,1811.4838,340.95,1.05689,74.7,15.863
20.9000,1811.4838,329.05,1.05689,74.7,15.863
20.9100,1808.7937,307.18,1.05846,74.8,15.863
20.9200,1808.7937,299.58,1.05846,74.7,15.863
20.9300,1811.2129,294.66,1.05705,74.7,15.863
20.9400,1801.8915,293.02,1.06251,74.7,15.863
20.9500,1801.8915,306.70,1.06251,74.7,15.863
20.9600,1803.6426,302.97,1.06148,74.8,15.863
20.9700,1796.2035,313.83,1.06588,74.8,15.863
20.9800,1800.2908,350.69,1.06346,74.8,15.863
20.9900,1807.4903,321.93,1.05922,74.8,15.863
21.0000,1807.4903,315.60,1.05922,74.8,15.863
21.0100,1801.0375,298.83,1.06302,74.8,15.863
21.0200,1797.9661,304.57,1.06483,74.8,15.863
21.0300,1810.0471,317.01,1.05773,74.9,15.863
21.0400,1796.8240,294.53,1.06551,74.9,15.863
21.0500,1796.8240,335.26,1.06551,74.9,15.863
21.0600,1795.6170,323.19,1.06623,74.9,15.863
21.0700,1795.6170,319.28,1.06623,74.8,15.863
21.0800,1790.1232,304.77,1.06950,74.9,15.863
21.0900,1790.1232,314.82,1.06950,74.8,15.863
21.1000,1790.1232,316.31,1.06950,74.8,15.863
21.1100,1786.6281,296.02,1.07159,74.8,15.863
21.1200,1801.2025,324.87,1.06292,74.8,15.863
21.1300,1801.2025,312.36,1.06292,74.8,15.863
21.1400,1801.2025,314.04,1.06292,74.7,15.863
21.1500,1801.2025,330.48,1.06292,74.7,15.863
21.1600,1801.2025,323.80,1.06292,74.7,15.863
21.1700,1801.2025,299.38,1.06292,74.7,15.863
21.1800,1801.2025,313.70,1.06292,74.6,15.863
21.1900,1816.5808,305.24,1.05392,74.6,15.863
21.2000,1816.5808,324.16,1.05392,74.6,15.863
21.2100,1817.6151,318.64,1.05332,74.6,15.863
21.2200,1828.8139,309.83,1.04687,74.7,15.863
21.2300,1836.2408,315.17,1.04264,74.7,15.863
21.2400,1823.2597,324.62,1.05006,74.7,15.863
21.2500,1823.2597,305.87,1.05006,74.7,15.863
21.2600,1833.6963,290.44,1.04409,74.7,15.863
21.2700,1833.6963,278.30,1.04409,74.7,15.863
21.2800,1824.6600,307.58,1.04926,74.7,15.863
21.2900,1810.1452,298.80,1.05767,74.7,15.863
21.3000,1810.1452,288.37,1.05767,74.7,15.863
21.3100,1809.4163,270.54,1.05810,74.7,15.863
21.3200,1803.6018,292.09,1.06151,74.7,15.863
21.3300,1803.6018,302.22,1.06151,74.7,15.863
21.3400,1792.9609,297.08,1.06781,74.7,15.863
21.3500,1792.9609,313.79,1.06781,74.7,15.863
21.3600,1795.2144,308.77,1.06647,74.7,15.863
21.3700,1794.5016,264.30,1.06689,74.7,15.863
21.3800,1802.9428,300.98,1.06189,74.7,15.863
21.3900,1802.9428,327.12,1.06189,74.7,15.863
21.4000,1802.9428,321.14,1.06189,74.7,15.863
21.4100,1796.5423,296.67,1.06568,74.7,15.863
21.4200,1796.5423,303.46,1.06568,74.7,15.863
21.4300,1796.5423,275.45,1.06568,74.6,15.863
21.4400,1807.2955,277.66,1.05934,74.6,15.863
21.4500,1807.2955,288.59,1.05934,74.6,15.863
21.4600,1810.2847,303.67,1.05759,74.7,15.863
21.4700,1810.2847,284.73,1.05759,74.6,15.863
21.4800,1804.6742,300.35,1.06088,74.6,15.863
21.4900,1799.5835,295.29,1.06388,74.6,15.863
21.5000,1799.5835,297.07,1.06388,74.6,15.863
21.5100,1798.8885,292.04,1.06429,74.7,15.863
21.5200,1798.8885,273.60,1.06429,74.6,15.863
21.5300,1792.2015,328.19,1.06826,74.6,15.863
21.5400,1796.3048,314.42,1.06582,74.6,15.863
21.5500,1796.3048,298.50,1.06582,74.6,15.863
21.5600,1796.3048,306.30,1.06582,74.6,15.863
21.5700,1811.5820,300.06,1.05683,74.6,15.863
21.5800,1797.3590,271.15,1.06519,74.6,15.863
21.5900,1810.4160,295.44,1.05751,74.6,15.863
21.6000,1810.4160,297.76,1.05751,74.6,15.863
21.6100,1817.4561,303.11,1.05341,74.7,15.863
21.6200,1817.4561,323.27,1.05341,74.6,15.863
21.6300,1817.4561,316.32,1.05341,74.6,15.863
21.6400,1818.3531,317.51,1.05290,74.6,15.863
21.6500,1818.3531,322.59,1.05290,74.6,15.863
21.6600,1812.0838,344.01,1.05654,74.6,15.863
21.6700,1815.6943,316.43,1.05444,74.6,15.863
21.6800,1815.6943,308.57,1.05444,74.6,15.863
21.6900,1815.6943,300.75,1.05444,74.5,15.863
21.7000,1815.6943,285.24,1.05444,74.5,15.863
21.7100,1806.4362,300.92,1.05984,74.5,15.863
21.7200,1802.0306,291.98,1.06243,74.6,15.863
21.7300,1813.0108,300.04,1.05600,74.6,15.863
21.7400,1798.9870,312.49,1.06423,74.6,15.863
21.7500,1798.9870,302.23,1.06423,74.6,15.863
21.7600,1801.4722,312.82,1.06276,74.6,15.863
21.7700,1786.0616,315.91,1.07193,74.6,15.863
21.7800,1784.6278,300.70,1.07279,74.6,15.863
21.7900,1772.6120,302.18,1.08006,74.6,15.863
21.8000,1772.6120,322.40,1.08006,74.6,15.863
21.8100,1770.6309,312.67,1.08127,74.7,15.863
21.8200,1770.6309,320.06,1.08127,74.6,15.863
21.8300,1770.6309,311.47,1.08127,74.6,15.863
21.8400,1766.2622,328.98,1.08395,74.6,15.863
21.8500,1766.2622,354.77,1.08395,74.6,15.863
21.8600,1766.2622,347.36,1.08395,74.5,15.863
21.8700,1766.2622,336.77,1.08395,74.5,15.863
21.8800,1765.9768,309.91,1.08412,74.5,15.863
21.8900,1772.9128,322.88,1.07988,74.5,15.863
21.9000,1772.9128,328.70,1.07988,74.5,15.863
21.9100,1774.0433,317.70,1.07919,74.5,15.863
21.9200,1759.7969,334.24,1.08793,74.6,15.863
21.9300,1751.2943,296.56,1.09321,74.6,15.863
21.9400,1740.6096,295.96,1.09992,74.6,15.863
21.9500,1740.6096,303.73,1.09992,74.6,15.863
21.9600,1740.6096,324.27,1.09992,74.5,15.863
21.9700,1740.6096,330.33,1.09992,74.5,15.863
21.9800,1743.7898,339.04,1.09792,74.5,15.863
21.9900,1741.2135,325.93,1.09954,74.5,15.863
22.0000,1741.2135,336.53,1.09954,74.5,15.863
22.0100,1741.2135,297.11,1.09954,74.5,15.863
22.0200,1732.7238,310.92,1.10493,74.5,15.863
22.0300,1721.8594,291.11,1.11190,74.5,15.863
22.0400,1721.5441,294.21,1.11210,74.5,15.863
22.0500,1721.5441,283.71,1.11210,74.5,15.863
22.0600,1716.6261,305.90,1.11529,74.5,15.863
22.0700,1718.3388,286.53,1.11418,74.6,15.863
22.0800,1718.3388,293.25,1.11418,74.5,15.863
22.0900,1718.3388,272.08,1.11418,74.5,15.863
22.1000,1718.3388,266.68,1.11418,74.5,15.863
22.1100,1733.1686,299.32,1.10464,74.5,15.863
22.1200,1737.5325,291.72,1.10187,74.5,15.863
22.1300,1753.2857,294.98,1.09197,74.5,15.863
22.1400,1750.0105,274.21,1.09401,74.5,15.863
22.1500,1750.0105,259.27,1.09401,74.5,15.863
22.1600,1745.9930,307.03,1.09653,74.5,15.863
22.1700,1733.3648,283.82,1.10452,74.6,15.863
22.1800,1737.9227,315.85,1.10162,74.6,15.863
22.1900,1739.8696,317.87,1.10039,74.6,15.863
22.2000,1739.8696,303.37,1.10039,74.6,15.863
22.2100,1739.8696,288.39,1.10039,74.5,15.863
22.2200,1739.8696,286.52,1.10039,74.5,15.863
22.2300,1736.0180,300.17,1.10283,74.5,15.863
22.2400,1734.6656,312.78,1.10369,74.5,15.863
22.2500,1734.6656,291.66,1.10369,74.5,15.863
22.2600,1734.6656,305.32,1.10369,74.5,15.863
22.2700,1741.1562,281.98,1.09958,74.5,15.863
22.2800,1737.8953,290.24,1.10164,74.5,15.863
22.2900,1737.8953,289.44,1.10164,74.5,15.863
22.3000,1737.8953,297.06,1.10164,74.5,15.863
22.3100,1737.8953,302.70,1.10164,74.4,15.863
22.3200,1737.8953,323.50,1.10164,74.4,15.863
22.3300,1742.7262,303.66,1.09859,74.4,15.863
22.3400,1744.0752,288.22,1.09774,74.4,15.863
22.3500,1744.0752,289.12,1.09774,74.4,15.863
22.3600,1752.9926,304.10,1.09215,74.4,15.863
22.3700,1765.7189,287.20,1.08428,74.5,15.863
22.3800,1766.1305,283.05,1.08403,74.5,15.863
22.3900,1766.1305,308.29,1.08403,74.4,15.863
22.4000,1766.1305,292.44,1.08403,74.4,15.863
22.4100,1758.0062,267.49,1.08904,74.4,15.863
22.4200,1753.9826,302.31,1.09154,74.5,15.863
22.4300,1753.9826,292.54,1.09154,74.4,15.863
22.4400,1755.0133,285.23,1.09089,74.4,15.863
22.4500,1755.0133,288.09,1.09089,74.4,15.863
22.4600,1759.7919,301.95,1.08793,74.4,15.863
22.4700,1759.7919,283.98,1.08793,74.4,15.863
22.4800,1746.3057,272.63,1.09633,74.4,15.863
22.4900,1746.3057,271.78,1.09633,74.4,15.863
22.5000,1746.3057,285.95,1.09633,74.4,15.863
22.5100,1746.3057,285.90,1.09633,74.3,15.863
22.5200,1746.3057,289.18,1.09633,74.3,15.863
22.5300,1746.3057,314.25,1.09633,74.3,15.863
22.5400,1759.8873,294.52,1.08787,74.3,15.863
22.5500,1759.8873,308.59,1.08787,74.3,15.863
22.5600,1759.8873,313.26,1.08787,74.2,15.863
22.5700,1752.8362,282.72,1.09225,74.2,15.863
22.5800,1755.3702,274.82,1.09067,74.3,15.863
22.5900,1759.7450,294.18,1.08796,74.3,15.863
22.6000,1759.7450,301.42,1.08796,74.3,15.863
22.6100,1772.1607,312.53,1.08034,74.3,15.863
22.6200,1780.1525,324.48,1.07549,74.3,15.863
22.6300,1765.1464,309.73,1.08463,74.3,15.863
22.6400,1765.1464,300.20,1.08463,74.3,15.863
22.6500,1765.1464,309.65,1.08463,74.3,15.863
22.6600,1763.5414,294.49,1.08562,74.3,15.863
22.6700,1763.5414,294.62,1.08562,74.2,15.863
22.6800,1758.9931,292.68,1.08843,74.3,15.863
22.6900,1754.0411,323.42,1.09150,74.3,15.863
22.7000,1754.0411,321.28,1.09150,74.3,15.863
22.7100,1761.4882,290.62,1.08689,74.3,15.863
22.7200,1761.4882,289.58,1.08689,74.2,15.863
22.7300,1762.5770,297.13,1.08621,74.3,15.863
22.7400,1769.0932,304.93,1.08221,74.3,15.863
22.7500,1769.0932,293.61,1.08221,74.3,15.863
22.7600,1769.0932,303.97,1.08221,74.2,15.863
22.7700,1777.4733,288.62,1.07711,74.2,15.863
22.7800,1784.2134,313.53,1.07304,74.3,15.863
22.7900,1796.5465,300.51,1.06568,74.3,15.863
22.8000,1796.5465,284.52,1.06568,74.3,15.863
22.8100,1796.5465,298.12,1.06568,74.2,15.863
22.8200,1790.1916,314.37,1.06946,74.2,15.863
22.8300,1788.6613,299.17,1.07037,74.3,15.863
22.8400,1788.6613,306.57,1.07037,74.2,15.863
22.8500,1788.6613,307.50,1.07037,74.2,15.863
22.8600,1797.6125,311.13,1.06504,74.2,15.863
22.8700,1791.7398,284.71,1.06853,74.2,15.863
22.8800,1792.8794,298.88,1.06785,74.3,15.863
22.8900,1792.8794,287.57,1.06785,74.2,15.863
22.9000,1792.8794,290.78,1.06785,74.2,15.863
22.9100,1784.6187,283.85,1.07280,74.2,15.863
22.9200,1784.6187,294.82,1.07280,74.2,15.863
22.9300,1781.4816,299.42,1.07469,74.2,15.863
22.9400,1781.4816,300.55,1.07469,74.2,15.863
22.9500,1781.4816,277.10,1.07469,74.2,15.863
22.9600,1789.0678,279.39,1.07013,74.2,15.863
22.9700,1794.2187,278.48,1.06706,74.2,15.863
22.9800,1792.5463,282.83,1.06805,74.2,15.863
22.9900,1808.0630,271.06,1.05889,74.2,15.863
23.0000,1808.0630,257.87,1.05889,74.2,15.863
23.0100,1808.0630,276.91,1.05889,74.2,15.863
23.0200,1800.6085,292.46,1.06327,74.2,15.863
23.0300,1793.7263,292.33,1.06735,74.2,15.863
23.0400,1793.7263,288.67,1.06735,74.2,15.863
23.0500,1793.7263,273.64,1.06735,74.2,15.863
23.0600,1799.0692,283.56,1.06418,74.2,15.863
23.0700,1802.6964,300.84,1.06204,74.2,15.863
23.0800,1811.6929,274.17,1.05677,74.2,15.863
23.0900,1800.7471,305.99,1.06319,74.2,15.863
23.1000,1800.7471,307.60,1.06319,74.2,15.863
23.1100,1800.7471,326.55,1.06319,74.2,15.863
23.1200,1793.4626,304.32,1.06751,74.2,15.863
23.1300,1793.4626,309.49,1.06751,74.2,15.863
23.1400,1789.5877,291.64,1.06982,74.2,15.863
23.1500,1789.5877,312.67,1.06982,74.2,15.863
23.1600,1789.5877,307.93,1.06982,74.1,15.863
23.1700,1789.5877,287.80,1.06982,74.1,15.863
23.1800,1788.6920,286.98,1.07035,74.1,15.863
23.1900,1801.3207,282.63,1.06285,74.1,15.863
23.2000,1801.3207,289.98,1.06285,74.1,15.863
23.2100,1789.5374,284.16,1.06985,74.1,15.863
23.2200,1774.9590,299.44,1.07864,74.2,15.863
23.2300,1778.4047,306.38,1.07655,74.2,15.863
23.2400,1787.5042,312.70,1.07107,74.2,15.863
23.2500,1787.5042,296.79,1.07107,74.2,15.863
23.2600,1799.8015,302.45,1.06375,74.2,15.863
23.2700,1806.5389,293.84,1.05978,74.2,15.863
23.2800,1820.9153,312.04,1.05141,74.2,15.863
23.2900,1820.9153,307.44,1.05141,74.2,15.863
23.3000,1820.9153,301.88,1.05141,74.2,15.863
23.3100,1821.9926,308.74,1.05079,74.2,15.863
23.3200,1823.5443,313.08,1.04990,74.2,15.863
23.3300,1830.2999,282.93,1.04602,74.2,15.863
23.3400,1830.2999,286.07,1.04602,74.2,15.863
23.3500,1830.2999,294.10,1.04602,74.2,15.863
23.3600,1823.6942,312.51,1.04981,74.2,15.863
23.3700,1823.6942,311.40,1.04981,74.2,15.863
23.3800,1812.4232,305.97,1.05634,74.2,15.863
23.3900,1812.4232,281.89,1.05634,74.1,15.863
23.4000,1812.4232,301.51,1.05634,74.1,15.863
23.4100,1812.4232,303.56,1.05634,74.1,15.863
23.4200,1826.6886,298.58,1.04809,74.1,15.863
23.4300,1826.6886,301.51,1.04809,74.1,15.863
23.4400,1841.8626,284.98,1.03946,74.1,15.863
23.4500,1841.8626,300.74,1.03946,74.1,15.863
23.4600,1830.8040,313.04,1.04573,74.1,15.863
23.4700,1842.2792,309.62,1.03922,74.1,15.863
23.4800,1842.2792,306.48,1.03922,74.1,15.863
23.4900,1842.2792,300.59,1.03922,74.0,15.863
23.5000,1842.2792,298.26,1.03922,74.0,15.863
23.5100,1842.2792,287.07,1.03922,74.0,15.863
23.5200,1842.2792,264.27,1.03922,74.0,15.863
23.5300,1842.2792,302.26,1.03922,73.9,15.863
23.5400,1848.6003,280.53,1.03567,73.9,15.863
23.5500,1848.6003,299.51,1.03567,73.9,15.863
23.5600,1848.6003,289.57,1.03567,73.9,15.863
23.5700,1849.8225,297.11,1.03498,73.9,15.863
23.5800,1839.0955,296.28,1.04102,73.9,15.863
23.5900,1851.9142,278.13,1.03381,73.9,15.863
23.6000,1851.9142,301.00,1.03381,73.9,15.863
23.6100,1851.9142,289.68,1.03381,73.9,15.863
23.6200,1849.2260,282.98,1.03532,73.9,15.863
23.6300,1844.5181,286.06,1.03796,73.9,15.863
23.6400,1832.8741,296.31,1.04455,73.9,15.863
23.6500,1832.8741,293.46,1.04455,73.9,15.863
23.6600,1817.5494,281.28,1.05336,73.9,15.863
23.6700,1832.1257,294.70,1.04498,74.0,15.863
23.6800,1818.5709,298.25,1.05277,74.0,15.863
23.6900,1820.8840,285.25,1.05143,74.0,15.863
23.7000,1820.8840,292.77,1.05143,74.0,15.863
23.7100,1820.8840,282.57,1.05143,73.9,15.863
23.7200,1814.7493,295.77,1.05499,74.0,15.863
23.7300,1815.8307,312.23,1.05436,74.0,15.863
23.7400,1816.4922,308.26,1.05397,74.0,15.863
23.7500,1816.4922,302.97,1.05397,74.0,15.863
23.7600,1818.5826,305.90,1.05276,74.0,15.863
23.7700,1817.3208,315.87,1.05349,74.0,15.863
23.7800,1821.4358,304.23,1.05111,74.0,15.863
23.7900,1821.4358,293.05,1.05111,74.0,15.863
23.8000,1821.4358,295.56,1.05111,74.0,15.863
23.8100,1821.4358,302.51,1.05111,73.9,15.863
23.8200,1810.7492,311.82,1.05732,74.0,15.863
23.8300,1807.6003,330.53,1.05916,74.0,15.863
23.8400,1817.8372,310.85,1.05319,74.0,15.863
23.8500,1817.8372,301.12,1.05319,74.0,15.863
23.8600,1817.8372,313.23,1.05319,74.0,15.863
23.8700,1816.9261,325.10,1.05372,74.0,15.863
23.8800,1820.3712,307.71,1.05173,74.0,15.863
23.8900,1832.5089,294.46,1.04476,74.0,15.863
23.9000,1832.5089,315.38,1.04476,74.0,15.863
23.9100,1832.5089,299.78,1.04476,74.0,15.863
23.9200,1832.5089,293.08,1.04476,73.9,15.863
23.9300,1832.5089,290.42,1.04476,73.9,15.863
23.9400,1828.2895,310.85,1.04717,73.9,15.863
23.9500,1828.2895,313.47,1.04717,73.9,15.863
23.9600,1824.8975,282.43,1.04912,73.9,15.863
23.9700,1811.4752,284.67,1.05689,73.9,15.863
23.9800,1797.6912,285.88,1.06500,73.9,15.863
23.9900,1797.6912,298.48,1.06500,73.9,15.863
24.0000,1797.6912,325.39,1.06500,73.9,15.863
24.0100,1800.0734,283.26,1.06359,73.9,15.863
24.0200,1791.6015,290.75,1.06862,73.9,15.863
24.0300,1803.4733,299.14,1.06158,73.9,15.863
24.0400,1796.3865,302.37,1.06577,73.9,15.863
24.0500,1796.3865,306.82,1.06577,73.9,15.863
24.0600,1782.5241,287.76,1.07406,74.0,15.863
24.0700,1770.8329,288.41,1.08115,74.0,15.863
24.0800,1767.8522,275.52,1.08297,74.0,15.863
24.0900,1767.8522,268.30,1.08297,73.9,15.863
24.1000,1767.8522,296.75,1.08297,73.9,15.863
24.1100,1767.0633,312.09,1.08346,74.0,15.863
24.1200,1766.8499,288.60,1.08359,74.0,15.863
24.1300,1766.8499,317.80,1.08359,73.9,15.863
24.1400,1766.8499,325.95,1.08359,73.9,15.863
24.1500,1766.8499,300.61,1.08359,73.9,15.863
24.1600,1761.3527,316.02,1.08697,73.9,15.863
24.1700,1761.3527,304.01,1.08697,73.9,15.863
24.1800,1762.4872,296.88,1.08627,73.9,15.863
24.1900,1762.4872,318.60,1.08627,73.9,15.863
24.2000,1762.4872,327.50,1.08627,73.9,15.863
24.2100,1772.4338,336.28,1.08017,73.9,15.863
24.2200,1784.8867,363.87,1.07264,73.9,15.863
24.2300,1783.3714,359.52,1.07355,73.9,15.863
24.2400,1771.2495,336.76,1.08090,73.9,15.863
24.2500,1771.2495,342.74,1.08090,73.9,15.863
24.2600,1784.1524,317.96,1.07308,73.9,15.863
24.2700,1777.0208,352.94,1.07738,73.9,15.863
24.2800,1763.4042,339.68,1.08570,73.9,15.863
24.2900,1777.4914,337.59,1.07710,74.0,15.863
24.3000,1777.4914,350.11,1.07710,74.0,15.863
24.3100,1777.4914,309.30,1.07710,73.9,15.863
24.3200,1787.8051,311.55,1.07089,73.9,15.863
24.3300,1791.0729,286.38,1.06893,73.9,15.863
24.3400,1794.8582,287.29,1.06668,74.0,15.863
24.3500,1794.8582,318.35,1.06668,74.0,15.863
24.3600,1801.7584,285.43,1.06259,74.0,15.863
24.3700,1801.7584,303.21,1.06259,73.9,15.863
24.3800,1807.5306,323.01,1.05920,73.9,15.863
24.3900,1793.6973,327.25,1.06737,74.0,15.863
24.4000,1793.6973,318.11,1.06737,74.0,15.863
24.4100,1784.5534,301.98,1.07284,74.0,15.863
24.4200,1785.0434,296.30,1.07254,74.0,15.863
24.4300,1787.0195,294.46,1.07136,74.0,15.863
24.4400,1780.3449,280.51,1.07537,74.0,15.863
24.4500,1780.3449,277.84,1.07537,74.0,15.863
24.4600,1779.8186,301.15,1.07569,74.0,15.863
24.4700,1764.9379,283.25,1.08476,74.0,15.863
24.4800,1764.9379,289.47,1.08476,74.0,15.863
24.4900,1764.9379,285.53,1.08476,74.0,15.863
24.5000,1764.9379,320.71,1.08476,74.0,15.863
24.5100,1764.9379,324.00,1.08476,73.9,15.863
24.5200,1759.3192,315.66,1.08822,73.9,15.863
24.5300,1759.3192,327.59,1.08822,73.9,15.863
24.5400,1754.6945,327.80,1.09109,73.9,15.863
24.5500,1754.6945,328.40,1.09109,73.9,15.863
24.5600,1752.4058,303.50,1.09252,73.9,15.863
24.5700,1745.7251,351.29,1.09670,73.9,15.863
24.5800,1750.8882,302.23,1.09347,74.0,15.863
24.5900,1765.9263,308.93,1.08415,74.0,15.863
24.6000,1765.9263,305.36,1.08415,74.0,15.863
24.6100,1761.2353,291.53,1.08704,74.0,15.863
24.6200,1756.5269,316.15,1.08995,74.0,15.863
24.6300,1742.4292,317.27,1.09877,74.0,15.863
24.6400,1739.2064,298.36,1.10081,74.0,15.863
24.6500,1739.2064,296.43,1.10081,74.0,15.863
24.6600,1751.3231,279.69,1.09319,74.0,15.863
24.6700,1764.6033,300.17,1.08497,74.0,15.863
24.6800,1767.5147,295.87,1.08318,74.1,15.863
24.6900,1774.8979,280.49,1.07867,74.1,15.863
24.7000,1774.8979,311.36,1.07867,74.1,15.863
24.7100,1778.0756,330.00,1.07675,74.1,15.863
24.7200,1783.0817,327.91,1.07372,74.1,15.863
24.7300,1786.2396,335.55,1.07182,74.1,15.863
24.7400,1781.1139,316.90,1.07491,74.1,15.863
24.7500,1781.1139,328.11,1.07491,74.1,15.863
24.7600,1781.1139,313.00,1.07491,74.1,15.863
24.7700,1776.2709,325.37,1.07784,74.1,15.863
24.7800,1774.4370,313.34,1.07895,74.1,15.863
24.7900,1777.6877,302.10,1.07698,74.1,15.863
24.8000,1777.6877,291.46,1.07698,74.1,15.863
24.8100,1770.3939,313.63,1.08142,74.1,15.863
24.8200,1771.3925,334.76,1.08081,74.2,15.863
24.8300,1768.9106,306.86,1.08232,74.2,15.863
24.8400,1768.9106,321.15,1.08232,74.1,15.863
24.8500,1768.9106,316.54,1.08232,74.1,15.863
24.8600,1754.8085,297.89,1.09102,74.1,15.863
24.8700,1766.0500,300.90,1.08408,74.2,15.863
24.8800,1776.9648,308.17,1.07742,74.2,15.863
24.8900,1775.0353,342.05,1.07859,74.2,15.863
24.9000,1775.0353,339.85,1.07859,74.2,15.863
24.9100,1775.0353,301.10,1.07859,74.1,15.863
24.9200,1774.7421,306.59,1.07877,74.2,15.863
24.9300,1789.8862,345.56,1.06964,74.2,15.863
24.9400,1789.8862,311.61,1.06964,74.1,15.863
24.9500,1789.8862,280.40,1.06964,74.1,15.863
24.9600,1789.8862,311.42,1.06964,74.1,15.863
24.9700,1792.8773,340.73,1.06786,74.1,15.863
24.9800,1781.7510,349.94,1.07452,74.1,15.863
24.9900,1781.7510,315.46,1.07452,74.1,15.863
25.0000,1781.7510,307.10,1.07452,74.1,15.863
25.0100,1781.7510,307.65,1.07452,74.1,15.863
25.0200,1786.0082,321.87,1.07196,74.1,15.863
25.0300,1781.2987,317.14,1.07480,74.1,15.863
25.0400,1781.2987,295.87,1.07480,74.0,15.863
25.0500,1781.2987,334.44,1.07480,74.0,15.863
25.0600,1781.2987,302.21,1.07480,74.0,15.863
25.0700,1791.9031,302.32,1.06844,74.0,15.863
25.0800,1807.0443,300.70,1.05948,74.0,15.863
25.0900,1811.6414,326.27,1.05680,74.0,15.863
25.1000,1811.6414,315.99,1.05680,74.0,15.863
25.1100,1816.5032,324.89,1.05397,74.1,15.863
25.1200,1818.7230,313.87,1.05268,74.1,15.863
25.1300,1824.0997,311.40,1.04958,74.1,15.863
25.1400,1823.7469,300.18,1.04978,74.1,15.863
25.1500,1823.7469,298.53,1.04978,74.1,15.863
25.1600,1815.5002,296.30,1.05455,74.1,15.863
25.1700,1815.5002,291.13,1.05455,74.1,15.863
25.1800,1817.3989,298.20,1.05345,74.1,15.863
25.1900,1804.3995,319.60,1.06104,74.1,15.863
25.2000,1804.3995,324.00,1.06104,74.1,15.863
25.2100,1815.2580,326.88,1.05469,74.1,15.863
25.2200,1804.7288,312.70,1.06084,74.1,15.863
25.2300,1804.7288,321.20,1.06084,74.1,15.863
25.2400,1811.0025,333.93,1.05717,74.1,15.863
25.2500,1811.0025,310.70,1.05717,74.1,15.863
25.2600,1824.4551,298.52,1.04937,74.1,15.863
25.2700,1812.6492,273.82,1.05621,74.1,15.863
25.2800,1807.7679,283.08,1.05906,74.1,15.863
25.2900,1800.2391,305.63,1.06349,74.1,15.863
25.3000,1800.2391,291.75,1.06349,74.1,15.863
25.3100,1800.2391,295.69,1.06349,74.1,15.863
25.3200,1806.6050,305.20,1.05974,74.1,15.863
25.3300,1809.7917,311.34,1.05788,74.1,15.863
25.3400,1806.5990,310.05,1.05975,74.1,15.863
25.3500,1806.5990,325.52,1.05975,74.1,15.863
25.3600,1798.4969,296.47,1.06452,74.2,15.863
25.3700,1785.0317,316.13,1.07255,74.2,15.863
25.3800,1785.0317,328.17,1.07255,74.1,15.863
25.3900,1778.7594,324.33,1.07633,74.2,15.863
25.4000,1778.7594,321.61,1.07633,74.2,15.863
25.4100,1793.8926,326.54,1.06725,74.2,15.863
25.4200,1793.8926,307.96,1.06725,74.1,15.863
25.4300,1802.3842,318.27,1.06222,74.1,15.863
25.4400,1804.5306,322.88,1.06096,74.2,15.863
25.4500,1804.5306,346.98,1.06096,74.2,15.863
25.4600,1803.6610,321.03,1.06147,74.2,15.863
25.4700,1801.3074,333.48,1.06286,74.2,15.863
25.4800,1803.7646,327.41,1.06141,74.2,15.863
25.4900,1803.7646,334.03,1.06141,74.2,15.863
25.5000,1803.7646,327.91,1.06141,74.2,15.863
25.5100,1803.7646,317.36,1.06141,74.1,15.863
25.5200,1803.7646,307.64,1.06141,74.1,15.863
25.5300,1808.3923,302.68,1.05869,74.1,15.863
25.5400,1808.3923,312.41,1.05869,74.1,15.863
25.5500,1808.3923,303.96,1.05869,74.1,15.863
25.5600,1808.3923,324.15,1.05869,74.0,15.863
25.5700,1792.5844,302.29,1.06803,74.0,15.863
25.5800,1798.4929,291.19,1.06452,74.0,15.863
25.5900,1790.1628,309.43,1.06948,74.1,15.863
25.6000,1790.1628,351.99,1.06948,74.1,15.863
25.6100,1801.0006,312.72,1.06304,74.1,15.863
25.6200,1794.3543,316.63,1.06698,74.1,15.863
25.6300,1796.1183,307.36,1.06593,74.1,15.863
25.6400,1807.0823,331.73,1.05946,74.1,15.863
25.6500,1807.0823,319.85,1.05946,74.1,15.863
25.6600,1807.0823,315.23,1.05946,74.1,15.863
25.6700,1799.5531,301.14,1.06389,74.1,15.863
25.6800,1809.7317,309.08,1.05791,74.1,15.863
25.6900,1809.7317,292.35,1.05791,74.1,15.863
25.7000,1809.7317,282.93,1.05791,74.1,15.863
25.7100,1811.9961,290.25,1.05659,74.1,15.863
25.7200,1810.4728,284.94,1.05748,74.1,15.863
25.7300,1804.0391,286.68,1.06125,74.1,15.863
25.7400,1793.1083,274.91,1.06772,74.1,15.863
25.7500,1793.1083,300.42,1.06772,74.1,15.863
25.7600,1792.8177,269.35,1.06789,74.1,15.863
25.7700,1792.8177,289.17,1.06789,74.1,15.863
25.7800,1798.0656,293.13,1.06477,74.1,15.863
25.7900,1791.8780,256.85,1.06845,74.1,15.863
25.8000,1791.8780,277.86,1.06845,74.1,15.863
25.8100,1795.7113,292.78,1.06617,74.1,15.863
25.8200,1795.7113,305.00,1.06617,74.1,15.863
25.8300,1795.7113,293.22,1.06617,74.1,15.863
25.8400,1802.5916,289.59,1.06210,74.1,15.863
25.8500,1802.5916,279.84,1.06210,74.1,15.863
25.8600,1795.7775,277.43,1.06613,74.1,15.863
25.8700,1795.7775,286.41,1.06613,74.0,15.863
25.8800,1795.7775,297.53,1.06613,74.0,15.863
25.8900,1803.0500,302.02,1.06183,74.0,15.863
25.9000,1803.0500,283.38,1.06183,74.0,15.863
25.9100,1799.0011,280.96,1.06422,74.0,15.863
25.9200,1799.0011,287.14,1.06422,74.0,15.863
25.9300,1799.0011,283.17,1.06422,74.0,15.863
25.9400,1812.3076,284.48,1.05641,74.0,15.863
25.9500,1812.3076,286.99,1.05641,74.0,15.863
25.9600,1815.4657,281.82,1.05457,74.0,15.863
25.9700,1815.4657,304.11,1.05457,74.0,15.863
25.9800,1815.4657,278.88,1.05457,73.9,15.863
25.9900,1815.4657,287.25,1.05457,73.9,15.863
26.0000,1815.4657,291.50,1.05457,73.9,15.863
26.0100,1806.2878,299.83,1.05993,73.9,15.863
26.0200,1817.6941,304.72,1.05328,73.9,15.863
26.0300,1821.5531,304.53,1.05105,73.9,15.863
26.0400,1832.1880,298.37,1.04494,73.9,15.863
26.0500,1832.1880,311.48,1.04494,73.9,15.863
26.0600,1825.0818,306.86,1.04901,73.9,15.863
26.0700,1830.9961,281.73,1.04562,74.0,15.863
26.0800,1830.9961,306.55,1.04562,73.9,15.863
26.0900,1829.6728,303.67,1.04638,73.9,15.863
26.1000,1829.6728,318.59,1.04638,73.9,15.863
26.1100,1821.1579,328.77,1.05127,73.9,15.863
26.1200,1815.5651,320.05,1.05451,74.0,15.863
26.1300,1811.6583,318.48,1.05679,74.0,15.863
26.1400,1811.6583,321.49,1.05679,73.9,15.863
26.1500,1811.6583,308.23,1.05679,73.9,15.863
26.1600,1811.6583,337.07,1.05679,73.9,15.863
26.1700,1796.4043,325.31,1.06576,73.9,15.863
26.1800,1780.7196,313.37,1.07515,73.9,15.863
26.1900,1773.8912,304.87,1.07929,73.9,15.863
26.2000,1773.8912,320.57,1.07929,73.9,15.863
26.2100,1775.7817,314.77,1.07814,74.0,15.863
26.2200,1775.7817,321.06,1.07814,73.9,15.863
26.2300,1761.4822,293.43,1.08689,73.9,15.863
26.2400,1763.4506,277.36,1.08568,73.9,15.863
26.2500,1763.4506,304.42,1.08568,73.9,15.863
26.2600,1775.5270,303.31,1.07829,74.0,15.863
26.2700,1777.0047,320.57,1.07739,74.0,15.863
26.2800,1777.0047,286.47,1.07739,73.9,15.863
26.2900,1771.8029,289.71,1.08056,73.9,15.863
26.3000,1771.8029,264.11,1.08056,73.9,15.863
26.3100,1771.7001,285.07,1.08062,74.0,15.863
26.3200,1771.7001,279.69,1.08062,73.9,15.863
26.3300,1782.3761,276.98,1.07415,73.9,15.863
26.3400,1778.3818,288.96,1.07656,73.9,15.863
26.3500,1778.3818,305.85,1.07656,73.9,15.863
26.3600,1790.8787,313.49,1.06905,74.0,15.863
26.3700,1790.8787,302.06,1.06905,73.9,15.863
26.3800,1790.8787,302.32,1.06905,73.9,15.863
26.3900,1785.6513,304.64,1.07218,73.9,15.863
26.4000,1785.6513,299.45,1.07218,73.9,15.863
26.4100,1789.9001,291.77,1.06963,73.9,15.863
26.4200,1791.7639,300.69,1.06852,73.9,15.863
26.4300,1791.7639,299.71,1.06852,73.9,15.863
26.4400,1791.7639,301.10,1.06852,73.9,15.863
26.4500,1791.7639,284.07,1.06852,73.9,15.863
26.4600,1791.7639,284.02,1.06852,73.8,15.863
26.4700,1791.7639,283.05,1.06852,73.8,15.863
26.4800,1791.7639,260.11,1.06852,73.7,15.863
26.4900,1805.2326,266.35,1.06055,73.8,15.863
26.5000,1805.2326,270.37,1.06055,73.8,15.863
26.5100,1801.0841,275.96,1.06299,73.8,15.863
26.5200,1791.5462,271.13,1.06865,73.8,15.863
26.5300,1797.6317,281.33,1.06503,73.8,15.863
26.5400,1798.0100,275.11,1.06481,73.8,15.863
26.5500,1798.0100,269.51,1.06481,73.8,15.863
26.5600,1798.0100,277.25,1.06481,73.8,15.863
26.5700,1798.0100,290.36,1.06481,73.7,15.863
26.5800,1791.9765,251.94,1.06839,73.8,15.863
26.5900,1791.9765,268.76,1.06839,73.7,15.863
26.6000,1791.9765,310.04,1.06839,73.7,15.863
26.6100,1791.9765,294.76,1.06839,73.7,15.863
26.6200,1804.4656,298.53,1.06100,73.7,15.863
26.6300,1799.4256,287.14,1.06397,73.7,15.863
26.6400,1799.4256,281.55,1.06397,73.7,15.863
26.6500,1799.4256,300.63,1.06397,73.7,15.863
26.6600,1790.0471,308.94,1.06954,73.7,15.863
26.6700,1788.4098,310.05,1.07052,73.7,15.863
26.6800,1782.1482,285.32,1.07429,73.7,15.863
26.6900,1782.1482,292.43,1.07429,73.7,15.863
26.7000,1782.1482,322.70,1.07429,73.7,15.863
26.7100,1777.5554,310.34,1.07706,73.7,15.863
26.7200,1775.2034,300.74,1.07849,73.7,15.863
26.7300,1766.4959,323.17,1.08380,73.7,15.863
26.7400,1764.7790,303.85,1.08486,73.7,15.863
26.7500,1764.7790,291.22,1.08486,73.7,15.863
26.7600,1760.2452,283.36,1.08765,73.7,15.863
26.7700,1760.2452,283.98,1.08765,73.7,15.863
26.7800,1774.2233,312.94,1.07908,73.7,15.863
26.7900,1774.2399,297.94,1.07907,73.7,15.863
26.8000,1774.2399,284.99,1.07907,73.7,15.863
26.8100,1780.5001,293.11,1.07528,73.7,15.863
26.8200,1784.7883,317.09,1.07270,73.8,15.863
26.8300,1784.7883,295.06,1.07270,73.7,15.863
26.8400,1794.9857,280.43,1.06660,73.7,15.863
26.8500,1794.9857,313.35,1.06660,73.7,15.863
26.8600,1794.9857,322.62,1.06660,73.7,15.863
26.8700,1794.9857,297.63,1.06660,73.7,15.863
26.8800,1798.3390,286.82,1.06461,73.7,15.863
26.8900,1796.1444,290.99,1.06591,73.7,15.863
26.9000,1796.1444,322.22,1.06591,73.7,15.863
26.9100,1799.2417,316.95,1.06408,73.7,15.863
26.9200,1799.2417,321.66,1.06408,73.7,15.863
26.9300,1794.2090,308.57,1.06706,73.7,15.863
26.9400,1800.8753,320.13,1.06311,73.7,15.863
26.9500,1800.8753,308.76,1.06311,73.7,15.863
26.9600,1787.6472,314.75,1.07098,73.7,15.863
26.9700,1779.7015,329.67,1.07576,73.7,15.863
26.9800,1773.7315,324.69,1.07938,73.7,15.863
26.9900,1762.8868,320.65,1.08602,73.7,15.863
27.0000,1762.8868,308.49,1.08602,73.7,15.863
27.0100,1751.2089,335.92,1.09326,73.8,15.863
27.0200,1751.7861,349.42,1.09290,73.8,15.863
27.0300,1742.9721,341.70,1.09843,73.8,15.863
27.0400,1744.7091,339.69,1.09734,73.8,15.863
27.0500,1744.7091,324.47,1.09734,73.8,15.863
27.0600,1750.3080,337.04,1.09383,73.8,15.863
27.0700,1736.7402,352.03,1.10237,73.8,15.863
27.0800,1726.5783,340.80,1.10886,73.8,15.863
27.0900,1724.9032,295.30,1.10994,73.8,15.863
27.1000,1724.9032,312.79,1.10994,73.8,15.863
27.1100,1724.9032,323.56,1.10994,73.8,15.863
27.1200,1713.1035,303.87,1.11758,73.8,15.863
27.1300,1713.1035,308.83,1.11758,73.8,15.863
27.1400,1710.9673,302.50,1.11898,73.8,15.863
27.1500,1710.9673,319.75,1.11898,73.8,15.863
27.1600,1725.8915,320.49,1.10930,73.8,15.863
27.1700,1739.8163,285.40,1.10042,73.8,15.863
27.1800,1739.8163,315.84,1.10042,73.8,15.863
27.1900,1736.4732,297.45,1.10254,73.8,15.863
27.2000,1736.4732,299.19,1.10254,73.8,15.863
27.2100,1750.7007,321.73,1.09358,73.8,15.863
27.2200,1750.7007,288.08,1.09358,73.8,15.863
27.2300,1750.7007,279.40,1.09358,73.7,15.863
27.2400,1751.7522,300.69,1.09293,73.7,15.863
27.2500,1751.7522,313.78,1.09293,73.7,15.863
27.2600,1736.7592,309.96,1.10236,73.8,15.863
27.2700,1736.7592,339.01,1.10236,73.7,15.863
27.2800,1742.8514,329.35,1.09851,73.7,15.863
27.2900,1742.8514,313.66,1.09851,73.7,15.863
27.3000,1742.8514,318.35,1.09851,73.7,15.863
27.3100,1738.6182,310.97,1.10118,73.7,15.863
27.3200,1725.2607,324.13,1.10971,73.7,15.863
27.3300,1729.4356,318.70,1.10703,73.7,15.863
27.3400,1729.4356,290.77,1.10703,73.7,15.863
27.3500,1729.4356,298.38,1.10703,73.7,15.863
27.3600,1718.7274,319.30,1.11393,73.7,15.863
27.3700,1718.1247,303.87,1.11432,73.7,15.863
27.3800,1715.2865,328.15,1.11616,73.7,15.863
27.3900,1706.8219,329.08,1.12170,73.8,15.863
27.4000,1706.8219,299.30,1.12170,73.8,15.863
27.4100,1700.4886,306.60,1.12587,73.8,15.863
27.4200,1700.4886,305.71,1.12587,73.7,15.863
27.4300,1711.7104,308.46,1.11849,73.7,15.863
27.4400,1711.7104,287.33,1.11849,73.7,15.863
27.4500,1711.7104,299.90,1.11849,73.7,15.863
27.4600,1712.0578,300.40,1.11827,73.7,15.863
27.4700,1712.0578,320.93,1.11827,73.7,15.863
27.4800,1705.3548,316.28,1.12266,73.7,15.863
27.4900,1707.9676,288.71,1.12094,73.7,15.863
27.5000,1707.9676,321.57,1.12094,73.7,15.863
27.5100,1714.5784,305.03,1.11662,73.7,15.863
27.5200,1725.7304,324.13,1.10941,73.7,15.863
27.5300,1725.7304,331.36,1.10941,73.7,15.863
27.5400,1736.6477,327.39,1.10243,73.7,15.863
27.5500,1736.6477,319.25,1.10243,73.7,15.863
27.5600,1737.3153,307.52,1.10201,73.7,15.863
27.5700,1736.9059,317.59,1.10227,73.7,15.863
27.5800,1727.7118,322.51,1.10813,73.8,15.863
27.5900,1727.7118,334.84,1.10813,73.7,15.863
27.6000,1727.7118,306.96,1.10813,73.7,15.863
27.6100,1727.7118,296.57,1.10813,73.7,15.863
27.6200,1734.4307,306.33,1.10384,73.7,15.863
27.6300,1749.7639,317.62,1.09417,73.7,15.863
27.6400,1745.6179,320.31,1.09677,73.7,15.863
27.6500,1745.6179,313.57,1.09677,73.7,15.863
27.6600,1747.4045,296.55,1.09565,73.7,15.863
27.6700,1734.0766,288.25,1.10407,73.7,15.863
27.6800,1735.6277,266.52,1.10308,73.8,15.863
27.6900,1735.6277,292.92,1.10308,73.7,15.863
27.7000,1735.6277,297.22,1.10308,73.7,15.863
27.7100,1730.7409,299.03,1.10619,73.7,15.863
27.7200,1720.4801,285.10,1.11279,73.7,15.863
27.7300,1709.6004,304.36,1.11987,73.8,15.863
27.7400,1722.2085,319.45,1.11167,73.8,15.863
27.7500,1722.2085,285.27,1.11167,73.8,15.863
27.7600,1719.2501,301.38,1.11359,73.8,15.863
27.7700,1719.2501,311.78,1.11359,73.8,15.863
27.7800,1719.2501,307.74,1.11359,73.7,15.863
27.7900,1719.2501,283.95,1.11359,73.7,15.863
27.8000,1719.2501,278.41,1.11359,73.7,15.863
27.8100,1719.2501,296.97,1.11359,73.7,15.863
27.8200,1734.0370,297.64,1.10409,73.7,15.863
27.8300,1734.8962,302.57,1.10354,73.7,15.863
27.8400,1734.3514,289.78,1.10389,73.7,15.863
27.8500,1734.3514,302.39,1.10389,73.7,15.863
27.8600,1722.6803,285.96,1.11137,73.7,15.863
27.8700,1732.4135,289.24,1.10513,73.7,15.863
27.8800,1748.1472,281.51,1.09518,73.7,15.863
27.8900,1748.1472,285.46,1.09518,73.7,15.863
27.9000,1748.1472,283.66,1.09518,73.7,15.863
27.9100,1746.1711,273.48,1.09642,73.7,15.863
27.9200,1740.7072,292.58,1.09986,73.7,15.863
27.9300,1740.7072,299.34,1.09986,73.7,15.863
27.9400,1746.2651,309.30,1.09636,73.7,15.863
27.9500,1746.2651,266.35,1.09636,73.7,15.863
27.9600,1740.8559,275.08,1.09977,73.7,15.863
27.9700,1740.8559,305.88,1.09977,73.7,15.863
27.9800,1737.0292,285.81,1.10219,73.7,15.863
27.9900,1737.0292,307.73,1.10219,73.6,15.863
28.0000,1737.0292,288.50,1.10219,73.6,15.863
28.0100,1748.2274,277.12,1.09513,73.7,15.863
28.0200,1748.2274,277.58,1.09513,73.6,15.863
28.0300,1748.7559,301.99,1.09480,73.6,15.863
28.0400,1751.0412,315.27,1.09337,73.7,15.863
28.0500,1751.0412,303.15,1.09337,73.7,15.863
28.0600,1751.0412,284.90,1.09337,73.6,15.863
28.0700,1751.0412,287.01,1.09337,73.6,15.863
28.0800,1763.8406,287.88,1.08544,73.6,15.863
28.0900,1757.8656,287.01,1.08912,73.6,15.863
28.1000,1757.8656,311.55,1.08912,73.6,15.863
28.1100,1752.7885,302.37,1.09228,73.6,15.863
28.1200,1746.9219,297.18,1.09595,73.6,15.863
28.1300,1752.9042,304.06,1.09221,73.6,15.863
28.1400,1764.3765,327.51,1.08511,73.7,15.863
28.1500,1764.3765,311.48,1.08511,73.7,15.863
28.1600,1764.3765,287.66,1.08511,73.6,15.863
28.1700,1765.6379,284.43,1.08433,73.6,15.863
28.1800,1774.0193,274.28,1.07921,73.6,15.863
28.1900,1763.1410,277.86,1.08587,73.7,15.863
28.2000,1763.1410,293.49,1.08587,73.7,15.863
28.2100,1763.1410,288.11,1.08587,73.6,15.863
28.2200,1759.9633,291.09,1.08783,73.6,15.863
28.2300,1744.3276,273.11,1.09758,73.6,15.863
28.2400,1744.3276,301.61,1.09758,73.6,15.863
28.2500,1744.3276,314.60,1.09758,73.6,15.863
28.2600,1749.2921,301.73,1.09446,73.6,15.863
28.2700,1749.7722,307.96,1.09416,73.6,15.863
28.2800,1756.0465,295.15,1.09025,73.7,15.863
28.2900,1756.0465,300.14,1.09025,73.6,15.863
28.3000,1756.0465,279.02,1.09025,73.6,15.863
28.3100,1761.9565,283.76,1.08660,73.6,15.863
28.3200,1771.4473,289.94,1.08077,73.6,15.863
28.3300,1784.0351,272.51,1.07315,73.7,15.863
28.3400,1778.4478,257.38,1.07652,73.7,15.863
28.3500,1778.4478,279.86,1.07652,73.7,15.863
28.3600,1775.3898,266.68,1.07837,73.7,15.863
28.3700,1775.3898,263.38,1.07837,73.6,15.863
28.3800,1774.6664,292.68,1.07881,73.7,15.863
28.3900,1767.0921,292.45,1.08344,73.7,15.863
28.4000,1767.0921,302.89,1.08344,73.7,15.863
28.4100,1767.0921,286.42,1.08344,73.6,15.863
28.4200,1765.5412,300.27,1.08439,73.6,15.863
28.4300,1765.8662,297.22,1.08419,73.7,15.863
28.4400,1777.5843,295.02,1.07704,73.7,15.863
28.4500,1777.5843,299.28,1.07704,73.7,15.863
28.4600,1779.2922,296.74,1.07601,73.7,15.863
28.4700,1783.2178,312.12,1.07364,73.7,15.863
28.4800,1782.8687,325.82,1.07385,73.7,15.863
28.4900,1782.2594,322.46,1.07422,73.7,15.863
28.5000,1782.2594,317.30,1.07422,73.7,15.863
28.5100,1772.5720,318.05,1.08009,73.7,15.863
28.5200,1765.5741,294.75,1.08437,73.7,15.863
28.5300,1750.7656,325.25,1.09354,73.8,15.863
28.5400,1750.7656,340.22,1.09354,73.7,15.863
28.5500,1750.7656,305.79,1.09354,73.7,15.863
28.5600,1750.7656,321.81,1.09354,73.7,15.863
28.5700,1751.2377,322.35,1.09325,73.7,15.863
28.5800,1751.2377,319.86,1.09325,73.7,15.863
28.5900,1747.1817,345.66,1.09578,73.7,15.863
28.6000,1747.1817,331.09,1.09578,73.7,15.863
28.6100,1744.9888,321.54,1.09716,73.7,15.863
28.6200,1744.9888,316.99,1.09716,73.7,15.863
28.6300,1750.8525,311.84,1.09349,73.7,15.863
28.6400,1751.7982,305.31,1.09290,73.7,15.863
28.6500,1751.7982,289.37,1.09290,73.7,15.863
28.6600,1751.7982,282.25,1.09290,73.6,15.863
28.6700,1754.7713,299.76,1.09105,73.7,15.863
28.6800,1766.2289,267.68,1.08397,73.7,15.863
28.6900,1766.2289,280.53,1.08397,73.6,15.863
28.7000,1766.2289,277.08,1.08397,73.6,15.863
28.7100,1759.7526,290.03,1.08796,73.6,15.863
28.7200,1753.1371,295.37,1.09206,73.7,15.863
28.7300,1742.8505,296.73,1.09851,73.7,15.863
28.7400,1728.1241,276.18,1.10787,73.7,15.863
28.7500,1728.1241,281.85,1.10787,73.7,15.863
28.7600,1726.9300,304.43,1.10864,73.7,15.863
28.7700,1727.8946,312.10,1.10802,73.7,15.863
28.7800,1736.1036,294.70,1.10278,73.7,15.863
28.7900,1736.1036,288.97,1.10278,73.7,15.863
28.8000,1736.1036,287.00,1.10278,73.7,15.863
28.8100,1727.3123,302.36,1.10839,73.7,15.863
28.8200,1728.7958,297.88,1.10744,73.7,15.863
28.8300,1731.7508,299.46,1.10555,73.7,15.863
28.8400,1731.7508,290.06,1.10555,73.7,15.863
28.8500,1731.7508,286.82,1.10555,73.7,15.863
28.8600,1722.8917,299.31,1.11123,73.7,15.863
28.8700,1726.5397,299.56,1.10889,73.7,15.863
28.8800,1727.3959,333.19,1.10834,73.7,15.863
28.8900,1716.9995,326.75,1.11505,73.7,15.863
28.9000,1716.9995,298.72,1.11505,73.7,15.863
28.9100,1716.9995,315.87,1.11505,73.7,15.863
28.9200,1712.4504,301.07,1.11801,73.7,15.863
28.9300,1717.6431,312.97,1.11463,73.7,15.863
28.9400,1729.9883,293.32,1.10668,73.7,15.863
28.9500,1729.9883,304.15,1.10668,73.7,15.863
28.9600,1733.7477,306.24,1.10428,73.7,15.863
28.9700,1719.1171,304.68,1.11367,73.8,15.863
28.9800,1717.1349,298.41,1.11496,73.8,15.863
28.9900,1717.1349,299.58,1.11496,73.7,15.863
29.0000,1717.1349,282.13,1.11496,73.7,15.863
29.0100,1704.7756,285.19,1.12304,73.8,15.863
29.0200,1696.0892,305.38,1.12879,73.8,15.863
29.0300,1697.2984,304.66,1.12799,73.8,15.863
29.0400,1699.2432,315.61,1.12670,73.8,15.863
29.0500,1699.2432,298.81,1.12670,73.8,15.863
29.0600,1685.6073,275.68,1.13581,73.8,15.863
29.0700,1685.6073,284.28,1.13581,73.8,15.863
29.0800,1685.6073,288.53,1.13581,73.7,15.863
29.0900,1670.7242,271.69,1.14593,73.7,15.863
29.1000,1670.7242,293.98,1.14593,73.7,15.863
29.1100,1685.6738,307.04,1.13577,73.8,15.863
29.1200,1685.6738,274.31,1.13577,73.7,15.863
29.1300,1686.0831,323.28,1.13549,73.7,15.863
29.1400,1679.7137,321.12,1.13980,73.7,15.863
29.1500,1679.7137,301.14,1.13980,73.7,15.863
29.1600,1679.7137,315.93,1.13980,73.7,15.863
29.1700,1674.6254,314.64,1.14326,73.7,15.863
29.1800,1674.6254,300.10,1.14326,73.7,15.863
29.1900,1660.7493,333.37,1.15281,73.7,15.863
29.2000,1660.7493,294.27,1.15281,73.7,15.863
29.2100,1671.2917,312.97,1.14554,73.7,15.863
29.2200,1671.2917,307.75,1.14554,73.7,15.863
29.2300,1662.2875,305.50,1.15175,73.7,15.863
29.2400,1662.5724,291.55,1.15155,73.7,15.863
29.2500,1662.5724,283.50,1.15155,73.7,15.863
29.2600,1672.9141,288.95,1.14443,73.7,15.863
29.2700,1687.2292,309.26,1.13472,73.7,15.863
29.2800,1686.1289,292.81,1.13546,73.7,15.863
29.2900,1686.1289,332.22,1.13546,73.7,15.863
29.3000,1686.1289,343.55,1.13546,73.7,15.863
29.3100,1681.6166,308.58,1.13851,73.7,15.863
29.3200,1681.6094,339.09,1.13851,73.7,15.863
29.3300,1688.8710,337.29,1.13362,73.7,15.863
29.3400,1699.7266,332.52,1.12638,73.8,15.863
29.3500,1699.7266,301.08,1.12638,73.8,15.863
29.3600,1699.7266,299.10,1.12638,73.7,15.863
29.3700,1705.0940,317.78,1.12283,73.7,15.863
29.3800,1690.9180,309.27,1.13225,73.7,15.863
29.3900,1704.7946,281.63,1.12303,73.8,15.863
29.4000,1704.7946,317.29,1.12303,73.8,15.863
29.4100,1704.7946,304.62,1.12303,73.7,15.863
29.4200,1704.1831,286.13,1.12343,73.7,15.863
29.4300,1718.2811,275.32,1.11422,73.7,15.863
29.4400,1723.2758,278.90,1.11099,73.8,15.863
29.4500,1723.2758,276.15,1.11099,73.8,15.863
29.4600,1723.2758,291.34,1.11099,73.7,15.863
29.4700,1714.6741,265.58,1.11656,73.7,15.863
29.4800,1713.6660,272.64,1.11722,73.7,15.863
29.4900,1713.6660,295.65,1.11722,73.7,15.863
29.5000,1713.6660,286.79,1.11722,73.7,15.863
29.5100,1713.6660,294.26,1.11722,73.7,15.863
29.5200,1713.6660,290.40,1.11722,73.7,15.863
29.5300,1713.6660,283.93,1.11722,73.6,15.863
29.5400,1713.6660,300.40,1.11722,73.6,15.863
29.5500,1713.6660,276.91,1.11722,73.6,15.863
29.5600,1714.0912,293.79,1.11694,73.6,15.863
29.5700,1716.2742,297.38,1.11552,73.6,15.863
29.5800,1722.1332,288.93,1.11172,73.6,15.863
29.5900,1712.2226,270.74,1.11816,73.6,15.863
29.6000,1712.2226,280.73,1.11816,73.6,15.863
29.6100,1716.7269,293.98,1.11522,73.6,15.863
29.6200,1715.8737,280.78,1.11578,73.7,15.863
29.6300,1715.8737,285.10,1.11578,73.6,15.863
29.6400,1708.7253,285.89,1.12045,73.6,15.863
29.6500,1708.7253,294.66,1.12045,73.6,15.863
29.6600,1704.0245,310.13,1.12354,73.7,15.863
29.6700,1704.0245,309.71,1.12354,73.6,15.863
29.6800,1704.0245,303.49,1.12354,73.6,15.863
29.6900,1705.3260,278.90,1.12268,73.6,15.863
29.7000,1705.3260,286.33,1.12268,73.6,15.863
29.7100,1710.7640,273.97,1.11911,73.6,15.863
29.7200,1711.4881,279.71,1.11864,73.6,15.863
29.7300,1711.4881,311.63,1.11864,73.6,15.863
29.7400,1711.1390,292.45,1.11887,73.6,15.863
29.7500,1711.1390,297.99,1.11887,73.6,15.863
29.7600,1697.8150,300.27,1.12765,73.6,15.863
29.7700,1705.3346,307.43,1.12267,73.6,15.863
29.7800,1712.2476,297.26,1.11814,73.6,15.863
29.7900,1703.9466,302.79,1.12359,73.6,15.863
29.8000,1703.9466,300.32,1.12359,73.6,15.863
29.8100,1702.1824,325.81,1.12475,73.7,15.863
29.8200,1702.1824,306.78,1.12475,73.6,15.863
29.8300,1709.0808,313.23,1.12021,73.6,15.863
29.8400,1709.0808,294.91,1.12021,73.6,15.863
29.8500,1709.0808,300.92,1.12021,73.6,15.863
29.8600,1709.0808,301.04,1.12021,73.6,15.863
29.8700,1721.6522,301.49,1.11203,73.6,15.863
29.8800,1729.6663,290.24,1.10688,73.6,15.863
29.8900,1741.6051,282.94,1.09929,73.6,15.863
29.9000,1741.6051,300.70,1.09929,73.6,15.863
29.9100,1741.6051,306.51,1.09929,73.6,15.863
29.9200,1734.8671,313.56,1.10356,73.6,15.863
29.9300,1738.7718,319.40,1.10108,73.6,15.863
29.9400,1739.2174,322.87,1.10080,73.6,15.863
29.9500,1739.2174,294.36,1.10080,73.6,15.863
29.9600,1733.2439,331.18,1.10460,73.6,15.863
29.9700,1733.2439,327.49,1.10460,73.6,15.863
29.9800,1733.2439,305.83,1.10460,73.6,15.863
29.9900,1733.2439,307.15,1.10460,73.5,15.863
30.0000,1733.2439,273.42,1.10460,73.5,15.863
