time_ps,volume_A3,temperature_K,density_g_cm3,mc_accept_pct,mc_volume_scale_A3
0.0000,3750.6364,310.54,0.99698,nan,37.506
0.0100,3750.6364,296.98,0.99698,nan,37.506
0.0200,3717.9040,316.52,1.00576,100.0,37.506
0.0300,3706.6028,307.78,1.00883,100.0,37.506
0.0400,3705.9052,312.99,1.00902,100.0,37.506
0.0500,3696.7522,296.87,1.01152,100.0,37.506
0.0600,3696.7522,320.72,1.01152,100.0,37.506
0.0700,3696.7522,325.75,1.01152,80.0,37.506
0.0800,3687.1158,302.99,1.01416,83.3,37.506
0.0900,3654.1603,290.32,1.02331,85.7,37.506
0.1000,3654.1603,281.30,1.02331,75.0,37.506
0.1100,3654.1603,308.63,1.02331,75.0,37.506
0.1200,3654.1603,300.90,1.02331,66.7,37.506
0.1300,3654.1603,301.95,1.02331,60.0,37.506
0.1400,3654.1603,315.58,1.02331,54.5,37.506
0.1500,3654.1603,303.25,1.02331,50.0,37.506
0.1600,3654.1603,303.11,1.02331,50.0,37.506
0.1700,3641.7338,291.81,1.02680,53.8,37.506
0.1800,3641.7338,301.17,1.02680,50.0,37.506
0.1900,3641.7338,297.03,1.02680,46.7,37.506
0.2000,3641.7338,296.99,1.02680,43.8,37.506
0.2100,3641.7338,306.29,1.02680,43.8,37.506
0.2200,3633.4127,297.69,1.02915,47.1,37.506
0.2300,3633.4127,318.28,1.02915,44.4,37.506
0.2400,3623.8942,308.28,1.03185,47.4,37.506
0.2500,3623.8942,301.61,1.03185,45.0,37.506
0.2600,3623.8942,299.06,1.03185,45.0,37.506
0.2700,3623.8942,310.69,1.03185,42.9,37.506
0.2800,3623.8942,305.18,1.03185,40.9,37.506
0.2900,3631.3024,303.51,1.02975,43.5,37.506
0.3000,3631.3024,299.02,1.02975,41.7,37.506
0.3100,3631.3024,305.90,1.02975,41.7,37.506
0.3200,3638.6682,315.38,1.02766,44.0,37.506
0.3300,3638.6682,337.49,1.02766,42.3,37.506
0.3400,3618.0724,320.29,1.03351,44.4,37.506
0.3500,3599.9282,302.21,1.03872,46.4,37.506
0.3600,3599.9282,314.48,1.03872,46.4,37.506
0.3700,3611.8632,305.32,1.03529,48.3,37.506
0.3800,3611.8632,307.21,1.03529,46.7,37.506
0.3900,3610.0361,311.82,1.03581,48.4,37.506
0.4000,3631.5824,304.49,1.02967,50.0,37.506
0.4100,3631.5824,305.82,1.02967,50.0,37.506
0.4200,3627.1078,302.25,1.03094,51.5,37.506
0.4300,3627.1078,313.27,1.03094,50.0,37.506
0.4400,3616.9825,328.54,1.03382,51.4,37.506
0.4500,3627.8793,312.07,1.03072,52.8,37.506
0.4600,3627.8793,312.53,1.03072,52.8,37.506
0.4700,3627.8793,317.39,1.03072,51.4,37.506
0.4800,3609.0473,316.30,1.03610,52.6,37.506
0.4900,3609.0473,321.18,1.03610,51.3,37.506
0.5000,3579.3018,316.43,1.04471,52.5,37.506
0.5100,3579.3018,286.06,1.04471,52.5,37.506
0.5200,3608.2972,298.09,1.03631,53.7,37.506
0.5300,3608.2972,302.48,1.03631,52.4,37.506
0.5400,3596.6726,309.96,1.03966,53.5,37.506
0.5500,3596.6726,292.70,1.03966,52.3,37.506
0.5600,3596.6726,291.84,1.03966,52.3,37.506
0.5700,3596.6726,314.71,1.03966,51.1,37.506
0.5800,3584.0405,310.71,1.04333,52.2,37.506
0.5900,3566.0792,305.76,1.04858,53.2,37.506
0.6000,3557.6197,323.68,1.05108,54.2,37.506
0.6100,3557.6197,314.05,1.05108,54.2,37.506
0.6200,3577.1690,311.65,1.04533,55.1,37.506
0.6300,3613.2346,305.94,1.03490,56.0,37.506
0.6400,3613.2346,308.67,1.03490,54.9,37.506
0.6500,3637.1972,295.47,1.02808,55.8,37.506
0.6600,3637.1972,292.34,1.02808,55.8,37.506
0.6700,3611.6218,291.21,1.03536,56.6,37.506
0.6800,3593.3436,291.13,1.04063,57.4,37.506
0.6900,3593.3436,295.25,1.04063,56.4,37.506
0.7000,3616.2646,299.64,1.03403,57.1,37.506
0.7100,3616.2646,300.71,1.03403,57.1,37.506
0.7200,3624.5016,300.24,1.03168,57.9,37.506
0.7300,3624.5016,276.72,1.03168,56.9,37.506
0.7400,3624.3621,295.93,1.03172,57.6,37.506
0.7500,3588.1127,288.47,1.04214,58.3,37.506
0.7600,3588.1127,298.41,1.04214,58.3,37.506
0.7700,3588.1127,308.32,1.04214,57.4,37.506
0.7800,3588.1127,282.35,1.04214,56.5,37.506
0.7900,3588.1127,293.90,1.04214,55.6,37.506
0.8000,3600.2932,299.52,1.03862,56.2,37.506
0.8100,3600.2932,299.40,1.03862,56.2,37.506
0.8200,3596.8159,289.61,1.03962,56.9,37.506
0.8300,3596.8159,283.32,1.03962,56.1,37.506
0.8400,3592.5985,281.97,1.04084,56.7,37.506
0.8500,3592.5985,296.18,1.04084,55.9,37.506
0.8600,3592.5985,300.06,1.04084,55.9,37.506
0.8700,3598.1143,307.24,1.03925,56.5,37.506
0.8800,3571.2902,298.17,1.04705,57.1,37.506
0.8900,3571.2902,292.60,1.04705,56.3,37.506
0.9000,3572.8850,297.37,1.04658,56.9,37.506
0.9100,3572.8850,320.10,1.04658,56.9,37.506
0.9200,3580.4483,310.40,1.04437,57.5,37.506
0.9300,3580.1411,311.92,1.04446,58.1,37.506
0.9400,3580.1411,299.67,1.04446,57.3,37.506
0.9500,3580.1411,275.46,1.04446,56.6,37.506
0.9600,3580.1411,294.33,1.04446,56.6,37.506
0.9700,3580.1411,307.17,1.04446,55.8,37.506
0.9800,3580.1411,300.49,1.04446,55.1,37.506
0.9900,3571.2405,300.32,1.04707,55.7,37.506
1.0000,3571.2405,297.31,1.04707,55.0,37.506
1.0100,3571.2405,296.53,1.04707,55.0,37.506
1.0200,3571.2405,295.01,1.04707,54.3,37.506
1.0300,3571.2405,296.68,1.04707,53.7,37.506
1.0400,3558.2094,291.41,1.05090,54.2,37.506
1.0500,3558.2094,287.79,1.05090,53.6,37.506
1.0600,3558.2094,307.26,1.05090,53.6,37.506
1.0700,3548.7113,295.15,1.05371,54.1,37.506
1.0800,3553.3009,302.41,1.05235,54.7,37.506
1.0900,3518.2200,288.00,1.06285,55.2,37.506
1.1000,3552.9414,299.57,1.05246,55.7,37.506
1.1100,3552.9414,294.75,1.05246,55.7,37.506
1.1200,3552.9414,292.15,1.05246,55.1,37.506
1.1300,3549.5910,302.30,1.05345,55.6,37.506
1.1400,3542.1653,310.19,1.05566,56.0,37.506
1.1500,3548.2938,323.43,1.05384,56.5,37.506
1.1600,3548.2938,312.44,1.05384,56.5,37.506
1.1700,3548.2938,290.69,1.05384,55.9,37.506
1.1800,3573.8250,317.21,1.04631,56.4,37.506
1.1900,3573.8250,297.20,1.04631,55.8,37.506
1.2000,3577.6702,302.45,1.04518,56.2,37.506
1.2100,3577.6702,291.46,1.04518,56.2,37.506
1.2200,3577.6702,298.24,1.04518,55.7,37.506
1.2300,3577.6702,283.16,1.04518,55.1,37.506
1.2400,3577.6702,267.86,1.04518,54.5,37.506
1.2500,3605.5978,286.72,1.03709,55.0,37.506
1.2600,3605.5978,291.32,1.03709,55.0,37.506
1.2700,3605.5978,294.82,1.03709,54.5,37.506
1.2800,3605.5978,293.54,1.03709,53.9,37.506
1.2900,3581.4778,296.22,1.04407,54.4,37.506
1.3000,3577.4099,299.03,1.04526,54.8,37.506
1.3100,3577.4099,290.34,1.04526,54.8,37.506
1.3200,3567.9294,289.01,1.04804,55.2,37.506
1.3300,3556.0301,286.58,1.05155,55.7,37.506
1.3400,3535.6211,311.67,1.05762,56.1,37.506
1.3500,3568.1728,312.43,1.04797,56.5,37.506
1.3600,3568.1728,305.49,1.04797,56.5,37.506
1.3700,3536.7755,297.81,1.05727,56.9,37.506
1.3800,3536.7755,302.31,1.05727,56.4,37.506
1.3900,3536.7755,315.03,1.05727,55.9,37.506
1.4000,3536.7755,320.16,1.05727,55.4,37.506
1.4100,3536.7755,305.12,1.05727,55.4,37.506
1.4200,3536.7755,319.52,1.05727,54.9,37.506
1.4300,3536.7755,310.25,1.05727,54.4,37.506
1.4400,3536.7755,303.85,1.05727,53.9,37.506
1.4500,3506.4132,307.57,1.06642,54.3,37.506
1.4600,3506.4132,323.87,1.06642,54.3,37.506
1.4700,3493.4358,320.41,1.07039,54.7,37.506
1.4800,3486.3941,294.01,1.07255,55.1,37.506
1.4900,3486.3941,296.29,1.07255,54.6,37.506
1.5000,3501.6217,305.57,1.06788,55.0,37.506
1.5100,3501.6217,302.25,1.06788,55.0,37.506
1.5200,3508.5486,297.12,1.06578,55.4,37.506
1.5300,3508.5486,301.68,1.06578,54.9,37.506
1.5400,3508.5486,308.73,1.06578,54.5,37.506
1.5500,3536.9778,299.32,1.05721,54.8,37.506
1.5600,3536.9778,287.39,1.05721,54.8,37.506
1.5700,3536.9778,293.61,1.05721,54.4,37.506
1.5800,3546.6704,294.61,1.05432,54.8,37.506
1.5900,3546.6704,310.42,1.05432,54.3,37.506
1.6000,3559.3640,300.34,1.05056,54.7,37.506
1.6100,3559.3640,301.86,1.05056,54.7,37.506
1.6200,3559.3640,296.02,1.05056,54.3,37.506
1.6300,3559.3640,279.09,1.05056,53.8,37.506
1.6400,3574.8554,291.08,1.04601,54.2,37.506
1.6500,3581.9416,298.14,1.04394,54.5,37.506
1.6600,3581.9416,273.25,1.04394,54.5,37.506
1.6700,3581.9416,293.06,1.04394,54.1,37.506
1.6800,3591.6744,304.56,1.04111,54.5,37.506
1.6900,3625.4461,294.92,1.03141,54.8,37.506
1.7000,3650.7082,292.18,1.02427,55.1,37.506
1.7100,3650.7082,302.16,1.02427,55.1,37.506
1.7200,3667.8701,295.44,1.01948,55.5,37.506
1.7300,3643.9783,298.09,1.02617,55.8,37.506
1.7400,3619.9087,294.78,1.03299,56.1,37.506
1.7500,3622.7296,295.79,1.03218,56.4,37.506
1.7600,3622.7296,281.48,1.03218,56.4,37.506
1.7700,3623.6449,299.78,1.03192,56.7,37.506
1.7800,3623.6449,305.95,1.03192,56.3,37.506
1.7900,3610.3501,292.75,1.03572,56.6,37.506
1.8000,3582.7132,275.42,1.04371,56.9,37.506
1.8100,3582.7132,294.10,1.04371,56.9,37.506
1.8200,3582.7132,298.35,1.04371,56.6,37.506
1.8300,3582.1538,309.00,1.04388,56.8,37.506
1.8400,3582.1538,307.34,1.04388,56.5,37.506
1.8500,3582.1538,303.64,1.04388,56.1,37.506
1.8600,3582.1538,296.50,1.04388,56.1,37.506
1.8700,3577.4163,291.74,1.04526,56.4,37.506
1.8800,3577.4163,304.19,1.04526,56.0,37.506
1.8900,3577.4163,323.13,1.04526,55.6,37.506
1.9000,3577.4163,320.36,1.04526,55.3,37.506
1.9100,3577.4163,295.90,1.04526,55.3,37.506
1.9200,3577.4163,300.17,1.04526,54.9,37.506
1.9300,3577.4163,300.03,1.04526,54.5,37.506
1.9400,3577.4163,296.84,1.04526,54.2,37.506
1.9500,3567.3557,299.15,1.04821,54.5,37.506
1.9600,3567.3557,290.99,1.04821,54.5,37.506
1.9700,3567.3557,293.98,1.04821,54.1,37.506
1.9800,3567.3557,291.74,1.04821,53.8,37.506
1.9900,3592.9447,308.77,1.04074,54.1,37.506
2.0000,3578.1603,311.96,1.04504,54.4,37.506
2.0100,3578.1603,304.68,1.04504,54.4,37.506
2.0200,3578.1603,304.43,1.04504,54.0,37.506
2.0300,3559.5858,301.65,1.05049,54.3,37.506
2.0400,3559.5858,284.18,1.05049,54.0,37.506
2.0500,3549.9481,302.25,1.05335,54.3,37.506
2.0600,3549.9481,302.43,1.05335,54.3,37.506
2.0700,3548.7186,313.49,1.05371,54.5,37.506
2.0800,3543.7474,304.59,1.05519,54.8,37.506
2.0900,3543.7474,302.47,1.05519,54.5,37.506
2.1000,3543.0568,297.24,1.05540,54.8,37.506
2.1100,3543.0568,287.05,1.05540,54.8,37.506
2.1200,3566.4330,301.64,1.04848,55.0,37.506
2.1300,3566.4330,312.61,1.04848,54.7,37.506
2.1400,3566.4330,298.97,1.04848,54.4,37.506
2.1500,3571.6909,304.81,1.04693,54.7,37.506
2.1600,3571.6909,306.37,1.04693,54.7,37.506
2.1700,3543.5544,329.89,1.05525,54.9,37.506
2.1800,3543.5544,308.37,1.05525,54.6,37.506
2.1900,3541.8681,301.36,1.05575,54.9,37.506
2.2000,3541.8681,308.30,1.05575,54.5,37.506
2.2100,3541.8681,302.64,1.05575,54.5,37.506
2.2200,3541.8681,308.02,1.05575,54.2,37.506
2.2300,3560.6351,304.05,1.05019,54.5,37.506
2.2400,3560.6351,301.61,1.05019,54.2,37.506
2.2500,3568.3656,296.19,1.04791,54.4,37.506
2.2600,3568.3656,295.07,1.04791,54.4,37.506
2.2700,3568.3656,290.81,1.04791,54.1,37.506
2.2800,3568.3656,312.40,1.04791,53.8,37.506
2.2900,3568.3656,303.59,1.04791,53.6,37.506
2.3000,3554.6460,303.47,1.05195,53.8,37.506
2.3100,3554.6460,303.99,1.05195,53.8,37.506
2.3200,3557.5911,308.09,1.05108,54.1,37.506
2.3300,3557.5911,308.96,1.05108,53.8,37.506
2.3400,3557.5911,312.14,1.05108,53.5,37.506
2.3500,3557.5911,319.07,1.05108,53.2,37.506
2.3600,3557.5911,306.06,1.05108,53.2,37.506
2.3700,3569.2701,293.82,1.04764,53.4,37.506
2.3800,3569.2701,290.45,1.04764,53.2,37.506
2.3900,3569.2701,292.30,1.04764,52.9,37.506
2.4000,3569.2701,300.54,1.04764,52.6,37.506
2.4100,3569.2701,290.85,1.04764,52.6,37.506
2.4200,3575.5056,292.09,1.04582,52.8,37.506
2.4300,3584.7770,277.80,1.04311,53.1,37.506
2.4400,3584.7770,284.73,1.04311,52.8,37.506
2.4500,3589.9755,298.12,1.04160,53.1,37.506
2.4600,3589.9755,286.96,1.04160,53.1,37.506
2.4700,3589.9755,297.13,1.04160,52.8,37.506
2.4800,3562.0322,302.07,1.04977,53.0,37.506
2.4900,3562.0322,293.62,1.04977,52.8,37.506
2.5000,3529.1942,289.89,1.05954,53.0,37.506
2.5100,3529.1942,281.28,1.05954,53.0,37.506
2.5200,3498.7570,281.20,1.06876,53.2,37.506
2.5300,3498.7570,291.02,1.06876,53.0,37.506
2.5400,3523.9338,309.97,1.06112,53.2,37.506
2.5500,3537.6919,297.17,1.05700,53.4,37.506
2.5600,3537.6919,291.89,1.05700,53.4,37.506
2.5700,3516.2516,307.83,1.06344,53.7,37.506
2.5800,3494.2578,300.23,1.07013,53.9,37.506
2.5900,3509.8190,296.37,1.06539,54.1,37.506
2.6000,3509.8190,303.09,1.06539,53.8,37.506
2.6100,3509.8190,320.71,1.06539,53.8,37.506
2.6200,3496.3188,322.04,1.06950,54.1,37.506
2.6300,3496.3188,299.72,1.06950,53.8,37.506
2.6400,3488.5801,312.47,1.07188,54.0,37.506
2.6500,3484.6682,317.45,1.07308,54.2,37.506
2.6600,3484.6682,298.66,1.07308,54.2,37.506
2.6700,3488.6589,293.85,1.07185,54.5,37.506
2.6800,3490.0742,283.29,1.07142,54.7,37.506
2.6900,3490.0742,307.71,1.07142,54.4,37.506
2.7000,3490.0742,309.24,1.07142,54.2,37.506
2.7100,3490.0742,312.53,1.07142,54.2,37.506
2.7200,3493.0522,300.86,1.07050,54.4,37.506
2.7300,3514.8210,306.76,1.06387,54.6,37.506
2.7400,3507.2712,301.18,1.06616,54.8,37.506
2.7500,3491.4537,316.94,1.07099,55.0,37.506
2.7600,3491.4537,332.42,1.07099,55.0,37.506
2.7700,3491.4537,323.22,1.07099,54.8,37.506
2.7800,3491.4537,323.60,1.07099,54.5,37.506
2.7900,3499.0186,323.31,1.06868,54.7,37.506
2.8000,3499.0186,305.92,1.06868,54.5,37.506
2.8100,3499.0186,307.46,1.06868,54.5,37.506
2.8200,3499.0186,307.71,1.06868,54.2,37.506
2.8300,3534.1543,317.32,1.05805,54.4,37.506
2.8400,3534.1543,307.97,1.05805,54.2,37.506
2.8500,3534.1543,324.19,1.05805,53.9,37.506
2.8600,3534.1543,302.74,1.05805,53.9,37.506
2.8700,3509.9587,285.81,1.06535,54.1,37.506
2.8800,3509.9587,310.11,1.06535,53.9,37.506
2.8900,3473.7288,302.70,1.07646,54.1,37.506
2.9000,3473.7288,301.68,1.07646,53.9,37.506
2.9100,3473.7288,315.72,1.07646,53.9,37.506
2.9200,3472.7340,317.42,1.07677,54.1,37.506
2.9300,3445.3914,311.59,1.08531,54.3,37.506
2.9400,3419.8294,284.38,1.09342,54.5,37.506
2.9500,3419.8294,302.11,1.09342,54.2,37.506
2.9600,3419.8294,296.69,1.09342,54.2,37.506
2.9700,3419.8294,313.42,1.09342,54.0,37.506
2.9800,3419.8294,319.75,1.09342,53.8,37.506
2.9900,3419.8294,311.38,1.09342,53.6,37.506
3.0000,3419.8294,314.77,1.09342,53.3,37.506
3.0100,3419.8294,288.50,1.09342,53.3,37.506
3.0200,3432.7978,283.33,1.08929,53.5,37.506
3.0300,3457.3969,315.63,1.08154,53.7,37.506
3.0400,3463.2677,314.13,1.07971,53.9,37.506
3.0500,3463.2677,295.90,1.07971,53.7,37.506
3.0600,3463.2677,291.67,1.07971,53.7,37.506
3.0700,3463.2677,310.58,1.07971,53.5,37.506
3.0800,3463.2677,292.93,1.07971,53.3,37.506
3.0900,3463.2677,275.75,1.07971,53.0,37.506
3.1000,3463.2677,308.67,1.07971,52.8,37.506
3.1100,3463.2677,311.75,1.07971,52.8,37.506
3.1200,3463.2677,320.45,1.07971,52.6,37.506
3.1300,3463.2677,310.39,1.07971,52.4,37.506
3.1400,3463.2677,290.11,1.07971,52.2,37.506
3.1500,3450.4672,295.75,1.08372,52.4,37.506
3.1600,3450.4672,306.64,1.08372,52.4,37.506
3.1700,3477.2556,273.55,1.07537,52.6,37.506
3.1800,3463.7875,287.71,1.07955,52.8,37.506
3.1900,3463.7875,303.18,1.07955,52.5,37.506
3.2000,3452.8408,297.72,1.08297,52.7,37.506
3.2100,3452.8408,306.23,1.08297,52.7,37.506
3.2200,3452.8408,322.62,1.08297,52.5,37.506
3.2300,3447.0676,305.47,1.08478,52.7,37.506
3.2400,3447.0676,297.55,1.08478,52.5,37.506
3.2500,3456.7625,307.05,1.08174,52.7,37.506
3.2600,3456.7625,305.01,1.08174,52.7,37.506
3.2700,3461.3296,297.97,1.08032,52.9,37.506
3.2800,3461.3296,315.09,1.08032,52.7,37.506
3.2900,3461.3296,302.52,1.08032,52.5,37.506
3.3000,3469.3893,291.50,1.07781,52.7,37.506
3.3100,3469.3893,298.44,1.07781,52.7,37.506
3.3200,3469.3893,293.88,1.07781,52.5,37.506
3.3300,3469.3893,291.44,1.07781,52.3,37.506
3.3400,3461.5576,299.76,1.08024,52.4,37.506
3.3500,3461.5576,293.43,1.08024,52.2,37.506
3.3600,3461.5576,310.31,1.08024,52.2,37.506
3.3700,3484.3307,310.58,1.07318,52.4,37.506
3.3800,3478.5922,291.81,1.07495,52.6,37.506
3.3900,3444.4794,292.04,1.08560,52.8,37.506
3.4000,3453.2324,306.93,1.08285,52.9,37.506
3.4100,3453.2324,289.01,1.08285,52.9,37.506
3.4200,3473.0564,298.98,1.07667,53.1,37.506
3.4300,3490.7599,307.73,1.07121,53.3,37.506
3.4400,3490.7599,294.32,1.07121,53.1,37.506
3.4500,3487.8128,290.24,1.07211,53.3,37.506
3.4600,3487.8128,298.58,1.07211,53.3,37.506
3.4700,3487.8128,292.86,1.07211,53.1,37.506
3.4800,3487.8128,283.83,1.07211,52.9,37.506
3.4900,3487.8128,280.82,1.07211,52.7,37.506
3.5000,3484.4622,293.58,1.07314,52.9,37.506
3.5100,3484.4622,280.13,1.07314,52.9,37.506
3.5200,3484.4622,272.93,1.07314,52.7,37.506
3.5300,3484.7068,280.39,1.07307,52.8,37.506
3.5400,3484.7068,300.49,1.07307,52.7,37.506
3.5500,3484.7068,296.81,1.07307,52.5,37.506
3.5600,3484.7068,304.76,1.07307,52.5,37.506
3.5700,3483.6242,301.02,1.07340,52.6,37.506
3.5800,3486.0023,288.21,1.07267,52.8,37.506
3.5900,3486.0762,299.24,1.07265,53.0,37.506
3.6000,3486.0762,295.47,1.07265,52.8,37.506
3.6100,3486.0762,280.48,1.07265,52.8,37.506
3.6200,3504.4384,277.19,1.06703,52.9,37.506
3.6300,3515.8831,300.48,1.06355,53.1,37.506
3.6400,3515.8831,282.36,1.06355,52.9,37.506
3.6500,3519.9908,286.52,1.06231,53.1,37.506
3.6600,3519.9908,289.03,1.06231,53.1,37.506
3.6700,3519.9908,300.34,1.06231,52.9,37.506
3.6800,3505.8059,297.75,1.06661,53.1,37.506
3.6900,3505.8059,307.74,1.06661,52.9,37.506
3.7000,3528.9036,297.02,1.05963,53.0,37.506
3.7100,3528.9036,303.64,1.05963,53.0,37.506
3.7200,3517.9669,299.92,1.06292,53.2,37.506
3.7300,3517.9669,315.60,1.06292,53.0,37.506
3.7400,3497.2362,307.30,1.06922,53.2,37.506
3.7500,3497.2362,309.40,1.06922,53.0,37.506
3.7600,3497.2362,289.12,1.06922,53.0,37.506
3.7700,3485.3093,280.03,1.07288,53.2,37.506
3.7800,3485.3093,283.14,1.07288,53.0,37.506
3.7900,3469.0981,284.35,1.07790,53.1,37.506
3.8000,3469.0981,306.18,1.07790,53.0,37.506
3.8100,3469.0981,316.23,1.07790,53.0,37.506
3.8200,3469.0981,297.97,1.07790,52.8,37.506
3.8300,3438.2308,289.03,1.08757,52.9,37.506
3.8400,3429.2600,273.53,1.09042,53.1,37.506
3.8500,3407.3066,291.67,1.09744,53.2,37.506
3.8600,3407.3066,294.22,1.09744,53.2,37.506
3.8700,3386.9899,283.58,1.10403,53.4,37.506
3.8800,3400.3061,287.79,1.09970,53.5,37.506
3.8900,3400.3061,299.81,1.09970,53.4,37.506
3.9000,3386.4058,300.49,1.10422,53.5,37.506
3.9100,3386.4058,281.96,1.10422,53.5,37.506
3.9200,3386.4058,296.12,1.10422,53.4,37.506
3.9300,3386.4058,289.24,1.10422,53.2,37.506
3.9400,3380.0519,291.35,1.10629,53.3,37.506
3.9500,3388.9754,279.29,1.10338,53.5,37.506
3.9600,3388.9754,267.97,1.10338,53.5,37.506
3.9700,3375.2575,270.43,1.10786,53.6,37.506
3.9800,3370.9895,274.74,1.10927,53.8,37.506
3.9900,3370.9895,272.87,1.10927,53.6,37.506
4.0000,3370.9895,276.99,1.10927,53.4,37.506
4.0100,3370.9895,285.12,1.10927,53.4,37.506
4.0200,3402.1898,289.47,1.09909,53.6,37.506
4.0300,3402.1898,293.01,1.09909,53.4,37.506
4.0400,3396.5860,291.39,1.10091,53.6,37.506
4.0500,3396.5860,271.85,1.10091,53.4,37.506
4.0600,3396.5860,272.35,1.10091,53.4,37.506
4.0700,3406.3852,284.68,1.09774,53.5,37.506
4.0800,3406.3852,285.45,1.09774,53.4,37.506
4.0900,3406.3852,277.54,1.09774,53.2,37.506
4.1000,3390.6305,282.52,1.10284,53.4,37.506
4.1100,3390.6305,275.78,1.10284,53.4,37.506
4.1200,3391.6588,286.34,1.10251,53.5,37.506
4.1300,3391.6588,285.23,1.10251,53.3,37.506
4.1400,3363.1445,278.97,1.11185,53.5,37.506
4.1500,3363.1445,288.25,1.11185,53.3,37.506
4.1600,3363.1445,296.31,1.11185,53.3,37.506
4.1700,3361.9697,300.46,1.11224,53.5,37.506
4.1800,3347.0133,290.22,1.11721,53.6,37.506
4.1900,3350.2706,288.75,1.11613,53.7,37.506
4.2000,3350.2706,280.83,1.11613,53.6,37.506
4.2100,3350.2706,301.16,1.11613,53.6,37.506
4.2200,3348.7902,291.69,1.11662,53.7,37.506
4.2300,3348.7902,273.39,1.11662,53.6,37.506
4.2400,3348.7902,288.65,1.11662,53.4,37.506
4.2500,3348.7902,305.33,1.11662,53.2,37.506
4.2600,3348.7902,295.80,1.11662,53.2,37.506
4.2700,3348.7902,295.13,1.11662,53.1,37.506
4.2800,3367.5691,305.01,1.11039,53.2,37.506
4.2900,3367.5691,295.83,1.11039,53.1,37.506
4.3000,3367.5691,284.10,1.11039,52.9,37.506
4.3100,3367.5691,292.29,1.11039,52.9,37.506
4.3200,3367.5691,292.24,1.11039,52.8,37.506
4.3300,3367.5691,301.50,1.11039,52.6,37.506
4.3400,3367.5691,308.12,1.11039,52.4,37.506
4.3500,3367.5691,307.34,1.11039,52.3,37.506
4.3600,3367.5691,303.65,1.11039,52.3,37.506
4.3700,3367.5691,313.78,1.11039,52.1,37.506
4.3800,3367.5691,308.05,1.11039,52.0,37.506
4.3900,3366.6394,311.20,1.11070,52.1,37.506
4.4000,3377.3494,307.59,1.10718,52.3,37.506
4.4100,3377.3494,301.94,1.10718,52.3,37.506
4.4200,3350.1645,297.61,1.11616,52.4,37.506
4.4300,3350.1645,287.45,1.11616,52.3,37.506
4.4400,3355.0915,307.23,1.11452,52.4,37.506
4.4500,3365.3512,306.70,1.11113,52.5,37.506
4.4600,3365.3512,305.33,1.11113,52.5,37.506
4.4700,3365.3512,322.53,1.11113,52.4,37.506
4.4800,3365.3512,329.82,1.11113,52.2,37.506
4.4900,3365.3512,314.68,1.11113,52.1,37.506
4.5000,3393.9611,320.46,1.10176,52.2,37.506
4.5100,3393.9611,306.76,1.10176,52.2,37.506
4.5200,3422.4796,309.38,1.09258,52.4,37.506
4.5300,3434.9114,304.00,1.08862,52.5,37.506
4.5400,3422.7295,321.10,1.09250,52.6,37.506
4.5500,3402.4282,327.24,1.09902,52.7,37.506
4.5600,3402.4282,303.93,1.09902,52.7,37.506
4.5700,3415.2238,308.63,1.09490,52.9,37.506
4.5800,3408.0510,307.48,1.09720,53.0,37.506
4.5900,3408.0510,298.09,1.09720,52.9,37.506
4.6000,3380.0777,305.80,1.10628,53.0,37.506
4.6100,3380.0777,305.44,1.10628,53.0,37.506
4.6200,3380.0777,308.91,1.10628,52.8,37.506
4.6300,3380.0777,314.30,1.10628,52.7,37.506
4.6400,3380.0777,321.12,1.10628,52.6,37.506
4.6500,3415.9115,300.08,1.09468,52.7,37.506
4.6600,3415.9115,308.01,1.09468,52.7,37.506
4.6700,3418.1036,299.71,1.09398,52.8,37.506
4.6800,3429.4962,310.57,1.09034,52.9,37.506
4.6900,3429.4962,300.39,1.09034,52.8,37.506
4.7000,3422.6004,284.36,1.09254,52.9,37.506
4.7100,3422.6004,308.99,1.09254,52.9,37.506
4.7200,3422.6004,295.67,1.09254,52.8,37.506
4.7300,3422.6004,319.61,1.09254,52.6,37.506
4.7400,3405.6627,295.98,1.09797,52.8,37.506
4.7500,3405.6627,292.11,1.09797,52.6,37.506
4.7600,3405.6627,285.06,1.09797,52.6,37.506
4.7700,3405.6627,290.65,1.09797,52.5,37.506
4.7800,3418.1708,296.48,1.09396,52.6,37.506
4.7900,3437.1603,300.14,1.08791,52.7,37.506
4.8000,3403.4230,292.12,1.09870,52.9,37.506
4.8100,3403.4230,312.13,1.09870,52.9,37.506
4.8200,3377.2344,296.32,1.10722,53.0,37.506
4.8300,3377.2344,292.39,1.10722,52.8,37.506
4.8400,3376.3520,296.76,1.10750,53.0,37.506
4.8500,3376.3520,301.69,1.10750,52.8,37.506
4.8600,3376.3520,304.49,1.10750,52.8,37.506
4.8700,3376.3520,304.97,1.10750,52.7,37.506
4.8800,3387.9505,288.18,1.10371,52.8,37.506
4.8900,3387.9505,283.23,1.10371,52.7,37.506
4.9000,3387.9505,299.29,1.10371,52.6,37.506
4.9100,3387.9505,288.60,1.10371,52.6,37.506
4.9200,3398.7380,295.30,1.10021,52.7,37.506
4.9300,3398.7380,306.95,1.10021,52.5,37.506
4.9400,3398.7380,306.64,1.10021,52.4,37.506
4.9500,3411.8246,303.14,1.09599,52.5,37.506
4.9600,3411.8246,306.04,1.09599,52.5,37.506
4.9700,3399.8199,299.41,1.09986,52.6,37.506
4.9800,3399.8199,295.82,1.09986,52.5,37.506
4.9900,3399.8199,314.07,1.09986,52.4,37.506
5.0000,3379.8867,296.26,1.10635,52.5,37.506
5.0100,3379.8867,283.72,1.10635,52.5,37.506
5.0200,3379.8867,305.32,1.10635,52.4,37.506
5.0300,3403.7275,292.86,1.09860,52.5,37.506
5.0400,3405.0086,297.67,1.09818,52.6,37.506
5.0500,3387.7518,308.63,1.10378,52.7,37.506
5.0600,3387.7518,297.40,1.10378,52.7,37.506
5.0700,3384.5178,297.44,1.10483,52.8,37.506
5.0800,3402.9702,282.03,1.09884,53.0,37.506
5.0900,3417.5495,260.24,1.09415,53.1,37.506
5.1000,3422.6915,269.44,1.09251,53.2,37.506
5.1100,3422.6915,285.18,1.09251,53.2,37.506
5.1200,3400.4638,280.50,1.09965,53.3,37.506
5.1300,3400.4638,279.84,1.09965,53.2,37.506
5.1400,3412.3806,282.48,1.09581,53.3,37.506
5.1500,3412.3806,263.70,1.09581,53.2,37.506
5.1600,3412.3806,268.36,1.09581,53.2,37.506
5.1700,3412.3806,288.50,1.09581,53.0,37.506
5.1800,3423.5041,286.76,1.09225,53.1,37.506
5.1900,3423.5041,294.95,1.09225,53.0,37.506
5.2000,3423.5041,298.34,1.09225,52.9,37.506
5.2100,3423.5041,307.44,1.09225,52.9,37.506
5.2200,3401.9382,287.98,1.09918,53.0,37.506
5.2300,3393.4257,292.23,1.10193,53.1,37.506
5.2400,3404.7489,295.84,1.09827,53.2,37.506
5.2500,3413.1040,298.91,1.09558,53.3,37.506
5.2600,3413.1040,308.39,1.09558,53.3,37.506
5.2700,3417.3029,300.93,1.09423,53.4,37.506
5.2800,3417.3029,309.12,1.09423,53.3,37.506
5.2900,3419.3224,301.34,1.09359,53.4,37.506
5.3000,3417.0601,297.95,1.09431,53.5,37.506
5.3100,3417.0601,292.13,1.09431,53.5,37.506
5.3200,3417.0601,303.01,1.09431,53.4,37.506
5.3300,3414.4670,302.51,1.09514,53.5,37.506
5.3400,3410.1065,297.81,1.09654,53.6,37.506
5.3500,3410.1065,308.83,1.09654,53.5,37.506
5.3600,3410.1065,308.23,1.09654,53.5,37.506
5.3700,3409.5329,303.93,1.09673,53.6,37.506
5.3800,3409.5329,302.17,1.09673,53.5,37.506
5.3900,3409.5329,284.03,1.09673,53.4,37.506
5.4000,3402.4814,313.55,1.09900,53.5,37.506
5.4100,3402.4814,311.72,1.09900,53.5,37.506
5.4200,3407.8815,298.62,1.09726,53.6,37.506
5.4300,3411.4577,299.64,1.09611,53.7,37.506
5.4400,3400.6409,312.05,1.09959,53.8,37.506
5.4500,3400.6409,301.51,1.09959,53.7,37.506
5.4600,3400.6409,300.38,1.09959,53.7,37.506
5.4700,3427.2510,296.85,1.09106,53.8,37.506
5.4800,3448.5106,318.58,1.08433,53.9,37.506
5.4900,3424.8052,300.13,1.09184,54.0,37.506
5.5000,3424.8052,318.78,1.09184,53.9,37.506
5.5100,3424.8052,323.36,1.09184,53.9,37.506
5.5200,3424.8052,333.70,1.09184,53.7,37.506
5.5300,3424.8052,311.66,1.09184,53.6,37.506
5.5400,3425.5952,305.80,1.09158,53.7,37.506
5.5500,3449.2019,311.64,1.08411,53.8,37.506
5.5600,3449.2019,302.43,1.08411,53.8,37.506
5.5700,3449.2019,313.27,1.08411,53.7,37.506
5.5800,3462.2407,293.81,1.08003,53.8,37.506
5.5900,3462.2407,300.72,1.08003,53.7,37.506
5.6000,3448.3813,301.90,1.08437,53.8,37.506
5.6100,3448.3813,321.04,1.08437,53.8,37.506
5.6200,3448.3813,308.64,1.08437,53.7,37.506
5.6300,3448.3813,319.18,1.08437,53.6,37.506
5.6400,3448.3813,300.88,1.08437,53.4,37.506
5.6500,3448.8100,293.68,1.08424,53.5,37.506
5.6600,3448.8100,294.54,1.08424,53.5,37.506
5.6700,3449.5852,290.97,1.08399,53.6,37.506
5.6800,3457.7684,268.94,1.08143,53.7,37.506
5.6900,3454.6337,278.20,1.08241,53.8,37.506
5.7000,3455.6714,288.43,1.08208,53.9,37.506
5.7100,3455.6714,286.38,1.08208,53.9,37.506
5.7200,3453.9383,282.76,1.08263,54.0,37.506
5.7300,3463.0494,287.01,1.07978,54.1,37.506
5.7400,3463.0494,286.14,1.07978,54.0,37.506
5.7500,3473.0316,288.25,1.07668,54.1,37.506
5.7600,3473.0316,282.71,1.07668,54.1,37.506
5.7700,3477.3314,265.57,1.07534,54.2,37.506
5.7800,3467.7528,276.37,1.07831,54.3,37.506
5.7900,3476.3312,283.61,1.07565,54.4,37.506
5.8000,3501.0205,293.79,1.06807,54.5,37.506
5.8100,3501.0205,296.31,1.06807,54.5,37.506
5.8200,3500.2132,293.86,1.06831,54.6,37.506
5.8300,3497.9272,298.24,1.06901,54.7,37.506
5.8400,3497.9272,297.74,1.06901,54.6,37.506
5.8500,3498.5442,284.98,1.06882,54.7,37.506
5.8600,3498.5442,274.27,1.06882,54.7,37.506
5.8700,3498.5442,287.82,1.06882,54.6,37.506
5.8800,3499.5315,280.24,1.06852,54.7,37.506
5.8900,3474.7333,300.30,1.07615,54.8,37.506
5.9000,3474.7333,306.55,1.07615,54.7,37.506
5.9100,3474.7333,290.73,1.07615,54.7,37.506
5.9200,3482.9997,304.30,1.07359,54.8,37.506
5.9300,3482.9997,291.82,1.07359,54.6,37.506
5.9400,3482.9997,281.96,1.07359,54.5,37.506
5.9500,3495.7937,296.67,1.06966,54.6,37.506
5.9600,3495.7937,320.25,1.06966,54.6,37.506
5.9700,3495.7937,310.27,1.06966,54.5,37.506
5.9800,3477.4014,282.39,1.07532,54.6,37.506
5.9900,3468.3904,312.28,1.07812,54.7,37.506
6.0000,3465.2532,290.36,1.07909,54.8,37.506
6.0100,3465.2532,303.14,1.07909,54.8,37.506
6.0200,3465.2532,299.14,1.07909,54.7,37.506
6.0300,3468.6437,291.94,1.07804,54.8,37.506
6.0400,3468.6437,298.19,1.07804,54.7,37.506
6.0500,3468.6437,315.15,1.07804,54.5,37.506
6.0600,3468.6437,307.61,1.07804,54.5,37.506
6.0700,3468.6437,309.82,1.07804,54.4,37.506
6.0800,3468.6437,317.93,1.07804,54.3,37.506
6.0900,3462.4833,311.06,1.07996,54.4,37.506
6.1000,3462.4833,322.98,1.07996,54.3,37.506
6.1100,3462.4833,310.38,1.07996,54.3,37.506
6.1200,3431.0947,295.26,1.08983,54.4,37.506
6.1300,3434.3587,291.11,1.08880,54.5,37.506
6.1400,3467.9694,311.80,1.07825,54.6,37.506
6.1500,3484.5846,320.20,1.07311,54.7,37.506
6.1600,3484.5846,318.33,1.07311,54.7,37.506
6.1700,3455.2119,305.52,1.08223,54.8,37.506
6.1800,3425.1929,294.85,1.09171,54.9,37.506
6.1900,3435.9850,302.18,1.08828,54.9,37.506
6.2000,3409.3558,292.29,1.09678,55.0,37.506
6.2100,3409.3558,302.75,1.09678,55.0,37.506
6.2200,3408.4976,294.48,1.09706,55.1,37.506
6.2300,3408.4976,286.84,1.09706,55.0,37.506
6.2400,3408.4976,281.70,1.09706,54.9,37.506
6.2500,3408.9999,282.42,1.09690,55.0,37.506
6.2600,3408.9999,276.30,1.09690,55.0,37.506
6.2700,3416.7071,278.13,1.09442,55.1,37.506
6.2800,3416.7071,307.02,1.09442,55.0,37.506
6.2900,3416.7071,300.78,1.09442,54.9,37.506
6.3000,3416.7071,298.74,1.09442,54.8,37.506
6.3100,3416.7071,315.62,1.09442,54.8,37.506
6.3200,3410.1215,306.09,1.09654,54.9,37.506
6.3300,3410.1215,299.24,1.09654,54.7,37.506
6.3400,3410.1215,304.71,1.09654,54.6,37.506
6.3500,3410.1215,306.13,1.09654,54.5,37.506
6.3600,3410.1215,311.38,1.09654,54.5,37.506
6.3700,3410.1215,316.26,1.09654,54.4,37.506
6.3800,3396.3530,309.48,1.10098,54.5,37.506
6.3900,3394.9572,306.22,1.10144,54.6,37.506
6.4000,3394.9572,301.42,1.10144,54.5,37.506
6.4100,3394.9572,300.80,1.10144,54.5,37.506
6.4200,3394.9572,294.83,1.10144,54.4,37.506
6.4300,3426.6924,298.22,1.09123,54.5,37.506
6.4400,3426.6924,292.17,1.09123,54.4,37.506
6.4500,3404.6717,313.28,1.09829,54.5,37.506
6.4600,3404.6717,317.12,1.09829,54.5,37.506
6.4700,3404.6717,311.29,1.09829,54.4,37.506
6.4800,3394.6054,306.11,1.10155,54.4,37.506
6.4900,3394.6054,291.34,1.10155,54.3,37.506
6.5000,3390.4017,298.81,1.10292,54.4,37.506
6.5100,3390.4017,284.80,1.10292,54.4,37.506
6.5200,3391.7785,280.31,1.10247,54.5,37.506
6.5300,3403.9681,283.93,1.09852,54.6,37.506
6.5400,3403.9681,299.70,1.09852,54.5,37.506
6.5500,3403.9681,297.31,1.09852,54.4,37.506
6.5600,3403.9681,285.18,1.09852,54.4,37.506
6.5700,3403.9681,282.54,1.09852,54.3,37.506
6.5800,3403.9681,289.39,1.09852,54.2,37.506
6.5900,3400.3081,275.76,1.09970,54.3,37.506
6.6000,3370.1143,270.25,1.10955,54.4,37.506
6.6100,3370.1143,292.71,1.10955,54.4,37.506
6.6200,3370.1143,298.47,1.10955,54.3,37.506
6.6300,3370.1143,311.92,1.10955,54.2,37.506
6.6400,3370.1143,308.06,1.10955,54.0,37.506
6.6500,3370.1143,303.01,1.10955,53.9,37.506
6.6600,3370.1143,304.50,1.10955,53.9,37.506
6.6700,3377.2667,302.08,1.10720,54.0,37.506
6.6800,3377.2667,302.64,1.10720,53.9,37.506
6.6900,3411.0219,296.77,1.09625,54.0,37.506
6.7000,3411.0219,313.02,1.09625,53.9,37.506
6.7100,3411.0219,291.37,1.09625,53.9,37.506
6.7200,3401.2300,305.76,1.09940,54.0,37.506
6.7300,3386.6224,304.38,1.10415,54.1,37.506
6.7400,3412.3285,312.63,1.09583,54.2,37.506
6.7500,3410.8126,307.23,1.09632,54.3,37.506
6.7600,3410.8126,289.60,1.09632,54.3,37.506
6.7700,3448.0591,294.02,1.08447,54.3,37.506
6.7800,3448.0591,303.77,1.08447,54.2,37.506
6.7900,3453.7935,305.53,1.08267,54.3,37.506
6.8000,3453.7935,294.64,1.08267,54.2,37.506
6.8100,3453.7935,301.99,1.08267,54.2,37.506
6.8200,3475.5156,301.28,1.07591,54.3,37.506
6.8300,3475.5156,281.89,1.07591,54.2,37.506
6.8400,3477.1720,268.81,1.07539,54.3,37.506
6.8500,3484.9194,294.28,1.07300,54.4,37.506
6.8600,3484.9194,308.90,1.07300,54.4,37.506
6.8700,3484.9194,305.07,1.07300,54.3,37.506
6.8800,3484.9194,287.74,1.07300,54.2,37.506
6.8900,3464.3920,280.02,1.07936,54.3,37.506
6.9000,3464.3920,295.75,1.07936,54.2,37.506
6.9100,3464.3920,288.52,1.07936,54.2,37.506
6.9200,3464.3920,292.74,1.07936,54.1,37.506
6.9300,3446.2395,291.87,1.08505,54.2,37.506
6.9400,3411.2185,294.90,1.09618,54.2,37.506
6.9500,3382.8298,296.66,1.10538,54.3,37.506
6.9600,3382.8298,295.48,1.10538,54.3,37.506
6.9700,3382.8298,277.28,1.10538,54.2,37.506
6.9800,3382.8298,275.92,1.10538,54.1,37.506
6.9900,3382.8298,283.57,1.10538,54.0,37.506
7.0000,3374.4045,287.41,1.10814,54.1,37.506
7.0100,3374.4045,285.26,1.10814,54.1,37.506
7.0200,3374.4045,300.39,1.10814,54.0,37.506
7.0300,3394.2874,311.10,1.10165,54.1,37.506
7.0400,3368.6668,312.96,1.11003,54.2,37.506
7.0500,3371.3554,290.12,1.10915,54.3,37.506
7.0600,3371.3554,283.29,1.10915,54.3,37.506
7.0700,3344.4228,284.25,1.11808,54.3,37.506
7.0800,3344.4228,316.88,1.11808,54.2,37.506
7.0900,3350.8196,297.88,1.11594,54.3,37.506
7.1000,3350.8196,303.77,1.11594,54.2,37.506
7.1100,3350.8196,288.29,1.11594,54.2,37.506
7.1200,3350.8196,308.97,1.11594,54.1,37.506
7.1300,3347.1497,304.14,1.11717,54.2,37.506
7.1400,3347.1497,307.60,1.11717,54.1,37.506
7.1500,3347.1497,309.82,1.11717,54.0,37.506
7.1600,3347.1497,307.35,1.11717,54.0,37.506
7.1700,3347.1497,306.13,1.11717,53.9,37.506
7.1800,3347.1497,309.98,1.11717,53.8,37.506
7.1900,3347.1497,295.71,1.11717,53.7,37.506
7.2000,3347.1497,290.51,1.11717,53.6,37.506
7.2100,3347.1497,296.76,1.11717,53.6,37.506
7.2200,3347.1497,308.91,1.11717,53.6,37.506
7.2300,3373.6950,308.73,1.10838,53.6,37.506
7.2400,3370.7898,296.14,1.10933,53.7,37.506
7.2500,3371.9219,301.77,1.10896,53.8,37.506
7.2600,3371.9219,322.34,1.10896,53.8,37.506
7.2700,3341.6703,306.94,1.11900,53.9,37.506
7.2800,3341.6703,301.91,1.11900,53.8,37.506
7.2900,3338.8294,304.29,1.11995,53.9,37.506
7.3000,3365.2434,310.88,1.11116,53.9,37.506
7.3100,3365.2434,304.69,1.11116,53.9,37.506
7.3200,3365.2434,307.89,1.11116,53.8,37.506
7.3300,3370.5842,296.13,1.10940,53.9,37.506
7.3400,3372.5601,303.79,1.10875,54.0,37.506
7.3500,3356.2170,308.54,1.11415,54.1,37.506
7.3600,3356.2170,294.41,1.11415,54.1,37.506
7.3700,3372.4623,291.66,1.10878,54.2,37.506
7.3800,3372.4623,298.86,1.10878,54.1,37.506
7.3900,3381.3222,308.08,1.10588,54.1,37.506
7.4000,3403.9051,294.64,1.09854,54.2,37.506
7.4100,3403.9051,319.03,1.09854,54.2,37.506
7.4200,3403.9051,304.91,1.09854,54.1,37.506
7.4300,3403.9051,304.70,1.09854,54.0,37.506
7.4400,3403.9051,323.24,1.09854,53.9,37.506
7.4500,3403.9051,309.81,1.09854,53.9,37.506
7.4600,3403.9051,309.88,1.09854,53.9,37.506
7.4700,3403.9051,328.62,1.09854,53.8,37.506
7.4800,3403.9051,320.74,1.09854,53.7,37.506
7.4900,3379.6955,299.54,1.10641,53.8,37.506
7.5000,3379.6955,303.18,1.10641,53.7,37.506
7.5100,3379.6955,320.84,1.10641,53.7,37.506
7.5200,3380.4117,295.29,1.10617,53.7,37.506
7.5300,3371.0513,278.08,1.10925,53.8,37.506
7.5400,3357.0660,297.45,1.11387,53.9,37.506
7.5500,3330.2436,285.42,1.12284,54.0,37.506
7.5600,3330.2436,284.26,1.12284,54.0,37.506
7.5700,3327.3752,314.42,1.12381,54.0,37.506
7.5800,3327.3752,323.83,1.12381,54.0,37.506
7.5900,3327.3752,308.50,1.12381,53.9,37.506
7.6000,3327.3752,296.07,1.12381,53.8,37.506
7.6100,3327.3752,317.65,1.12381,53.8,37.506
7.6200,3327.3752,307.00,1.12381,53.7,37.506
7.6300,3327.3752,302.28,1.12381,53.6,37.506
7.6400,3327.3752,316.06,1.12381,53.5,37.506
7.6500,3327.3752,304.49,1.12381,53.4,37.506
7.6600,3327.3752,314.37,1.12381,53.4,37.506
7.6700,3334.0027,329.96,1.12157,53.5,37.506
7.6800,3350.2049,318.46,1.11615,53.6,37.506
7.6900,3350.2049,308.19,1.11615,53.5,37.506
7.7000,3342.8100,303.73,1.11862,53.6,37.506
7.7100,3342.8100,292.42,1.11862,53.6,37.506
7.7200,3354.6986,302.33,1.11465,53.6,37.506
7.7300,3354.6986,298.89,1.11465,53.6,37.506
7.7400,3354.6986,308.17,1.11465,53.5,37.506
7.7500,3354.6986,311.88,1.11465,53.4,37.506
7.7600,3354.6986,303.83,1.11465,53.4,37.506
7.7700,3358.8966,305.43,1.11326,53.5,37.506
7.7800,3345.2087,309.70,1.11782,53.5,37.506
7.7900,3345.2087,305.72,1.11782,53.5,37.506
7.8000,3345.2087,305.97,1.11782,53.4,37.506
7.8100,3345.2087,282.62,1.11782,53.4,37.506
7.8200,3345.2087,320.21,1.11782,53.3,37.506
7.8300,3352.6193,320.51,1.11534,53.4,37.506
7.8400,3354.3248,299.78,1.11478,53.4,37.506
7.8500,3348.0515,305.23,1.11687,53.5,37.506
7.8600,3348.0515,318.74,1.11687,53.5,37.506
7.8700,3348.0515,307.13,1.11687,53.4,37.506
7.8800,3347.8877,301.81,1.11692,53.5,37.506
7.8900,3347.8877,314.96,1.11692,53.4,37.506
7.9000,3347.8877,318.83,1.11692,53.3,37.506
7.9100,3347.8877,302.56,1.11692,53.3,37.506
7.9200,3347.8877,305.91,1.11692,53.2,37.506
7.9300,3347.8877,303.19,1.11692,53.2,37.506
7.9400,3347.8877,292.62,1.11692,53.1,37.506
7.9500,3347.8877,307.52,1.11692,53.0,37.506
7.9600,3347.8877,299.65,1.11692,53.0,37.506
7.9700,3343.8654,312.57,1.11826,53.1,37.506
7.9800,3343.8654,305.93,1.11826,53.0,37.506
7.9900,3340.2452,317.03,1.11948,53.1,37.506
8.0000,3340.2452,300.39,1.11948,53.0,37.506
8.0100,3340.2452,293.97,1.11948,53.0,37.506
8.0200,3313.4956,278.60,1.12851,53.0,37.506
8.0300,3305.4656,294.70,1.13126,53.1,37.506
8.0400,3305.4656,288.90,1.13126,53.0,37.506
8.0500,3297.5358,298.19,1.13398,53.1,37.506
8.0600,3297.5358,292.98,1.13398,53.1,37.506
8.0700,3297.5358,304.47,1.13398,53.0,37.506
8.0800,3299.3323,314.79,1.13336,53.1,37.506
8.0900,3318.8691,320.25,1.12669,53.2,37.506
8.1000,3304.8240,306.76,1.13148,53.2,37.506
8.1100,3304.8240,307.00,1.13148,53.2,37.506
8.1200,3304.8240,313.00,1.13148,53.2,37.506
8.1300,3326.6178,314.25,1.12406,53.2,37.506
8.1400,3339.0009,290.82,1.11989,53.3,37.506
8.1500,3339.9010,307.42,1.11959,53.4,37.506
8.1600,3339.9010,306.68,1.11959,53.4,37.506
8.1700,3362.2866,301.52,1.11214,53.4,37.506
8.1800,3362.2866,295.68,1.11214,53.4,37.506
8.1900,3385.6993,314.49,1.10445,53.4,37.506
8.2000,3385.6993,297.28,1.10445,53.4,37.506
8.2100,3385.6993,305.56,1.10445,53.4,37.506
8.2200,3377.3491,311.63,1.10718,53.4,37.506
8.2300,3377.3491,295.80,1.10718,53.3,37.506
8.2400,3385.0711,306.66,1.10465,53.4,37.506
8.2500,3385.3680,320.01,1.10456,53.5,37.506
8.2600,3385.3680,323.45,1.10456,53.5,37.506
8.2700,3385.3680,295.56,1.10456,53.4,37.506
8.2800,3383.7182,287.71,1.10509,53.5,37.506
8.2900,3383.7182,300.25,1.10509,53.4,37.506
8.3000,3383.7182,322.00,1.10509,53.3,37.506
8.3100,3383.7182,315.33,1.10509,53.3,37.506
8.3200,3371.4377,310.39,1.10912,53.4,37.506
8.3300,3371.4377,297.03,1.10912,53.3,37.506
8.3400,3374.7332,306.61,1.10804,53.4,37.506
8.3500,3378.8894,291.06,1.10667,53.4,37.506
8.3600,3378.8894,286.05,1.10667,53.4,37.506
8.3700,3400.2079,300.94,1.09973,53.5,37.506
8.3800,3400.2079,321.72,1.09973,53.4,37.506
8.3900,3400.2079,315.64,1.09973,53.4,37.506
8.4000,3403.6380,303.35,1.09863,53.4,37.506
8.4100,3403.6380,309.02,1.09863,53.4,37.506
8.4200,3413.3375,316.21,1.09550,53.5,37.506
8.4300,3431.8267,286.39,1.08960,53.6,37.506
8.4400,3433.2340,283.01,1.08916,53.6,37.506
8.4500,3433.2340,304.28,1.08916,53.6,37.506
8.4600,3433.2340,291.41,1.08916,53.6,37.506
8.4700,3416.9594,295.86,1.09434,53.6,37.506
8.4800,3410.6009,301.06,1.09638,53.7,37.506
8.4900,3410.6009,297.69,1.09638,53.6,37.506
8.5000,3377.9077,303.43,1.10699,53.7,37.506
8.5100,3377.9077,302.40,1.10699,53.7,37.506
8.5200,3377.9077,295.64,1.10699,53.6,37.506
8.5300,3381.3037,308.06,1.10588,53.7,37.506
8.5400,3406.0100,298.02,1.09786,53.7,37.506
8.5500,3382.4036,287.32,1.10552,53.8,37.506
8.5600,3382.4036,279.72,1.10552,53.8,37.506
8.5700,3382.4036,282.48,1.10552,53.7,37.506
8.5800,3380.4434,286.52,1.10616,53.8,37.506
8.5900,3380.4434,298.46,1.10616,53.7,37.506
8.6000,3380.4434,291.28,1.10616,53.6,37.506
8.6100,3380.4434,292.62,1.10616,53.6,37.506
8.6200,3380.1087,291.10,1.10627,53.7,37.506
8.6300,3373.8827,289.26,1.10832,53.8,37.506
8.6400,3363.2453,281.31,1.11182,53.8,37.506
8.6500,3351.9161,269.62,1.11558,53.9,37.506
8.6600,3351.9161,298.46,1.11558,53.9,37.506
8.6700,3380.2402,299.65,1.10623,54.0,37.506
8.6800,3386.2714,297.33,1.10426,54.0,37.506
8.6900,3386.2714,295.24,1.10426,54.0,37.506
8.7000,3394.7740,297.73,1.10149,54.0,37.506
8.7100,3394.7740,291.68,1.10149,54.0,37.506
8.7200,3394.7740,285.21,1.10149,53.9,37.506
8.7300,3394.7740,284.57,1.10149,53.9,37.506
8.7400,3394.7319,305.50,1.10151,53.9,37.506
8.7500,3367.9211,296.51,1.11028,54.0,37.506
8.7600,3367.9211,296.89,1.11028,54.0,37.506
8.7700,3367.9211,294.49,1.11028,53.9,37.506
8.7800,3355.3025,310.64,1.11445,54.0,37.506
8.7900,3383.2838,319.43,1.10524,54.1,37.506
8.8000,3372.6793,308.38,1.10871,54.1,37.506
8.8100,3372.6793,332.95,1.10871,54.1,37.506
8.8200,3364.1656,309.32,1.11152,54.2,37.506
8.8300,3357.1163,305.62,1.11385,54.2,37.506
8.8400,3357.1163,300.63,1.11385,54.2,37.506
8.8500,3357.1163,309.63,1.11385,54.1,37.506
8.8600,3357.1163,311.09,1.11385,54.1,37.506
8.8700,3359.6589,293.46,1.11301,54.2,37.506
8.8800,3370.5441,291.98,1.10941,54.2,37.506
8.8900,3359.1629,297.00,1.11317,54.3,37.506
8.9000,3353.1720,293.38,1.11516,54.4,37.506
8.9100,3353.1720,293.84,1.11516,54.4,37.506
8.9200,3348.1303,310.66,1.11684,54.4,37.506
8.9300,3348.1303,301.88,1.11684,54.3,37.506
8.9400,3329.5652,291.75,1.12307,54.4,37.506
8.9500,3361.1535,298.25,1.11251,54.5,37.506
8.9600,3361.1535,284.64,1.11251,54.5,37.506
8.9700,3361.3951,285.06,1.11243,54.5,37.506
8.9800,3362.4362,278.14,1.11209,54.6,37.506
8.9900,3362.4362,282.91,1.11209,54.5,37.506
9.0000,3362.4362,294.36,1.11209,54.4,37.506
9.0100,3362.4362,292.70,1.11209,54.4,37.506
9.0200,3368.1227,296.17,1.11021,54.5,37.506
9.0300,3367.3814,293.64,1.11046,54.6,37.506
9.0400,3396.5842,282.62,1.10091,54.6,37.506
9.0500,3390.4937,285.29,1.10289,54.7,37.506
9.0600,3390.4937,279.57,1.10289,54.7,37.506
9.0700,3390.4937,302.36,1.10289,54.6,37.506
9.0800,3388.8544,280.14,1.10342,54.7,37.506
9.0900,3388.8544,285.29,1.10342,54.6,37.506
9.1000,3360.3245,282.14,1.11279,54.7,37.506
9.1100,3360.3245,281.99,1.11279,54.7,37.506
9.1200,3377.5928,283.58,1.10710,54.7,37.506
9.1300,3352.7800,291.76,1.11529,54.8,37.506
9.1400,3352.7800,279.83,1.11529,54.7,37.506
9.1500,3354.5284,281.44,1.11471,54.8,37.506
9.1600,3354.5284,288.06,1.11471,54.8,37.506
9.1700,3353.3955,288.92,1.11509,54.8,37.506
9.1800,3353.3955,288.73,1.11509,54.8,37.506
9.1900,3354.7238,293.92,1.11465,54.8,37.506
9.2000,3354.7238,311.24,1.11465,54.8,37.506
9.2100,3354.7238,296.47,1.11465,54.8,37.506
9.2200,3354.7238,306.31,1.11465,54.7,37.506
9.2300,3362.7895,291.97,1.11197,54.7,37.506
9.2400,3382.6667,285.47,1.10544,54.8,37.506
9.2500,3386.9972,281.55,1.10402,54.9,37.506
9.2600,3386.9972,298.29,1.10402,54.9,37.506
9.2700,3386.9972,307.07,1.10402,54.8,37.506
9.2800,3386.9972,308.14,1.10402,54.7,37.506
9.2900,3384.9839,302.40,1.10468,54.8,37.506
9.3000,3384.9839,308.50,1.10468,54.7,37.506
9.3100,3384.9839,303.26,1.10468,54.7,37.506
9.3200,3374.8376,283.06,1.10800,54.8,37.506
9.3300,3374.8376,287.19,1.10800,54.7,37.506
9.3400,3396.2952,297.37,1.10100,54.8,37.506
9.3500,3396.2952,310.60,1.10100,54.7,37.506
9.3600,3396.2952,304.49,1.10100,54.7,37.506
9.3700,3417.4956,278.62,1.09417,54.7,37.506
9.3800,3417.4956,288.93,1.09417,54.7,37.506
9.3900,3417.4956,292.28,1.09417,54.6,37.506
9.4000,3417.4956,268.37,1.09417,54.5,37.506
9.4100,3417.4956,275.73,1.09417,54.5,37.506
9.4200,3417.4956,280.34,1.09417,54.4,37.506
9.4300,3417.4956,299.50,1.09417,54.4,37.506
9.4400,3426.2909,297.67,1.09136,54.4,37.506
9.4500,3398.3713,306.48,1.10033,54.5,37.506
9.4600,3398.3713,307.93,1.10033,54.5,37.506
9.4700,3408.5743,314.12,1.09704,54.6,37.506
9.4800,3421.0765,304.82,1.09303,54.6,37.506
9.4900,3430.2541,287.11,1.09010,54.7,37.506
9.5000,3430.2541,294.94,1.09010,54.6,37.506
9.5100,3430.2541,302.94,1.09010,54.6,37.506
9.5200,3430.2541,288.95,1.09010,54.5,37.506
9.5300,3430.2541,303.65,1.09010,54.5,37.506
9.5400,3427.0114,310.59,1.09113,54.5,37.506
9.5500,3427.0114,302.40,1.09113,54.5,37.506
9.5600,3427.0114,294.72,1.09113,54.5,37.506
9.5700,3413.9539,310.31,1.09531,54.5,37.506
9.5800,3412.5447,299.57,1.09576,54.6,37.506
9.5900,3412.5447,301.67,1.09576,54.5,37.506
9.6000,3412.5447,307.83,1.09576,54.4,37.506
9.6100,3412.5447,302.70,1.09576,54.4,37.506
9.6200,3412.5447,303.31,1.09576,54.4,37.506
9.6300,3412.5447,281.77,1.09576,54.3,37.506
9.6400,3416.4619,286.93,1.09450,54.3,37.506
9.6500,3409.9189,296.91,1.09660,54.4,37.506
9.6600,3409.9189,300.79,1.09660,54.4,37.506
9.6700,3409.9189,300.98,1.09660,54.3,37.506
9.6800,3409.9189,278.19,1.09660,54.3,37.506
9.6900,3409.9189,289.11,1.09660,54.2,37.506
9.7000,3409.9189,292.41,1.09660,54.1,37.506
9.7100,3409.9189,286.56,1.09660,54.1,37.506
9.7200,3415.8831,310.13,1.09469,54.2,37.506
9.7300,3415.8831,300.10,1.09469,54.1,37.506
9.7400,3429.1415,280.96,1.09046,54.2,37.506
9.7500,3429.1415,294.43,1.09046,54.1,37.506
9.7600,3429.1415,298.94,1.09046,54.1,37.506
9.7700,3431.9072,305.44,1.08958,54.2,37.506
9.7800,3431.9072,285.49,1.08958,54.1,37.506
9.7900,3456.7025,302.60,1.08176,54.2,37.506
9.8000,3486.9079,297.44,1.07239,54.2,37.506
9.8100,3486.9079,299.92,1.07239,54.2,37.506
9.8200,3514.4566,282.11,1.06398,54.3,37.506
9.8300,3514.4566,300.97,1.06398,54.2,37.506
9.8400,3488.2798,283.35,1.07197,54.3,37.506
9.8500,3488.2798,303.23,1.07197,54.2,37.506
9.8600,3488.2798,302.15,1.07197,54.2,37.506
9.8700,3481.0993,318.68,1.07418,54.2,37.506
9.8800,3481.0993,292.76,1.07418,54.2,37.506
9.8900,3484.2405,301.46,1.07321,54.2,37.506
9.9000,3484.2405,306.57,1.07321,54.2,37.506
9.9100,3484.2405,308.38,1.07321,54.2,37.506
9.9200,3484.2405,299.80,1.07321,54.1,37.506
9.9300,3459.7454,305.39,1.08081,54.2,37.506
9.9400,3459.7454,304.71,1.08081,54.1,37.506
9.9500,3459.7454,304.97,1.08081,54.0,37.506
9.9600,3459.7454,320.26,1.08081,54.0,37.506
9.9700,3462.4708,309.19,1.07996,54.1,37.506
9.9800,3462.4708,306.99,1.07996,54.0,37.506
9.9900,3470.1717,306.52,1.07756,54.1,37.506
10.0000,3470.1717,298.22,1.07756,54.0,37.506
10.0100,3470.1717,299.96,1.07756,54.0,37.506
10.0200,3453.7312,293.11,1.08269,54.1,37.506
10.0300,3453.7312,314.26,1.08269,54.0,37.506
10.0400,3426.0585,316.12,1.09144,54.0,37.506
10.0500,3454.4321,316.64,1.08247,54.1,37.506
10.0600,3454.4321,299.07,1.08247,54.1,37.506
10.0700,3422.4638,320.12,1.09258,54.2,37.506
10.0800,3444.2335,311.55,1.08568,54.2,37.506
10.0900,3420.5342,300.30,1.09320,54.3,37.506
10.1000,3427.8004,298.25,1.09088,54.3,37.506
10.1100,3427.8004,304.20,1.09088,54.3,37.506
10.1200,3409.6866,309.73,1.09668,54.4,37.506
10.1300,3425.0164,295.01,1.09177,54.4,37.506
10.1400,3425.0164,290.26,1.09177,54.4,37.506
10.1500,3425.0164,310.90,1.09177,54.3,37.506
10.1600,3425.0164,299.46,1.09177,54.3,37.506
10.1700,3425.0164,299.97,1.09177,54.2,37.506
10.1800,3404.1537,298.81,1.09846,54.3,37.506
10.1900,3404.1537,294.75,1.09846,54.2,37.506
10.2000,3404.1537,295.38,1.09846,54.2,37.506
10.2100,3404.1537,307.42,1.09846,54.2,37.506
10.2200,3410.3353,305.07,1.09647,54.2,37.506
10.2300,3423.0012,314.26,1.09241,54.3,37.506
10.2400,3423.0012,301.16,1.09241,54.2,37.506
10.2500,3411.3684,291.82,1.09614,54.3,37.506
10.2600,3411.3684,282.19,1.09614,54.3,37.506
10.2700,3411.3684,292.32,1.09614,54.2,37.506
10.2800,3409.1921,283.20,1.09684,54.3,37.506
10.2900,3425.2487,280.04,1.09169,54.3,37.506
10.3000,3426.9873,289.91,1.09114,54.4,37.506
10.3100,3426.9873,295.38,1.09114,54.4,37.506
10.3200,3426.9873,298.69,1.09114,54.3,37.506
10.3300,3426.9873,294.06,1.09114,54.2,37.506
10.3400,3426.9873,295.84,1.09114,54.2,37.506
10.3500,3426.9873,309.13,1.09114,54.1,37.506
10.3600,3426.9873,305.27,1.09114,54.1,37.506
10.3700,3417.6439,294.73,1.09412,54.2,37.506
10.3800,3417.6439,306.13,1.09412,54.1,37.506
10.3900,3417.6439,290.28,1.09412,54.0,37.506
10.4000,3417.6439,300.38,1.09412,54.0,37.506
10.4100,3417.6439,314.65,1.09412,54.0,37.506
10.4200,3410.1659,287.51,1.09652,54.0,37.506
10.4300,3410.1659,273.96,1.09652,54.0,37.506
10.4400,3411.4596,273.26,1.09611,54.0,37.506
10.4500,3411.4596,279.62,1.09611,53.9,37.506
10.4600,3411.4596,277.95,1.09611,53.9,37.506
10.4700,3407.5645,279.43,1.09736,54.0,37.506
10.4800,3420.0872,262.02,1.09334,54.1,37.506
10.4900,3420.0872,280.56,1.09334,54.0,37.506
10.5000,3428.1317,287.48,1.09078,54.0,37.506
10.5100,3428.1317,297.56,1.09078,54.0,37.506
10.5200,3428.1317,306.81,1.09078,54.0,37.506
10.5300,3423.8824,279.90,1.09213,54.0,37.506
10.5400,3423.8824,299.93,1.09213,54.0,37.506
10.5500,3416.5720,288.58,1.09447,54.0,37.506
10.5600,3416.5720,305.07,1.09447,54.0,37.506
10.5700,3416.5720,302.66,1.09447,54.0,37.506
10.5800,3389.2129,304.62,1.10330,54.0,37.506
10.5900,3378.9243,287.77,1.10666,54.1,37.506
10.6000,3378.9243,295.10,1.10666,54.0,37.506
10.6100,3378.9243,297.79,1.10666,54.0,37.506
10.6200,3379.4805,281.60,1.10648,54.1,37.506
10.6300,3392.0890,280.71,1.10237,54.1,37.506
10.6400,3392.0890,287.15,1.10237,54.1,37.506
10.6500,3405.0584,297.33,1.09817,54.1,37.506
10.6600,3405.0584,285.28,1.09817,54.1,37.506
10.6700,3417.5377,287.14,1.09416,54.2,37.506
10.6800,3417.5377,284.76,1.09416,54.1,37.506
10.6900,3425.2265,286.73,1.09170,54.2,37.506
10.7000,3425.2265,304.94,1.09170,54.1,37.506
10.7100,3425.2265,295.92,1.09170,54.1,37.506
10.7200,3425.2265,310.82,1.09170,54.0,37.506
10.7300,3390.7221,303.49,1.10281,54.1,37.506
10.7400,3398.3079,293.03,1.10035,54.1,37.506
10.7500,3398.3079,299.58,1.10035,54.1,37.506
10.7600,3398.3079,315.65,1.10035,54.1,37.506
10.7700,3398.3079,311.80,1.10035,54.0,37.506
10.7800,3398.3079,307.95,1.10035,53.9,37.506
10.7900,3420.0334,312.27,1.09336,54.0,37.506
10.8000,3428.4574,296.45,1.09067,54.1,37.506
10.8100,3428.4574,296.66,1.09067,54.1,37.506
10.8200,3428.4574,310.86,1.09067,54.0,37.506
10.8300,3431.4825,313.55,1.08971,54.0,37.506
10.8400,3431.4825,302.30,1.08971,54.0,37.506
10.8500,3433.6930,301.15,1.08901,54.0,37.506
10.8600,3433.6930,310.49,1.08901,54.0,37.506
10.8700,3439.7987,308.22,1.08708,54.1,37.506
10.8800,3439.7987,305.90,1.08708,54.0,37.506
10.8900,3445.6438,306.79,1.08523,54.1,37.506
10.9000,3445.6438,304.16,1.08523,54.0,37.506
10.9100,3445.6438,292.18,1.08523,54.0,37.506
10.9200,3432.1047,290.14,1.08951,54.1,37.506
10.9300,3424.7110,317.39,1.09187,54.1,37.506
10.9400,3439.6342,323.79,1.08713,54.2,37.506
10.9500,3439.6342,314.02,1.08713,54.1,37.506
10.9600,3439.6342,313.05,1.08713,54.1,37.506
10.9700,3439.6342,308.74,1.08713,54.0,37.506
10.9800,3423.6198,320.34,1.09221,54.1,37.506
10.9900,3433.0260,322.74,1.08922,54.2,37.506
11.0000,3427.5081,296.79,1.09098,54.2,37.506
11.0100,3427.5081,312.46,1.09098,54.2,37.506
11.0200,3427.5081,312.75,1.09098,54.1,37.506
11.0300,3449.0218,310.37,1.08417,54.2,37.506
11.0400,3449.0218,300.97,1.08417,54.1,37.506
11.0500,3449.0218,317.54,1.08417,54.1,37.506
11.0600,3449.0218,305.73,1.08417,54.1,37.506
11.0700,3449.0218,301.82,1.08417,54.0,37.506
11.0800,3449.0218,318.40,1.08417,54.0,37.506
11.0900,3449.0218,319.50,1.08417,53.9,37.506
11.1000,3449.0218,319.78,1.08417,53.8,37.506
11.1100,3449.0218,316.07,1.08417,53.8,37.506
11.1200,3443.0086,326.36,1.08606,53.9,37.506
11.1300,3474.0435,318.78,1.07636,53.9,37.506
11.1400,3474.0435,302.27,1.07636,53.9,37.506
11.1500,3473.8442,309.83,1.07642,53.9,37.506
11.1600,3473.8442,322.39,1.07642,53.9,37.506
11.1700,3473.1367,343.78,1.07664,54.0,37.506
11.1800,3445.1126,316.80,1.08540,54.0,37.506
11.1900,3422.3437,317.80,1.09262,54.1,37.506
11.2000,3401.6541,312.64,1.09927,54.1,37.506
11.2100,3401.6541,309.60,1.09927,54.1,37.506
11.2200,3366.1692,311.58,1.11086,54.2,37.506
11.2300,3371.1366,312.54,1.10922,54.2,37.506
11.2400,3365.1254,279.25,1.11120,54.3,37.506
11.2500,3387.7156,298.93,1.10379,54.3,37.506
11.2600,3387.7156,312.02,1.10379,54.3,37.506
11.2700,3387.7156,311.53,1.10379,54.3,37.506
11.2800,3402.2934,306.16,1.09906,54.3,37.506
11.2900,3438.7411,295.35,1.08741,54.4,37.506
11.3000,3436.4663,294.67,1.08813,54.4,37.506
11.3100,3436.4663,283.09,1.08813,54.4,37.506
11.3200,3446.1043,291.53,1.08509,54.5,37.506
11.3300,3439.5696,300.00,1.08715,54.5,37.506
11.3400,3407.9638,289.33,1.09723,54.6,37.506
11.3500,3419.9909,296.25,1.09337,54.6,37.506
11.3600,3419.9909,310.59,1.09337,54.6,37.506
11.3700,3418.1922,297.35,1.09395,54.7,37.506
11.3800,3418.1922,300.90,1.09395,54.6,37.506
11.3900,3418.1922,287.09,1.09395,54.6,37.506
11.4000,3418.1922,307.09,1.09395,54.5,37.506
11.4100,3418.1922,299.03,1.09395,54.5,37.506
11.4200,3418.1922,306.66,1.09395,54.4,37.506
11.4300,3404.4786,322.88,1.09836,54.5,37.506
11.4400,3393.5052,331.93,1.10191,54.5,37.506
11.4500,3392.3770,311.35,1.10227,54.6,37.506
11.4600,3392.3770,324.68,1.10227,54.6,37.506
11.4700,3392.3770,305.71,1.10227,54.5,37.506
11.4800,3413.3745,326.30,1.09549,54.6,37.506
11.4900,3413.3745,318.32,1.09549,54.5,37.506
11.5000,3412.8941,307.38,1.09565,54.6,37.506
11.5100,3412.8941,311.19,1.09565,54.6,37.506
11.5200,3412.8941,339.48,1.09565,54.5,37.506
11.5300,3400.1649,305.93,1.09975,54.6,37.506
11.5400,3400.1649,286.59,1.09975,54.5,37.506
11.5500,3433.8962,286.43,1.08895,54.5,37.506
11.5600,3433.8962,293.61,1.08895,54.5,37.506
11.5700,3421.3559,294.18,1.09294,54.6,37.506
11.5800,3391.9824,285.65,1.10240,54.6,37.506
11.5900,3391.9824,294.45,1.10240,54.6,37.506
11.6000,3391.9824,279.56,1.10240,54.5,37.506
11.6100,3391.9824,278.67,1.10240,54.5,37.506
11.6200,3391.9824,282.63,1.10240,54.5,37.506
11.6300,3391.9824,306.55,1.10240,54.4,37.506
11.6400,3391.9824,300.40,1.10240,54.4,37.506
11.6500,3373.8803,308.14,1.10832,54.4,37.506
11.6600,3373.8803,287.98,1.10832,54.4,37.506
11.6700,3367.9318,295.98,1.11027,54.4,37.506
11.6800,3367.9318,322.65,1.11027,54.4,37.506
11.6900,3373.7847,306.98,1.10835,54.4,37.506
11.7000,3373.7847,326.23,1.10835,54.4,37.506
11.7100,3373.7847,308.42,1.10835,54.4,37.506
11.7200,3373.7847,284.61,1.10835,54.3,37.506
11.7300,3378.2359,301.77,1.10689,54.4,37.506
11.7400,3380.2516,314.20,1.10623,54.4,37.506
11.7500,3387.3538,299.73,1.10391,54.5,37.506
11.7600,3387.3538,291.72,1.10391,54.5,37.506
11.7700,3387.3538,303.31,1.10391,54.4,37.506
11.7800,3388.8894,313.20,1.10341,54.5,37.506
11.7900,3408.9500,303.30,1.09691,54.5,37.506
11.8000,3408.9500,309.05,1.09691,54.4,37.506
11.8100,3408.9500,301.61,1.09691,54.4,37.506
11.8200,3445.6909,290.64,1.08522,54.5,37.506
11.8300,3445.6909,292.19,1.08522,54.4,37.506
11.8400,3445.6909,296.94,1.08522,54.4,37.506
11.8500,3445.6909,297.25,1.08522,54.3,37.506
11.8600,3445.6909,288.20,1.08522,54.3,37.506
11.8700,3445.6909,290.08,1.08522,54.3,37.506
11.8800,3482.0725,300.56,1.07388,54.3,37.506
11.8900,3491.7047,315.11,1.07092,54.4,37.506
11.9000,3491.7047,310.81,1.07092,54.3,37.506
11.9100,3491.7047,306.53,1.07092,54.3,37.506
11.9200,3475.6411,296.39,1.07587,54.4,37.506
11.9300,3475.6411,291.01,1.07587,54.3,37.506
11.9400,3475.6411,284.95,1.07587,54.2,37.506
11.9500,3465.4267,299.77,1.07904,54.3,37.506
11.9600,3465.4267,288.20,1.07904,54.3,37.506
11.9700,3466.9593,284.23,1.07856,54.3,37.506
11.9800,3466.9593,300.94,1.07856,54.3,37.506
11.9900,3451.5839,288.77,1.08337,54.3,37.506
12.0000,3451.5839,285.59,1.08337,54.3,37.506
12.0100,3451.5839,277.05,1.08337,54.3,37.506
12.0200,3451.5839,286.03,1.08337,54.2,37.506
12.0300,3451.5839,276.06,1.08337,54.2,37.506
12.0400,3451.5839,280.29,1.08337,54.1,37.506
12.0500,3442.9503,295.54,1.08608,54.1,37.506
12.0600,3442.9503,289.36,1.08608,54.1,37.506
12.0700,3442.9503,289.34,1.08608,54.1,37.506
12.0800,3442.2561,302.09,1.08630,54.1,37.506
12.0900,3442.2561,269.06,1.08630,54.1,37.506
12.1000,3442.2561,282.05,1.08630,54.0,37.506
12.1100,3442.2561,286.31,1.08630,54.0,37.506
12.1200,3442.2561,299.40,1.08630,54.0,37.506
12.1300,3474.4716,298.46,1.07623,54.0,37.506
12.1400,3474.4716,287.69,1.07623,54.0,37.506
12.1500,3479.2576,286.42,1.07475,54.0,37.506
12.1600,3479.2576,296.35,1.07475,54.0,37.506
12.1700,3479.2576,291.67,1.07475,54.0,37.506
12.1800,3493.1567,282.12,1.07047,54.0,37.506
12.1900,3500.7110,287.63,1.06816,54.1,37.506
12.2000,3500.7110,275.72,1.06816,54.0,37.506
12.2100,3500.7110,282.57,1.06816,54.0,37.506
12.2200,3529.5466,274.57,1.05944,54.0,37.506
12.2300,3530.3139,282.95,1.05921,54.1,37.506
12.2400,3530.3139,308.60,1.05921,54.0,37.506
12.2500,3530.3139,307.85,1.05921,54.0,37.506
12.2600,3530.3139,296.61,1.05921,54.0,37.506
12.2700,3521.8804,296.08,1.06174,54.0,37.506
12.2800,3530.2998,301.51,1.05921,54.1,37.506
12.2900,3530.2998,290.09,1.05921,54.0,37.506
12.3000,3514.3986,285.06,1.06400,54.1,37.506
12.3100,3514.3986,296.09,1.06400,54.1,37.506
12.3200,3513.2260,303.99,1.06436,54.1,37.506
12.3300,3513.2260,295.63,1.06436,54.1,37.506
12.3400,3513.2260,281.20,1.06436,54.0,37.506
12.3500,3497.0537,274.06,1.06928,54.0,37.506
12.3600,3497.0537,270.51,1.06928,54.0,37.506
12.3700,3489.2330,262.99,1.07168,54.1,37.506
12.3800,3489.2330,274.92,1.07168,54.0,37.506
12.3900,3504.5208,279.02,1.06700,54.1,37.506
12.4000,3475.0210,292.11,1.07606,54.1,37.506
12.4100,3475.0210,287.20,1.07606,54.1,37.506
12.4200,3441.8398,281.65,1.08643,54.2,37.506
12.4300,3441.8398,291.70,1.08643,54.1,37.506
12.4400,3444.9619,284.17,1.08545,54.2,37.506
12.4500,3474.6557,273.34,1.07617,54.2,37.506
12.4600,3474.6557,274.78,1.07617,54.2,37.506
12.4700,3474.6557,265.84,1.07617,54.2,37.506
12.4800,3509.9587,288.33,1.06535,54.2,37.506
12.4900,3504.6677,293.81,1.06696,54.3,37.506
12.5000,3496.2845,297.14,1.06951,54.3,37.506
12.5100,3496.2845,291.45,1.06951,54.3,37.506
12.5200,3478.6856,278.02,1.07493,54.3,37.506
12.5300,3478.6856,297.18,1.07493,54.3,37.506
12.5400,3478.6856,313.50,1.07493,54.2,37.506
12.5500,3474.3532,310.58,1.07627,54.3,37.506
12.5600,3474.3532,295.17,1.07627,54.3,37.506
12.5700,3474.3161,299.43,1.07628,54.3,37.506
12.5800,3474.3161,298.44,1.07628,54.3,37.506
12.5900,3460.6472,302.73,1.08053,54.3,37.506
12.6000,3473.3429,292.44,1.07658,54.4,37.506
12.6100,3473.3429,292.21,1.07658,54.4,37.506
12.6200,3495.3813,306.53,1.06979,54.4,37.506
12.6300,3510.3332,278.78,1.06523,54.5,37.506
12.6400,3501.5604,305.59,1.06790,54.5,37.506
12.6500,3511.6507,299.03,1.06483,54.5,37.506
12.6600,3511.6507,278.98,1.06483,54.5,37.506
12.6700,3511.6507,265.85,1.06483,54.5,37.506
12.6800,3544.0290,286.52,1.05511,54.5,37.506
12.6900,3567.0057,291.49,1.04831,54.6,37.506
12.7000,3579.4518,274.21,1.04466,54.6,37.506
12.7100,3579.4518,288.72,1.04466,54.6,37.506
12.7200,3579.4518,295.60,1.04466,54.6,37.506
12.7300,3579.4518,284.22,1.04466,54.5,37.506
12.7400,3554.6007,280.96,1.05197,54.6,37.506
12.7500,3554.6007,295.14,1.05197,54.5,37.506
12.7600,3554.6007,281.91,1.05197,54.5,37.506
12.7700,3519.9953,290.13,1.06231,54.6,37.506
12.7800,3519.9953,283.97,1.06231,54.5,37.506
12.7900,3538.1773,267.16,1.05685,54.5,37.506
12.8000,3538.1773,286.68,1.05685,54.5,37.506
12.8100,3538.1773,288.57,1.05685,54.5,37.506
12.8200,3553.0607,262.96,1.05242,54.5,37.506
12.8300,3527.7025,276.63,1.05999,54.6,37.506
12.8400,3527.7025,276.27,1.05999,54.5,37.506
12.8500,3543.0046,278.63,1.05541,54.6,37.506
12.8600,3543.0046,274.10,1.05541,54.6,37.506
12.8700,3570.8796,281.31,1.04717,54.6,37.506
12.8800,3570.9132,301.30,1.04716,54.7,37.506
12.8900,3562.2218,297.71,1.04972,54.7,37.506
12.9000,3551.7906,291.67,1.05280,54.7,37.506
12.9100,3551.7906,292.80,1.05280,54.7,37.506
12.9200,3551.7906,293.43,1.05280,54.7,37.506
12.9300,3551.7906,297.90,1.05280,54.6,37.506
12.9400,3546.4622,286.92,1.05438,54.7,37.506
12.9500,3546.4622,298.04,1.05438,54.6,37.506
12.9600,3546.4622,288.91,1.05438,54.6,37.506
12.9700,3546.4622,295.64,1.05438,54.6,37.506
12.9800,3513.8219,295.87,1.06418,54.6,37.506
12.9900,3484.5114,286.91,1.07313,54.7,37.506
13.0000,3486.3080,292.53,1.07257,54.7,37.506
13.0100,3486.3080,299.97,1.07257,54.7,37.506
13.0200,3486.6112,297.40,1.07248,54.8,37.506
13.0300,3512.9924,296.58,1.06443,54.8,37.506
13.0400,3500.9166,312.34,1.06810,54.8,37.506
13.0500,3500.9166,296.47,1.06810,54.8,37.506
13.0600,3500.9166,302.26,1.06810,54.8,37.506
13.0700,3500.9166,307.17,1.06810,54.7,37.506
13.0800,3507.3099,315.64,1.06615,54.8,37.506
13.0900,3507.3099,302.89,1.06615,54.7,37.506
13.1000,3507.3099,309.67,1.06615,54.7,37.506
13.1100,3507.3099,294.49,1.06615,54.7,37.506
13.1200,3492.7922,307.32,1.07058,54.7,37.506
13.1300,3492.7922,310.41,1.07058,54.7,37.506
13.1400,3512.8080,288.36,1.06448,54.7,37.506
13.1500,3491.9897,307.07,1.07083,54.8,37.506
13.1600,3491.9897,300.97,1.07083,54.8,37.506
13.1700,3499.6378,290.83,1.06849,54.8,37.506
13.1800,3499.6378,297.32,1.06849,54.7,37.506
13.1900,3499.6378,295.27,1.06849,54.7,37.506
13.2000,3499.6378,310.30,1.06849,54.6,37.506
13.2100,3499.6378,308.99,1.06849,54.6,37.506
13.2200,3489.6398,309.30,1.07155,54.7,37.506
13.2300,3512.1530,310.80,1.06468,54.7,37.506
13.2400,3512.1530,298.03,1.06468,54.7,37.506
13.2500,3512.1530,311.25,1.06468,54.6,37.506
13.2600,3512.1530,337.84,1.06468,54.6,37.506
13.2700,3523.6667,312.92,1.06120,54.7,37.506
13.2800,3523.6667,319.67,1.06120,54.6,37.506
13.2900,3523.6667,315.07,1.06120,54.6,37.506
13.3000,3531.5899,297.61,1.05882,54.6,37.506
13.3100,3531.5899,298.10,1.05882,54.6,37.506
13.3200,3531.5899,291.88,1.05882,54.6,37.506
13.3300,3531.5899,300.04,1.05882,54.5,37.506
13.3400,3506.5585,309.13,1.06638,54.5,37.506
13.3500,3481.0192,313.02,1.07420,54.6,37.506
13.3600,3481.0192,297.44,1.07420,54.6,37.506
13.3700,3481.0192,316.34,1.07420,54.5,37.506
13.3800,3481.0192,296.82,1.07420,54.5,37.506
13.3900,3447.3931,283.85,1.08468,54.5,37.506
13.4000,3440.5551,284.33,1.08684,54.6,37.506
13.4100,3440.5551,283.64,1.08684,54.6,37.506
13.4200,3440.5551,284.74,1.08684,54.5,37.506
13.4300,3440.5551,295.06,1.08684,54.5,37.506
13.4400,3443.7522,295.46,1.08583,54.5,37.506
13.4500,3421.3350,292.16,1.09294,54.6,37.506
13.4600,3421.3350,288.05,1.09294,54.6,37.506
13.4700,3421.3350,293.44,1.09294,54.5,37.506
13.4800,3386.2472,310.94,1.10427,54.5,37.506
13.4900,3367.2571,302.86,1.11050,54.6,37.506
13.5000,3367.2571,308.38,1.11050,54.5,37.506
13.5100,3367.2571,290.63,1.11050,54.5,37.506
13.5200,3367.2571,300.88,1.11050,54.5,37.506
13.5300,3367.2571,291.06,1.11050,54.4,37.506
13.5400,3380.9483,298.32,1.10600,54.5,37.506
13.5500,3380.9483,290.06,1.10600,54.4,37.506
13.5600,3380.9483,282.24,1.10600,54.4,37.506
13.5700,3380.9483,276.43,1.10600,54.4,37.506
13.5800,3380.9483,286.46,1.10600,54.3,37.506
13.5900,3407.7778,296.10,1.09729,54.4,37.506
13.6000,3407.7778,278.71,1.09729,54.3,37.506
13.6100,3407.7778,269.43,1.09729,54.3,37.506
13.6200,3407.7778,292.88,1.09729,54.3,37.506
13.6300,3411.9109,279.79,1.09596,54.3,37.506
13.6400,3411.9109,283.86,1.09596,54.3,37.506
13.6500,3411.9109,291.18,1.09596,54.2,37.506
13.6600,3411.9109,295.07,1.09596,54.2,37.506
13.6700,3440.7372,293.38,1.08678,54.3,37.506
13.6800,3440.7372,311.84,1.08678,54.2,37.506
13.6900,3432.9161,300.46,1.08926,54.2,37.506
13.7000,3432.9161,298.40,1.08926,54.2,37.506
13.7100,3432.9161,294.20,1.08926,54.2,37.506
13.7200,3431.1642,305.44,1.08981,54.2,37.506
13.7300,3451.8273,293.07,1.08329,54.3,37.506
13.7400,3451.8273,297.75,1.08329,54.2,37.506
13.7500,3451.8273,294.17,1.08329,54.2,37.506
13.7600,3451.8273,310.62,1.08329,54.2,37.506
13.7700,3448.4983,314.38,1.08433,54.2,37.506
13.7800,3448.4983,288.56,1.08433,54.2,37.506
13.7900,3448.4983,285.64,1.08433,54.1,37.506
13.8000,3422.4759,315.51,1.09258,54.2,37.506
13.8100,3422.4759,296.07,1.09258,54.2,37.506
13.8200,3436.5293,315.29,1.08811,54.2,37.506
13.8300,3436.5293,312.85,1.08811,54.2,37.506
13.8400,3436.5293,307.47,1.08811,54.1,37.506
13.8500,3436.5293,296.22,1.08811,54.1,37.506
13.8600,3436.5293,303.41,1.08811,54.1,37.506
13.8700,3424.7403,319.65,1.09186,54.1,37.506
13.8800,3458.9351,314.15,1.08106,54.1,37.506
13.8900,3439.3018,310.16,1.08723,54.2,37.506
13.9000,3439.3018,307.09,1.08723,54.1,37.506
13.9100,3439.3018,295.41,1.08723,54.1,37.506
13.9200,3439.3018,293.44,1.08723,54.1,37.506
13.9300,3439.3018,282.39,1.08723,54.0,37.506
13.9400,3439.3018,285.76,1.08723,54.0,37.506
13.9500,3441.3575,303.73,1.08658,54.0,37.506
13.9600,3441.3575,319.20,1.08658,54.0,37.506
13.9700,3422.7643,300.83,1.09249,54.1,37.506
13.9800,3422.7643,299.42,1.09249,54.0,37.506
13.9900,3422.7643,300.58,1.09249,54.0,37.506
14.0000,3422.7643,299.18,1.09249,53.9,37.506
14.0100,3422.7643,283.99,1.09249,53.9,37.506
14.0200,3422.7643,266.95,1.09249,53.9,37.506
14.0300,3422.7643,300.90,1.09249,53.8,37.506
14.0400,3420.8368,300.31,1.09310,53.9,37.506
14.0500,3420.8368,292.86,1.09310,53.8,37.506
14.0600,3420.8368,299.99,1.09310,53.8,37.506
14.0700,3387.1751,296.17,1.10397,53.9,37.506
14.0800,3387.1751,310.27,1.10397,53.8,37.506
14.0900,3387.1751,306.74,1.10397,53.8,37.506
14.1000,3387.1751,318.86,1.10397,53.7,37.506
14.1100,3387.1751,304.30,1.10397,53.7,37.506
14.1200,3387.1751,330.66,1.10397,53.7,37.506
14.1300,3387.1751,321.78,1.10397,53.6,37.506
14.1400,3387.1751,339.57,1.10397,53.6,37.506
14.1500,3387.1751,341.86,1.10397,53.5,37.506
14.1600,3387.1751,328.58,1.10397,53.5,37.506
14.1700,3387.1751,322.81,1.10397,53.5,37.506
14.1800,3410.4889,311.63,1.09642,53.5,37.506
14.1900,3410.4889,299.38,1.09642,53.5,37.506
14.2000,3425.1292,308.44,1.09173,53.5,37.506
14.2100,3425.1292,326.25,1.09173,53.5,37.506
14.2200,3434.5679,325.68,1.08873,53.6,37.506
14.2300,3434.8908,324.12,1.08863,53.6,37.506
14.2400,3434.8908,302.28,1.08863,53.6,37.506
14.2500,3434.8908,308.74,1.08863,53.5,37.506
14.2600,3434.8908,319.28,1.08863,53.5,37.506
14.2700,3436.4595,322.57,1.08813,53.5,37.506
14.2800,3436.4595,325.99,1.08813,53.5,37.506
14.2900,3436.4595,324.46,1.08813,53.5,37.506
14.3000,3450.1166,321.31,1.08383,53.5,37.506
14.3100,3450.1166,329.86,1.08383,53.5,37.506
14.3200,3450.1166,307.76,1.08383,53.4,37.506
14.3300,3434.4187,320.25,1.08878,53.5,37.506
14.3400,3450.7621,308.12,1.08362,53.5,37.506
14.3500,3464.8946,314.24,1.07920,53.6,37.506
14.3600,3464.8946,310.09,1.07920,53.6,37.506
14.3700,3464.8946,313.93,1.07920,53.5,37.506
14.3800,3464.8946,298.43,1.07920,53.5,37.506
14.3900,3464.8946,299.94,1.07920,53.4,37.506
14.4000,3464.8946,291.86,1.07920,53.4,37.506
14.4100,3464.8946,292.43,1.07920,53.4,37.506
14.4200,3464.8946,303.48,1.07920,53.3,37.506
14.4300,3464.8946,305.34,1.07920,53.3,37.506
14.4400,3463.9910,306.88,1.07949,53.3,37.506
14.4500,3463.9910,285.59,1.07949,53.3,37.506
14.4600,3463.9910,279.50,1.07949,53.3,37.506
14.4700,3463.9910,273.01,1.07949,53.2,37.506
14.4800,3463.9910,277.03,1.07949,53.2,37.506
14.4900,3471.3241,284.30,1.07720,53.2,37.506
14.5000,3492.4901,284.46,1.07068,53.3,37.506
14.5100,3492.4901,279.90,1.07068,53.3,37.506
14.5200,3492.4901,282.39,1.07068,53.2,37.506
14.5300,3492.4901,287.58,1.07068,53.2,37.506
14.5400,3492.4901,280.82,1.07068,53.1,37.506
14.5500,3492.4901,292.29,1.07068,53.1,37.506
14.5600,3492.4901,278.57,1.07068,53.1,37.506
14.5700,3492.4901,274.21,1.07068,53.0,37.506
14.5800,3505.3185,281.74,1.06676,53.1,37.506
14.5900,3505.3185,288.71,1.06676,53.0,37.506
14.6000,3505.3185,291.20,1.06676,53.0,37.506
14.6100,3505.3185,293.17,1.06676,53.0,37.506
14.6200,3506.1545,304.32,1.06650,53.0,37.506
14.6300,3506.1545,310.98,1.06650,53.0,37.506
14.6400,3533.9886,310.93,1.05810,53.0,37.506
14.6500,3539.9271,304.55,1.05633,53.1,37.506
14.6600,3539.9271,296.06,1.05633,53.1,37.506
14.6700,3533.4045,311.36,1.05828,53.1,37.506
14.6800,3533.4045,305.55,1.05828,53.1,37.506
14.6900,3496.4753,300.75,1.06946,53.1,37.506
14.7000,3490.7044,299.81,1.07122,53.1,37.506
14.7100,3490.7044,298.15,1.07122,53.1,37.506
14.7200,3490.7044,285.99,1.07122,53.1,37.506
14.7300,3490.7044,282.46,1.07122,53.1,37.506
14.7400,3483.3657,292.02,1.07348,53.1,37.506
14.7500,3470.9040,297.38,1.07734,53.1,37.506
14.7600,3470.9040,308.63,1.07734,53.1,37.506
14.7700,3491.5350,302.24,1.07097,53.2,37.506
14.7800,3491.5350,297.59,1.07097,53.1,37.506
14.7900,3469.7555,321.99,1.07769,53.2,37.506
14.8000,3470.5700,313.17,1.07744,53.2,37.506
14.8100,3470.5700,315.24,1.07744,53.2,37.506
14.8200,3470.5700,312.74,1.07744,53.2,37.506
14.8300,3470.5700,310.44,1.07744,53.1,37.506
14.8400,3477.5647,310.21,1.07527,53.2,37.506
14.8500,3489.5858,310.83,1.07157,53.2,37.506
14.8600,3489.5858,298.57,1.07157,53.2,37.506
14.8700,3495.3553,301.62,1.06980,53.2,37.506
14.8800,3495.3553,309.65,1.06980,53.2,37.506
14.8900,3521.0901,294.89,1.06198,53.2,37.506
14.9000,3521.0901,295.23,1.06198,53.2,37.506
14.9100,3521.0901,312.11,1.06198,53.2,37.506
14.9200,3521.0901,298.68,1.06198,53.1,37.506
14.9300,3521.0901,299.03,1.06198,53.1,37.506
14.9400,3487.8704,295.96,1.07209,53.1,37.506
14.9500,3486.5749,279.60,1.07249,53.2,37.506
14.9600,3486.5749,298.17,1.07249,53.2,37.506
14.9700,3478.0770,303.06,1.07511,53.2,37.506
14.9800,3478.0770,307.01,1.07511,53.2,37.506
14.9900,3478.0770,340.35,1.07511,53.1,37.506
15.0000,3478.1442,309.63,1.07509,53.2,37.506
15.0100,3478.1442,307.52,1.07509,53.2,37.506
15.0200,3477.5861,312.93,1.07526,53.2,37.506
15.0300,3477.5861,313.17,1.07526,53.2,37.506
15.0400,3483.4253,305.25,1.07346,53.2,37.506
15.0500,3462.1807,314.81,1.08005,53.2,37.506
15.0600,3462.1807,306.11,1.08005,53.2,37.506
15.0700,3461.8478,314.04,1.08015,53.3,37.506
15.0800,3466.9271,326.07,1.07857,53.3,37.506
15.0900,3466.9271,323.70,1.07857,53.3,37.506
15.1000,3466.9271,326.68,1.07857,53.2,37.506
15.1100,3466.9271,307.39,1.07857,53.2,37.506
15.1200,3466.9271,297.71,1.07857,53.2,37.506
15.1300,3466.9271,320.18,1.07857,53.1,37.506
15.1400,3466.9271,322.39,1.07857,53.1,37.506
15.1500,3466.9271,301.37,1.07857,53.1,37.506
15.1600,3466.9271,320.12,1.07857,53.1,37.506
15.1700,3468.9305,318.75,1.07795,53.1,37.506
15.1800,3468.9305,327.25,1.07795,53.0,37.506
15.1900,3468.9305,312.44,1.07795,53.0,37.506
15.2000,3466.8330,305.18,1.07860,53.0,37.506
15.2100,3466.8330,286.95,1.07860,53.0,37.506
15.2200,3466.8330,295.34,1.07860,53.0,37.506
15.2300,3466.8330,295.68,1.07860,53.0,37.506
15.2400,3462.2595,288.84,1.08002,53.0,37.506
15.2500,3462.2595,315.77,1.08002,53.0,37.506
15.2600,3462.2595,320.97,1.08002,53.0,37.506
15.2700,3482.5815,316.13,1.07372,53.0,37.506
15.2800,3482.5815,318.59,1.07372,52.9,37.506
15.2900,3482.5815,322.05,1.07372,52.9,37.506
15.3000,3480.4956,311.51,1.07437,52.9,37.506
15.3100,3480.4956,292.26,1.07437,52.9,37.506
15.3200,3454.4300,292.72,1.08247,53.0,37.506
15.3300,3463.5080,291.95,1.07964,53.0,37.506
15.3400,3473.6822,302.32,1.07647,53.1,37.506
15.3500,3473.6822,300.72,1.07647,53.0,37.506
15.3600,3473.6822,306.76,1.07647,53.0,37.506
15.3700,3473.6822,314.78,1.07647,53.0,37.506
15.3800,3473.6822,302.15,1.07647,52.9,37.506
15.3900,3470.2709,295.72,1.07753,53.0,37.506
15.4000,3470.2709,304.44,1.07753,52.9,37.506
15.4100,3470.2709,303.12,1.07753,52.9,37.506
15.4200,3471.9611,308.90,1.07701,53.0,37.506
15.4300,3505.4975,305.09,1.06670,53.0,37.506
15.4400,3482.5713,312.87,1.07373,53.0,37.506
15.4500,3482.5713,293.60,1.07373,53.0,37.506
15.4600,3482.5713,283.75,1.07373,53.0,37.506
15.4700,3482.5713,298.64,1.07373,53.0,37.506
15.4800,3484.7231,295.31,1.07306,53.0,37.506
15.4900,3503.5088,294.57,1.06731,53.0,37.506
15.5000,3503.5088,289.30,1.06731,53.0,37.506
15.5100,3503.5088,300.77,1.06731,53.0,37.506
15.5200,3503.5088,291.68,1.06731,52.9,37.506
15.5300,3508.8912,285.00,1.06567,53.0,37.506
15.5400,3508.8912,282.63,1.06567,52.9,37.506
15.5500,3508.8912,283.33,1.06567,52.9,37.506
15.5600,3508.8912,277.87,1.06567,52.9,37.506
15.5700,3508.8912,274.66,1.06567,52.9,37.506
15.5800,3488.5964,278.93,1.07187,52.9,37.506
15.5900,3476.9146,282.74,1.07547,52.9,37.506
15.6000,3471.9277,309.73,1.07702,53.0,37.506
15.6100,3471.9277,299.05,1.07702,53.0,37.506
15.6200,3471.9277,314.32,1.07702,52.9,37.506
15.6300,3468.7656,310.56,1.07800,53.0,37.506
15.6400,3468.7656,325.17,1.07800,52.9,37.506
15.6500,3468.7656,300.96,1.07800,52.9,37.506
15.6600,3468.7656,308.21,1.07800,52.9,37.506
15.6700,3448.4203,303.53,1.08436,52.9,37.506
15.6800,3448.2229,314.65,1.08442,53.0,37.506
15.6900,3448.2229,309.32,1.08442,52.9,37.506
15.7000,3448.2229,310.06,1.08442,52.9,37.506
15.7100,3448.2229,306.67,1.08442,52.9,37.506
15.7200,3456.5910,311.16,1.08180,52.9,37.506
15.7300,3456.5910,329.64,1.08180,52.9,37.506
15.7400,3423.7912,315.66,1.09216,52.9,37.506
15.7500,3393.0965,304.70,1.10204,52.9,37.506
15.7600,3393.0965,328.83,1.10204,52.9,37.506
15.7700,3393.0965,309.53,1.10204,52.9,37.506
15.7800,3393.0965,303.70,1.10204,52.9,37.506
15.7900,3393.0965,309.33,1.10204,52.8,37.506
15.8000,3381.5238,303.22,1.10581,52.8,37.506
15.8100,3381.5238,290.58,1.10581,52.8,37.506
15.8200,3381.5238,310.47,1.10581,52.8,37.506
15.8300,3360.8810,296.12,1.11260,52.8,37.506
15.8400,3360.8810,307.72,1.11260,52.8,37.506
15.8500,3360.8810,310.73,1.11260,52.8,37.506
15.8600,3360.8810,318.07,1.11260,52.8,37.506
15.8700,3349.5828,307.52,1.11636,52.8,37.506
15.8800,3333.4997,293.99,1.12174,52.8,37.506
15.8900,3332.9206,305.90,1.12194,52.9,37.506
15.9000,3332.9206,322.99,1.12194,52.8,37.506
15.9100,3332.9206,299.33,1.12194,52.8,37.506
15.9200,3332.9206,289.16,1.12194,52.8,37.506
15.9300,3342.7956,292.91,1.11862,52.8,37.506
15.9400,3345.6789,292.29,1.11766,52.9,37.506
15.9500,3357.1753,295.40,1.11383,52.9,37.506
15.9600,3357.1753,291.37,1.11383,52.9,37.506
15.9700,3357.1753,291.15,1.11383,52.9,37.506
15.9800,3357.1753,306.41,1.11383,52.8,37.506
15.9900,3357.1753,314.41,1.11383,52.8,37.506
16.0000,3357.1753,301.81,1.11383,52.7,37.506
16.0100,3357.1753,295.87,1.11383,52.7,37.506
16.0200,3357.1753,285.60,1.11383,52.7,37.506
16.0300,3357.1753,292.85,1.11383,52.7,37.506
16.0400,3357.1753,276.72,1.11383,52.6,37.506
16.0500,3357.1753,319.55,1.11383,52.6,37.506
16.0600,3357.1753,308.38,1.11383,52.6,37.506
16.0700,3342.2447,323.26,1.11881,52.6,37.506
16.0800,3342.2447,291.55,1.11881,52.6,37.506
16.0900,3342.2447,289.21,1.11881,52.5,37.506
16.1000,3342.2447,310.09,1.11881,52.5,37.506
16.1100,3342.2447,299.30,1.11881,52.5,37.506
16.1200,3377.8296,289.65,1.10702,52.5,37.506
16.1300,3377.8296,311.10,1.10702,52.5,37.506
16.1400,3377.8296,320.73,1.10702,52.4,37.506
16.1500,3377.8296,314.88,1.10702,52.4,37.506
16.1600,3377.8296,302.83,1.10702,52.4,37.506
16.1700,3377.8296,290.29,1.10702,52.4,37.506
16.1800,3379.2180,286.47,1.10657,52.4,37.506
16.1900,3379.2180,271.90,1.10657,52.4,37.506
16.2000,3379.2180,273.44,1.10657,52.3,37.506
16.2100,3379.2180,287.27,1.10657,52.3,37.506
16.2200,3378.0705,294.84,1.10694,52.4,37.506
16.2300,3378.0705,289.90,1.10694,52.3,37.506
16.2400,3368.0654,272.70,1.11023,52.3,37.506
16.2500,3368.0654,286.88,1.11023,52.3,37.506
16.2600,3368.0654,291.98,1.11023,52.3,37.506
16.2700,3340.3797,272.55,1.11943,52.3,37.506
16.2800,3340.3797,287.88,1.11943,52.3,37.506
16.2900,3339.6869,273.45,1.11966,52.3,37.506
16.3000,3339.6869,307.05,1.11966,52.3,37.506
16.3100,3339.6869,308.54,1.11966,52.3,37.506
16.3200,3339.6869,300.81,1.11966,52.3,37.506
16.3300,3342.4210,300.25,1.11875,52.3,37.506
16.3400,3342.4210,299.74,1.11875,52.3,37.506
16.3500,3332.7127,309.11,1.12201,52.3,37.506
16.3600,3332.7127,312.30,1.12201,52.3,37.506
16.3700,3332.7127,325.08,1.12201,52.3,37.506
16.3800,3332.7127,319.20,1.12201,52.2,37.506
16.3900,3359.5882,287.23,1.11303,52.3,37.506
16.4000,3359.5882,303.58,1.11303,52.2,37.506
16.4100,3359.5882,276.12,1.11303,52.2,37.506
16.4200,3359.5882,277.23,1.11303,52.2,37.506
16.4300,3370.4588,286.13,1.10944,52.2,37.506
16.4400,3370.4588,294.04,1.10944,52.2,37.506
16.4500,3370.4588,267.80,1.10944,52.1,37.506
16.4600,3370.4588,272.61,1.10944,52.1,37.506
16.4700,3370.4588,285.04,1.10944,52.1,37.506
16.4800,3369.2314,264.02,1.10985,52.1,37.506
16.4900,3395.6773,271.70,1.10120,52.2,37.506
16.5000,3373.9851,281.87,1.10828,52.2,37.506
16.5100,3373.9851,293.36,1.10828,52.2,37.506
16.5200,3359.0544,299.46,1.11321,52.2,37.506
16.5300,3348.7334,291.66,1.11664,52.3,37.506
16.5400,3348.7334,283.28,1.11664,52.2,37.506
16.5500,3359.1397,283.41,1.11318,52.3,37.506
16.5600,3359.1397,289.13,1.11318,52.3,37.506
16.5700,3359.1397,271.70,1.11318,52.2,37.506
16.5800,3359.1397,266.82,1.11318,52.2,37.506
16.5900,3359.1397,284.60,1.11318,52.1,37.506
16.6000,3370.1513,302.28,1.10954,52.2,37.506
16.6100,3370.1513,292.60,1.10954,52.2,37.506
16.6200,3370.1513,281.17,1.10954,52.1,37.506
16.6300,3388.4355,284.43,1.10356,52.2,37.506
16.6400,3369.8231,283.37,1.10965,52.2,37.506
16.6500,3362.8167,290.24,1.11196,52.3,37.506
16.6600,3362.8167,288.91,1.11196,52.3,37.506
16.6700,3361.5541,290.17,1.11238,52.3,37.506
16.6800,3361.5541,292.30,1.11238,52.2,37.506
16.6900,3361.5541,307.01,1.11238,52.2,37.506
16.7000,3361.5541,307.30,1.11238,52.2,37.506
16.7100,3361.5541,323.80,1.11238,52.2,37.506
16.7200,3370.2198,285.19,1.10952,52.2,37.506
16.7300,3370.2198,306.26,1.10952,52.2,37.506
16.7400,3383.9369,298.02,1.10502,52.2,37.506
16.7500,3383.0019,287.14,1.10533,52.2,37.506
16.7600,3383.0019,282.70,1.10533,52.2,37.506
16.7700,3383.0019,289.72,1.10533,52.2,37.506
16.7800,3383.0019,292.60,1.10533,52.2,37.506
16.7900,3383.0019,301.09,1.10533,52.1,37.506
16.8000,3367.9429,302.83,1.11027,52.2,37.506
16.8100,3367.9429,294.21,1.11027,52.2,37.506
16.8200,3367.9429,283.69,1.11027,52.1,37.506
16.8300,3367.9429,329.09,1.11027,52.1,37.506
16.8400,3367.9429,290.42,1.11027,52.0,37.506
16.8500,3367.9429,303.34,1.11027,52.0,37.506
16.8600,3367.9429,301.64,1.11027,52.0,37.506
16.8700,3371.5977,303.43,1.10907,52.0,37.506
16.8800,3371.5977,284.09,1.10907,52.0,37.506
16.8900,3346.2643,298.21,1.11746,52.0,37.506
16.9000,3346.2643,285.18,1.11746,52.0,37.506
16.9100,3346.2643,281.47,1.11746,52.0,37.506
16.9200,3346.2643,273.50,1.11746,52.0,37.506
16.9300,3337.1011,286.84,1.12053,52.0,37.506
16.9400,3305.5982,287.47,1.13121,52.0,37.506
16.9500,3316.8951,288.70,1.12736,52.1,37.506
16.9600,3316.8951,305.05,1.12736,52.1,37.506
16.9700,3334.5632,311.28,1.12138,52.1,37.506
16.9800,3348.8914,284.34,1.11659,52.1,37.506
16.9900,3348.8914,280.48,1.11659,52.1,37.506
17.0000,3348.8914,293.50,1.11659,52.1,37.506
17.0100,3348.8914,308.08,1.11659,52.1,37.506
17.0200,3336.3417,310.77,1.12079,52.1,37.506
17.0300,3321.2530,286.66,1.12588,52.1,37.506
17.0400,3321.6699,300.61,1.12574,52.2,37.506
17.0500,3309.8793,304.56,1.12975,52.2,37.506
17.0600,3309.8793,317.38,1.12975,52.2,37.506
17.0700,3291.7165,310.89,1.13598,52.2,37.506
17.0800,3291.7165,306.87,1.13598,52.2,37.506
17.0900,3291.7165,288.63,1.13598,52.2,37.506
17.1000,3292.3146,307.52,1.13577,52.2,37.506
17.1100,3292.3146,299.61,1.13577,52.2,37.506
17.1200,3309.4365,288.67,1.12990,52.2,37.506
17.1300,3309.4365,287.78,1.12990,52.2,37.506
17.1400,3313.0299,278.81,1.12867,52.2,37.506
17.1500,3313.0299,322.45,1.12867,52.2,37.506
17.1600,3313.0299,297.94,1.12867,52.2,37.506
17.1700,3313.0299,285.40,1.12867,52.1,37.506
17.1800,3313.0299,279.07,1.12867,52.1,37.506
17.1900,3313.0299,291.47,1.12867,52.1,37.506
17.2000,3313.0299,294.74,1.12867,52.0,37.506
17.2100,3313.0299,299.94,1.12867,52.0,37.506
17.2200,3313.0299,273.71,1.12867,52.0,37.506
17.2300,3313.0299,280.31,1.12867,52.0,37.506
17.2400,3328.2797,275.70,1.12350,52.0,37.506
17.2500,3328.2797,291.55,1.12350,52.0,37.506
17.2600,3328.2797,294.17,1.12350,52.0,37.506
17.2700,3328.2797,279.13,1.12350,51.9,37.506
17.2800,3328.2797,278.53,1.12350,51.9,37.506
17.2900,3328.2797,295.62,1.12350,51.8,37.506
17.3000,3327.5536,299.73,1.12375,51.9,37.506
17.3100,3327.5536,286.10,1.12375,51.9,37.506
17.3200,3334.8172,283.85,1.12130,51.9,37.506
17.3300,3370.3071,302.71,1.10949,51.9,37.506
17.3400,3370.3071,306.54,1.10949,51.9,37.506
17.3500,3370.3071,304.18,1.10949,51.9,37.506
17.3600,3370.3071,302.75,1.10949,51.9,37.506
17.3700,3346.7086,301.62,1.11731,51.9,37.506
17.3800,3357.2172,301.91,1.11382,51.9,37.506
17.3900,3324.4461,296.25,1.12480,52.0,37.506
17.4000,3330.1463,315.28,1.12287,52.0,37.506
17.4100,3330.1463,318.31,1.12287,52.0,37.506
17.4200,3322.4553,317.93,1.12547,52.0,37.506
17.4300,3315.7254,315.06,1.12776,52.1,37.506
17.4400,3296.5107,321.01,1.13433,52.1,37.506
17.4500,3296.5107,300.37,1.13433,52.1,37.506
17.4600,3296.5107,292.10,1.13433,52.1,37.506
17.4700,3318.1959,305.49,1.12692,52.1,37.506
17.4800,3318.1959,293.46,1.12692,52.1,37.506
17.4900,3318.1959,296.00,1.12692,52.0,37.506
17.5000,3310.6299,301.26,1.12949,52.1,37.506
17.5100,3310.6299,309.15,1.12949,52.1,37.506
17.5200,3310.6299,278.59,1.12949,52.0,37.506
17.5300,3302.0237,269.09,1.13243,52.1,37.506
17.5400,3276.6830,288.65,1.14119,52.1,37.506
17.5500,3239.7673,281.32,1.15420,52.1,37.506
17.5600,3239.7673,290.47,1.15420,52.1,37.506
17.5700,3259.4009,293.48,1.14724,52.2,37.506
17.5800,3278.0520,293.73,1.14072,52.2,37.506
17.5900,3278.0520,290.23,1.14072,52.2,37.506
17.6000,3269.9522,283.88,1.14354,52.2,37.506
17.6100,3269.9522,296.17,1.14354,52.2,37.506
17.6200,3240.4936,296.33,1.15394,52.2,37.506
17.6300,3241.6587,300.62,1.15352,52.3,37.506
17.6400,3241.6587,288.65,1.15352,52.2,37.506
17.6500,3241.6587,309.70,1.15352,52.2,37.506
17.6600,3241.6587,314.60,1.15352,52.2,37.506
17.6700,3278.0545,317.98,1.14072,52.2,37.506
17.6800,3275.3224,317.06,1.14167,52.3,37.506
17.6900,3275.3224,329.91,1.14167,52.2,37.506
17.7000,3275.3224,314.38,1.14167,52.2,37.506
17.7100,3275.3224,301.64,1.14167,52.2,37.506
17.7200,3275.3224,310.83,1.14167,52.2,37.506
17.7300,3289.6050,319.26,1.13671,52.2,37.506
17.7400,3287.6873,307.06,1.13737,52.2,37.506
17.7500,3304.4973,317.66,1.13159,52.3,37.506
17.7600,3304.4973,321.89,1.13159,52.3,37.506
17.7700,3311.0669,315.92,1.12934,52.3,37.506
17.7800,3311.0669,311.87,1.12934,52.3,37.506
17.7900,3311.0669,295.16,1.12934,52.2,37.506
17.8000,3311.0669,311.68,1.12934,52.2,37.506
17.8100,3311.0669,303.67,1.12934,52.2,37.506
17.8200,3304.5325,300.14,1.13158,52.2,37.506
17.8300,3287.6380,310.39,1.13739,52.2,37.506
17.8400,3303.1149,312.86,1.13206,52.3,37.506
17.8500,3322.7224,315.17,1.12538,52.3,37.506
17.8600,3322.7224,320.80,1.12538,52.3,37.506
17.8700,3329.1734,317.06,1.12320,52.3,37.506
17.8800,3329.1734,307.38,1.12320,52.3,37.506
17.8900,3329.1734,319.13,1.12320,52.3,37.506
17.9000,3350.9693,318.35,1.11589,52.3,37.506
17.9100,3350.9693,302.94,1.11589,52.3,37.506
17.9200,3375.5886,286.42,1.10776,52.3,37.506
17.9300,3373.6039,306.97,1.10841,52.4,37.506
17.9400,3373.8590,308.02,1.10832,52.4,37.506
17.9500,3344.9310,323.93,1.11791,52.4,37.506
17.9600,3344.9310,313.36,1.11791,52.4,37.506
17.9700,3344.9310,301.49,1.11791,52.4,37.506
17.9800,3317.9762,303.97,1.12699,52.4,37.506
17.9900,3317.9762,308.58,1.12699,52.4,37.506
18.0000,3293.2259,308.26,1.13546,52.4,37.506
18.0100,3293.2259,309.74,1.13546,52.4,37.506
18.0200,3293.2259,300.05,1.13546,52.4,37.506
18.0300,3290.7610,300.15,1.13631,52.4,37.506
18.0400,3327.8132,307.90,1.12366,52.5,37.506
18.0500,3326.2534,290.67,1.12419,52.5,37.506
18.0600,3326.2534,296.10,1.12419,52.5,37.506
18.0700,3324.2141,313.48,1.12488,52.5,37.506
18.0800,3333.5451,296.45,1.12173,52.6,37.506
18.0900,3360.7678,302.06,1.11264,52.6,37.506
18.1000,3371.1554,300.41,1.10921,52.6,37.506
18.1100,3371.1554,320.88,1.10921,52.6,37.506
18.1200,3371.1554,339.68,1.10921,52.6,37.506
18.1300,3371.1554,312.39,1.10921,52.6,37.506
18.1400,3342.0143,303.65,1.11888,52.6,37.506
18.1500,3342.0143,297.68,1.11888,52.5,37.506
18.1600,3342.0143,285.33,1.11888,52.5,37.506
18.1700,3343.3856,295.77,1.11843,52.6,37.506
18.1800,3366.7017,296.29,1.11068,52.6,37.506
18.1900,3366.7017,285.19,1.11068,52.6,37.506
18.2000,3366.7017,290.51,1.11068,52.5,37.506
18.2100,3366.7017,288.17,1.11068,52.5,37.506
18.2200,3366.7017,296.91,1.11068,52.5,37.506
18.2300,3366.7017,320.70,1.11068,52.5,37.506
18.2400,3365.0628,310.80,1.11122,52.5,37.506
18.2500,3375.8555,299.32,1.10767,52.5,37.506
18.2600,3375.8555,300.42,1.10767,52.5,37.506
18.2700,3375.8555,300.67,1.10767,52.5,37.506
18.2800,3375.8555,313.98,1.10767,52.5,37.506
18.2900,3375.8555,319.05,1.10767,52.4,37.506
18.3000,3364.4942,305.87,1.11141,52.5,37.506
18.3100,3364.4942,289.27,1.11141,52.5,37.506
18.3200,3364.4942,303.82,1.11141,52.4,37.506
18.3300,3366.1599,288.06,1.11086,52.5,37.506
18.3400,3366.1191,303.24,1.11087,52.5,37.506
18.3500,3375.0765,295.74,1.10792,52.5,37.506
18.3600,3375.0765,276.98,1.10792,52.5,37.506
18.3700,3388.0495,298.66,1.10368,52.6,37.506
18.3800,3400.6627,284.53,1.09959,52.6,37.506
18.3900,3400.6627,278.71,1.09959,52.5,37.506
18.4000,3400.6627,298.27,1.09959,52.5,37.506
18.4100,3400.6627,291.52,1.09959,52.5,37.506
18.4200,3397.0958,296.34,1.10074,52.5,37.506
18.4300,3416.4232,309.95,1.09452,52.6,37.506
18.4400,3416.4232,294.93,1.09452,52.5,37.506
18.4500,3416.4232,295.16,1.09452,52.5,37.506
18.4600,3416.4232,302.06,1.09452,52.5,37.506
18.4700,3416.4232,296.11,1.09452,52.5,37.506
18.4800,3416.4232,294.14,1.09452,52.4,37.506
18.4900,3416.4232,303.90,1.09452,52.4,37.506
18.5000,3386.4118,312.32,1.10421,52.4,37.506
18.5100,3386.4118,300.46,1.10421,52.4,37.506
18.5200,3386.4118,305.20,1.10421,52.4,37.506
18.5300,3386.4118,312.08,1.10421,52.4,37.506
18.5400,3422.0216,280.66,1.09272,52.4,37.506
18.5500,3422.0216,293.03,1.09272,52.4,37.506
18.5600,3422.0216,301.91,1.09272,52.4,37.506
18.5700,3422.0216,273.44,1.09272,52.3,37.506
18.5800,3392.1280,271.63,1.10235,52.4,37.506
18.5900,3379.5895,280.31,1.10644,52.4,37.506
18.6000,3348.5634,291.86,1.11670,52.4,37.506
18.6100,3348.5634,305.70,1.11670,52.4,37.506
18.6200,3369.2314,295.97,1.10985,52.5,37.506
18.6300,3369.2314,283.50,1.10985,52.4,37.506
18.6400,3338.2525,287.99,1.12014,52.4,37.506
18.6500,3331.0239,288.91,1.12258,52.5,37.506
18.6600,3331.0239,269.05,1.12258,52.5,37.506
18.6700,3320.2249,281.85,1.12623,52.5,37.506
18.6800,3329.9703,289.72,1.12293,52.5,37.506
18.6900,3329.9703,288.20,1.12293,52.5,37.506
18.7000,3329.9703,282.83,1.12293,52.5,37.506
18.7100,3329.9703,290.57,1.12293,52.5,37.506
18.7200,3337.7183,275.72,1.12032,52.5,37.506
18.7300,3342.2583,305.78,1.11880,52.5,37.506
18.7400,3342.2583,305.47,1.11880,52.5,37.506
18.7500,3360.3767,298.33,1.11277,52.5,37.506
18.7600,3360.3767,302.29,1.11277,52.5,37.506
18.7700,3360.3767,318.84,1.11277,52.5,37.506
18.7800,3360.3767,305.82,1.11277,52.5,37.506
18.7900,3375.4958,290.34,1.10779,52.5,37.506
18.8000,3375.4958,297.73,1.10779,52.5,37.506
18.8100,3375.4958,303.21,1.10779,52.5,37.506
18.8200,3364.7849,317.53,1.11131,52.5,37.506
18.8300,3371.2314,303.51,1.10919,52.5,37.506
18.8400,3371.2314,291.94,1.10919,52.5,37.506
18.8500,3361.6849,303.93,1.11234,52.5,37.506
18.8600,3361.6849,293.11,1.11234,52.5,37.506
18.8700,3376.8218,286.72,1.10735,52.6,37.506
18.8800,3379.9600,289.68,1.10632,52.6,37.506
18.8900,3365.8847,298.39,1.11095,52.6,37.506
18.9000,3370.8206,294.49,1.10932,52.6,37.506
18.9100,3370.8206,289.62,1.10932,52.6,37.506
18.9200,3370.8206,292.82,1.10932,52.6,37.506
18.9300,3348.2211,283.20,1.11681,52.6,37.506
18.9400,3348.2211,290.11,1.11681,52.6,37.506
18.9500,3349.0822,283.46,1.11652,52.6,37.506
18.9600,3349.0822,282.75,1.11652,52.6,37.506
18.9700,3375.0448,298.12,1.10793,52.7,37.506
18.9800,3385.3516,291.44,1.10456,52.7,37.506
18.9900,3394.7742,290.09,1.10149,52.7,37.506
19.0000,3382.8080,288.78,1.10539,52.8,37.506
19.0100,3382.8080,296.49,1.10539,52.8,37.506
19.0200,3394.7471,281.22,1.10150,52.8,37.506
19.0300,3379.7911,284.42,1.10638,52.8,37.506
19.0400,3404.5308,276.63,1.09834,52.9,37.506
19.0500,3407.1703,280.90,1.09749,52.9,37.506
19.0600,3407.1703,296.52,1.09749,52.9,37.506
19.0700,3406.2520,286.23,1.09778,52.9,37.506
19.0800,3406.2520,297.38,1.09778,52.9,37.506
19.0900,3406.2520,304.49,1.09778,52.8,37.506
19.1000,3414.3333,309.70,1.09518,52.9,37.506
19.1100,3414.3333,305.82,1.09518,52.9,37.506
19.1200,3423.5934,302.02,1.09222,52.9,37.506
19.1300,3389.6807,303.41,1.10315,52.9,37.506
19.1400,3361.2072,317.20,1.11250,53.0,37.506
19.1500,3359.9363,298.95,1.11292,53.0,37.506
19.1600,3359.9363,300.36,1.11292,53.0,37.506
19.1700,3359.9363,292.08,1.11292,53.0,37.506
19.1800,3359.9363,282.68,1.11292,52.9,37.506
19.1900,3368.6115,278.90,1.11005,53.0,37.506
19.2000,3368.6115,281.05,1.11005,52.9,37.506
19.2100,3368.6115,286.75,1.11005,52.9,37.506
19.2200,3333.8370,295.32,1.12163,53.0,37.506
19.2300,3352.6177,311.44,1.11535,53.0,37.506
19.2400,3352.6177,299.84,1.11535,53.0,37.506
19.2500,3384.5772,281.70,1.10481,53.0,37.506
19.2600,3384.5772,287.74,1.10481,53.0,37.506
19.2700,3382.0090,309.99,1.10565,53.0,37.506
19.2800,3382.0090,306.79,1.10565,53.0,37.506
19.2900,3404.0075,299.65,1.09851,53.0,37.506
19.3000,3428.6939,306.12,1.09060,53.0,37.506
19.3100,3428.6939,300.04,1.09060,53.0,37.506
19.3200,3419.0415,293.75,1.09368,53.1,37.506
19.3300,3419.0415,302.12,1.09368,53.0,37.506
19.3400,3419.0415,284.71,1.09368,53.0,37.506
19.3500,3399.4952,280.93,1.09997,53.0,37.506
19.3600,3399.4952,293.06,1.09997,53.0,37.506
19.3700,3394.1221,295.46,1.10171,53.1,37.506
19.3800,3392.1426,293.68,1.10235,53.1,37.506
19.3900,3395.7476,287.32,1.10118,53.1,37.506
19.4000,3395.7476,290.00,1.10118,53.1,37.506
19.4100,3395.7476,290.02,1.10118,53.1,37.506
19.4200,3421.2030,293.26,1.09299,53.1,37.506
19.4300,3414.6807,270.60,1.09507,53.2,37.506
19.4400,3414.6807,288.65,1.09507,53.1,37.506
19.4500,3395.3298,285.20,1.10131,53.1,37.506
19.4600,3395.3298,296.37,1.10131,53.1,37.506
19.4700,3395.3298,277.88,1.10131,53.1,37.506
19.4800,3393.8696,287.32,1.10179,53.1,37.506
19.4900,3388.0556,303.64,1.10368,53.2,37.506
19.5000,3388.0556,292.45,1.10368,53.1,37.506
19.5100,3388.0556,301.27,1.10368,53.1,37.506
19.5200,3388.0556,285.53,1.10368,53.1,37.506
19.5300,3388.0556,295.60,1.10368,53.1,37.506
19.5400,3372.9426,290.11,1.10862,53.1,37.506
19.5500,3366.1700,293.98,1.11085,53.1,37.506
19.5600,3366.1700,295.45,1.11085,53.1,37.506
19.5700,3366.1700,295.34,1.11085,53.1,37.506
19.5800,3366.1700,286.05,1.11085,53.1,37.506
19.5900,3371.5590,291.55,1.10908,53.1,37.506
19.6000,3371.5590,296.09,1.10908,53.1,37.506
19.6100,3371.5590,297.63,1.10908,53.1,37.506
19.6200,3349.6526,300.23,1.11633,53.1,37.506
19.6300,3349.6526,289.32,1.11633,53.1,37.506
19.6400,3349.6526,290.89,1.11633,53.0,37.506
19.6500,3375.2390,292.67,1.10787,53.1,37.506
19.6600,3375.2390,287.69,1.10787,53.1,37.506
19.6700,3375.2390,298.21,1.10787,53.0,37.506
19.6800,3346.8752,283.80,1.11726,53.0,37.506
19.6900,3346.8752,284.89,1.11726,53.0,37.506
19.7000,3346.8752,280.58,1.11726,53.0,37.506
19.7100,3346.8752,285.22,1.11726,53.0,37.506
19.7200,3346.8752,282.66,1.11726,52.9,37.506
19.7300,3346.8752,290.59,1.11726,52.9,37.506
19.7400,3357.5061,296.17,1.11372,52.9,37.506
19.7500,3357.5061,290.93,1.11372,52.9,37.506
19.7600,3357.5061,308.03,1.11372,52.9,37.506
19.7700,3339.2468,292.69,1.11981,52.9,37.506
19.7800,3338.2996,312.06,1.12013,53.0,37.506
19.7900,3336.6842,309.70,1.12067,53.0,37.506
19.8000,3336.6842,322.45,1.12067,53.0,37.506
19.8100,3336.6842,322.50,1.12067,53.0,37.506
19.8200,3336.6842,305.78,1.12067,52.9,37.506
19.8300,3336.6842,314.91,1.12067,52.9,37.506
19.8400,3373.6357,314.55,1.10840,52.9,37.506
19.8500,3379.2671,330.45,1.10655,53.0,37.506
19.8600,3379.2671,323.87,1.10655,53.0,37.506
19.8700,3379.2671,305.14,1.10655,52.9,37.506
19.8800,3350.5055,317.76,1.11605,53.0,37.506
19.8900,3356.8166,300.39,1.11395,53.0,37.506
19.9000,3344.0606,316.43,1.11820,53.0,37.506
19.9100,3344.0606,323.30,1.11820,53.0,37.506
19.9200,3362.0496,319.11,1.11222,53.0,37.506
19.9300,3392.4263,306.93,1.10226,53.1,37.506
19.9400,3392.4263,307.81,1.10226,53.0,37.506
19.9500,3392.4263,305.69,1.10226,53.0,37.506
19.9600,3392.4263,292.98,1.10226,53.0,37.506
19.9700,3369.9053,303.67,1.10962,53.0,37.506
19.9800,3362.9373,298.13,1.11192,53.1,37.506
19.9900,3394.8505,300.76,1.10147,53.1,37.506
20.0000,3394.8505,279.88,1.10147,53.1,37.506
20.0100,3394.8505,287.38,1.10147,53.1,37.506
20.0200,3394.8505,305.29,1.10147,53.0,37.506
20.0300,3394.8505,291.24,1.10147,53.0,37.506
20.0400,3394.8505,298.41,1.10147,53.0,37.506
20.0500,3394.8505,305.01,1.10147,52.9,37.506
20.0600,3394.8505,296.59,1.10147,52.9,37.506
20.0700,3361.5206,305.21,1.11239,53.0,37.506
20.0800,3361.5206,305.95,1.11239,52.9,37.506
20.0900,3368.5081,307.05,1.11008,53.0,37.506
20.1000,3347.1120,310.86,1.11718,53.0,37.506
20.1100,3347.1120,311.93,1.11718,53.0,37.506
20.1200,3347.1120,335.32,1.11718,53.0,37.506
20.1300,3347.1120,319.33,1.11718,52.9,37.506
20.1400,3347.1120,333.50,1.11718,52.9,37.506
20.1500,3347.1120,305.18,1.11718,52.9,37.506
20.1600,3347.1120,304.37,1.11718,52.9,37.506
20.1700,3348.7985,288.66,1.11662,52.9,37.506
20.1800,3369.6663,294.05,1.10970,52.9,37.506
20.1900,3376.3445,295.44,1.10751,52.9,37.506
20.2000,3376.3445,291.28,1.10751,52.9,37.506
20.2100,3376.3445,301.06,1.10751,52.9,37.506
20.2200,3376.3445,299.88,1.10751,52.9,37.506
20.2300,3401.7127,292.86,1.09925,52.9,37.506
20.2400,3413.3866,298.91,1.09549,52.9,37.506
20.2500,3424.9350,304.28,1.09179,53.0,37.506
20.2600,3424.9350,308.95,1.09179,53.0,37.506
20.2700,3405.1307,302.25,1.09814,53.0,37.506
20.2800,3405.1307,302.23,1.09814,53.0,37.506
20.2900,3405.1307,288.19,1.09814,52.9,37.506
20.3000,3405.1307,288.94,1.09814,52.9,37.506
20.3100,3405.1307,302.45,1.09814,52.9,37.506
20.3200,3405.1307,315.36,1.09814,52.9,37.506
20.3300,3419.3280,305.04,1.09359,52.9,37.506
20.3400,3403.0827,321.32,1.09881,52.9,37.506
20.3500,3406.1204,299.94,1.09783,52.9,37.506
20.3600,3406.1204,312.41,1.09783,52.9,37.506
20.3700,3421.1217,328.58,1.09301,53.0,37.506
20.3800,3421.4636,314.50,1.09290,53.0,37.506
20.3900,3421.4636,313.88,1.09290,53.0,37.506
20.4000,3418.4316,325.42,1.09387,53.0,37.506
20.4100,3418.4316,309.85,1.09387,53.0,37.506
20.4200,3418.4316,308.26,1.09387,53.0,37.506
20.4300,3418.4316,307.65,1.09387,52.9,37.506
20.4400,3411.7525,315.69,1.09601,53.0,37.506
20.4500,3411.7525,313.67,1.09601,52.9,37.506
20.4600,3411.7525,318.40,1.09601,52.9,37.506
20.4700,3411.7525,319.54,1.09601,52.9,37.506
20.4800,3411.7525,304.19,1.09601,52.9,37.506
20.4900,3411.7525,317.22,1.09601,52.8,37.506
20.5000,3405.1456,303.77,1.09814,52.9,37.506
20.5100,3405.1456,322.12,1.09814,52.9,37.506
20.5200,3394.3882,324.46,1.10162,52.9,37.506
20.5300,3399.8429,318.84,1.09985,52.9,37.506
20.5400,3399.8429,304.55,1.09985,52.9,37.506
20.5500,3394.4735,311.75,1.10159,52.9,37.506
20.5600,3394.4735,310.27,1.10159,52.9,37.506
20.5700,3412.5563,318.17,1.09576,52.9,37.506
20.5800,3421.6276,295.20,1.09285,53.0,37.506
20.5900,3454.9912,318.56,1.08230,53.0,37.506
20.6000,3446.4530,299.26,1.08498,53.0,37.506
20.6100,3446.4530,326.30,1.08498,53.0,37.506
20.6200,3446.4530,330.40,1.08498,53.0,37.506
20.6300,3446.4530,309.47,1.08498,53.0,37.506
20.6400,3446.4530,317.28,1.08498,52.9,37.506
20.6500,3446.4530,318.63,1.08498,52.9,37.506
20.6600,3446.4530,308.06,1.08498,52.9,37.506
20.6700,3453.3930,309.77,1.08280,52.9,37.506
20.6800,3445.9510,295.23,1.08514,53.0,37.506
20.6900,3444.6604,285.81,1.08554,53.0,37.506
20.7000,3444.6604,306.31,1.08554,53.0,37.506
20.7100,3444.6604,296.54,1.08554,53.0,37.506
20.7200,3471.8194,307.20,1.07705,53.0,37.506
20.7300,3465.0601,305.33,1.07915,53.0,37.506
20.7400,3465.0601,316.15,1.07915,53.0,37.506
20.7500,3442.3765,306.58,1.08626,53.0,37.506
20.7600,3442.3765,305.85,1.08626,53.0,37.506
20.7700,3442.3765,305.49,1.08626,53.0,37.506
20.7800,3417.1070,294.72,1.09430,53.0,37.506
20.7900,3417.1070,289.33,1.09430,53.0,37.506
20.8000,3395.6923,306.73,1.10120,53.0,37.506
20.8100,3395.6923,328.35,1.10120,53.0,37.506
20.8200,3386.5084,299.05,1.10418,53.0,37.506
20.8300,3388.1005,306.78,1.10366,53.1,37.506
20.8400,3388.1005,317.80,1.10366,53.0,37.506
20.8500,3414.7268,314.01,1.09506,53.1,37.506
20.8600,3414.7268,296.28,1.09506,53.1,37.506
20.8700,3423.9543,292.50,1.09211,53.1,37.506
20.8800,3424.0989,310.97,1.09206,53.1,37.506
20.8900,3424.0989,297.27,1.09206,53.1,37.506
20.9000,3427.9196,300.81,1.09084,53.1,37.506
20.9100,3427.9196,311.13,1.09084,53.1,37.506
20.9200,3430.0262,302.61,1.09017,53.1,37.506
20.9300,3409.2386,290.52,1.09682,53.2,37.506
20.9400,3387.4864,293.82,1.10386,53.2,37.506
20.9500,3360.8196,293.16,1.11262,53.2,37.506
20.9600,3360.8196,292.39,1.11262,53.2,37.506
20.9700,3360.8196,294.00,1.11262,53.2,37.506
20.9800,3360.8196,311.48,1.11262,53.2,37.506
20.9900,3370.1368,289.06,1.10955,53.2,37.506
21.0000,3370.1368,284.44,1.10955,53.2,37.506
21.0100,3370.1368,297.93,1.10955,53.2,37.506
21.0200,3388.0108,292.25,1.10369,53.2,37.506
21.0300,3388.0108,300.19,1.10369,53.2,37.506
21.0400,3388.0108,300.00,1.10369,53.1,37.506
21.0500,3411.4999,316.11,1.09609,53.1,37.506
21.0600,3411.4999,332.60,1.09609,53.1,37.506
21.0700,3445.3375,332.19,1.08533,53.2,37.506
21.0800,3445.3375,327.57,1.08533,53.1,37.506
21.0900,3445.3375,315.35,1.08533,53.1,37.506
21.1000,3445.3375,325.88,1.08533,53.1,37.506
21.1100,3445.3375,325.48,1.08533,53.1,37.506
21.1200,3447.6924,294.30,1.08459,53.1,37.506
21.1300,3451.7216,293.06,1.08332,53.1,37.506
21.1400,3451.7216,289.47,1.08332,53.1,37.506
21.1500,3451.7216,288.13,1.08332,53.1,37.506
21.1600,3451.7216,325.61,1.08332,53.1,37.506
21.1700,3451.7216,303.75,1.08332,53.0,37.506
21.1800,3451.7216,311.94,1.08332,53.0,37.506
21.1900,3467.1781,289.38,1.07849,53.0,37.506
21.2000,3452.0312,310.16,1.08322,53.1,37.506
21.2100,3452.0312,303.41,1.08322,53.1,37.506
21.2200,3452.0312,314.34,1.08322,53.0,37.506
21.2300,3452.0312,319.07,1.08322,53.0,37.506
21.2400,3417.5208,291.77,1.09416,53.0,37.506
21.2500,3412.1386,304.88,1.09589,53.1,37.506
21.2600,3412.1386,307.45,1.09589,53.1,37.506
21.2700,3387.5448,305.47,1.10385,53.1,37.506
21.2800,3387.5448,310.67,1.10385,53.1,37.506
21.2900,3414.6141,307.78,1.09509,53.1,37.506
21.3000,3413.2191,301.42,1.09554,53.1,37.506
21.3100,3413.2191,301.22,1.09554,53.1,37.506
21.3200,3416.1303,282.77,1.09461,53.1,37.506
21.3300,3381.0954,267.02,1.10595,53.2,37.506
21.3400,3365.5041,277.86,1.11107,53.2,37.506
21.3500,3340.4060,284.20,1.11942,53.2,37.506
21.3600,3340.4060,302.94,1.11942,53.2,37.506
21.3700,3370.0942,306.34,1.10956,53.2,37.506
21.3800,3349.8153,297.25,1.11628,53.3,37.506
21.3900,3387.1950,305.19,1.10396,53.3,37.506
21.4000,3384.8433,305.37,1.10473,53.3,37.506
21.4100,3384.8433,294.67,1.10473,53.3,37.506
21.4200,3384.8433,298.81,1.10473,53.3,37.506
21.4300,3389.4109,297.41,1.10324,53.3,37.506
21.4400,3389.4109,298.43,1.10324,53.3,37.506
21.4500,3389.4109,313.75,1.10324,53.3,37.506
21.4600,3389.4109,300.86,1.10324,53.3,37.506
21.4700,3414.8095,307.14,1.09503,53.3,37.506
21.4800,3402.5275,309.82,1.09898,53.3,37.506
21.4900,3402.5275,305.18,1.09898,53.3,37.506
21.5000,3365.3872,286.71,1.11111,53.3,37.506
21.5100,3365.3872,306.40,1.11111,53.3,37.506
21.5200,3365.3872,320.44,1.11111,53.3,37.506
21.5300,3365.3872,325.41,1.11111,53.3,37.506
21.5400,3365.3872,334.01,1.11111,53.2,37.506
21.5500,3365.3872,322.56,1.11111,53.2,37.506
21.5600,3365.3872,334.14,1.11111,53.2,37.506
21.5700,3383.8525,318.03,1.10505,53.2,37.506
21.5800,3371.0117,321.10,1.10926,53.2,37.506
21.5900,3371.0117,323.39,1.10926,53.2,37.506
21.6000,3363.5342,320.11,1.11173,53.2,37.506
21.6100,3363.5342,312.11,1.11173,53.2,37.506
21.6200,3363.5342,319.52,1.11173,53.2,37.506
21.6300,3360.1267,313.11,1.11285,53.2,37.506
21.6400,3368.2292,313.37,1.11018,53.3,37.506
21.6500,3379.2991,305.48,1.10654,53.3,37.506
21.6600,3379.2991,294.64,1.10654,53.3,37.506
21.6700,3362.2023,314.43,1.11217,53.3,37.506
21.6800,3370.9055,327.89,1.10929,53.3,37.506
21.6900,3370.9055,307.08,1.10929,53.3,37.506
21.7000,3370.9055,311.73,1.10929,53.3,37.506
21.7100,3370.9055,321.15,1.10929,53.3,37.506
21.7200,3347.6814,329.29,1.11699,53.3,37.506
21.7300,3347.6814,322.52,1.11699,53.3,37.506
21.7400,3360.5992,317.62,1.11270,53.3,37.506
21.7500,3360.5992,298.45,1.11270,53.3,37.506
21.7600,3360.5992,302.61,1.11270,53.3,37.506
21.7700,3393.3475,310.97,1.10196,53.3,37.506
21.7800,3383.8828,300.88,1.10504,53.3,37.506
21.7900,3375.1418,316.82,1.10790,53.4,37.506
21.8000,3375.1418,309.89,1.10790,53.3,37.506
21.8100,3375.1418,309.76,1.10790,53.3,37.506
21.8200,3375.1418,323.83,1.10790,53.3,37.506
21.8300,3375.1418,291.61,1.10790,53.3,37.506
21.8400,3375.1418,299.44,1.10790,53.2,37.506
21.8500,3366.4323,298.53,1.11077,53.3,37.506
21.8600,3366.4323,298.98,1.11077,53.3,37.506
21.8700,3366.4323,310.95,1.11077,53.2,37.506
21.8800,3359.3624,304.38,1.11311,53.3,37.506
21.8900,3382.5086,295.53,1.10549,53.3,37.506
21.9000,3418.9135,299.67,1.09372,53.3,37.506
21.9100,3418.9135,298.50,1.09372,53.3,37.506
21.9200,3418.9135,302.29,1.09372,53.3,37.506
21.9300,3418.9135,301.10,1.09372,53.2,37.506
21.9400,3397.4608,301.89,1.10062,53.3,37.506
21.9500,3395.8508,310.47,1.10115,53.3,37.506
21.9600,3395.8508,308.10,1.10115,53.3,37.506
21.9700,3398.7877,306.00,1.10019,53.3,37.506
21.9800,3404.0131,309.96,1.09851,53.4,37.506
21.9900,3390.0800,292.84,1.10302,53.4,37.506
22.0000,3390.0800,306.71,1.10302,53.4,37.506
22.0100,3390.0800,307.12,1.10302,53.4,37.506
22.0200,3390.0800,290.21,1.10302,53.3,37.506
22.0300,3390.0800,307.06,1.10302,53.3,37.506
22.0400,3354.2926,294.85,1.11479,53.3,37.506
22.0500,3361.6368,294.79,1.11235,53.3,37.506
22.0600,3361.6368,296.80,1.11235,53.3,37.506
22.0700,3361.6368,312.33,1.11235,53.3,37.506
22.0800,3384.4114,305.80,1.10487,53.3,37.506
22.0900,3383.4626,302.30,1.10518,53.4,37.506
22.1000,3383.4626,303.33,1.10518,53.3,37.506
22.1100,3383.4626,282.84,1.10518,53.3,37.506
22.1200,3383.4626,300.68,1.10518,53.3,37.506
22.1300,3383.4626,319.23,1.10518,53.3,37.506
22.1400,3383.4626,303.24,1.10518,53.2,37.506
22.1500,3398.8720,307.40,1.10017,53.3,37.506
22.1600,3398.8720,311.39,1.10017,53.3,37.506
22.1700,3398.8720,306.68,1.10017,53.2,37.506
22.1800,3398.8720,306.50,1.10017,53.2,37.506
22.1900,3374.2417,302.73,1.10820,53.2,37.506
22.2000,3374.2417,298.50,1.10820,53.2,37.506
22.2100,3374.2417,307.73,1.10820,53.2,37.506
22.2200,3371.6933,328.56,1.10904,53.2,37.506
22.2300,3371.6933,298.08,1.10904,53.2,37.506
22.2400,3371.6933,300.28,1.10904,53.2,37.506
22.2500,3364.1455,288.61,1.11152,53.2,37.506
22.2600,3364.1455,291.90,1.11152,53.2,37.506
22.2700,3372.2972,304.18,1.10884,53.2,37.506
22.2800,3339.2865,284.90,1.11980,53.3,37.506
22.2900,3339.2865,287.47,1.11980,53.2,37.506
22.3000,3339.2865,291.00,1.11980,53.2,37.506
22.3100,3339.2865,305.86,1.11980,53.2,37.506
22.3200,3339.2865,302.22,1.11980,53.2,37.506
22.3300,3322.2259,294.49,1.12555,53.2,37.506
22.3400,3322.2259,295.29,1.12555,53.2,37.506
22.3500,3322.2259,310.16,1.12555,53.1,37.506
22.3600,3322.2259,307.98,1.12555,53.1,37.506
22.3700,3336.8136,294.69,1.12063,53.2,37.506
22.3800,3330.6446,302.37,1.12270,53.2,37.506
22.3900,3326.7478,298.69,1.12402,53.2,37.506
22.4000,3322.1139,317.00,1.12559,53.2,37.506
22.4100,3322.1139,307.18,1.12559,53.2,37.506
22.4200,3315.2819,306.93,1.12791,53.3,37.506
22.4300,3290.3905,300.51,1.13644,53.3,37.506
22.4400,3319.7561,295.92,1.12639,53.3,37.506
22.4500,3319.7561,298.41,1.12639,53.3,37.506
22.4600,3319.7561,302.29,1.12639,53.3,37.506
22.4700,3318.8656,304.61,1.12669,53.3,37.506
22.4800,3299.2041,290.98,1.13340,53.3,37.506
22.4900,3299.2041,281.18,1.13340,53.3,37.506
22.5000,3299.2041,298.93,1.13340,53.3,37.506
22.5100,3299.2041,321.29,1.13340,53.3,37.506
22.5200,3299.2041,306.73,1.13340,53.2,37.506
22.5300,3294.1248,300.01,1.13515,53.3,37.506
22.5400,3294.1248,296.54,1.13515,53.2,37.506
22.5500,3294.1248,303.50,1.13515,53.2,37.506
22.5600,3294.1248,317.37,1.13515,53.2,37.506
22.5700,3294.1248,301.47,1.13515,53.2,37.506
22.5800,3294.1248,306.62,1.13515,53.2,37.506
22.5900,3302.7076,301.02,1.13220,53.2,37.506
22.6000,3285.8156,302.01,1.13802,53.2,37.506
22.6100,3285.8156,280.75,1.13802,53.2,37.506
22.6200,3262.2857,292.16,1.14623,53.2,37.506
22.6300,3256.5394,303.88,1.14825,53.3,37.506
22.6400,3256.5394,295.19,1.14825,53.2,37.506
22.6500,3256.5394,301.77,1.14825,53.2,37.506
22.6600,3256.5394,320.80,1.14825,53.2,37.506
22.6700,3256.5394,332.49,1.14825,53.2,37.506
22.6800,3256.5394,316.41,1.14825,53.1,37.506
22.6900,3256.5394,303.94,1.14825,53.1,37.506
22.7000,3256.5394,306.31,1.14825,53.1,37.506
22.7100,3256.5394,299.28,1.14825,53.1,37.506
22.7200,3275.3687,318.75,1.14165,53.1,37.506
22.7300,3275.3687,307.42,1.14165,53.1,37.506
22.7400,3275.3687,313.23,1.14165,53.1,37.506
22.7500,3239.2847,312.92,1.15437,53.1,37.506
22.7600,3239.2847,308.88,1.15437,53.1,37.506
22.7700,3239.2847,314.49,1.15437,53.0,37.506
22.7800,3239.2847,322.77,1.15437,53.0,37.506
22.7900,3241.9647,312.68,1.15341,53.0,37.506
22.8000,3258.8224,295.73,1.14745,53.1,37.506
22.8100,3258.8224,284.41,1.14745,53.1,37.506
22.8200,3258.8224,286.21,1.14745,53.0,37.506
22.8300,3258.8224,309.89,1.14745,53.0,37.506
22.8400,3258.8224,313.54,1.14745,53.0,37.506
22.8500,3258.8224,297.82,1.14745,53.0,37.506
22.8600,3258.8224,287.81,1.14745,53.0,37.506
22.8700,3288.6303,312.57,1.13705,53.0,37.506
22.8800,3288.6303,294.99,1.13705,53.0,37.506
22.8900,3288.6303,291.28,1.13705,52.9,37.506
22.9000,3288.6303,288.79,1.13705,52.9,37.506
22.9100,3288.6303,288.20,1.13705,52.9,37.506
22.9200,3288.6303,281.05,1.13705,52.9,37.506
22.9300,3316.5855,295.31,1.12746,52.9,37.506
22.9400,3308.6502,285.37,1.13017,52.9,37.506
22.9500,3308.6502,301.67,1.13017,52.9,37.506
22.9600,3308.6502,303.35,1.13017,52.9,37.506
22.9700,3291.2502,280.33,1.13614,52.9,37.506
22.9800,3291.2502,296.16,1.13614,52.9,37.506
22.9900,3307.0676,302.48,1.13071,52.9,37.506
23.0000,3307.0676,308.05,1.13071,52.9,37.506
23.0100,3307.0676,290.43,1.13071,52.9,37.506
23.0200,3296.0408,292.99,1.13449,52.9,37.506
23.0300,3296.0408,301.24,1.13449,52.9,37.506
23.0400,3296.0408,297.01,1.13449,52.8,37.506
23.0500,3306.6647,311.91,1.13085,52.9,37.506
23.0600,3306.6647,288.78,1.13085,52.9,37.506
23.0700,3310.2470,287.81,1.12962,52.9,37.506
23.0800,3316.7882,285.44,1.12739,52.9,37.506
23.0900,3316.7882,287.90,1.12739,52.9,37.506
23.1000,3316.7882,304.88,1.12739,52.9,37.506
23.1100,3316.7882,306.92,1.12739,52.9,37.506
23.1200,3312.3506,296.56,1.12890,52.9,37.506
23.1300,3312.3506,295.44,1.12890,52.9,37.506
23.1400,3312.3506,284.99,1.12890,52.8,37.506
23.1500,3310.2759,285.04,1.12961,52.9,37.506
23.1600,3310.2759,306.86,1.12961,52.9,37.506
23.1700,3321.6301,303.87,1.12575,52.9,37.506
23.1800,3321.6301,320.72,1.12575,52.9,37.506
23.1900,3293.0037,307.63,1.13554,52.9,37.506
23.2000,3293.0037,310.66,1.13554,52.9,37.506
23.2100,3293.0037,305.40,1.13554,52.9,37.506
23.2200,3293.0037,295.42,1.13554,52.8,37.506
23.2300,3293.0037,308.98,1.13554,52.8,37.506
23.2400,3293.0037,315.26,1.13554,52.8,37.506
23.2500,3293.0037,305.06,1.13554,52.7,37.506
23.2600,3293.0037,310.51,1.13554,52.7,37.506
23.2700,3293.0037,303.07,1.13554,52.7,37.506
23.2800,3318.8969,311.51,1.12668,52.7,37.506
23.2900,3318.8969,294.03,1.12668,52.7,37.506
23.3000,3318.8969,300.92,1.12668,52.7,37.506
23.3100,3318.8969,303.93,1.12668,52.7,37.506
23.3200,3315.5192,309.19,1.12783,52.7,37.506
23.3300,3320.7298,306.00,1.12606,52.7,37.506
23.3400,3320.6666,304.10,1.12608,52.8,37.506
23.3500,3320.6666,305.32,1.12608,52.7,37.506
23.3600,3320.6666,307.00,1.12608,52.7,37.506
23.3700,3351.4193,304.25,1.11574,52.8,37.506
23.3800,3369.3239,308.24,1.10982,52.8,37.506
23.3900,3353.4784,303.91,1.11506,52.8,37.506
23.4000,3353.4784,298.95,1.11506,52.8,37.506
23.4100,3353.4784,292.70,1.11506,52.8,37.506
23.4200,3353.4784,294.23,1.11506,52.7,37.506
23.4300,3352.7672,286.03,1.11530,52.8,37.506
23.4400,3355.6716,285.55,1.11433,52.8,37.506
23.4500,3337.7314,293.93,1.12032,52.8,37.506
23.4600,3337.7314,289.19,1.12032,52.8,37.506
23.4700,3337.7314,281.12,1.12032,52.8,37.506
23.4800,3337.7314,284.62,1.12032,52.8,37.506
23.4900,3337.7314,271.36,1.12032,52.7,37.506
23.5000,3348.1076,279.79,1.11685,52.8,37.506
23.5100,3348.1076,297.93,1.11685,52.8,37.506
23.5200,3348.1076,288.99,1.11685,52.7,37.506
23.5300,3353.3448,305.76,1.11510,52.8,37.506
23.5400,3336.3665,306.20,1.12078,52.8,37.506
23.5500,3336.3665,308.28,1.12078,52.8,37.506
23.5600,3336.3665,308.59,1.12078,52.8,37.506
23.5700,3336.3665,292.16,1.12078,52.7,37.506
23.5800,3347.8237,304.18,1.11694,52.8,37.506
23.5900,3332.6521,305.95,1.12203,52.8,37.506
23.6000,3332.6521,306.99,1.12203,52.8,37.506
23.6100,3332.6521,290.51,1.12203,52.8,37.506
23.6200,3332.6521,298.97,1.12203,52.7,37.506
23.6300,3332.6521,303.35,1.12203,52.7,37.506
23.6400,3332.6521,303.85,1.12203,52.7,37.506
23.6500,3304.2260,298.36,1.13168,52.7,37.506
23.6600,3304.2260,289.36,1.13168,52.7,37.506
23.6700,3296.4023,273.27,1.13437,52.7,37.506
23.6800,3296.4023,276.91,1.13437,52.7,37.506
23.6900,3300.3484,283.94,1.13301,52.7,37.506
23.7000,3290.7188,286.24,1.13633,52.7,37.506
23.7100,3290.7188,274.26,1.13633,52.7,37.506
23.7200,3282.9810,276.77,1.13900,52.8,37.506
23.7300,3282.9810,290.91,1.13900,52.7,37.506
23.7400,3294.4865,285.24,1.13503,52.8,37.506
23.7500,3294.4865,278.15,1.13503,52.7,37.506
23.7600,3294.4865,286.80,1.13503,52.7,37.506
23.7700,3285.3565,294.86,1.13818,52.8,37.506
23.7800,3265.1483,300.64,1.14522,52.8,37.506
23.7900,3296.0815,303.56,1.13448,52.8,37.506
23.8000,3296.0815,281.67,1.13448,52.8,37.506
23.8100,3296.0815,272.88,1.13448,52.8,37.506
23.8200,3270.7155,277.73,1.14327,52.8,37.506
23.8300,3270.7155,290.19,1.14327,52.8,37.506
23.8400,3285.7012,295.49,1.13806,52.8,37.506
23.8500,3288.9869,314.90,1.13692,52.8,37.506
23.8600,3288.9869,320.23,1.13692,52.8,37.506
23.8700,3288.9869,304.99,1.13692,52.8,37.506
23.8800,3320.3181,310.72,1.12620,52.8,37.506
23.8900,3320.3181,315.70,1.12620,52.8,37.506
23.9000,3323.6717,318.07,1.12506,52.8,37.506
23.9100,3323.6717,305.17,1.12506,52.8,37.506
23.9200,3323.6717,291.66,1.12506,52.8,37.506
23.9300,3323.6717,302.51,1.12506,52.8,37.506
23.9400,3348.5270,322.07,1.11671,52.8,37.506
23.9500,3348.5270,305.40,1.11671,52.8,37.506
23.9600,3348.5270,293.32,1.11671,52.8,37.506
23.9700,3364.0699,297.17,1.11155,52.8,37.506
23.9800,3364.0699,299.50,1.11155,52.8,37.506
23.9900,3336.5505,316.66,1.12072,52.8,37.506
24.0000,3315.2095,302.32,1.12793,52.8,37.506
24.0100,3315.2095,308.43,1.12793,52.8,37.506
24.0200,3315.2095,305.10,1.12793,52.8,37.506
24.0300,3317.8562,307.13,1.12703,52.8,37.506
24.0400,3317.8562,298.14,1.12703,52.8,37.506
24.0500,3304.9633,304.81,1.13143,52.8,37.506
24.0600,3304.9633,293.20,1.13143,52.8,37.506
24.0700,3299.2817,292.01,1.13338,52.8,37.506
24.0800,3311.4023,314.10,1.12923,52.9,37.506
24.0900,3324.0989,305.51,1.12491,52.9,37.506
24.1000,3308.2750,302.23,1.13029,52.9,37.506
24.1100,3308.2750,306.20,1.13029,52.9,37.506
24.1200,3309.5012,309.89,1.12988,52.9,37.506
24.1300,3325.3237,307.37,1.12450,53.0,37.506
24.1400,3329.4154,320.07,1.12312,53.0,37.506
24.1500,3347.4998,309.33,1.11705,53.0,37.506
24.1600,3347.4998,329.27,1.11705,53.0,37.506
24.1700,3365.0761,314.78,1.11122,53.0,37.506
24.1800,3387.3433,316.72,1.10391,53.1,37.506
24.1900,3407.9711,311.49,1.09723,53.1,37.506
24.2000,3407.9711,306.69,1.09723,53.0,37.506
24.2100,3407.9711,303.76,1.09723,53.0,37.506
24.2200,3407.9711,308.25,1.09723,53.0,37.506
24.2300,3442.6830,312.67,1.08617,53.0,37.506
24.2400,3426.3094,305.07,1.09136,53.1,37.506
24.2500,3426.3094,313.00,1.09136,53.0,37.506
24.2600,3426.3094,316.36,1.09136,53.0,37.506
24.2700,3426.3094,333.62,1.09136,53.0,37.506
24.2800,3457.3123,315.41,1.08157,53.0,37.506
24.2900,3457.3123,318.62,1.08157,53.0,37.506
24.3000,3445.8153,306.15,1.08518,53.0,37.506
24.3100,3445.8153,292.29,1.08518,53.0,37.506
24.3200,3445.8153,315.08,1.08518,53.0,37.506
24.3300,3410.4111,306.48,1.09644,53.0,37.506
24.3400,3405.2821,321.57,1.09810,53.1,37.506
24.3500,3405.2821,305.01,1.09810,53.0,37.506
24.3600,3405.2821,291.27,1.09810,53.0,37.506
24.3700,3405.2821,285.33,1.09810,53.0,37.506
24.3800,3405.2821,302.12,1.09810,53.0,37.506
24.3900,3405.2821,307.53,1.09810,52.9,37.506
24.4000,3371.2779,300.40,1.10917,53.0,37.506
24.4100,3371.2779,312.99,1.10917,53.0,37.506
24.4200,3377.1911,318.29,1.10723,53.0,37.506
24.4300,3370.5243,312.59,1.10942,53.0,37.506
24.4400,3363.9702,311.00,1.11158,53.0,37.506
24.4500,3363.9702,315.50,1.11158,53.0,37.506
24.4600,3363.9702,319.68,1.11158,53.0,37.506
24.4700,3394.8934,323.93,1.10146,53.0,37.506
24.4800,3409.9074,311.30,1.09661,53.1,37.506
24.4900,3414.9824,317.83,1.09498,53.1,37.506
24.5000,3414.9824,325.43,1.09498,53.1,37.506
24.5100,3414.9824,305.77,1.09498,53.1,37.506
24.5200,3413.0374,306.85,1.09560,53.1,37.506
24.5300,3401.1651,301.37,1.09943,53.1,37.506
24.5400,3401.1651,272.82,1.09943,53.1,37.506
24.5500,3401.1651,318.27,1.09943,53.1,37.506
24.5600,3401.1651,298.48,1.09943,53.1,37.506
24.5700,3401.1651,294.90,1.09943,53.0,37.506
24.5800,3400.1581,289.28,1.09975,53.1,37.506
24.5900,3400.1581,311.24,1.09975,53.0,37.506
24.6000,3400.1581,317.92,1.09975,53.0,37.506
24.6100,3400.1581,306.90,1.09975,53.0,37.506
24.6200,3385.4224,308.68,1.10454,53.0,37.506
24.6300,3385.4224,310.49,1.10454,53.0,37.506
24.6400,3385.3452,288.61,1.10456,53.0,37.506
24.6500,3394.7888,314.93,1.10149,53.0,37.506
24.6600,3394.7888,319.47,1.10149,53.0,37.506
24.6700,3394.7888,310.43,1.10149,53.0,37.506
24.6800,3387.9200,295.10,1.10372,53.0,37.506
24.6900,3387.9200,294.55,1.10372,53.0,37.506
24.7000,3404.0509,297.89,1.09849,53.0,37.506
24.7100,3404.0509,314.72,1.09849,53.0,37.506
24.7200,3408.1076,324.92,1.09719,53.1,37.506
24.7300,3399.0841,295.64,1.10010,53.1,37.506
24.7400,3379.1154,311.09,1.10660,53.1,37.506
24.7500,3379.1154,301.18,1.10660,53.1,37.506
24.7600,3379.1154,286.02,1.10660,53.1,37.506
24.7700,3379.1154,300.51,1.10660,53.1,37.506
24.7800,3390.0262,292.41,1.10304,53.1,37.506
24.7900,3393.9301,297.52,1.10177,53.1,37.506
24.8000,3393.9301,289.30,1.10177,53.1,37.506
24.8100,3393.9301,299.20,1.10177,53.1,37.506
24.8200,3396.6090,299.94,1.10090,53.1,37.506
24.8300,3396.6090,307.98,1.10090,53.1,37.506
24.8400,3396.6090,285.27,1.10090,53.0,37.506
24.8500,3418.6194,275.01,1.09381,53.1,37.506
24.8600,3418.6194,287.30,1.09381,53.1,37.506
24.8700,3413.7066,292.60,1.09539,53.1,37.506
24.8800,3393.0060,291.28,1.10207,53.1,37.506
24.8900,3386.1365,293.43,1.10430,53.1,37.506
24.9000,3422.4903,300.02,1.09257,53.2,37.506
24.9100,3422.4903,297.13,1.09257,53.2,37.506
24.9200,3438.1647,304.66,1.08759,53.2,37.506
24.9300,3471.0605,297.31,1.07729,53.2,37.506
24.9400,3471.0605,304.83,1.07729,53.2,37.506
24.9500,3471.0605,301.46,1.07729,53.2,37.506
24.9600,3471.0605,288.00,1.07729,53.2,37.506
24.9700,3439.1259,299.07,1.08729,53.2,37.506
24.9800,3439.1259,295.12,1.08729,53.2,37.506
24.9900,3439.1259,297.59,1.08729,53.1,37.506
25.0000,3439.1259,300.20,1.08729,53.1,37.506
25.0100,3439.1259,287.53,1.08729,53.1,37.506
25.0200,3452.0081,287.98,1.08323,53.1,37.506
25.0300,3452.0081,293.58,1.08323,53.1,37.506
25.0400,3452.0081,296.18,1.08323,53.1,37.506
25.0500,3452.0081,289.52,1.08323,53.0,37.506
25.0600,3452.0081,279.88,1.08323,53.0,37.506
25.0700,3452.0081,275.89,1.08323,53.0,37.506
25.0800,3466.9863,291.12,1.07855,53.0,37.506
25.0900,3477.7773,297.10,1.07521,53.1,37.506
25.1000,3463.5483,291.73,1.07962,53.1,37.506
25.1100,3463.5483,300.42,1.07962,53.1,37.506
25.1200,3463.5483,291.04,1.07962,53.1,37.506
25.1300,3467.5327,303.63,1.07838,53.1,37.506
25.1400,3493.6095,295.98,1.07033,53.1,37.506
25.1500,3481.4837,299.49,1.07406,53.1,37.506
25.1600,3481.4837,298.94,1.07406,53.1,37.506
25.1700,3482.2827,293.34,1.07381,53.2,37.506
25.1800,3490.6515,309.25,1.07124,53.2,37.506
25.1900,3525.6841,304.76,1.06060,53.2,37.506
25.2000,3521.9278,312.55,1.06173,53.2,37.506
25.2100,3521.9278,313.55,1.06173,53.2,37.506
25.2200,3505.9195,306.43,1.06658,53.2,37.506
25.2300,3505.1863,308.57,1.06680,53.3,37.506
25.2400,3505.1863,305.37,1.06680,53.2,37.506
25.2500,3505.1863,302.76,1.06680,53.2,37.506
25.2600,3505.1863,301.23,1.06680,53.2,37.506
25.2700,3481.7743,296.49,1.07397,53.2,37.506
25.2800,3481.7743,312.68,1.07397,53.2,37.506
25.2900,3481.7743,310.82,1.07397,53.2,37.506
25.3000,3481.7743,330.35,1.07397,53.2,37.506
25.3100,3481.7743,323.61,1.07397,53.2,37.506
25.3200,3481.7743,302.46,1.07397,53.1,37.506
25.3300,3491.2060,326.13,1.07107,53.2,37.506
25.3400,3493.2802,316.02,1.07043,53.2,37.506
25.3500,3493.2802,311.47,1.07043,53.2,37.506
25.3600,3493.2802,298.31,1.07043,53.2,37.506
25.3700,3493.2802,302.98,1.07043,53.1,37.506
25.3800,3493.2802,313.16,1.07043,53.1,37.506
25.3900,3471.3260,303.88,1.07720,53.1,37.506
25.4000,3471.3260,295.51,1.07720,53.1,37.506
25.4100,3471.3260,294.06,1.07720,53.1,37.506
25.4200,3499.8244,297.06,1.06843,53.1,37.506
25.4300,3499.8244,302.90,1.06843,53.1,37.506
25.4400,3509.3780,301.04,1.06552,53.1,37.506
25.4500,3500.1852,289.83,1.06832,53.1,37.506
25.4600,3500.1852,294.57,1.06832,53.1,37.506
25.4700,3496.0216,299.25,1.06959,53.2,37.506
25.4800,3471.2383,305.02,1.07723,53.2,37.506
25.4900,3471.2383,308.89,1.07723,53.2,37.506
25.5000,3471.2383,310.43,1.07723,53.1,37.506
25.5100,3471.2383,332.71,1.07723,53.1,37.506
25.5200,3471.2383,326.33,1.07723,53.1,37.506
25.5300,3471.2383,315.19,1.07723,53.1,37.506
25.5400,3472.6507,317.58,1.07679,53.1,37.506
25.5500,3472.6507,308.71,1.07679,53.1,37.506
25.5600,3472.6507,309.65,1.07679,53.1,37.506
25.5700,3472.6507,326.00,1.07679,53.1,37.506
25.5800,3472.6507,316.23,1.07679,53.0,37.506
25.5900,3472.6507,288.67,1.07679,53.0,37.506
25.6000,3472.6507,296.55,1.07679,53.0,37.506
25.6100,3472.6507,297.29,1.07679,53.0,37.506
25.6200,3477.4570,315.01,1.07530,53.0,37.506
25.6300,3478.7175,299.30,1.07492,53.0,37.506
25.6400,3480.7822,291.97,1.07428,53.0,37.506
25.6500,3480.7822,291.92,1.07428,53.0,37.506
25.6600,3480.7822,313.26,1.07428,53.0,37.506
25.6700,3480.7822,300.64,1.07428,53.0,37.506
25.6800,3484.9202,282.64,1.07300,53.0,37.506
25.6900,3484.9202,294.00,1.07300,53.0,37.506
25.7000,3484.9202,315.89,1.07300,53.0,37.506
25.7100,3484.9202,299.91,1.07300,53.0,37.506
25.7200,3464.9378,290.16,1.07919,53.0,37.506
25.7300,3474.7915,294.43,1.07613,53.0,37.506
25.7400,3471.1896,264.00,1.07725,53.0,37.506
25.7500,3490.7317,294.30,1.07122,53.1,37.506
25.7600,3490.7317,283.88,1.07122,53.1,37.506
25.7700,3490.7317,316.47,1.07122,53.0,37.506
25.7800,3470.3527,302.22,1.07751,53.1,37.506
25.7900,3470.3527,309.42,1.07751,53.0,37.506
25.8000,3462.1937,303.01,1.08005,53.1,37.506
25.8100,3462.1937,303.76,1.08005,53.1,37.506
25.8200,3462.1937,299.33,1.08005,53.0,37.506
25.8300,3462.1937,301.68,1.08005,53.0,37.506
25.8400,3495.3584,311.10,1.06980,53.0,37.506
25.8500,3495.3584,321.44,1.06980,53.0,37.506
25.8600,3495.3584,307.73,1.06980,53.0,37.506
25.8700,3495.3584,306.49,1.06980,53.0,37.506
25.8800,3495.3584,296.91,1.06980,52.9,37.506
25.8900,3495.3584,298.75,1.06980,52.9,37.506
25.9000,3459.2035,315.63,1.08098,52.9,37.506
25.9100,3459.2035,301.15,1.08098,52.9,37.506
25.9200,3461.1550,313.51,1.08037,53.0,37.506
25.9300,3461.1550,314.18,1.08037,52.9,37.506
25.9400,3461.1550,322.06,1.08037,52.9,37.506
25.9500,3457.6078,307.93,1.08148,52.9,37.506
25.9600,3457.6078,317.98,1.08148,52.9,37.506
25.9700,3467.7428,313.11,1.07832,53.0,37.506
25.9800,3467.7428,304.67,1.07832,52.9,37.506
25.9900,3463.3439,288.02,1.07969,53.0,37.506
26.0000,3463.3439,293.73,1.07969,52.9,37.506
26.0100,3463.3439,288.84,1.07969,52.9,37.506
26.0200,3440.1290,300.86,1.08697,53.0,37.506
26.0300,3440.1290,317.51,1.08697,52.9,37.506
26.0400,3433.1483,302.94,1.08918,53.0,37.506
26.0500,3446.7105,307.18,1.08490,53.0,37.506
26.0600,3446.7105,311.43,1.08490,53.0,37.506
26.0700,3441.1374,294.12,1.08665,53.0,37.506
26.0800,3441.1374,299.51,1.08665,53.0,37.506
26.0900,3441.1374,288.81,1.08665,52.9,37.506
26.1000,3441.1374,301.77,1.08665,52.9,37.506
26.1100,3441.1374,299.89,1.08665,52.9,37.506
26.1200,3441.1374,287.73,1.08665,52.9,37.506
26.1300,3441.1374,288.28,1.08665,52.9,37.506
26.1400,3441.1374,287.71,1.08665,52.8,37.506
26.1500,3441.1374,286.04,1.08665,52.8,37.506
26.1600,3441.1374,295.06,1.08665,52.8,37.506
26.1700,3457.7065,299.09,1.08145,52.8,37.506
26.1800,3444.2162,317.54,1.08568,52.9,37.506
26.1900,3452.9855,301.44,1.08293,52.9,37.506
26.2000,3473.1070,282.87,1.07665,52.9,37.506
26.2100,3473.1070,299.63,1.07665,52.9,37.506
26.2200,3473.1070,299.46,1.07665,52.9,37.506
26.2300,3467.8070,297.85,1.07830,52.9,37.506
26.2400,3467.8070,276.11,1.07830,52.9,37.506
26.2500,3467.8070,317.25,1.07830,52.9,37.506
26.2600,3467.8070,322.72,1.07830,52.9,37.506
26.2700,3461.1184,299.64,1.08038,52.9,37.506
26.2800,3461.1184,297.27,1.08038,52.9,37.506
26.2900,3480.0553,286.76,1.07450,52.9,37.506
26.3000,3480.0553,288.29,1.07450,52.9,37.506
26.3100,3480.0553,288.98,1.07450,52.9,37.506
26.3200,3470.0934,285.57,1.07759,52.9,37.506
26.3300,3441.0873,274.30,1.08667,52.9,37.506
26.3400,3441.0873,279.62,1.08667,52.9,37.506
26.3500,3428.7154,291.78,1.09059,52.9,37.506
26.3600,3428.7154,301.15,1.09059,52.9,37.506
26.3700,3428.7154,295.20,1.09059,52.9,37.506
26.3800,3401.1954,296.58,1.09942,52.9,37.506
26.3900,3389.5186,297.78,1.10320,52.9,37.506
26.4000,3389.5186,318.00,1.10320,52.9,37.506
26.4100,3389.5186,308.14,1.10320,52.9,37.506
26.4200,3403.9794,296.30,1.09852,52.9,37.506
26.4300,3403.9794,315.81,1.09852,52.9,37.506
26.4400,3403.9794,296.36,1.09852,52.9,37.506
26.4500,3424.4893,317.28,1.09194,52.9,37.506
26.4600,3424.4893,294.19,1.09194,52.9,37.506
26.4700,3424.4893,298.39,1.09194,52.9,37.506
26.4800,3424.4893,284.44,1.09194,52.8,37.506
26.4900,3424.4893,301.84,1.09194,52.8,37.506
26.5000,3414.0033,293.44,1.09529,52.8,37.506
26.5100,3414.0033,293.49,1.09529,52.8,37.506
26.5200,3413.9371,293.93,1.09531,52.9,37.506
26.5300,3424.9466,320.53,1.09179,52.9,37.506
26.5400,3403.7270,296.59,1.09860,52.9,37.506
26.5500,3403.7270,308.52,1.09860,52.9,37.506
26.5600,3403.7270,280.06,1.09860,52.9,37.506
26.5700,3403.7270,287.11,1.09860,52.8,37.506
26.5800,3403.7270,295.89,1.09860,52.8,37.506
26.5900,3403.7270,301.53,1.09860,52.8,37.506
26.6000,3432.3990,297.16,1.08942,52.8,37.506
26.6100,3432.3990,310.57,1.08942,52.8,37.506
26.6200,3454.0712,291.95,1.08259,52.8,37.506
26.6300,3440.1625,295.40,1.08696,52.9,37.506
26.6400,3440.1625,304.17,1.08696,52.8,37.506
26.6500,3454.1701,301.98,1.08255,52.9,37.506
26.6600,3454.1701,300.70,1.08255,52.9,37.506
26.6700,3481.0834,300.59,1.07418,52.9,37.506
26.6800,3459.0894,283.49,1.08101,52.9,37.506
26.6900,3459.0894,304.99,1.08101,52.9,37.506
26.7000,3442.1430,296.63,1.08634,52.9,37.506
26.7100,3442.1430,301.33,1.08634,52.9,37.506
26.7200,3416.6325,317.70,1.09445,52.9,37.506
26.7300,3416.6325,305.15,1.09445,52.9,37.506
26.7400,3384.2370,308.87,1.10492,52.9,37.506
26.7500,3402.9143,299.70,1.09886,52.9,37.506
26.7600,3402.9143,281.08,1.09886,52.9,37.506
26.7700,3401.3095,310.08,1.09938,53.0,37.506
26.7800,3401.3095,298.55,1.09938,52.9,37.506
26.7900,3402.6079,300.73,1.09896,53.0,37.506
26.8000,3402.6079,296.44,1.09896,52.9,37.506
26.8100,3402.6079,311.02,1.09896,52.9,37.506
26.8200,3391.4840,302.04,1.10256,53.0,37.506
26.8300,3399.1749,288.68,1.10007,53.0,37.506
26.8400,3399.1749,287.34,1.10007,53.0,37.506
26.8500,3399.1749,288.23,1.10007,52.9,37.506
26.8600,3399.1749,288.48,1.10007,52.9,37.506
26.8700,3424.9176,285.83,1.09180,53.0,37.506
26.8800,3424.9176,286.53,1.09180,52.9,37.506
26.8900,3424.7113,286.69,1.09187,53.0,37.506
26.9000,3424.7113,310.89,1.09187,52.9,37.506
26.9100,3424.7113,298.41,1.09187,52.9,37.506
26.9200,3424.7113,281.66,1.09187,52.9,37.506
26.9300,3422.0117,287.71,1.09273,52.9,37.506
26.9400,3405.9872,294.51,1.09787,52.9,37.506
26.9500,3405.9872,295.35,1.09787,52.9,37.506
26.9600,3405.9872,285.25,1.09787,52.9,37.506
26.9700,3417.3446,286.74,1.09422,52.9,37.506
26.9800,3438.5590,282.45,1.08747,53.0,37.506
26.9900,3416.5967,297.58,1.09446,53.0,37.506
27.0000,3416.5967,290.29,1.09446,53.0,37.506
27.0100,3416.5967,299.45,1.09446,53.0,37.506
27.0200,3416.3538,302.36,1.09454,53.0,37.506
27.0300,3416.3538,294.97,1.09454,53.0,37.506
27.0400,3416.3538,300.73,1.09454,52.9,37.506
27.0500,3416.3538,314.84,1.09454,52.9,37.506
27.0600,3416.3538,311.73,1.09454,52.9,37.506
27.0700,3416.3538,308.61,1.09454,52.9,37.506
27.0800,3416.3538,301.39,1.09454,52.9,37.506
27.0900,3442.8441,298.43,1.08612,52.9,37.506
27.1000,3447.9364,318.25,1.08451,52.9,37.506
27.1100,3447.9364,301.44,1.08451,52.9,37.506
27.1200,3477.3980,312.42,1.07532,52.9,37.506
27.1300,3477.3980,305.05,1.07532,52.9,37.506
27.1400,3477.3980,282.30,1.07532,52.9,37.506
27.1500,3472.4426,295.17,1.07686,52.9,37.506
27.1600,3472.4426,278.35,1.07686,52.9,37.506
27.1700,3487.6145,278.83,1.07217,52.9,37.506
27.1800,3494.3167,289.02,1.07012,52.9,37.506
27.1900,3460.9968,292.74,1.08042,53.0,37.506
27.2000,3460.9968,292.77,1.08042,52.9,37.506
27.2100,3460.9968,278.65,1.08042,52.9,37.506
27.2200,3460.9968,277.95,1.08042,52.9,37.506
27.2300,3472.0724,292.14,1.07697,52.9,37.506
27.2400,3472.0724,318.47,1.07697,52.9,37.506
27.2500,3472.0724,315.01,1.07697,52.9,37.506
27.2600,3472.0724,306.37,1.07697,52.9,37.506
27.2700,3472.0724,318.28,1.07697,52.9,37.506
27.2800,3472.0724,315.08,1.07697,52.8,37.506
27.2900,3472.0724,316.46,1.07697,52.8,37.506
27.3000,3472.0724,300.42,1.07697,52.8,37.506
27.3100,3472.0724,302.14,1.07697,52.8,37.506
27.3200,3483.8089,295.54,1.07334,52.8,37.506
27.3300,3481.9980,302.79,1.07390,52.8,37.506
27.3400,3481.9980,290.77,1.07390,52.8,37.506
27.3500,3482.9691,283.95,1.07360,52.8,37.506
27.3600,3482.9691,285.23,1.07360,52.8,37.506
27.3700,3515.7928,300.77,1.06358,52.9,37.506
27.3800,3515.7928,312.68,1.06358,52.8,37.506
27.3900,3489.8544,290.45,1.07148,52.9,37.506
27.4000,3464.5631,300.36,1.07931,52.9,37.506
27.4100,3464.5631,303.49,1.07931,52.9,37.506
27.4200,3464.5631,294.78,1.07931,52.8,37.506
27.4300,3453.3244,303.83,1.08282,52.9,37.506
27.4400,3427.1831,289.57,1.09108,52.9,37.506
27.4500,3427.1831,291.56,1.09108,52.9,37.506
27.4600,3427.1831,297.64,1.09108,52.9,37.506
27.4700,3446.6333,297.64,1.08492,52.9,37.506
27.4800,3451.0204,295.17,1.08354,52.9,37.506
27.4900,3443.1549,291.63,1.08602,52.9,37.506
27.5000,3419.9219,289.08,1.09340,53.0,37.506
27.5100,3419.9219,299.08,1.09340,53.0,37.506
27.5200,3421.0332,303.60,1.09304,53.0,37.506
27.5300,3421.0332,296.96,1.09304,53.0,37.506
27.5400,3421.0332,299.32,1.09304,52.9,37.506
27.5500,3407.4089,297.83,1.09741,52.9,37.506
27.5600,3407.4089,298.66,1.09741,52.9,37.506
27.5700,3432.5538,313.71,1.08937,53.0,37.506
27.5800,3441.0272,325.14,1.08669,53.0,37.506
27.5900,3441.0272,316.60,1.08669,53.0,37.506
27.6000,3424.5213,297.24,1.09193,53.0,37.506
27.6100,3424.5213,295.86,1.09193,53.0,37.506
27.6200,3424.5213,305.81,1.09193,53.0,37.506
27.6300,3424.5213,312.31,1.09193,52.9,37.506
27.6400,3420.5375,286.90,1.09320,53.0,37.506
27.6500,3420.5375,295.35,1.09320,52.9,37.506
27.6600,3420.5375,286.46,1.09320,52.9,37.506
27.6700,3420.5375,291.74,1.09320,52.9,37.506
27.6800,3416.4740,292.67,1.09450,52.9,37.506
27.6900,3427.4385,286.42,1.09100,53.0,37.506
27.7000,3418.8071,276.08,1.09375,53.0,37.506
27.7100,3418.8071,278.72,1.09375,53.0,37.506
27.7200,3418.8071,300.35,1.09375,53.0,37.506
27.7300,3418.8071,302.64,1.09375,52.9,37.506
27.7400,3418.8071,315.47,1.09375,52.9,37.506
27.7500,3418.1760,284.41,1.09395,52.9,37.506
27.7600,3418.1760,314.97,1.09395,52.9,37.506
27.7700,3418.1760,301.84,1.09395,52.9,37.506
27.7800,3417.3547,303.24,1.09422,52.9,37.506
27.7900,3414.8429,317.89,1.09502,52.9,37.506
27.8000,3414.8429,296.25,1.09502,52.9,37.506
27.8100,3414.8429,309.18,1.09502,52.9,37.506
27.8200,3439.1260,316.51,1.08729,52.9,37.506
27.8300,3422.5479,315.67,1.09256,53.0,37.506
27.8400,3422.5479,318.24,1.09256,52.9,37.506
27.8500,3445.9407,321.46,1.08514,53.0,37.506
27.8600,3445.9407,318.59,1.08514,53.0,37.506
27.8700,3445.9407,319.36,1.08514,52.9,37.506
27.8800,3445.9407,307.85,1.08514,52.9,37.506
27.8900,3429.0326,322.09,1.09049,52.9,37.506
27.9000,3429.0326,307.21,1.09049,52.9,37.506
27.9100,3429.0326,309.42,1.09049,52.9,37.506
27.9200,3446.4210,322.54,1.08499,52.9,37.506
27.9300,3446.4210,319.13,1.08499,52.9,37.506
27.9400,3466.9173,322.64,1.07857,52.9,37.506
27.9500,3466.9173,315.18,1.07857,52.9,37.506
27.9600,3466.9173,299.85,1.07857,52.9,37.506
27.9700,3466.9173,329.59,1.07857,52.9,37.506
27.9800,3474.1768,320.81,1.07632,52.9,37.506
27.9900,3469.3275,302.17,1.07782,52.9,37.506
28.0000,3472.4426,300.26,1.07686,52.9,37.506
28.0100,3472.4426,327.46,1.07686,52.9,37.506
28.0200,3472.4187,322.99,1.07687,53.0,37.506
28.0300,3442.9637,298.90,1.08608,53.0,37.506
28.0400,3442.9637,299.30,1.08608,53.0,37.506
28.0500,3419.5737,300.94,1.09351,53.0,37.506
28.0600,3419.5737,296.23,1.09351,53.0,37.506
28.0700,3434.3510,297.73,1.08880,53.0,37.506
28.0800,3451.8424,307.67,1.08328,53.0,37.506
28.0900,3451.8424,300.69,1.08328,53.0,37.506
28.1000,3442.6846,293.42,1.08617,53.0,37.506
28.1100,3442.6846,292.03,1.08617,53.0,37.506
28.1200,3442.6846,286.66,1.08617,53.0,37.506
28.1300,3442.6846,269.52,1.08617,53.0,37.506
28.1400,3426.7512,277.54,1.09122,53.0,37.506
28.1500,3428.2584,288.58,1.09074,53.0,37.506
28.1600,3428.2584,276.11,1.09074,53.0,37.506
28.1700,3424.3416,294.32,1.09198,53.0,37.506
28.1800,3426.1889,287.45,1.09140,53.1,37.506
28.1900,3405.0483,280.04,1.09817,53.1,37.506
28.2000,3396.9458,281.96,1.10079,53.1,37.506
28.2100,3396.9458,294.58,1.10079,53.1,37.506
28.2200,3396.9458,294.63,1.10079,53.1,37.506
28.2300,3396.9458,292.67,1.10079,53.1,37.506
28.2400,3396.9458,271.78,1.10079,53.0,37.506
28.2500,3391.7967,298.23,1.10246,53.1,37.506
28.2600,3391.7967,303.04,1.10246,53.1,37.506
28.2700,3391.7967,301.76,1.10246,53.0,37.506
28.2800,3391.7967,284.96,1.10246,53.0,37.506
28.2900,3391.7967,285.96,1.10246,53.0,37.506
28.3000,3358.0266,284.24,1.11355,53.0,37.506
28.3100,3358.0266,307.97,1.11355,53.0,37.506
28.3200,3366.2002,292.10,1.11084,53.0,37.506
28.3300,3366.2002,271.15,1.11084,53.0,37.506
28.3400,3366.2002,288.92,1.11084,53.0,37.506
28.3500,3366.2002,275.82,1.11084,53.0,37.506
28.3600,3366.2002,287.19,1.11084,53.0,37.506
28.3700,3366.2002,270.00,1.11084,52.9,37.506
28.3800,3366.2002,271.91,1.11084,52.9,37.506
28.3900,3366.2002,276.47,1.11084,52.9,37.506
28.4000,3381.0006,281.07,1.10598,52.9,37.506
28.4100,3381.0006,289.18,1.10598,52.9,37.506
28.4200,3386.1983,291.62,1.10428,52.9,37.506
28.4300,3386.1983,293.14,1.10428,52.9,37.506
28.4400,3386.1983,282.08,1.10428,52.9,37.506
28.4500,3417.6205,281.52,1.09413,52.9,37.506
28.4600,3417.6205,279.04,1.09413,52.9,37.506
28.4700,3417.6205,286.73,1.09413,52.9,37.506
28.4800,3432.2657,291.19,1.08946,52.9,37.506
28.4900,3432.2657,282.67,1.08946,52.9,37.506
28.5000,3396.1321,279.81,1.10105,52.9,37.506
28.5100,3396.1321,299.77,1.10105,52.9,37.506
28.5200,3396.1321,274.67,1.10105,52.9,37.506
28.5300,3411.4596,298.58,1.09611,52.9,37.506
28.5400,3411.4596,279.33,1.09611,52.9,37.506
28.5500,3421.7969,282.54,1.09280,52.9,37.506
28.5600,3421.7969,295.30,1.09280,52.9,37.506
28.5700,3390.9384,301.82,1.10274,52.9,37.506
28.5800,3390.9384,296.11,1.10274,52.9,37.506
28.5900,3390.9384,298.01,1.10274,52.9,37.506
28.6000,3422.2465,299.28,1.09265,52.9,37.506
28.6100,3422.2465,299.57,1.09265,52.9,37.506
28.6200,3412.7739,305.80,1.09569,52.9,37.506
28.6300,3412.7739,310.47,1.09569,52.9,37.506
28.6400,3386.9741,297.47,1.10403,52.9,37.506
28.6500,3386.9741,299.41,1.10403,52.9,37.506
28.6600,3386.9741,304.85,1.10403,52.9,37.506
28.6700,3386.9741,317.70,1.10403,52.9,37.506
28.6800,3420.5891,284.76,1.09318,52.9,37.506
28.6900,3420.5891,285.35,1.09318,52.9,37.506
28.7000,3420.5891,309.34,1.09318,52.8,37.506
28.7100,3420.5891,311.87,1.09318,52.8,37.506
28.7200,3426.0282,314.69,1.09145,52.9,37.506
28.7300,3426.0282,309.62,1.09145,52.8,37.506
28.7400,3416.9736,305.08,1.09434,52.8,37.506
28.7500,3416.9736,331.20,1.09434,52.8,37.506
28.7600,3416.9736,308.32,1.09434,52.8,37.506
28.7700,3431.0944,292.70,1.08983,52.8,37.506
28.7800,3431.0944,308.52,1.08983,52.8,37.506
28.7900,3433.9371,318.52,1.08893,52.8,37.506
28.8000,3433.9371,303.16,1.08893,52.8,37.506
28.8100,3433.9371,292.38,1.08893,52.8,37.506
28.8200,3441.5018,289.78,1.08654,52.8,37.506
28.8300,3450.8779,296.81,1.08359,52.9,37.506
28.8400,3420.5510,290.78,1.09319,52.9,37.506
28.8500,3420.5510,292.27,1.09319,52.9,37.506
28.8600,3420.5510,285.57,1.09319,52.9,37.506
28.8700,3427.4868,282.00,1.09098,52.9,37.506
28.8800,3439.4430,305.99,1.08719,52.9,37.506
28.8900,3453.8512,307.37,1.08265,52.9,37.506
28.9000,3453.8512,311.33,1.08265,52.9,37.506
28.9100,3453.8512,297.31,1.08265,52.9,37.506
28.9200,3453.8512,286.72,1.08265,52.9,37.506
28.9300,3453.8512,286.90,1.08265,52.9,37.506
28.9400,3443.5626,305.82,1.08589,52.9,37.506
28.9500,3443.5626,284.53,1.08589,52.8,37.506
28.9600,3443.5626,282.36,1.08589,52.8,37.506
28.9700,3443.5626,293.53,1.08589,52.8,37.506
28.9800,3443.5626,284.71,1.08589,52.8,37.506
28.9900,3472.0169,306.84,1.07699,52.8,37.506
29.0000,3472.0169,301.84,1.07699,52.8,37.506
29.0100,3472.0169,306.64,1.07699,52.8,37.506
29.0200,3472.0169,299.95,1.07699,52.8,37.506
29.0300,3472.0169,291.33,1.07699,52.8,37.506
29.0400,3451.5562,310.46,1.08337,52.8,37.506
29.0500,3446.6411,300.61,1.08492,52.8,37.506
29.0600,3446.6411,297.78,1.08492,52.8,37.506
29.0700,3456.1220,311.21,1.08194,52.8,37.506
29.0800,3455.0983,283.66,1.08226,52.8,37.506
29.0900,3455.0983,294.86,1.08226,52.8,37.506
29.1000,3455.0983,307.21,1.08226,52.8,37.506
29.1100,3455.0983,303.23,1.08226,52.8,37.506
29.1200,3455.0983,313.72,1.08226,52.8,37.506
29.1300,3455.0983,300.43,1.08226,52.7,37.506
29.1400,3455.0983,300.97,1.08226,52.7,37.506
29.1500,3432.1313,292.77,1.08951,52.7,37.506
29.1600,3432.1313,299.55,1.08951,52.7,37.506
29.1700,3441.5386,314.10,1.08653,52.8,37.506
29.1800,3412.5084,297.55,1.09577,52.8,37.506
29.1900,3412.5084,284.51,1.09577,52.8,37.506
29.2000,3437.6692,297.78,1.08775,52.8,37.506
29.2100,3437.6692,310.15,1.08775,52.8,37.506
29.2200,3437.6692,303.42,1.08775,52.8,37.506
29.2300,3459.3360,314.08,1.08094,52.8,37.506
29.2400,3459.3360,320.91,1.08094,52.8,37.506
29.2500,3459.3360,305.98,1.08094,52.7,37.506
29.2600,3459.3360,287.15,1.08094,52.7,37.506
29.2700,3463.0182,298.70,1.07979,52.8,37.506
29.2800,3463.0182,305.74,1.07979,52.7,37.506
29.2900,3466.3992,312.42,1.07874,52.8,37.506
29.3000,3466.3992,294.38,1.07874,52.7,37.506
29.3100,3466.3992,302.61,1.07874,52.7,37.506
29.3200,3466.3992,306.45,1.07874,52.7,37.506
29.3300,3457.1738,324.44,1.08161,52.7,37.506
29.3400,3443.6730,302.47,1.08585,52.7,37.506
29.3500,3443.6730,314.65,1.08585,52.7,37.506
29.3600,3443.6730,318.85,1.08585,52.7,37.506
29.3700,3457.1052,314.93,1.08164,52.7,37.506
29.3800,3464.8717,312.54,1.07921,52.8,37.506
29.3900,3436.6200,317.27,1.08808,52.8,37.506
29.4000,3436.6200,305.79,1.08808,52.8,37.506
29.4100,3436.6200,295.82,1.08808,52.8,37.506
29.4200,3436.6200,306.44,1.08808,52.7,37.506
29.4300,3429.8812,298.83,1.09022,52.8,37.506
29.4400,3403.2241,313.68,1.09876,52.8,37.506
29.4500,3403.2241,305.35,1.09876,52.8,37.506
29.4600,3403.2241,296.90,1.09876,52.8,37.506
29.4700,3412.2328,303.59,1.09586,52.8,37.506
29.4800,3412.2328,319.57,1.09586,52.8,37.506
29.4900,3405.3215,319.17,1.09808,52.8,37.506
29.5000,3405.3215,299.97,1.09808,52.8,37.506
29.5100,3405.3215,287.20,1.09808,52.8,37.506
29.5200,3405.3215,300.97,1.09808,52.7,37.506
29.5300,3430.1785,282.64,1.09013,52.8,37.506
29.5400,3413.7831,283.44,1.09536,52.8,37.506
29.5500,3413.7831,285.15,1.09536,52.7,37.506
29.5600,3413.7831,300.82,1.09536,52.7,37.506
29.5700,3424.1497,311.74,1.09205,52.8,37.506
29.5800,3424.1497,311.98,1.09205,52.7,37.506
29.5900,3434.3707,305.63,1.08880,52.8,37.506
29.6000,3462.2681,317.60,1.08002,52.8,37.506
29.6100,3462.2681,325.25,1.08002,52.8,37.506
29.6200,3462.2681,319.18,1.08002,52.8,37.506
29.6300,3482.1539,316.49,1.07385,52.8,37.506
29.6400,3471.0920,303.08,1.07728,52.8,37.506
29.6500,3471.0920,292.63,1.07728,52.8,37.506
29.6600,3471.0920,303.08,1.07728,52.8,37.506
29.6700,3467.9253,319.29,1.07826,52.8,37.506
29.6800,3467.9253,311.21,1.07826,52.8,37.506
29.6900,3460.4034,316.34,1.08060,52.8,37.506
29.7000,3460.4034,302.54,1.08060,52.8,37.506
29.7100,3460.4034,314.78,1.08060,52.8,37.506
29.7200,3440.2063,303.67,1.08695,52.8,37.506
29.7300,3445.2384,309.69,1.08536,52.8,37.506
29.7400,3445.2384,291.31,1.08536,52.8,37.506
29.7500,3427.5667,302.81,1.09096,52.8,37.506
29.7600,3427.5667,301.11,1.09096,52.8,37.506
29.7700,3423.9492,294.08,1.09211,52.8,37.506
29.7800,3423.9492,308.13,1.09211,52.8,37.506
29.7900,3423.9492,302.11,1.09211,52.8,37.506
29.8000,3418.7781,310.02,1.09376,52.8,37.506
29.8100,3418.7781,284.03,1.09376,52.8,37.506
29.8200,3418.7781,288.50,1.09376,52.8,37.506
29.8300,3409.9267,300.45,1.09660,52.8,37.506
29.8400,3414.5787,323.43,1.09511,52.8,37.506
29.8500,3414.5787,306.20,1.09511,52.8,37.506
29.8600,3414.5787,302.83,1.09511,52.8,37.506
29.8700,3414.5787,309.76,1.09511,52.8,37.506
29.8800,3414.5787,303.99,1.09511,52.8,37.506
29.8900,3408.5956,292.07,1.09703,52.8,37.506
29.9000,3380.0657,306.88,1.10629,52.8,37.506
29.9100,3380.0657,298.91,1.10629,52.8,37.506
29.9200,3395.4059,308.33,1.10129,52.8,37.506
29.9300,3395.4059,289.12,1.10129,52.8,37.506
29.9400,3395.4059,303.17,1.10129,52.8,37.506
29.9500,3395.4059,328.05,1.10129,52.8,37.506
29.9600,3395.4059,292.01,1.10129,52.8,37.506
29.9700,3395.4059,301.85,1.10129,52.7,37.506
29.9800,3395.4059,304.02,1.10129,52.7,37.506
29.9900,3395.4059,318.06,1.10129,52.7,37.506
30.0000,3395.4059,312.24,1.10129,52.7,37.506
30.0100,3395.4059,312.52,1.10129,52.7,37.506
30.0200,3395.4059,319.05,1.10129,52.6,37.506
30.0300,3408.6572,315.88,1.09701,52.7,37.506
30.0400,3423.3800,306.50,1.09229,52.7,37.506
30.0500,3424.3612,310.06,1.09198,52.7,37.506
30.0600,3424.3612,301.33,1.09198,52.7,37.506
30.0700,3406.4462,303.98,1.09772,52.7,37.506
30.0800,3406.4462,314.85,1.09772,52.7,37.506
30.0900,3406.4462,311.99,1.09772,52.7,37.506
30.1000,3415.8135,286.03,1.09471,52.7,37.506
30.1100,3415.8135,286.00,1.09471,52.7,37.506
30.1200,3415.8135,305.33,1.09471,52.7,37.506
30.1300,3378.3506,286.37,1.10685,52.7,37.506
30.1400,3343.2001,291.37,1.11849,52.7,37.506
30.1500,3324.1983,300.61,1.12488,52.7,37.506
30.1600,3324.1983,311.11,1.12488,52.7,37.506
30.1700,3335.7307,302.57,1.12099,52.8,37.506
30.1800,3335.7307,311.69,1.12099,52.7,37.506
30.1900,3359.9133,299.21,1.11292,52.8,37.506
30.2000,3357.8693,312.68,1.11360,52.8,37.506
30.2100,3357.8693,292.06,1.11360,52.8,37.506
30.2200,3388.3562,293.76,1.10358,52.8,37.506
30.2300,3390.0309,296.37,1.10304,52.8,37.506
30.2400,3392.7304,295.11,1.10216,52.8,37.506
30.2500,3384.1172,307.54,1.10496,52.9,37.506
30.2600,3384.1172,297.68,1.10496,52.9,37.506
30.2700,3388.3264,304.29,1.10359,52.9,37.506
30.2800,3394.0442,294.46,1.10173,52.9,37.506
30.2900,3378.2449,297.34,1.10688,52.9,37.506
30.3000,3356.5191,306.93,1.11405,52.9,37.506
30.3100,3356.5191,304.06,1.11405,52.9,37.506
30.3200,3356.5191,292.63,1.11405,52.9,37.506
30.3300,3356.5191,301.46,1.11405,52.9,37.506
30.3400,3356.5191,305.30,1.11405,52.9,37.506
30.3500,3339.9932,288.42,1.11956,52.9,37.506
30.3600,3339.9932,295.81,1.11956,52.9,37.506
30.3700,3339.9932,288.94,1.11956,52.9,37.506
30.3800,3346.4217,296.76,1.11741,52.9,37.506
30.3900,3346.4217,298.18,1.11741,52.9,37.506
30.4000,3355.9607,289.44,1.11423,52.9,37.506
30.4100,3355.9607,307.94,1.11423,52.9,37.506
30.4200,3373.0718,312.24,1.10858,52.9,37.506
30.4300,3373.0718,310.24,1.10858,52.9,37.506
30.4400,3373.0718,311.75,1.10858,52.9,37.506
30.4500,3373.0718,317.62,1.10858,52.8,37.506
30.4600,3373.0718,317.23,1.10858,52.8,37.506
30.4700,3358.4856,288.80,1.11340,52.9,37.506
30.4800,3358.4856,303.62,1.11340,52.8,37.506
30.4900,3358.4856,300.20,1.11340,52.8,37.506
30.5000,3358.4856,320.75,1.11340,52.8,37.506
30.5100,3358.4856,309.81,1.11340,52.8,37.506
30.5200,3363.1790,319.03,1.11184,52.8,37.506
30.5300,3365.7818,313.56,1.11098,52.8,37.506
30.5400,3365.7818,310.39,1.11098,52.8,37.506
30.5500,3365.7818,308.03,1.11098,52.8,37.506
30.5600,3365.7818,302.03,1.11098,52.8,37.506
30.5700,3365.7818,299.64,1.11098,52.8,37.506
30.5800,3365.7818,287.22,1.11098,52.7,37.506
30.5900,3365.7818,287.57,1.11098,52.7,37.506
30.6000,3366.3756,302.61,1.11079,52.7,37.506
30.6100,3366.3756,291.46,1.11079,52.7,37.506
30.6200,3364.2941,298.31,1.11147,52.8,37.506
30.6300,3364.2941,282.83,1.11147,52.7,37.506
30.6400,3336.5672,282.20,1.12071,52.8,37.506
30.6500,3336.5672,289.68,1.12071,52.7,37.506
30.6600,3336.5672,285.53,1.12071,52.7,37.506
30.6700,3342.3713,295.72,1.11876,52.8,37.506
30.6800,3326.6529,302.15,1.12405,52.8,37.506
30.6900,3324.7298,295.68,1.12470,52.8,37.506
30.7000,3324.3862,295.62,1.12482,52.8,37.506
30.7100,3324.3862,299.59,1.12482,52.8,37.506
30.7200,3324.3862,323.32,1.12482,52.8,37.506
30.7300,3358.8673,309.59,1.11327,52.8,37.506
30.7400,3348.2225,300.63,1.11681,52.8,37.506
30.7500,3383.3792,305.39,1.10520,52.8,37.506
30.7600,3383.3792,295.75,1.10520,52.8,37.506
30.7700,3391.8414,281.14,1.10245,52.9,37.506
30.7800,3391.8414,291.42,1.10245,52.8,37.506
30.7900,3392.5365,285.05,1.10222,52.9,37.506
30.8000,3392.5365,296.25,1.10222,52.8,37.506
30.8100,3392.5365,293.01,1.10222,52.8,37.506
30.8200,3400.9470,297.33,1.09950,52.9,37.506
30.8300,3400.9470,295.72,1.09950,52.8,37.506
30.8400,3400.9470,302.66,1.09950,52.8,37.506
30.8500,3405.7709,305.87,1.09794,52.8,37.506
30.8600,3405.7709,302.22,1.09794,52.8,37.506
30.8700,3405.7709,300.77,1.09794,52.8,37.506
30.8800,3393.7210,295.92,1.10184,52.8,37.506
30.8900,3392.6649,307.36,1.10218,52.9,37.506
30.9000,3396.2788,295.78,1.10101,52.9,37.506
30.9100,3396.2788,297.23,1.10101,52.9,37.506
30.9200,3390.2123,297.34,1.10298,52.9,37.506
30.9300,3388.8723,298.01,1.10341,52.9,37.506
30.9400,3388.8723,296.05,1.10341,52.9,37.506
30.9500,3383.7362,294.04,1.10509,52.9,37.506
30.9600,3383.7362,297.05,1.10509,52.9,37.506
30.9700,3383.7362,301.96,1.10509,52.9,37.506
30.9800,3383.7362,295.03,1.10509,52.9,37.506
30.9900,3383.7362,285.07,1.10509,52.8,37.506
31.0000,3383.7362,284.85,1.10509,52.8,37.506
31.0100,3383.7362,311.36,1.10509,52.8,37.506
31.0200,3355.9790,312.38,1.11423,52.8,37.506
31.0300,3355.9790,301.50,1.11423,52.8,37.506
31.0400,3349.1767,305.69,1.11649,52.8,37.506
31.0500,3349.1767,289.23,1.11649,52.8,37.506
31.0600,3349.1767,305.89,1.11649,52.8,37.506
31.0700,3349.1767,300.82,1.11649,52.8,37.506
31.0800,3349.1767,299.53,1.11649,52.8,37.506
31.0900,3345.0178,304.75,1.11788,52.8,37.506
31.1000,3360.1366,295.77,1.11285,52.8,37.506
31.1100,3360.1366,318.45,1.11285,52.8,37.506
31.1200,3365.7853,305.59,1.11098,52.8,37.506
31.1300,3332.0885,314.92,1.12222,52.9,37.506
31.1400,3363.0182,292.07,1.11190,52.9,37.506
31.1500,3363.0182,291.91,1.11190,52.8,37.506
31.1600,3363.0182,291.77,1.11190,52.8,37.506
31.1700,3398.6455,285.20,1.10024,52.9,37.506
31.1800,3398.6455,262.90,1.10024,52.8,37.506
31.1900,3411.1827,258.79,1.09620,52.9,37.506
31.2000,3400.2423,267.95,1.09972,52.9,37.506
31.2100,3400.2423,281.41,1.09972,52.9,37.506
31.2200,3370.4892,284.81,1.10943,52.9,37.506
31.2300,3370.4892,291.62,1.10943,52.9,37.506
31.2400,3370.4892,306.02,1.10943,52.9,37.506
31.2500,3370.4892,288.55,1.10943,52.8,37.506
31.2600,3370.4892,301.38,1.10943,52.8,37.506
31.2700,3385.3798,310.39,1.10455,52.9,37.506
31.2800,3414.1590,313.98,1.09524,52.9,37.506
31.2900,3419.2659,305.54,1.09361,52.9,37.506
31.3000,3441.9002,329.66,1.08641,52.9,37.506
31.3100,3441.9002,317.72,1.08641,52.9,37.506
31.3200,3441.9002,301.94,1.08641,52.9,37.506
31.3300,3441.9002,305.29,1.08641,52.9,37.506
31.3400,3478.9582,314.20,1.07484,52.9,37.506
31.3500,3473.6639,311.06,1.07648,52.9,37.506
31.3600,3473.6639,309.39,1.07648,52.9,37.506
31.3700,3473.6639,308.66,1.07648,52.9,37.506
31.3800,3441.5731,287.95,1.08652,52.9,37.506
31.3900,3421.4461,294.98,1.09291,52.9,37.506
31.4000,3453.8205,280.26,1.08266,52.9,37.506
31.4100,3453.8205,274.26,1.08266,52.9,37.506
31.4200,3453.8205,292.46,1.08266,52.9,37.506
31.4300,3453.8205,305.38,1.08266,52.9,37.506
31.4400,3416.6594,292.16,1.09444,52.9,37.506
31.4500,3411.2160,292.48,1.09619,52.9,37.506
31.4600,3411.2160,305.84,1.09619,52.9,37.506
31.4700,3411.2160,279.66,1.09619,52.9,37.506
31.4800,3427.0944,291.03,1.09111,52.9,37.506
31.4900,3427.0944,291.58,1.09111,52.9,37.506
31.5000,3390.8462,298.75,1.10277,52.9,37.506
31.5100,3390.8462,297.09,1.10277,52.9,37.506
31.5200,3393.2865,293.99,1.10198,53.0,37.506
31.5300,3393.2865,284.96,1.10198,52.9,37.506
31.5400,3401.0802,299.42,1.09945,53.0,37.506
31.5500,3401.0802,300.20,1.09945,52.9,37.506
31.5600,3401.0802,290.67,1.09945,52.9,37.506
31.5700,3401.0802,298.88,1.09945,52.9,37.506
31.5800,3401.0802,286.93,1.09945,52.9,37.506
31.5900,3401.0802,305.19,1.09945,52.9,37.506
31.6000,3401.0802,298.43,1.09945,52.8,37.506
31.6100,3401.0802,304.13,1.09945,52.8,37.506
31.6200,3380.6849,293.29,1.10609,52.9,37.506
31.6300,3361.9900,287.09,1.11224,52.9,37.506
31.6400,3361.9900,297.95,1.11224,52.9,37.506
31.6500,3341.3062,313.62,1.11912,52.9,37.506
31.6600,3341.3062,316.91,1.11912,52.9,37.506
31.6700,3343.3697,308.30,1.11843,52.9,37.506
31.6800,3315.2572,297.74,1.12791,52.9,37.506
31.6900,3315.2572,302.44,1.12791,52.9,37.506
31.7000,3337.1662,300.46,1.12051,52.9,37.506
31.7100,3337.1662,288.06,1.12051,52.9,37.506
31.7200,3337.1662,294.84,1.12051,52.9,37.506
31.7300,3369.9443,283.44,1.10961,52.9,37.506
31.7400,3369.9443,299.31,1.10961,52.9,37.506
31.7500,3369.9443,307.61,1.10961,52.9,37.506
31.7600,3369.9443,307.26,1.10961,52.9,37.506
31.7700,3357.5361,295.19,1.11371,52.9,37.506
31.7800,3357.5361,286.31,1.11371,52.9,37.506
31.7900,3357.5361,294.48,1.11371,52.9,37.506
31.8000,3365.8000,278.54,1.11098,52.9,37.506
31.8100,3365.8000,292.39,1.11098,52.9,37.506
31.8200,3378.0126,292.16,1.10696,52.9,37.506
31.8300,3378.0126,297.29,1.10696,52.9,37.506
31.8400,3378.0126,304.63,1.10696,52.8,37.506
31.8500,3378.0126,310.32,1.10696,52.8,37.506
31.8600,3378.0126,288.69,1.10696,52.8,37.506
31.8700,3378.0126,302.88,1.10696,52.8,37.506
31.8800,3378.0126,316.59,1.10696,52.8,37.506
31.8900,3378.0126,278.62,1.10696,52.8,37.506
31.9000,3378.0126,305.52,1.10696,52.7,37.506
31.9100,3378.0126,296.24,1.10696,52.7,37.506
31.9200,3373.7355,292.49,1.10836,52.8,37.506
31.9300,3368.5805,292.75,1.11006,52.8,37.506
31.9400,3382.5815,294.37,1.10547,52.8,37.506
31.9500,3353.0917,300.50,1.11519,52.8,37.506
31.9600,3353.0917,288.26,1.11519,52.8,37.506
31.9700,3353.0917,289.86,1.11519,52.8,37.506
31.9800,3353.0917,298.13,1.11519,52.8,37.506
31.9900,3357.9321,292.53,1.11358,52.8,37.506
32.0000,3384.5987,296.34,1.10481,52.8,37.506
32.0100,3384.5987,288.99,1.10481,52.8,37.506
32.0200,3383.4412,321.71,1.10518,52.8,37.506
32.0300,3388.7939,302.45,1.10344,52.8,37.506
32.0400,3356.4868,295.98,1.11406,52.9,37.506
32.0500,3356.4024,295.40,1.11409,52.9,37.506
32.0600,3356.4024,307.67,1.11409,52.9,37.506
32.0700,3356.4024,315.26,1.11409,52.9,37.506
32.0800,3356.4024,308.32,1.11409,52.8,37.506
32.0900,3354.8696,303.31,1.11460,52.9,37.506
32.1000,3354.8696,297.87,1.11460,52.8,37.506
32.1100,3354.8696,293.04,1.11460,52.8,37.506
32.1200,3356.0697,298.94,1.11420,52.9,37.506
32.1300,3368.3348,302.36,1.11014,52.9,37.506
32.1400,3368.3348,298.13,1.11014,52.9,37.506
32.1500,3368.3348,291.10,1.11014,52.8,37.506
32.1600,3368.3348,298.39,1.11014,52.8,37.506
32.1700,3381.7307,301.03,1.10574,52.9,37.506
32.1800,3359.6979,311.37,1.11299,52.9,37.506
32.1900,3367.4100,302.07,1.11045,52.9,37.506
32.2000,3371.2102,300.84,1.10919,52.9,37.506
32.2100,3371.2102,302.47,1.10919,52.9,37.506
32.2200,3387.7014,305.46,1.10379,52.9,37.506
32.2300,3381.9792,306.90,1.10566,52.9,37.506
32.2400,3418.9437,316.21,1.09371,53.0,37.506
32.2500,3392.2177,317.54,1.10233,53.0,37.506
32.2600,3392.2177,291.07,1.10233,53.0,37.506
32.2700,3392.2177,301.18,1.10233,53.0,37.506
32.2800,3392.2177,306.23,1.10233,52.9,37.506
32.2900,3392.2177,306.84,1.10233,52.9,37.506
32.3000,3411.5120,301.31,1.09609,52.9,37.506
32.3100,3411.5120,303.42,1.09609,52.9,37.506
32.3200,3413.1880,289.45,1.09555,53.0,37.506
32.3300,3436.8133,309.07,1.08802,53.0,37.506
32.3400,3436.8133,307.24,1.08802,53.0,37.506
32.3500,3426.6878,327.41,1.09124,53.0,37.506
32.3600,3426.6878,312.38,1.09124,53.0,37.506
32.3700,3426.6878,311.68,1.09124,53.0,37.506
32.3800,3436.6999,303.21,1.08806,53.0,37.506
32.3900,3440.0824,296.01,1.08699,53.0,37.506
32.4000,3440.0824,285.19,1.08699,53.0,37.506
32.4100,3440.0824,286.19,1.08699,53.0,37.506
32.4200,3404.5887,287.78,1.09832,53.0,37.506
32.4300,3404.5887,283.48,1.09832,53.0,37.506
32.4400,3414.4175,300.22,1.09516,53.0,37.506
32.4500,3414.4175,298.84,1.09516,53.0,37.506
32.4600,3414.4175,277.79,1.09516,53.0,37.506
32.4700,3414.4175,284.10,1.09516,52.9,37.506
32.4800,3414.4175,283.40,1.09516,52.9,37.506
32.4900,3414.4175,269.67,1.09516,52.9,37.506
32.5000,3393.9198,266.73,1.10177,52.9,37.506
32.5100,3393.9198,266.32,1.10177,52.9,37.506
32.5200,3371.2838,266.94,1.10917,52.9,37.506
32.5300,3374.9276,277.66,1.10797,53.0,37.506
32.5400,3374.9276,290.20,1.10797,52.9,37.506
32.5500,3374.9276,289.33,1.10797,52.9,37.506
32.5600,3374.9276,292.51,1.10797,52.9,37.506
32.5700,3374.9276,285.25,1.10797,52.9,37.506
32.5800,3379.1163,272.29,1.10660,52.9,37.506
32.5900,3410.8444,298.32,1.09631,52.9,37.506
32.6000,3416.9224,295.31,1.09436,53.0,37.506
32.6100,3416.9224,284.36,1.09436,53.0,37.506
32.6200,3416.9224,275.30,1.09436,52.9,37.506
32.6300,3416.9224,281.06,1.09436,52.9,37.506
32.6400,3408.7242,285.06,1.09699,52.9,37.506
32.6500,3415.9075,284.17,1.09468,52.9,37.506
32.6600,3415.9075,280.95,1.09468,52.9,37.506
32.6700,3391.2909,278.97,1.10263,53.0,37.506
32.6800,3397.3526,276.38,1.10066,53.0,37.506
32.6900,3392.1937,287.50,1.10233,53.0,37.506
32.7000,3392.1937,297.32,1.10233,53.0,37.506
32.7100,3392.1937,280.67,1.10233,53.0,37.506
32.7200,3392.1937,301.94,1.10233,53.0,37.506
32.7300,3371.1604,282.57,1.10921,53.0,37.506
32.7400,3371.7665,287.33,1.10901,53.0,37.506
32.7500,3371.7665,304.42,1.10901,53.0,37.506
32.7600,3371.7665,307.67,1.10901,53.0,37.506
32.7700,3371.7665,295.80,1.10901,53.0,37.506
32.7800,3335.5339,301.00,1.12106,53.0,37.506
32.7900,3335.5339,294.43,1.12106,53.0,37.506
32.8000,3335.5339,306.80,1.12106,52.9,37.506
32.8100,3335.5339,300.43,1.12106,52.9,37.506
32.8200,3371.4387,283.04,1.10912,53.0,37.506
32.8300,3371.4387,283.57,1.10912,52.9,37.506
32.8400,3371.4387,292.13,1.10912,52.9,37.506
32.8500,3346.7402,285.59,1.11730,52.9,37.506
32.8600,3346.7402,296.97,1.11730,52.9,37.506
32.8700,3346.7402,293.56,1.11730,52.9,37.506
32.8800,3346.7402,291.69,1.11730,52.9,37.506
32.8900,3357.4568,309.00,1.11374,52.9,37.506
32.9000,3357.4568,299.07,1.11374,52.9,37.506
32.9100,3357.4568,304.40,1.11374,52.9,37.506
32.9200,3346.8159,294.74,1.11728,52.9,37.506
32.9300,3346.8159,289.59,1.11728,52.9,37.506
32.9400,3346.8159,286.30,1.11728,52.9,37.506
32.9500,3346.8159,302.27,1.11728,52.8,37.506
32.9600,3346.8159,298.79,1.11728,52.8,37.506
32.9700,3340.7696,291.95,1.11930,52.9,37.506
32.9800,3334.4516,286.58,1.12142,52.9,37.506
32.9900,3330.5148,274.28,1.12275,52.9,37.506
33.0000,3335.4895,283.57,1.12107,52.9,37.506
33.0100,3335.4895,297.68,1.12107,52.9,37.506
33.0200,3363.6336,307.60,1.11169,52.9,37.506
33.0300,3340.0832,297.07,1.11953,53.0,37.506
33.0400,3354.7417,300.49,1.11464,53.0,37.506
33.0500,3354.7417,299.56,1.11464,53.0,37.506
33.0600,3354.7417,313.79,1.11464,53.0,37.506
33.0700,3354.7417,304.62,1.11464,52.9,37.506
33.0800,3364.6206,294.88,1.11137,52.9,37.506
33.0900,3362.7763,299.72,1.11198,53.0,37.506
33.1000,3377.3306,311.53,1.10718,53.0,37.506
33.1100,3377.3306,308.53,1.10718,53.0,37.506
33.1200,3359.9292,309.12,1.11292,53.0,37.506
33.1300,3367.5858,307.72,1.11039,53.0,37.506
33.1400,3373.4717,312.81,1.10845,53.0,37.506
33.1500,3367.9554,311.22,1.11027,53.1,37.506
33.1600,3367.9554,300.64,1.11027,53.1,37.506
33.1700,3367.9554,318.01,1.11027,53.0,37.506
33.1800,3371.4789,313.82,1.10911,53.1,37.506
33.1900,3371.4789,304.96,1.10911,53.0,37.506
33.2000,3371.4789,300.42,1.10911,53.0,37.506
33.2100,3371.4789,314.47,1.10911,53.0,37.506
33.2200,3371.4789,310.69,1.10911,53.0,37.506
33.2300,3380.8990,312.98,1.10602,53.0,37.506
33.2400,3380.8990,320.80,1.10602,53.0,37.506
33.2500,3380.8990,308.57,1.10602,53.0,37.506
33.2600,3380.8990,325.56,1.10602,53.0,37.506
33.2700,3380.8990,327.65,1.10602,53.0,37.506
33.2800,3380.8990,319.69,1.10602,52.9,37.506
33.2900,3388.4100,304.94,1.10356,52.9,37.506
33.3000,3388.4100,312.33,1.10356,52.9,37.506
33.3100,3388.4100,327.07,1.10356,52.9,37.506
33.3200,3388.4100,323.38,1.10356,52.9,37.506
33.3300,3407.3126,323.01,1.09744,52.9,37.506
33.3400,3423.7131,315.09,1.09218,52.9,37.506
33.3500,3423.7131,322.74,1.09218,52.9,37.506
33.3600,3423.7131,321.46,1.09218,52.9,37.506
33.3700,3400.2554,320.50,1.09972,52.9,37.506
33.3800,3408.6440,296.42,1.09701,53.0,37.506
33.3900,3408.6440,317.15,1.09701,52.9,37.506
33.4000,3408.6440,312.86,1.09701,52.9,37.506
33.4100,3408.6440,322.72,1.09701,52.9,37.506
33.4200,3408.6440,316.60,1.09701,52.9,37.506
33.4300,3408.6440,302.61,1.09701,52.9,37.506
33.4400,3408.6440,311.38,1.09701,52.9,37.506
33.4500,3396.1494,317.03,1.10105,52.9,37.506
33.4600,3396.1494,312.38,1.10105,52.9,37.506
33.4700,3396.1494,299.84,1.10105,52.9,37.506
33.4800,3396.1494,290.26,1.10105,52.8,37.506
33.4900,3415.8391,297.29,1.09470,52.9,37.506
33.5000,3432.4490,306.72,1.08940,52.9,37.506
33.5100,3432.4490,310.47,1.08940,52.9,37.506
33.5200,3410.5104,315.77,1.09641,52.9,37.506
33.5300,3406.5455,334.41,1.09769,52.9,37.506
33.5400,3375.0992,323.96,1.10792,52.9,37.506
33.5500,3390.4326,297.62,1.10291,52.9,37.506
33.5600,3390.4326,293.36,1.10291,52.9,37.506
33.5700,3390.4326,306.43,1.10291,52.9,37.506
33.5800,3382.1398,313.77,1.10561,52.9,37.506
33.5900,3382.1398,313.97,1.10561,52.9,37.506
33.6000,3410.2907,316.95,1.09648,52.9,37.506
33.6100,3410.2907,311.96,1.09648,52.9,37.506
33.6200,3410.4505,316.86,1.09643,53.0,37.506
33.6300,3426.9451,312.15,1.09115,53.0,37.506
33.6400,3426.9451,300.78,1.09115,53.0,37.506
33.6500,3434.2788,281.98,1.08882,53.0,37.506
33.6600,3434.2788,305.51,1.08882,53.0,37.506
33.6700,3434.2788,298.35,1.08882,53.0,37.506
33.6800,3434.2788,297.42,1.08882,52.9,37.506
33.6900,3434.2788,289.59,1.08882,52.9,37.506
33.7000,3434.2788,285.83,1.08882,52.9,37.506
33.7100,3434.2788,287.17,1.08882,52.9,37.506
33.7200,3431.9822,289.78,1.08955,52.9,37.506
33.7300,3451.7081,290.81,1.08333,52.9,37.506
33.7400,3451.7081,313.74,1.08333,52.9,37.506
33.7500,3451.7081,322.19,1.08333,52.9,37.506
33.7600,3451.7081,311.65,1.08333,52.9,37.506
33.7700,3438.8507,301.92,1.08738,52.9,37.506
33.7800,3433.9070,304.83,1.08894,52.9,37.506
33.7900,3431.6595,307.56,1.08966,52.9,37.506
33.8000,3431.6595,322.25,1.08966,52.9,37.506
33.8100,3431.6595,322.90,1.08966,52.9,37.506
33.8200,3439.2268,294.27,1.08726,52.9,37.506
33.8300,3439.2268,298.29,1.08726,52.9,37.506
33.8400,3472.3636,311.67,1.07688,52.9,37.506
33.8500,3472.3636,316.52,1.07688,52.9,37.506
33.8600,3472.3636,319.48,1.07688,52.9,37.506
33.8700,3472.3636,301.01,1.07688,52.9,37.506
33.8800,3472.3636,309.01,1.07688,52.9,37.506
33.8900,3472.3636,285.33,1.07688,52.9,37.506
33.9000,3447.4397,294.54,1.08467,52.9,37.506
33.9100,3447.4397,299.22,1.08467,52.9,37.506
33.9200,3447.4397,305.59,1.08467,52.9,37.506
33.9300,3447.4397,295.31,1.08467,52.8,37.506
33.9400,3446.9142,299.66,1.08483,52.9,37.506
33.9500,3446.9142,314.01,1.08483,52.8,37.506
33.9600,3446.9142,331.38,1.08483,52.8,37.506
33.9700,3446.9142,308.18,1.08483,52.8,37.506
33.9800,3425.2540,319.19,1.09169,52.8,37.506
33.9900,3425.2540,296.17,1.09169,52.8,37.506
34.0000,3406.5229,294.04,1.09770,52.8,37.506
34.0100,3406.5229,315.90,1.09770,52.8,37.506
34.0200,3417.9652,320.65,1.09402,52.8,37.506
34.0300,3417.9652,303.34,1.09402,52.8,37.506
34.0400,3417.9652,309.23,1.09402,52.8,37.506
34.0500,3417.9652,297.07,1.09402,52.8,37.506
34.0600,3417.9652,290.03,1.09402,52.8,37.506
34.0700,3417.9652,307.54,1.09402,52.8,37.506
34.0800,3417.9652,301.36,1.09402,52.8,37.506
34.0900,3412.3365,289.22,1.09583,52.8,37.506
34.1000,3399.2865,285.97,1.10003,52.8,37.506
34.1100,3399.2865,275.58,1.10003,52.8,37.506
34.1200,3397.3280,302.99,1.10067,52.8,37.506
34.1300,3412.1497,303.90,1.09589,52.8,37.506
34.1400,3382.9108,302.31,1.10536,52.8,37.506
34.1500,3370.3066,289.15,1.10949,52.9,37.506
34.1600,3370.3066,287.79,1.10949,52.9,37.506
34.1700,3344.0850,288.26,1.11819,52.9,37.506
34.1800,3344.0850,305.31,1.11819,52.9,37.506
34.1900,3344.0850,307.80,1.11819,52.8,37.506
34.2000,3344.0850,304.08,1.11819,52.8,37.506
34.2100,3344.0850,298.27,1.11819,52.8,37.506
34.2200,3343.7820,294.04,1.11829,52.8,37.506
34.2300,3343.7820,314.43,1.11829,52.8,37.506
34.2400,3326.6510,302.84,1.12405,52.8,37.506
34.2500,3321.0828,302.73,1.12594,52.8,37.506
34.2600,3321.0828,280.52,1.12594,52.8,37.506
34.2700,3321.0828,305.37,1.12594,52.8,37.506
34.2800,3308.2320,290.55,1.13031,52.8,37.506
34.2900,3309.3043,296.46,1.12994,52.9,37.506
34.3000,3309.3043,282.34,1.12994,52.8,37.506
34.3100,3309.3043,298.41,1.12994,52.8,37.506
34.3200,3302.8257,297.70,1.13216,52.9,37.506
34.3300,3310.2055,295.46,1.12964,52.9,37.506
34.3400,3310.2055,307.30,1.12964,52.9,37.506
34.3500,3310.2055,314.72,1.12964,52.8,37.506
34.3600,3310.2055,315.97,1.12964,52.8,37.506
34.3700,3310.2055,308.60,1.12964,52.8,37.506
34.3800,3317.1141,310.33,1.12728,52.8,37.506
34.3900,3317.1141,313.98,1.12728,52.8,37.506
34.4000,3290.4884,316.54,1.13640,52.8,37.506
34.4100,3290.4884,330.17,1.13640,52.8,37.506
34.4200,3290.4884,294.71,1.13640,52.8,37.506
34.4300,3290.4884,305.25,1.13640,52.8,37.506
34.4400,3290.4884,311.91,1.13640,52.8,37.506
34.4500,3289.7220,303.55,1.13667,52.8,37.506
34.4600,3289.7220,298.55,1.13667,52.8,37.506
34.4700,3293.6461,306.63,1.13532,52.8,37.506
34.4800,3293.6461,318.21,1.13532,52.8,37.506
34.4900,3293.6461,291.91,1.13532,52.8,37.506
34.5000,3293.6461,299.47,1.13532,52.8,37.506
34.5100,3293.6461,304.94,1.13532,52.8,37.506
34.5200,3310.1227,291.59,1.12966,52.8,37.506
34.5300,3310.1227,300.40,1.12966,52.8,37.506
34.5400,3303.4704,299.59,1.13194,52.8,37.506
34.5500,3303.4704,284.80,1.13194,52.7,37.506
34.5600,3303.4704,282.24,1.13194,52.7,37.506
34.5700,3303.4704,293.24,1.13194,52.7,37.506
34.5800,3303.4704,304.81,1.13194,52.7,37.506
34.5900,3303.4704,309.08,1.13194,52.7,37.506
34.6000,3277.1159,311.37,1.14104,52.7,37.506
34.6100,3277.1159,290.93,1.14104,52.7,37.506
34.6200,3266.3985,294.06,1.14479,52.7,37.506
34.6300,3266.3985,295.52,1.14479,52.7,37.506
34.6400,3266.3985,280.66,1.14479,52.7,37.506
34.6500,3266.3985,291.39,1.14479,52.7,37.506
34.6600,3266.3985,303.67,1.14479,52.7,37.506
34.6700,3298.7094,316.27,1.13357,52.7,37.506
34.6800,3298.7094,316.65,1.13357,52.7,37.506
34.6900,3298.7094,308.81,1.13357,52.6,37.506
34.7000,3298.7094,323.50,1.13357,52.6,37.506
34.7100,3298.7094,328.88,1.13357,52.6,37.506
34.7200,3323.0438,299.73,1.12527,52.6,37.506
34.7300,3312.6003,300.16,1.12882,52.7,37.506
34.7400,3329.8139,301.32,1.12298,52.7,37.506
34.7500,3329.8139,310.31,1.12298,52.7,37.506
34.7600,3329.8139,316.66,1.12298,52.7,37.506
34.7700,3329.8139,308.35,1.12298,52.6,37.506
34.7800,3327.8622,288.26,1.12364,52.7,37.506
34.7900,3327.8622,289.61,1.12364,52.6,37.506
34.8000,3342.8752,300.62,1.11860,52.7,37.506
34.8100,3342.8752,287.74,1.11860,52.7,37.506
34.8200,3340.0907,298.27,1.11953,52.7,37.506
34.8300,3371.7609,314.08,1.10901,52.7,37.506
34.8400,3371.7609,306.86,1.10901,52.7,37.506
34.8500,3396.5770,300.06,1.10091,52.7,37.506
34.8600,3396.5770,312.65,1.10091,52.7,37.506
34.8700,3386.2516,317.25,1.10427,52.7,37.506
34.8800,3386.2516,320.27,1.10427,52.7,37.506
34.8900,3386.6021,300.02,1.10415,52.7,37.506
34.9000,3376.3518,308.46,1.10750,52.7,37.506
34.9100,3376.3518,292.37,1.10750,52.7,37.506
34.9200,3376.3518,298.03,1.10750,52.7,37.506
34.9300,3376.3518,295.81,1.10750,52.7,37.506
34.9400,3376.3518,316.29,1.10750,52.7,37.506
34.9500,3357.2116,294.59,1.11382,52.7,37.506
34.9600,3357.2116,310.41,1.11382,52.7,37.506
34.9700,3357.1497,303.07,1.11384,52.7,37.506
34.9800,3357.1497,304.20,1.11384,52.7,37.506
34.9900,3360.9324,282.45,1.11259,52.7,37.506
35.0000,3346.5935,287.50,1.11735,52.7,37.506
35.0100,3346.5935,279.49,1.11735,52.7,37.506
35.0200,3344.2661,286.23,1.11813,52.7,37.506
35.0300,3345.3387,308.51,1.11777,52.7,37.506
35.0400,3331.1932,297.22,1.12252,52.8,37.506
35.0500,3339.2800,293.49,1.11980,52.8,37.506
35.0600,3339.2800,290.86,1.11980,52.8,37.506
35.0700,3339.2800,294.34,1.11980,52.8,37.506
35.0800,3339.2800,294.69,1.11980,52.7,37.506
35.0900,3341.5789,304.78,1.11903,52.8,37.506
35.1000,3341.5789,301.36,1.11903,52.7,37.506
35.1100,3341.5789,294.50,1.11903,52.7,37.506
35.1200,3341.5789,281.73,1.11903,52.7,37.506
35.1300,3344.8046,299.95,1.11795,52.7,37.506
35.1400,3344.8046,299.89,1.11795,52.7,37.506
35.1500,3330.6928,286.59,1.12269,52.7,37.506
35.1600,3330.6928,302.50,1.12269,52.7,37.506
35.1700,3296.3955,296.40,1.13437,52.8,37.506
35.1800,3299.6575,293.97,1.13325,52.8,37.506
35.1900,3291.3674,310.92,1.13610,52.8,37.506
35.2000,3291.3674,299.74,1.13610,52.8,37.506
35.2100,3291.3674,315.78,1.13610,52.8,37.506
35.2200,3276.7353,303.77,1.14117,52.8,37.506
35.2300,3306.8023,311.61,1.13080,52.8,37.506
35.2400,3306.8023,318.24,1.13080,52.8,37.506
35.2500,3308.6321,322.21,1.13017,52.8,37.506
35.2600,3308.6321,302.52,1.13017,52.8,37.506
35.2700,3308.6321,292.88,1.13017,52.8,37.506
35.2800,3308.6321,281.12,1.13017,52.8,37.506
35.2900,3308.6321,296.43,1.13017,52.7,37.506
35.3000,3320.3411,288.92,1.12619,52.8,37.506
35.3100,3320.3411,301.23,1.12619,52.8,37.506
35.3200,3308.4682,307.73,1.13023,52.8,37.506
35.3300,3308.4682,312.96,1.13023,52.8,37.506
35.3400,3316.9975,295.35,1.12732,52.8,37.506
35.3500,3327.7884,321.85,1.12367,52.8,37.506
35.3600,3327.7884,316.03,1.12367,52.8,37.506
35.3700,3327.2841,308.71,1.12384,52.8,37.506
35.3800,3337.7581,302.25,1.12031,52.8,37.506
35.3900,3349.6052,310.50,1.11635,52.8,37.506
35.4000,3351.5781,298.90,1.11569,52.9,37.506
35.4100,3351.5781,295.48,1.11569,52.9,37.506
35.4200,3361.8766,295.69,1.11227,52.9,37.506
35.4300,3361.8766,300.11,1.11227,52.9,37.506
35.4400,3343.4151,306.96,1.11842,52.9,37.506
35.4500,3332.2114,291.04,1.12218,52.9,37.506
35.4600,3332.2114,287.61,1.12218,52.9,37.506
35.4700,3298.0118,295.10,1.13381,52.9,37.506
35.4800,3298.0118,291.33,1.13381,52.9,37.506
35.4900,3298.0118,296.97,1.13381,52.9,37.506
35.5000,3298.0118,296.31,1.13381,52.9,37.506
35.5100,3298.0118,280.10,1.13381,52.9,37.506
35.5200,3298.0118,291.70,1.13381,52.8,37.506
35.5300,3298.0118,304.03,1.13381,52.8,37.506
35.5400,3298.0118,292.77,1.13381,52.8,37.506
35.5500,3326.1966,289.39,1.12420,52.8,37.506
35.5600,3326.1966,299.30,1.12420,52.8,37.506
35.5700,3330.5006,311.00,1.12275,52.8,37.506
35.5800,3346.0310,296.90,1.11754,52.8,37.506
35.5900,3346.0310,281.73,1.11754,52.8,37.506
35.6000,3329.0518,305.33,1.12324,52.8,37.506
35.6100,3329.0518,282.95,1.12324,52.8,37.506
35.6200,3329.0518,297.44,1.12324,52.8,37.506
35.6300,3300.4936,296.20,1.13296,52.8,37.506
35.6400,3300.4936,312.79,1.13296,52.8,37.506
35.6500,3263.9251,314.33,1.14565,52.8,37.506
35.6600,3263.9251,323.57,1.14565,52.8,37.506
35.6700,3268.0355,325.86,1.14421,52.9,37.506
35.6800,3265.5802,317.10,1.14507,52.9,37.506
35.6900,3292.7671,308.10,1.13562,52.9,37.506
35.7000,3301.9629,302.42,1.13246,52.9,37.506
35.7100,3301.9629,303.40,1.13246,52.9,37.506
35.7200,3301.9629,309.34,1.13246,52.9,37.506
35.7300,3301.9629,314.58,1.13246,52.9,37.506
35.7400,3301.9629,308.00,1.13246,52.9,37.506
35.7500,3303.0337,305.83,1.13209,52.9,37.506
35.7600,3303.0337,294.53,1.13209,52.9,37.506
35.7700,3308.3158,269.93,1.13028,52.9,37.506
35.7800,3308.3158,265.53,1.13028,52.9,37.506
35.7900,3307.9830,271.12,1.13039,52.9,37.506
35.8000,3303.7786,286.94,1.13183,52.9,37.506
35.8100,3303.7786,282.10,1.13183,52.9,37.506
35.8200,3303.7786,294.36,1.13183,52.9,37.506
35.8300,3285.0348,302.39,1.13829,52.9,37.506
35.8400,3285.0348,308.47,1.13829,52.9,37.506
35.8500,3257.2732,298.16,1.14799,52.9,37.506
35.8600,3257.2732,303.69,1.14799,52.9,37.506
35.8700,3254.0456,294.24,1.14913,52.9,37.506
35.8800,3251.9508,314.75,1.14987,52.9,37.506
35.8900,3251.9508,303.51,1.14987,52.9,37.506
35.9000,3251.9508,311.30,1.14987,52.9,37.506
35.9100,3251.9508,312.02,1.14987,52.9,37.506
35.9200,3251.9508,294.17,1.14987,52.9,37.506
35.9300,3251.9508,306.51,1.14987,52.9,37.506
35.9400,3255.2605,301.71,1.14870,52.9,37.506
35.9500,3237.5908,309.87,1.15497,52.9,37.506
35.9600,3237.5908,298.99,1.15497,52.9,37.506
35.9700,3237.5908,301.65,1.15497,52.9,37.506
35.9800,3236.0056,292.56,1.15554,52.9,37.506
35.9900,3236.0056,301.68,1.15554,52.9,37.506
36.0000,3236.0056,305.24,1.15554,52.8,37.506
36.0100,3236.0056,297.67,1.15554,52.8,37.506
36.0200,3236.0056,303.02,1.15554,52.8,37.506
36.0300,3236.0056,294.98,1.15554,52.8,37.506
36.0400,3236.0056,309.47,1.15554,52.8,37.506
36.0500,3236.0056,296.49,1.15554,52.8,37.506
36.0600,3236.0056,295.86,1.15554,52.8,37.506
36.0700,3236.0056,284.98,1.15554,52.8,37.506
36.0800,3260.2211,294.52,1.14695,52.8,37.506
36.0900,3279.2973,295.04,1.14028,52.8,37.506
36.1000,3301.5345,316.51,1.13260,52.8,37.506
36.1100,3301.5345,323.40,1.13260,52.8,37.506
36.1200,3301.5345,321.11,1.13260,52.8,37.506
36.1300,3301.5345,303.68,1.13260,52.8,37.506
36.1400,3331.6880,310.18,1.12235,52.8,37.506
36.1500,3331.6880,311.53,1.12235,52.8,37.506
36.1600,3331.6880,327.44,1.12235,52.8,37.506
36.1700,3339.9031,320.39,1.11959,52.8,37.506
36.1800,3341.6150,310.90,1.11902,52.8,37.506
36.1900,3341.6150,284.78,1.11902,52.8,37.506
36.2000,3341.6150,311.53,1.11902,52.8,37.506
36.2100,3341.6150,308.05,1.11902,52.8,37.506
36.2200,3358.9915,307.15,1.11323,52.8,37.506
36.2300,3358.9915,297.40,1.11323,52.8,37.506
36.2400,3357.5574,310.58,1.11370,52.8,37.506
36.2500,3357.5574,320.72,1.11370,52.8,37.506
36.2600,3357.5574,309.60,1.11370,52.8,37.506
36.2700,3342.6091,308.29,1.11868,52.8,37.506
36.2800,3342.6091,295.77,1.11868,52.8,37.506
36.2900,3352.1625,293.30,1.11550,52.8,37.506
36.3000,3384.5232,299.35,1.10483,52.8,37.506
36.3100,3384.5232,299.69,1.10483,52.8,37.506
36.3200,3388.0782,305.07,1.10367,52.8,37.506
36.3300,3388.0782,305.28,1.10367,52.8,37.506
36.3400,3360.3247,301.68,1.11279,52.8,37.506
36.3500,3360.3247,309.11,1.11279,52.8,37.506
36.3600,3360.3247,321.02,1.11279,52.8,37.506
36.3700,3360.3247,333.64,1.11279,52.8,37.506
36.3800,3360.3247,317.87,1.11279,52.7,37.506
36.3900,3331.3376,322.85,1.12247,52.8,37.506
36.4000,3331.3376,327.42,1.12247,52.7,37.506
36.4100,3331.3376,321.91,1.12247,52.7,37.506
36.4200,3331.3376,342.27,1.12247,52.7,37.506
36.4300,3331.3376,343.51,1.12247,52.7,37.506
36.4400,3310.1141,331.51,1.12967,52.7,37.506
36.4500,3310.1141,319.02,1.12967,52.7,37.506
36.4600,3310.1141,302.11,1.12967,52.7,37.506
36.4700,3342.1628,315.38,1.11883,52.7,37.506
36.4800,3342.1628,321.41,1.11883,52.7,37.506
36.4900,3342.1628,318.94,1.11883,52.7,37.506
36.5000,3342.1628,303.29,1.11883,52.7,37.506
36.5100,3342.1628,322.42,1.11883,52.7,37.506
36.5200,3324.5286,306.41,1.12477,52.7,37.506
36.5300,3324.5286,300.44,1.12477,52.7,37.506
36.5400,3328.9802,304.25,1.12326,52.7,37.506
36.5500,3328.9802,294.25,1.12326,52.7,37.506
36.5600,3328.9802,314.04,1.12326,52.7,37.506
36.5700,3328.9802,318.80,1.12326,52.6,37.506
36.5800,3328.9802,297.84,1.12326,52.6,37.506
36.5900,3341.0360,293.20,1.11921,52.6,37.506
36.6000,3338.3797,306.62,1.12010,52.7,37.506
36.6100,3338.3797,290.87,1.12010,52.7,37.506
36.6200,3372.7849,299.84,1.10868,52.7,37.506
36.6300,3372.7849,294.86,1.10868,52.7,37.506
36.6400,3372.7849,299.90,1.10868,52.6,37.506
36.6500,3356.0253,306.81,1.11421,52.7,37.506
36.6600,3356.0253,293.32,1.11421,52.7,37.506
36.6700,3351.0681,305.09,1.11586,52.7,37.506
36.6800,3351.0681,295.84,1.11586,52.7,37.506
36.6900,3376.8531,304.37,1.10734,52.7,37.506
36.7000,3376.8531,323.92,1.10734,52.7,37.506
36.7100,3376.8531,323.68,1.10734,52.7,37.506
36.7200,3388.3164,301.87,1.10359,52.7,37.506
36.7300,3388.3164,295.53,1.10359,52.7,37.506
36.7400,3372.7638,299.78,1.10868,52.7,37.506
36.7500,3372.7638,297.93,1.10868,52.7,37.506
36.7600,3372.7638,294.84,1.10868,52.7,37.506
36.7700,3374.0698,304.46,1.10825,52.7,37.506
36.7800,3374.0698,311.72,1.10825,52.7,37.506
36.7900,3374.0698,302.60,1.10825,52.6,37.506
36.8000,3374.0698,286.64,1.10825,52.6,37.506
36.8100,3374.0698,298.87,1.10825,52.6,37.506
36.8200,3374.0698,286.20,1.10825,52.6,37.506
36.8300,3381.7619,284.44,1.10573,52.6,37.506
36.8400,3381.7619,290.45,1.10573,52.6,37.506
36.8500,3381.3201,288.26,1.10588,52.6,37.506
36.8600,3381.3201,316.71,1.10588,52.6,37.506
36.8700,3384.8793,295.95,1.10471,52.6,37.506
36.8800,3363.4908,277.44,1.11174,52.6,37.506
36.8900,3363.4908,285.78,1.11174,52.6,37.506
36.9000,3385.2498,294.36,1.10459,52.6,37.506
36.9100,3385.2498,299.77,1.10459,52.6,37.506
36.9200,3385.2498,278.36,1.10459,52.6,37.506
36.9300,3385.2498,288.24,1.10459,52.6,37.506
36.9400,3385.2498,293.30,1.10459,52.6,37.506
36.9500,3376.6422,284.25,1.10741,52.6,37.506
36.9600,3376.6422,304.48,1.10741,52.6,37.506
36.9700,3398.4450,301.61,1.10031,52.6,37.506
36.9800,3398.4450,312.01,1.10031,52.6,37.506
36.9900,3398.4450,307.96,1.10031,52.6,37.506
37.0000,3403.9348,288.72,1.09853,52.6,37.506
37.0100,3403.9348,300.38,1.09853,52.6,37.506
37.0200,3403.9348,274.53,1.09853,52.6,37.506
37.0300,3389.3434,282.79,1.10326,52.6,37.506
37.0400,3393.8878,308.76,1.10178,52.6,37.506
37.0500,3371.5782,293.04,1.10907,52.6,37.506
37.0600,3371.5782,275.00,1.10907,52.6,37.506
37.0700,3388.7331,303.08,1.10346,52.6,37.506
37.0800,3380.1981,306.31,1.10624,52.7,37.506
37.0900,3380.1981,298.49,1.10624,52.6,37.506
37.1000,3390.3906,298.12,1.10292,52.7,37.506
37.1100,3390.3906,299.38,1.10292,52.7,37.506
37.1200,3390.3906,304.19,1.10292,52.6,37.506
37.1300,3423.6276,302.26,1.09221,52.7,37.506
37.1400,3423.6276,302.82,1.09221,52.6,37.506
37.1500,3460.2443,311.67,1.08065,52.7,37.506
37.1600,3460.2443,319.58,1.08065,52.7,37.506
37.1700,3435.7164,308.23,1.08837,52.7,37.506
37.1800,3450.2312,314.87,1.08379,52.7,37.506
37.1900,3450.2312,325.53,1.08379,52.7,37.506
37.2000,3450.2312,310.01,1.08379,52.7,37.506
37.2100,3450.2312,316.84,1.08379,52.7,37.506
37.2200,3450.2312,307.19,1.08379,52.6,37.506
37.2300,3447.7217,286.68,1.08458,52.7,37.506
37.2400,3447.7217,292.23,1.08458,52.6,37.506
37.2500,3447.7217,289.94,1.08458,52.6,37.506
37.2600,3447.7217,285.38,1.08458,52.6,37.506
37.2700,3447.7217,274.50,1.08458,52.6,37.506
37.2800,3447.7217,271.13,1.08458,52.6,37.506
37.2900,3441.4266,280.01,1.08656,52.6,37.506
37.3000,3442.3435,285.55,1.08627,52.6,37.506
37.3100,3442.3435,281.39,1.08627,52.6,37.506
37.3200,3442.3435,292.54,1.08627,52.6,37.506
37.3300,3423.2557,275.36,1.09233,52.6,37.506
37.3400,3409.9445,284.66,1.09659,52.6,37.506
37.3500,3409.9445,277.55,1.09659,52.6,37.506
37.3600,3409.9445,273.40,1.09659,52.6,37.506
37.3700,3398.9407,291.34,1.10014,52.6,37.506
37.3800,3402.4822,304.50,1.09900,52.6,37.506
37.3900,3402.4822,301.09,1.09900,52.6,37.506
37.4000,3402.4822,303.26,1.09900,52.6,37.506
37.4100,3402.4822,290.50,1.09900,52.6,37.506
37.4200,3436.9960,291.34,1.08796,52.6,37.506
37.4300,3436.9960,283.32,1.08796,52.6,37.506
37.4400,3446.3263,308.39,1.08502,52.6,37.506
37.4500,3438.4991,304.05,1.08749,52.6,37.506
37.4600,3438.4991,319.50,1.08749,52.6,37.506
37.4700,3412.2266,302.99,1.09586,52.7,37.506
37.4800,3427.0860,308.91,1.09111,52.7,37.506
37.4900,3434.2924,326.04,1.08882,52.7,37.506
37.5000,3434.2924,334.94,1.08882,52.7,37.506
37.5100,3434.2924,328.80,1.08882,52.7,37.506
37.5200,3418.7915,328.81,1.09376,52.7,37.506
37.5300,3418.7915,305.34,1.09376,52.7,37.506
37.5400,3431.6845,328.16,1.08965,52.7,37.506
37.5500,3431.6845,300.92,1.08965,52.7,37.506
37.5600,3431.6845,309.08,1.08965,52.7,37.506
37.5700,3431.6845,294.67,1.08965,52.6,37.506
37.5800,3459.6871,309.46,1.08083,52.7,37.506
37.5900,3461.1443,300.74,1.08037,52.7,37.506
37.6000,3481.1015,279.08,1.07418,52.7,37.506
37.6100,3481.1015,290.45,1.07418,52.7,37.506
37.6200,3481.1015,296.44,1.07418,52.7,37.506
37.6300,3465.6064,285.19,1.07898,52.7,37.506
37.6400,3465.6064,289.96,1.07898,52.7,37.506
37.6500,3465.6064,313.67,1.07898,52.7,37.506
37.6600,3465.6064,302.78,1.07898,52.7,37.506
37.6700,3457.1605,306.28,1.08162,52.7,37.506
37.6800,3457.1605,289.80,1.08162,52.7,37.506
37.6900,3458.0431,296.14,1.08134,52.7,37.506
37.7000,3458.0431,298.94,1.08134,52.7,37.506
37.7100,3458.0431,309.36,1.08134,52.7,37.506
37.7200,3442.4832,314.00,1.08623,52.7,37.506
37.7300,3442.4832,309.61,1.08623,52.7,37.506
37.7400,3419.3283,300.47,1.09359,52.7,37.506
37.7500,3419.4446,289.60,1.09355,52.7,37.506
37.7600,3419.4446,311.95,1.09355,52.7,37.506
37.7700,3419.4446,292.87,1.09355,52.7,37.506
37.7800,3416.0300,300.21,1.09464,52.7,37.506
37.7900,3416.0300,284.05,1.09464,52.7,37.506
37.8000,3416.2020,286.71,1.09459,52.7,37.506
37.8100,3416.2020,295.29,1.09459,52.7,37.506
37.8200,3411.7353,299.22,1.09602,52.7,37.506
37.8300,3411.7353,291.34,1.09602,52.7,37.506
37.8400,3419.8342,287.63,1.09342,52.7,37.506
37.8500,3430.8314,285.77,1.08992,52.7,37.506
37.8600,3430.8314,282.42,1.08992,52.7,37.506
37.8700,3430.8314,293.67,1.08992,52.7,37.506
37.8800,3430.8314,294.12,1.08992,52.7,37.506
37.8900,3419.3766,292.40,1.09357,52.7,37.506
37.9000,3395.8677,291.07,1.10114,52.7,37.506
37.9100,3395.8677,279.60,1.10114,52.7,37.506
37.9200,3407.0707,300.42,1.09752,52.7,37.506
37.9300,3393.1920,297.97,1.10201,52.7,37.506
37.9400,3393.1920,297.83,1.10201,52.7,37.506
37.9500,3373.4032,298.70,1.10847,52.7,37.506
37.9600,3373.4032,289.56,1.10847,52.7,37.506
37.9700,3380.3114,287.66,1.10621,52.7,37.506
37.9800,3378.8341,289.59,1.10669,52.8,37.506
37.9900,3385.4358,306.37,1.10453,52.8,37.506
38.0000,3387.6352,301.92,1.10382,52.8,37.506
38.0100,3387.6352,305.75,1.10382,52.8,37.506
38.0200,3387.6352,286.09,1.10382,52.8,37.506
38.0300,3382.0667,289.89,1.10563,52.8,37.506
38.0400,3385.5505,306.42,1.10450,52.8,37.506
38.0500,3385.5505,310.75,1.10450,52.8,37.506
38.0600,3385.5505,299.12,1.10450,52.8,37.506
38.0700,3385.5505,296.97,1.10450,52.8,37.506
38.0800,3385.5505,309.30,1.10450,52.8,37.506
38.0900,3385.5505,279.38,1.10450,52.7,37.506
38.1000,3361.6310,279.99,1.11235,52.8,37.506
38.1100,3361.6310,276.46,1.11235,52.8,37.506
38.1200,3361.6310,297.71,1.11235,52.7,37.506
38.1300,3367.9821,304.16,1.11026,52.8,37.506
38.1400,3384.4164,315.61,1.10487,52.8,37.506
38.1500,3384.4164,300.77,1.10487,52.8,37.506
38.1600,3384.4164,307.68,1.10487,52.8,37.506
38.1700,3374.6984,310.94,1.10805,52.8,37.506
38.1800,3374.6984,299.33,1.10805,52.8,37.506
38.1900,3374.6984,299.17,1.10805,52.7,37.506
38.2000,3401.0283,320.82,1.09947,52.7,37.506
38.2100,3401.0283,302.06,1.09947,52.7,37.506
38.2200,3401.0283,296.58,1.09947,52.7,37.506
38.2300,3401.0283,306.27,1.09947,52.7,37.506
38.2400,3406.2276,320.31,1.09779,52.7,37.506
38.2500,3406.2276,305.71,1.09779,52.7,37.506
38.2600,3406.2276,290.44,1.09779,52.7,37.506
38.2700,3396.9571,281.54,1.10079,52.7,37.506
38.2800,3400.6615,298.51,1.09959,52.7,37.506
38.2900,3366.4754,295.49,1.11075,52.8,37.506
38.3000,3366.4754,273.42,1.11075,52.7,37.506
38.3100,3366.4754,278.91,1.11075,52.7,37.506
38.3200,3366.4754,279.28,1.11075,52.7,37.506
38.3300,3368.2321,296.67,1.11017,52.7,37.506
38.3400,3368.2321,287.88,1.11017,52.7,37.506
38.3500,3399.0993,277.20,1.10009,52.7,37.506
38.3600,3399.0993,302.90,1.10009,52.7,37.506
38.3700,3399.0993,300.96,1.10009,52.7,37.506
38.3800,3403.6350,288.61,1.09863,52.7,37.506
38.3900,3403.6350,311.97,1.09863,52.7,37.506
38.4000,3403.6350,305.80,1.09863,52.7,37.506
38.4100,3403.6350,299.04,1.09863,52.7,37.506
38.4200,3403.6350,279.30,1.09863,52.7,37.506
38.4300,3403.6350,294.56,1.09863,52.7,37.506
38.4400,3403.6350,302.60,1.09863,52.7,37.506
38.4500,3403.6350,295.67,1.09863,52.6,37.506
38.4600,3403.6350,292.44,1.09863,52.6,37.506
38.4700,3412.8253,296.21,1.09567,52.6,37.506
38.4800,3412.8253,294.54,1.09567,52.6,37.506
38.4900,3412.8253,293.52,1.09567,52.6,37.506
38.5000,3412.8253,290.05,1.09567,52.6,37.506
38.5100,3412.8253,300.92,1.09567,52.6,37.506
38.5200,3412.8253,298.17,1.09567,52.6,37.506
38.5300,3412.8253,304.10,1.09567,52.6,37.506
38.5400,3412.8253,308.97,1.09567,52.5,37.506
38.5500,3412.8253,309.13,1.09567,52.5,37.506
38.5600,3412.8253,283.38,1.09567,52.5,37.506
38.5700,3395.3389,280.09,1.10131,52.5,37.506
38.5800,3408.5010,274.56,1.09706,52.6,37.506
38.5900,3408.5010,291.98,1.09706,52.5,37.506
38.6000,3399.4469,300.54,1.09998,52.6,37.506
38.6100,3399.4469,305.13,1.09998,52.6,37.506
38.6200,3395.9237,316.13,1.10112,52.6,37.506
38.6300,3377.2391,292.90,1.10721,52.6,37.506
38.6400,3377.2391,279.76,1.10721,52.6,37.506
38.6500,3380.5513,286.58,1.10613,52.6,37.506
38.6600,3380.5513,281.57,1.10613,52.6,37.506
38.6700,3354.6196,290.93,1.11468,52.6,37.506
38.6800,3370.5086,305.10,1.10942,52.6,37.506
38.6900,3370.5086,284.50,1.10942,52.6,37.506
38.7000,3370.5086,302.52,1.10942,52.6,37.506
38.7100,3370.5086,313.76,1.10942,52.6,37.506
38.7200,3370.5086,317.06,1.10942,52.6,37.506
38.7300,3356.7875,310.22,1.11396,52.6,37.506
38.7400,3356.7875,301.42,1.11396,52.6,37.506
38.7500,3356.7875,299.36,1.11396,52.5,37.506
38.7600,3356.7875,289.56,1.11396,52.5,37.506
38.7700,3356.7875,289.09,1.11396,52.5,37.506
38.7800,3356.7875,304.88,1.11396,52.5,37.506
38.7900,3373.3836,320.59,1.10848,52.5,37.506
38.8000,3373.3836,313.29,1.10848,52.5,37.506
38.8100,3373.3836,287.98,1.10848,52.5,37.506
38.8200,3373.3836,308.64,1.10848,52.5,37.506
38.8300,3364.9596,300.32,1.11125,52.5,37.506
38.8400,3365.1677,298.86,1.11119,52.5,37.506
38.8500,3365.1677,298.34,1.11119,52.5,37.506
38.8600,3365.1677,289.86,1.11119,52.5,37.506
38.8700,3386.8910,306.29,1.10406,52.5,37.506
38.8800,3365.0695,305.22,1.11122,52.5,37.506
38.8900,3388.0531,297.90,1.10368,52.6,37.506
38.9000,3369.9711,291.41,1.10960,52.6,37.506
38.9100,3369.9711,299.68,1.10960,52.6,37.506
38.9200,3369.9711,299.40,1.10960,52.6,37.506
38.9300,3369.9711,290.02,1.10960,52.5,37.506
38.9400,3394.2768,298.52,1.10166,52.6,37.506
38.9500,3394.2768,284.36,1.10166,52.5,37.506
38.9600,3394.2768,301.31,1.10166,52.5,37.506
38.9700,3394.2768,303.36,1.10166,52.5,37.506
38.9800,3364.8018,296.43,1.11131,52.5,37.506
38.9900,3368.1668,298.13,1.11020,52.5,37.506
39.0000,3368.1668,287.84,1.11020,52.5,37.506
39.0100,3368.1668,296.50,1.11020,52.5,37.506
39.0200,3368.1668,297.02,1.11020,52.5,37.506
39.0300,3352.3193,294.31,1.11544,52.5,37.506
39.0400,3336.9373,287.94,1.12059,52.5,37.506
39.0500,3336.9373,278.17,1.12059,52.5,37.506
39.0600,3336.9373,286.02,1.12059,52.5,37.506
39.0700,3335.5813,297.32,1.12104,52.5,37.506
39.0800,3335.5813,300.72,1.12104,52.5,37.506
39.0900,3331.6455,299.72,1.12237,52.5,37.506
39.1000,3350.8209,300.00,1.11594,52.6,37.506
39.1100,3350.8209,311.00,1.11594,52.6,37.506
39.1200,3350.8209,313.32,1.11594,52.5,37.506
39.1300,3350.8209,288.88,1.11594,52.5,37.506
39.1400,3314.1348,280.76,1.12830,52.5,37.506
39.1500,3298.3493,295.63,1.13370,52.6,37.506
39.1600,3298.3493,306.53,1.13370,52.6,37.506
39.1700,3298.3493,316.17,1.13370,52.5,37.506
39.1800,3310.4770,294.74,1.12954,52.6,37.506
39.1900,3310.4770,289.63,1.12954,52.5,37.506
39.2000,3310.4770,284.17,1.12954,52.5,37.506
39.2100,3310.4770,289.73,1.12954,52.5,37.506
39.2200,3310.4770,296.88,1.12954,52.5,37.506
39.2300,3310.4770,296.75,1.12954,52.5,37.506
39.2400,3314.3000,287.64,1.12824,52.5,37.506
39.2500,3314.3000,304.04,1.12824,52.5,37.506
39.2600,3314.3000,294.06,1.12824,52.5,37.506
39.2700,3314.3000,305.58,1.12824,52.5,37.506
39.2800,3314.3000,288.36,1.12824,52.5,37.506
39.2900,3314.3000,293.32,1.12824,52.4,37.506
39.3000,3314.3000,291.87,1.12824,52.4,37.506
39.3100,3314.3000,311.32,1.12824,52.4,37.506
39.3200,3291.5426,291.42,1.13604,52.4,37.506
39.3300,3275.6660,287.05,1.14155,52.4,37.506
39.3400,3275.6660,281.68,1.14155,52.4,37.506
39.3500,3302.9927,290.88,1.13210,52.4,37.506
39.3600,3302.9927,283.72,1.13210,52.4,37.506
39.3700,3302.9927,282.43,1.13210,52.4,37.506
39.3800,3302.9927,284.89,1.13210,52.4,37.506
39.3900,3305.2120,296.32,1.13134,52.4,37.506
39.4000,3305.9046,292.88,1.13111,52.4,37.506
39.4100,3305.9046,288.47,1.13111,52.4,37.506
39.4200,3311.5622,305.52,1.12917,52.5,37.506
39.4300,3314.0489,318.43,1.12833,52.5,37.506
39.4400,3314.0489,291.97,1.12833,52.5,37.506
39.4500,3314.0489,298.63,1.12833,52.4,37.506
39.4600,3314.0489,290.19,1.12833,52.4,37.506
39.4700,3339.8207,271.69,1.11962,52.5,37.506
39.4800,3339.8207,268.80,1.11962,52.4,37.506
39.4900,3316.5906,273.12,1.12746,52.5,37.506
39.5000,3316.5906,304.82,1.12746,52.4,37.506
39.5100,3316.5906,304.49,1.12746,52.4,37.506
39.5200,3343.3316,273.54,1.11844,52.5,37.506
39.5300,3343.3316,271.40,1.11844,52.4,37.506
39.5400,3339.6244,277.79,1.11968,52.5,37.506
39.5500,3322.5022,293.31,1.12545,52.5,37.506
39.5600,3322.5022,301.49,1.12545,52.5,37.506
39.5700,3322.5022,294.77,1.12545,52.4,37.506
39.5800,3322.5022,304.32,1.12545,52.4,37.506
39.5900,3322.5022,309.95,1.12545,52.4,37.506
39.6000,3322.5022,313.78,1.12545,52.4,37.506
39.6100,3322.5022,299.15,1.12545,52.4,37.506
39.6200,3334.8155,321.91,1.12130,52.4,37.506
39.6300,3334.8155,306.46,1.12130,52.4,37.506
39.6400,3351.9917,300.13,1.11555,52.4,37.506
39.6500,3357.5391,303.35,1.11371,52.4,37.506
39.6600,3357.5391,298.05,1.11371,52.4,37.506
39.6700,3331.9416,310.90,1.12227,52.4,37.506
39.6800,3353.2883,324.39,1.11512,52.5,37.506
39.6900,3353.2883,305.75,1.11512,52.4,37.506
39.7000,3353.2883,306.42,1.11512,52.4,37.506
39.7100,3353.2883,306.60,1.11512,52.4,37.506
39.7200,3353.2883,310.55,1.11512,52.4,37.506
39.7300,3353.2883,306.72,1.11512,52.4,37.506
39.7400,3355.6824,313.21,1.11433,52.4,37.506
39.7500,3355.6824,295.30,1.11433,52.4,37.506
39.7600,3355.6824,295.81,1.11433,52.4,37.506
39.7700,3355.6824,324.14,1.11433,52.4,37.506
39.7800,3355.6824,319.66,1.11433,52.4,37.506
39.7900,3369.2562,329.45,1.10984,52.4,37.506
39.8000,3354.2067,323.94,1.11482,52.4,37.506
39.8100,3354.2067,308.41,1.11482,52.4,37.506
39.8200,3365.6074,306.70,1.11104,52.4,37.506
39.8300,3366.1438,313.93,1.11086,52.4,37.506
39.8400,3378.0838,299.81,1.10694,52.4,37.506
39.8500,3378.0838,301.29,1.10694,52.4,37.506
39.8600,3378.0838,291.87,1.10694,52.4,37.506
39.8700,3387.6975,288.07,1.10380,52.4,37.506
39.8800,3387.6975,301.24,1.10380,52.4,37.506
39.8900,3387.6975,297.99,1.10380,52.4,37.506
39.9000,3379.8529,296.07,1.10636,52.4,37.506
39.9100,3379.8529,307.61,1.10636,52.4,37.506
39.9200,3382.8512,278.88,1.10538,52.4,37.506
39.9300,3382.8512,287.63,1.10538,52.4,37.506
39.9400,3371.3638,283.23,1.10914,52.4,37.506
39.9500,3372.0350,294.03,1.10892,52.4,37.506
39.9600,3372.0350,300.86,1.10892,52.4,37.506
39.9700,3378.9098,306.87,1.10667,52.5,37.506
39.9800,3365.6257,289.45,1.11103,52.5,37.506
39.9900,3372.2716,301.84,1.10884,52.5,37.506
40.0000,3372.2716,292.34,1.10884,52.5,37.506
40.0100,3372.2716,292.18,1.10884,52.5,37.506
40.0200,3384.3976,284.60,1.10487,52.5,37.506
40.0300,3384.3976,293.37,1.10487,52.5,37.506
40.0400,3384.3976,302.48,1.10487,52.5,37.506
40.0500,3397.6442,311.53,1.10056,52.5,37.506
40.0600,3397.6442,309.71,1.10056,52.5,37.506
40.0700,3397.3810,304.09,1.10065,52.5,37.506
40.0800,3397.3810,297.53,1.10065,52.5,37.506
40.0900,3397.3810,299.03,1.10065,52.4,37.506
40.1000,3397.3810,289.12,1.10065,52.4,37.506
40.1100,3397.3810,302.59,1.10065,52.4,37.506
40.1200,3379.6823,304.53,1.10641,52.4,37.506
40.1300,3414.4144,304.84,1.09516,52.5,37.506
40.1400,3414.4144,305.04,1.09516,52.4,37.506
40.1500,3414.4144,293.84,1.09516,52.4,37.506
40.1600,3414.4144,297.92,1.09516,52.4,37.506
40.1700,3414.4144,285.82,1.09516,52.4,37.506
40.1800,3414.4144,299.18,1.09516,52.4,37.506
40.1900,3414.4144,292.31,1.09516,52.4,37.506
40.2000,3428.2430,304.35,1.09074,52.4,37.506
40.2100,3428.2430,298.69,1.09074,52.4,37.506
40.2200,3428.2430,270.24,1.09074,52.4,37.506
40.2300,3394.5188,278.79,1.10158,52.4,37.506
40.2400,3394.5188,291.45,1.10158,52.4,37.506
40.2500,3371.8326,280.10,1.10899,52.4,37.506
40.2600,3371.8326,289.23,1.10899,52.4,37.506
40.2700,3371.8326,290.93,1.10899,52.4,37.506
40.2800,3371.8326,287.70,1.10899,52.4,37.506
40.2900,3377.8586,290.52,1.10701,52.4,37.506
40.3000,3353.0564,284.93,1.11520,52.4,37.506
40.3100,3353.0564,287.59,1.11520,52.4,37.506
40.3200,3353.0564,273.54,1.11520,52.4,37.506
40.3300,3353.0564,296.27,1.11520,52.4,37.506
40.3400,3382.9835,303.41,1.10533,52.4,37.506
40.3500,3387.6608,294.72,1.10381,52.4,37.506
40.3600,3387.6608,287.18,1.10381,52.4,37.506
40.3700,3387.6608,282.69,1.10381,52.4,37.506
40.3800,3387.6608,295.29,1.10381,52.4,37.506
40.3900,3387.6608,287.61,1.10381,52.3,37.506
40.4000,3387.6608,304.80,1.10381,52.3,37.506
40.4100,3387.6608,302.73,1.10381,52.3,37.506
40.4200,3391.3796,292.77,1.10260,52.3,37.506
40.4300,3391.3796,304.62,1.10260,52.3,37.506
40.4400,3391.3796,288.53,1.10260,52.3,37.506
40.4500,3394.2279,294.24,1.10167,52.3,37.506
40.4600,3394.2279,274.45,1.10167,52.3,37.506
40.4700,3411.2390,282.10,1.09618,52.3,37.506
40.4800,3405.8866,294.81,1.09790,52.3,37.506
40.4900,3389.7936,279.78,1.10311,52.4,37.506
40.5000,3386.8780,304.95,1.10406,52.4,37.506
40.5100,3386.8780,301.92,1.10406,52.4,37.506
40.5200,3386.8780,290.15,1.10406,52.4,37.506
40.5300,3386.8780,299.91,1.10406,52.3,37.506
40.5400,3386.8780,295.91,1.10406,52.3,37.506
40.5500,3400.9319,289.76,1.09950,52.3,37.506
40.5600,3400.9319,291.93,1.09950,52.3,37.506
40.5700,3400.9319,295.72,1.09950,52.3,37.506
40.5800,3400.9319,294.63,1.09950,52.3,37.506
40.5900,3400.9319,279.55,1.09950,52.3,37.506
40.6000,3425.8986,285.29,1.09149,52.3,37.506
40.6100,3425.8986,280.32,1.09149,52.3,37.506
40.6200,3425.8986,306.57,1.09149,52.3,37.506
40.6300,3436.9065,301.68,1.08799,52.3,37.506
40.6400,3471.4724,299.17,1.07716,52.3,37.506
40.6500,3443.5061,276.76,1.08591,52.3,37.506
40.6600,3443.5061,287.02,1.08591,52.3,37.506
40.6700,3443.5061,277.92,1.08591,52.3,37.506
40.6800,3443.5061,280.17,1.08591,52.3,37.506
40.6900,3440.2139,272.86,1.08695,52.3,37.506
40.7000,3440.2139,292.36,1.08695,52.3,37.506
40.7100,3440.2139,270.28,1.08695,52.3,37.506
40.7200,3440.2139,287.65,1.08695,52.3,37.506
40.7300,3429.2013,294.15,1.09044,52.3,37.506
40.7400,3445.8728,290.01,1.08516,52.3,37.506
40.7500,3445.8728,302.93,1.08516,52.3,37.506
40.7600,3445.8728,309.82,1.08516,52.3,37.506
40.7700,3448.6478,307.76,1.08429,52.3,37.506
40.7800,3448.6478,302.01,1.08429,52.3,37.506
40.7900,3448.6478,292.26,1.08429,52.3,37.506
40.8000,3448.6478,287.11,1.08429,52.3,37.506
40.8100,3448.6478,298.60,1.08429,52.3,37.506
40.8200,3453.0734,317.29,1.08290,52.3,37.506
40.8300,3445.7007,283.60,1.08522,52.3,37.506
40.8400,3430.3852,295.61,1.09006,52.3,37.506
40.8500,3444.5411,312.68,1.08558,52.3,37.506
40.8600,3444.5411,313.75,1.08558,52.3,37.506
40.8700,3428.0162,300.60,1.09081,52.3,37.506
40.8800,3428.0162,314.71,1.09081,52.3,37.506
40.8900,3428.0162,279.35,1.09081,52.3,37.506
40.9000,3428.0162,287.79,1.09081,52.3,37.506
40.9100,3428.0162,286.31,1.09081,52.3,37.506
40.9200,3428.0162,303.39,1.09081,52.3,37.506
40.9300,3428.0162,292.55,1.09081,52.3,37.506
40.9400,3428.0162,296.37,1.09081,52.2,37.506
40.9500,3428.0162,294.46,1.09081,52.2,37.506
40.9600,3428.0162,284.38,1.09081,52.2,37.506
40.9700,3432.9659,271.60,1.08924,52.2,37.506
40.9800,3432.9659,291.69,1.08924,52.2,37.506
40.9900,3432.9659,292.86,1.08924,52.2,37.506
41.0000,3448.4540,290.04,1.08435,52.2,37.506
41.0100,3448.4540,276.08,1.08435,52.2,37.506
41.0200,3448.4540,315.36,1.08435,52.2,37.506
41.0300,3445.8728,301.90,1.08516,52.2,37.506
41.0400,3435.9617,303.88,1.08829,52.2,37.506
41.0500,3437.7599,297.16,1.08772,52.3,37.506
41.0600,3437.7599,288.11,1.08772,52.3,37.506
41.0700,3437.7599,304.43,1.08772,52.2,37.506
41.0800,3428.5119,298.79,1.09066,52.3,37.506
41.0900,3411.7810,290.22,1.09600,52.3,37.506
41.1000,3408.2140,304.20,1.09715,52.3,37.506
41.1100,3408.2140,317.91,1.09715,52.3,37.506
41.1200,3408.2140,313.81,1.09715,52.3,37.506
41.1300,3385.3067,304.30,1.10458,52.3,37.506
41.1400,3385.3067,315.43,1.10458,52.3,37.506
41.1500,3387.3933,321.93,1.10389,52.3,37.506
41.1600,3387.3933,323.41,1.10389,52.3,37.506
41.1700,3399.0716,302.15,1.10010,52.3,37.506
41.1800,3399.0716,329.76,1.10010,52.3,37.506
41.1900,3375.8005,312.82,1.10769,52.3,37.506
41.2000,3393.3145,326.95,1.10197,52.3,37.506
41.2100,3393.3145,317.34,1.10197,52.3,37.506
41.2200,3416.8831,329.70,1.09437,52.3,37.506
41.2300,3416.8831,311.36,1.09437,52.3,37.506
41.2400,3446.8158,314.07,1.08486,52.3,37.506
41.2500,3446.8158,299.40,1.08486,52.3,37.506
41.2600,3446.8158,314.30,1.08486,52.3,37.506
41.2700,3453.0715,316.63,1.08290,52.3,37.506
41.2800,3429.2831,318.11,1.09041,52.3,37.506
41.2900,3429.2831,307.34,1.09041,52.3,37.506
41.3000,3451.7287,315.89,1.08332,52.3,37.506
41.3100,3451.7287,313.63,1.08332,52.3,37.506
41.3200,3451.7287,329.31,1.08332,52.3,37.506
41.3300,3445.1436,323.63,1.08539,52.3,37.506
41.3400,3437.4396,313.02,1.08782,52.3,37.506
41.3500,3446.2734,319.05,1.08503,52.4,37.506
41.3600,3446.2734,329.00,1.08503,52.4,37.506
41.3700,3446.2734,327.53,1.08503,52.3,37.506
41.3800,3446.2734,322.85,1.08503,52.3,37.506
41.3900,3417.9919,322.17,1.09401,52.3,37.506
41.4000,3414.6880,316.87,1.09507,52.4,37.506
41.4100,3414.6880,301.32,1.09507,52.4,37.506
41.4200,3414.6880,289.33,1.09507,52.3,37.506
41.4300,3414.6880,292.95,1.09507,52.3,37.506
41.4400,3414.6880,290.95,1.09507,52.3,37.506
41.4500,3397.9121,293.13,1.10048,52.3,37.506
41.4600,3397.9121,303.93,1.10048,52.3,37.506
41.4700,3373.4405,303.06,1.10846,52.3,37.506
41.4800,3355.0661,290.50,1.11453,52.4,37.506
41.4900,3355.0661,292.05,1.11453,52.3,37.506
41.5000,3355.0661,291.77,1.11453,52.3,37.506
41.5100,3355.0661,279.93,1.11453,52.3,37.506
41.5200,3343.7841,292.56,1.11829,52.3,37.506
41.5300,3327.8213,281.87,1.12366,52.3,37.506
41.5400,3354.0205,313.37,1.11488,52.4,37.506
41.5500,3367.1483,282.78,1.11053,52.4,37.506
41.5600,3367.1483,294.29,1.11053,52.4,37.506
41.5700,3367.1483,304.67,1.11053,52.4,37.506
41.5800,3345.5823,317.80,1.11769,52.4,37.506
41.5900,3345.5823,293.20,1.11769,52.4,37.506
41.6000,3345.5823,293.00,1.11769,52.3,37.506
41.6100,3345.5823,296.06,1.11769,52.3,37.506
41.6200,3345.5823,293.24,1.11769,52.3,37.506
41.6300,3345.5823,308.49,1.11769,52.3,37.506
41.6400,3345.5823,309.56,1.11769,52.3,37.506
41.6500,3336.5706,303.37,1.12071,52.3,37.506
41.6600,3336.5706,314.23,1.12071,52.3,37.506
41.6700,3332.1878,314.47,1.12218,52.3,37.506
41.6800,3332.1878,292.64,1.12218,52.3,37.506
41.6900,3357.8611,312.36,1.11360,52.3,37.506
41.7000,3383.8932,281.16,1.10504,52.3,37.506
41.7100,3383.8932,296.19,1.10504,52.3,37.506
41.7200,3382.2924,304.56,1.10556,52.4,37.506
41.7300,3385.9901,298.97,1.10435,52.4,37.506
41.7400,3385.9901,307.56,1.10435,52.4,37.506
41.7500,3385.9901,301.03,1.10435,52.3,37.506
41.7600,3385.9901,294.00,1.10435,52.3,37.506
41.7700,3385.9901,278.45,1.10435,52.3,37.506
41.7800,3395.2633,276.72,1.10134,52.3,37.506
41.7900,3395.2633,279.37,1.10134,52.3,37.506
41.8000,3387.8480,293.65,1.10375,52.3,37.506
41.8100,3387.8480,283.63,1.10375,52.3,37.506
41.8200,3389.8753,277.00,1.10309,52.3,37.506
41.8300,3401.3565,283.43,1.09936,52.4,37.506
41.8400,3396.5367,309.58,1.10092,52.4,37.506
41.8500,3396.5367,301.32,1.10092,52.4,37.506
41.8600,3396.5367,291.44,1.10092,52.4,37.506
41.8700,3396.5367,279.86,1.10092,52.3,37.506
41.8800,3385.1528,311.68,1.10463,52.4,37.506
41.8900,3385.1528,319.59,1.10463,52.3,37.506
41.9000,3385.1528,309.68,1.10463,52.3,37.506
41.9100,3385.1528,315.28,1.10463,52.3,37.506
41.9200,3394.7295,321.33,1.10151,52.3,37.506
41.9300,3414.9200,309.11,1.09500,52.4,37.506
41.9400,3414.9200,301.60,1.09500,52.3,37.506
41.9500,3386.0729,308.48,1.10433,52.4,37.506
41.9600,3386.0729,301.68,1.10433,52.4,37.506
41.9700,3384.2524,295.94,1.10492,52.4,37.506
41.9800,3398.0921,291.01,1.10042,52.4,37.506
41.9900,3411.1468,302.64,1.09621,52.4,37.506
42.0000,3409.9900,305.00,1.09658,52.4,37.506
42.0100,3409.9900,281.23,1.09658,52.4,37.506
42.0200,3409.9900,296.66,1.09658,52.4,37.506
42.0300,3409.9900,291.94,1.09658,52.4,37.506
42.0400,3392.6669,282.64,1.10218,52.4,37.506
42.0500,3392.6669,283.92,1.10218,52.4,37.506
42.0600,3392.6669,291.88,1.10218,52.4,37.506
42.0700,3392.6669,295.89,1.10218,52.4,37.506
42.0800,3392.6669,304.18,1.10218,52.3,37.506
42.0900,3409.6699,294.14,1.09668,52.4,37.506
42.1000,3409.6699,291.80,1.09668,52.3,37.506
42.1100,3409.6699,293.82,1.09668,52.3,37.506
42.1200,3418.9154,291.88,1.09372,52.4,37.506
42.1300,3417.6084,274.48,1.09414,52.4,37.506
42.1400,3404.5133,272.92,1.09834,52.4,37.506
42.1500,3404.5133,279.93,1.09834,52.4,37.506
42.1600,3404.5133,290.01,1.09834,52.4,37.506
42.1700,3388.4932,273.10,1.10354,52.4,37.506
42.1800,3388.4932,261.14,1.10354,52.4,37.506
42.1900,3388.4932,278.22,1.10354,52.4,37.506
42.2000,3357.7871,274.22,1.11363,52.4,37.506
42.2100,3357.7871,283.92,1.11363,52.4,37.506
42.2200,3357.7871,295.20,1.11363,52.4,37.506
42.2300,3357.7871,288.00,1.11363,52.3,37.506
42.2400,3371.0770,294.14,1.10924,52.4,37.506
42.2500,3371.0770,291.15,1.10924,52.3,37.506
42.2600,3371.0770,276.57,1.10924,52.3,37.506
42.2700,3406.6098,293.74,1.09767,52.4,37.506
42.2800,3406.6098,286.50,1.09767,52.3,37.506
42.2900,3373.3196,281.04,1.10850,52.3,37.506
42.3000,3373.3196,275.05,1.10850,52.3,37.506
42.3100,3373.3196,285.54,1.10850,52.3,37.506
42.3200,3373.3196,284.40,1.10850,52.3,37.506
42.3300,3373.3196,289.39,1.10850,52.3,37.506
42.3400,3377.3001,297.05,1.10719,52.3,37.506
42.3500,3377.3001,310.92,1.10719,52.3,37.506
42.3600,3377.3001,307.88,1.10719,52.3,37.506
42.3700,3386.3783,292.74,1.10423,52.3,37.506
42.3800,3387.4960,288.79,1.10386,52.3,37.506
42.3900,3387.4960,287.93,1.10386,52.3,37.506
42.4000,3396.5264,288.50,1.10093,52.3,37.506
42.4100,3396.5264,287.46,1.10093,52.3,37.506
42.4200,3396.5264,302.93,1.10093,52.3,37.506
42.4300,3417.1522,303.88,1.09428,52.3,37.506
42.4400,3417.1522,270.21,1.09428,52.3,37.506
42.4500,3417.1522,277.54,1.09428,52.3,37.506
42.4600,3417.1522,272.75,1.09428,52.3,37.506
42.4700,3428.0376,294.87,1.09081,52.3,37.506
42.4800,3428.0376,284.68,1.09081,52.3,37.506
42.4900,3428.0376,275.17,1.09081,52.3,37.506
42.5000,3415.3097,284.92,1.09487,52.3,37.506
42.5100,3415.3097,299.69,1.09487,52.3,37.506
42.5200,3424.2964,314.24,1.09200,52.3,37.506
42.5300,3424.2964,306.67,1.09200,52.3,37.506
42.5400,3424.2964,312.48,1.09200,52.3,37.506
42.5500,3414.2080,301.77,1.09523,52.3,37.506
42.5600,3414.2080,314.10,1.09523,52.3,37.506
42.5700,3414.2080,293.88,1.09523,52.3,37.506
42.5800,3414.2080,291.44,1.09523,52.3,37.506
42.5900,3426.3120,307.92,1.09136,52.3,37.506
42.6000,3426.3120,318.29,1.09136,52.3,37.506
42.6100,3426.3120,304.22,1.09136,52.3,37.506
42.6200,3458.6880,287.21,1.08114,52.3,37.506
42.6300,3448.1814,291.01,1.08443,52.3,37.506
42.6400,3465.1834,291.92,1.07911,52.3,37.506
42.6500,3451.9998,302.61,1.08323,52.3,37.506
42.6600,3451.9998,292.16,1.08323,52.3,37.506
42.6700,3451.9998,298.77,1.08323,52.3,37.506
42.6800,3428.8086,299.85,1.09056,52.3,37.506
42.6900,3444.3429,288.52,1.08564,52.3,37.506
42.7000,3427.5812,284.95,1.09095,52.3,37.506
42.7100,3427.5812,304.54,1.09095,52.3,37.506
42.7200,3416.9555,293.69,1.09434,52.4,37.506
42.7300,3423.2064,290.30,1.09235,52.4,37.506
42.7400,3423.2064,295.89,1.09235,52.4,37.506
42.7500,3402.0438,280.14,1.09914,52.4,37.506
42.7600,3402.0438,286.16,1.09914,52.4,37.506
42.7700,3402.0438,285.09,1.09914,52.4,37.506
42.7800,3398.4442,284.59,1.10031,52.4,37.506
42.7900,3419.6377,282.33,1.09349,52.4,37.506
42.8000,3418.9158,293.27,1.09372,52.4,37.506
42.8100,3418.9158,297.30,1.09372,52.4,37.506
42.8200,3420.0318,294.73,1.09336,52.4,37.506
42.8300,3420.0318,292.73,1.09336,52.4,37.506
42.8400,3383.3899,303.17,1.10520,52.4,37.506
42.8500,3383.3899,299.58,1.10520,52.4,37.506
42.8600,3383.3899,301.22,1.10520,52.4,37.506
42.8700,3383.3899,297.18,1.10520,52.4,37.506
42.8800,3383.3899,289.68,1.10520,52.4,37.506
42.8900,3411.7960,289.09,1.09600,52.4,37.506
42.9000,3411.7960,288.16,1.09600,52.4,37.506
42.9100,3411.7960,293.69,1.09600,52.4,37.506
42.9200,3411.4967,298.18,1.09610,52.4,37.506
42.9300,3395.3814,307.06,1.10130,52.4,37.506
42.9400,3395.3814,295.30,1.10130,52.4,37.506
42.9500,3395.3814,297.37,1.10130,52.4,37.506
42.9600,3395.3814,290.17,1.10130,52.4,37.506
42.9700,3385.0166,303.29,1.10467,52.4,37.506
42.9800,3380.6074,301.50,1.10611,52.4,37.506
42.9900,3380.6074,311.25,1.10611,52.4,37.506
43.0000,3370.0732,293.91,1.10957,52.4,37.506
43.0100,3370.0732,296.51,1.10957,52.4,37.506
43.0200,3370.0732,307.73,1.10957,52.4,37.506
43.0300,3370.0732,307.36,1.10957,52.4,37.506
43.0400,3370.0732,309.22,1.10957,52.3,37.506
43.0500,3370.0732,305.59,1.10957,52.3,37.506
43.0600,3370.0732,288.24,1.10957,52.3,37.506
43.0700,3375.7865,295.03,1.10769,52.3,37.506
43.0800,3375.7865,286.05,1.10769,52.3,37.506
43.0900,3375.7865,294.78,1.10769,52.3,37.506
43.1000,3400.3248,312.66,1.09970,52.3,37.506
43.1100,3400.3248,289.89,1.09970,52.3,37.506
43.1200,3400.3248,296.42,1.09970,52.3,37.506
43.1300,3405.2166,310.78,1.09812,52.3,37.506
43.1400,3405.2166,315.22,1.09812,52.3,37.506
43.1500,3381.9515,308.40,1.10567,52.3,37.506
43.1600,3381.9515,296.31,1.10567,52.3,37.506
43.1700,3381.9515,295.95,1.10567,52.3,37.506
43.1800,3360.5419,301.82,1.11272,52.3,37.506
43.1900,3360.5419,302.92,1.11272,52.3,37.506
43.2000,3360.5419,317.04,1.11272,52.3,37.506
43.2100,3360.5419,310.76,1.11272,52.3,37.506
43.2200,3383.8102,301.96,1.10506,52.3,37.506
43.2300,3383.8102,299.15,1.10506,52.3,37.506
43.2400,3383.8102,311.57,1.10506,52.3,37.506
43.2500,3383.8102,295.29,1.10506,52.3,37.506
43.2600,3383.8102,305.72,1.10506,52.3,37.506
43.2700,3405.4408,309.56,1.09804,52.3,37.506
43.2800,3401.8599,299.36,1.09920,52.3,37.506
43.2900,3401.8599,300.86,1.09920,52.3,37.506
43.3000,3395.8990,288.82,1.10113,52.3,37.506
43.3100,3395.8990,306.28,1.10113,52.3,37.506
43.3200,3395.8990,309.62,1.10113,52.3,37.506
43.3300,3390.9706,304.02,1.10273,52.3,37.506
43.3400,3390.9706,306.52,1.10273,52.3,37.506
43.3500,3396.4909,302.28,1.10094,52.3,37.506
43.3600,3396.4909,300.61,1.10094,52.3,37.506
43.3700,3396.4909,293.37,1.10094,52.3,37.506
43.3800,3372.7020,292.98,1.10870,52.3,37.506
43.3900,3376.9685,298.62,1.10730,52.3,37.506
43.4000,3376.9685,289.71,1.10730,52.3,37.506
43.4100,3376.9685,287.67,1.10730,52.3,37.506
43.4200,3376.9685,298.16,1.10730,52.3,37.506
43.4300,3367.1347,292.52,1.11054,52.3,37.506
43.4400,3388.7110,306.83,1.10347,52.3,37.506
43.4500,3396.8319,296.54,1.10083,52.3,37.506
43.4600,3396.8319,302.73,1.10083,52.3,37.506
43.4700,3393.1335,297.08,1.10203,52.3,37.506
43.4800,3395.7554,291.56,1.10118,52.3,37.506
43.4900,3385.4883,303.04,1.10452,52.3,37.506
43.5000,3353.6835,287.50,1.11499,52.4,37.506
43.5100,3353.6835,306.16,1.11499,52.4,37.506
43.5200,3353.6835,308.72,1.11499,52.3,37.506
43.5300,3343.6146,296.47,1.11835,52.4,37.506
43.5400,3343.6146,302.68,1.11835,52.3,37.506
43.5500,3323.6789,324.27,1.12506,52.4,37.506
43.5600,3323.6789,295.05,1.12506,52.4,37.506
43.5700,3356.3479,302.44,1.11411,52.4,37.506
43.5800,3360.9101,285.53,1.11259,52.4,37.506
43.5900,3360.9101,286.49,1.11259,52.4,37.506
43.6000,3339.5372,277.11,1.11971,52.4,37.506
43.6100,3339.5372,275.70,1.11971,52.4,37.506
43.6200,3320.4600,281.25,1.12615,52.4,37.506
43.6300,3294.6498,301.13,1.13497,52.4,37.506
43.6400,3289.4413,294.01,1.13677,52.4,37.506
43.6500,3300.4824,287.64,1.13296,52.4,37.506
43.6600,3300.4824,287.87,1.13296,52.4,37.506
43.6700,3300.4824,292.73,1.13296,52.4,37.506
43.6800,3317.8925,306.92,1.12702,52.4,37.506
43.6900,3317.8925,292.94,1.12702,52.4,37.506
43.7000,3317.8925,303.55,1.12702,52.4,37.506
43.7100,3317.8925,303.99,1.12702,52.4,37.506
43.7200,3317.8925,271.00,1.12702,52.4,37.506
43.7300,3331.9303,291.05,1.12227,52.4,37.506
43.7400,3315.6363,304.45,1.12779,52.4,37.506
43.7500,3315.6363,295.85,1.12779,52.4,37.506
43.7600,3315.6363,288.60,1.12779,52.4,37.506
43.7700,3334.7506,290.22,1.12132,52.4,37.506
43.7800,3327.4631,289.24,1.12378,52.4,37.506
43.7900,3327.4631,282.98,1.12378,52.4,37.506
43.8000,3327.4631,284.99,1.12378,52.4,37.506
43.8100,3327.4631,307.16,1.12378,52.4,37.506
43.8200,3305.4709,301.32,1.13125,52.4,37.506
43.8300,3305.4709,280.39,1.13125,52.4,37.506
43.8400,3305.4709,284.91,1.13125,52.4,37.506
43.8500,3305.4709,296.12,1.13125,52.4,37.506
43.8600,3305.4709,298.14,1.13125,52.4,37.506
43.8700,3296.5397,321.80,1.13432,52.4,37.506
43.8800,3294.8278,325.79,1.13491,52.4,37.506
43.8900,3294.8278,304.83,1.13491,52.4,37.506
43.9000,3331.3622,299.50,1.12246,52.4,37.506
43.9100,3331.3622,291.77,1.12246,52.4,37.506
43.9200,3331.3622,281.41,1.12246,52.4,37.506
43.9300,3331.3622,278.03,1.12246,52.4,37.506
43.9400,3319.2692,310.34,1.12655,52.4,37.506
43.9500,3327.5097,314.74,1.12376,52.4,37.506
43.9600,3327.5097,292.24,1.12376,52.4,37.506
43.9700,3320.0233,287.05,1.12630,52.4,37.506
43.9800,3336.4135,301.75,1.12076,52.4,37.506
43.9900,3336.4135,261.55,1.12076,52.4,37.506
44.0000,3343.6477,293.71,1.11834,52.4,37.506
44.0100,3343.6477,306.97,1.11834,52.4,37.506
44.0200,3343.6477,306.71,1.11834,52.4,37.506
44.0300,3335.3885,286.95,1.12111,52.4,37.506
44.0400,3303.2159,304.20,1.13203,52.4,37.506
44.0500,3303.2159,298.21,1.13203,52.4,37.506
44.0600,3303.2159,299.17,1.13203,52.4,37.506
44.0700,3289.1609,316.80,1.13686,52.4,37.506
44.0800,3289.1609,307.29,1.13686,52.4,37.506
44.0900,3311.5429,309.88,1.12918,52.4,37.506
44.1000,3311.5429,305.08,1.12918,52.4,37.506
44.1100,3311.5429,327.80,1.12918,52.4,37.506
44.1200,3313.8312,306.86,1.12840,52.4,37.506
44.1300,3332.7365,304.96,1.12200,52.4,37.506
44.1400,3332.7365,313.32,1.12200,52.4,37.506
44.1500,3332.7365,313.94,1.12200,52.4,37.506
44.1600,3332.7365,281.21,1.12200,52.4,37.506
44.1700,3332.7365,294.80,1.12200,52.4,37.506
44.1800,3333.1882,293.34,1.12185,52.4,37.506
44.1900,3320.1270,309.96,1.12626,52.4,37.506
44.2000,3320.1270,284.81,1.12626,52.4,37.506
44.2100,3320.1270,285.06,1.12626,52.4,37.506
44.2200,3320.1270,291.49,1.12626,52.4,37.506
44.2300,3320.1270,284.68,1.12626,52.4,37.506
44.2400,3320.2024,296.63,1.12623,52.4,37.506
44.2500,3323.4710,290.78,1.12513,52.4,37.506
44.2600,3323.4710,293.05,1.12513,52.4,37.506
44.2700,3321.7932,284.59,1.12570,52.4,37.506
44.2800,3327.3487,286.02,1.12382,52.4,37.506
44.2900,3337.9946,272.21,1.12023,52.4,37.506
44.3000,3343.7678,281.87,1.11830,52.5,37.506
44.3100,3343.7678,302.72,1.11830,52.5,37.506
44.3200,3351.5870,295.69,1.11569,52.5,37.506
44.3300,3350.0721,294.28,1.11619,52.5,37.506
44.3400,3350.0721,279.36,1.11619,52.5,37.506
44.3500,3350.0721,284.06,1.11619,52.5,37.506
44.3600,3350.0721,298.64,1.11619,52.5,37.506
44.3700,3340.6229,296.62,1.11935,52.5,37.506
44.3800,3340.6229,293.46,1.11935,52.5,37.506
44.3900,3340.6229,293.84,1.11935,52.4,37.506
44.4000,3365.7867,291.66,1.11098,52.4,37.506
44.4100,3365.7867,273.69,1.11098,52.4,37.506
44.4200,3365.7867,299.49,1.11098,52.4,37.506
44.4300,3365.7867,293.15,1.11098,52.4,37.506
44.4400,3345.8437,304.20,1.11760,52.4,37.506
44.4500,3345.8437,305.50,1.11760,52.4,37.506
44.4600,3345.8437,302.72,1.11760,52.4,37.506
44.4700,3345.8437,283.24,1.11760,52.4,37.506
44.4800,3338.2537,286.05,1.12014,52.4,37.506
44.4900,3328.8278,301.84,1.12332,52.4,37.506
44.5000,3328.8278,308.20,1.12332,52.4,37.506
44.5100,3328.8278,303.74,1.12332,52.4,37.506
44.5200,3330.8121,297.26,1.12265,52.4,37.506
44.5300,3330.8121,308.93,1.12265,52.4,37.506
44.5400,3335.5209,311.78,1.12106,52.4,37.506
44.5500,3335.8902,309.58,1.12094,52.4,37.506
44.5600,3335.8902,306.43,1.12094,52.4,37.506
44.5700,3345.7522,307.54,1.11763,52.5,37.506
44.5800,3383.0919,316.74,1.10530,52.5,37.506
44.5900,3383.0919,292.57,1.10530,52.5,37.506
44.6000,3383.0919,292.52,1.10530,52.4,37.506
44.6100,3383.0919,300.34,1.10530,52.4,37.506
44.6200,3383.0919,316.71,1.10530,52.4,37.506
44.6300,3383.0919,312.95,1.10530,52.4,37.506
44.6400,3358.6754,309.49,1.11333,52.4,37.506
44.6500,3358.6754,311.46,1.11333,52.4,37.506
44.6600,3358.6754,291.10,1.11333,52.4,37.506
44.6700,3381.0516,304.17,1.10597,52.4,37.506
44.6800,3367.5128,290.08,1.11041,52.4,37.506
44.6900,3367.5128,295.65,1.11041,52.4,37.506
44.7000,3367.5128,299.60,1.11041,52.4,37.506
44.7100,3367.5128,301.89,1.11041,52.4,37.506
44.7200,3403.2250,306.68,1.09876,52.4,37.506
44.7300,3403.2250,309.95,1.09876,52.4,37.506
44.7400,3401.1752,276.18,1.09942,52.4,37.506
44.7500,3384.2727,286.40,1.10491,52.4,37.506
44.7600,3384.2727,284.50,1.10491,52.4,37.506
44.7700,3384.2727,274.37,1.10491,52.4,37.506
44.7800,3384.2727,289.41,1.10491,52.4,37.506
44.7900,3363.9887,304.13,1.11158,52.4,37.506
44.8000,3372.7947,305.45,1.10867,52.4,37.506
44.8100,3372.7947,295.50,1.10867,52.4,37.506
44.8200,3372.7947,295.34,1.10867,52.4,37.506
44.8300,3383.5896,291.81,1.10514,52.4,37.506
44.8400,3391.5616,284.49,1.10254,52.4,37.506
44.8500,3391.5616,291.59,1.10254,52.4,37.506
44.8600,3391.5616,304.83,1.10254,52.4,37.506
44.8700,3391.5616,293.39,1.10254,52.4,37.506
44.8800,3393.5367,299.74,1.10190,52.4,37.506
44.8900,3393.5367,293.71,1.10190,52.4,37.506
44.9000,3393.5367,288.51,1.10190,52.4,37.506
44.9100,3393.5367,295.79,1.10190,52.4,37.506
44.9200,3379.6686,302.03,1.10642,52.4,37.506
44.9300,3376.4538,294.94,1.10747,52.4,37.506
44.9400,3376.4538,301.06,1.10747,52.4,37.506
44.9500,3376.4538,300.43,1.10747,52.4,37.506
44.9600,3376.4538,295.62,1.10747,52.4,37.506
44.9700,3368.2538,302.67,1.11017,52.4,37.506
44.9800,3368.2538,285.72,1.11017,52.4,37.506
44.9900,3364.3860,276.10,1.11144,52.4,37.506
45.0000,3353.8950,296.57,1.11492,52.4,37.506
45.0100,3353.8950,295.21,1.11492,52.4,37.506
45.0200,3353.8950,297.44,1.11492,52.4,37.506
45.0300,3353.8950,284.29,1.11492,52.4,37.506
45.0400,3322.0152,294.71,1.12562,52.4,37.506
45.0500,3322.0152,284.59,1.12562,52.4,37.506
45.0600,3322.0152,288.54,1.12562,52.4,37.506
45.0700,3322.0152,309.06,1.12562,52.4,37.506
45.0800,3322.0152,286.22,1.12562,52.4,37.506
45.0900,3315.0435,309.41,1.12799,52.4,37.506
45.1000,3315.0435,295.51,1.12799,52.4,37.506
45.1100,3315.0435,305.61,1.12799,52.4,37.506
45.1200,3305.9334,319.40,1.13110,52.4,37.506
45.1300,3321.1840,312.11,1.12590,52.4,37.506
45.1400,3318.9227,305.81,1.12667,52.4,37.506
45.1500,3318.9227,318.02,1.12667,52.4,37.506
45.1600,3318.9227,313.09,1.12667,52.4,37.506
45.1700,3318.9227,315.77,1.12667,52.4,37.506
45.1800,3320.0974,307.76,1.12627,52.4,37.506
45.1900,3349.9601,312.42,1.11623,52.4,37.506
45.2000,3324.3322,307.69,1.12484,52.4,37.506
45.2100,3324.3322,298.21,1.12484,52.4,37.506
45.2200,3324.3322,304.70,1.12484,52.4,37.506
45.2300,3289.4811,296.53,1.13675,52.4,37.506
45.2400,3289.4811,299.35,1.13675,52.4,37.506
45.2500,3289.4811,309.59,1.13675,52.4,37.506
45.2600,3289.4811,306.15,1.13675,52.4,37.506
45.2700,3280.5146,298.70,1.13986,52.4,37.506
45.2800,3277.2078,293.00,1.14101,52.4,37.506
45.2900,3277.2078,323.02,1.14101,52.4,37.506
45.3000,3289.3139,318.59,1.13681,52.4,37.506
45.3100,3289.3139,309.40,1.13681,52.4,37.506
45.3200,3289.3139,289.81,1.13681,52.4,37.506
45.3300,3304.3972,298.20,1.13162,52.4,37.506
45.3400,3314.0486,278.38,1.12833,52.4,37.506
45.3500,3292.1098,279.15,1.13584,52.4,37.506
45.3600,3292.1098,296.88,1.13584,52.4,37.506
45.3700,3292.1098,297.55,1.13584,52.4,37.506
45.3800,3292.1098,291.59,1.13584,52.4,37.506
45.3900,3290.1660,296.62,1.13652,52.4,37.506
45.4000,3278.9209,301.82,1.14041,52.4,37.506
45.4100,3278.9209,300.97,1.14041,52.4,37.506
45.4200,3278.9209,307.73,1.14041,52.4,37.506
45.4300,3278.9209,307.88,1.14041,52.4,37.506
45.4400,3278.9209,299.92,1.14041,52.4,37.506
45.4500,3312.3129,311.16,1.12892,52.4,37.506
45.4600,3312.3129,307.21,1.12892,52.4,37.506
45.4700,3312.3129,303.84,1.12892,52.4,37.506
45.4800,3312.3129,297.89,1.12892,52.4,37.506
45.4900,3275.4286,307.10,1.14163,52.4,37.506
45.5000,3275.4286,308.76,1.14163,52.4,37.506
45.5100,3275.4286,319.30,1.14163,52.4,37.506
45.5200,3291.2473,320.65,1.13614,52.4,37.506
45.5300,3291.2473,346.99,1.13614,52.4,37.506
45.5400,3291.2473,306.33,1.13614,52.3,37.506
45.5500,3307.9526,286.44,1.13041,52.4,37.506
45.5600,3307.9526,308.83,1.13041,52.4,37.506
45.5700,3307.9526,303.30,1.13041,52.3,37.506
45.5800,3325.8247,297.83,1.12433,52.4,37.506
45.5900,3325.8247,304.52,1.12433,52.3,37.506
45.6000,3325.8247,317.59,1.12433,52.3,37.506
45.6100,3325.8247,325.21,1.12433,52.3,37.506
45.6200,3325.8247,324.00,1.12433,52.3,37.506
45.6300,3325.8247,331.42,1.12433,52.3,37.506
45.6400,3331.1998,286.18,1.12252,52.3,37.506
45.6500,3331.1998,302.21,1.12252,52.3,37.506
45.6600,3331.1998,309.57,1.12252,52.3,37.506
45.6700,3348.6641,317.42,1.11666,52.3,37.506
45.6800,3314.1022,285.46,1.12831,52.3,37.506
45.6900,3314.1022,283.12,1.12831,52.3,37.506
45.7000,3314.1022,282.06,1.12831,52.3,37.506
45.7100,3314.1022,287.93,1.12831,52.3,37.506
45.7200,3326.5315,286.75,1.12409,52.3,37.506
45.7300,3326.5315,295.20,1.12409,52.3,37.506
45.7400,3317.7861,292.09,1.12705,52.3,37.506
45.7500,3314.7269,287.26,1.12809,52.3,37.506
45.7600,3314.7269,288.02,1.12809,52.3,37.506
45.7700,3344.2198,292.51,1.11815,52.3,37.506
45.7800,3359.5014,282.98,1.11306,52.3,37.506
45.7900,3349.5364,286.84,1.11637,52.4,37.506
45.8000,3353.2842,278.73,1.11512,52.4,37.506
45.8100,3353.2842,274.19,1.11512,52.4,37.506
45.8200,3354.8876,282.15,1.11459,52.4,37.506
45.8300,3353.6108,285.86,1.11502,52.4,37.506
45.8400,3353.6108,298.90,1.11502,52.4,37.506
45.8500,3353.6108,293.35,1.11502,52.4,37.506
45.8600,3353.6108,297.66,1.11502,52.4,37.506
45.8700,3353.6108,299.65,1.11502,52.4,37.506
45.8800,3353.6108,327.29,1.11502,52.3,37.506
45.8900,3353.0583,310.94,1.11520,52.4,37.506
45.9000,3353.0583,308.98,1.11520,52.3,37.506
45.9100,3353.0583,305.13,1.11520,52.3,37.506
45.9200,3356.7741,322.13,1.11396,52.4,37.506
45.9300,3368.4308,314.08,1.11011,52.4,37.506
45.9400,3368.4308,308.59,1.11011,52.4,37.506
45.9500,3368.4308,289.96,1.11011,52.3,37.506
45.9600,3368.4308,314.48,1.11011,52.3,37.506
45.9700,3368.4308,290.40,1.11011,52.3,37.506
45.9800,3368.4308,297.08,1.11011,52.3,37.506
45.9900,3380.3430,296.52,1.10620,52.3,37.506
46.0000,3380.3430,299.76,1.10620,52.3,37.506
46.0100,3380.3430,311.43,1.10620,52.3,37.506
46.0200,3382.9103,297.92,1.10536,52.3,37.506
46.0300,3382.9103,301.75,1.10536,52.3,37.506
46.0400,3390.5178,300.76,1.10288,52.3,37.506
46.0500,3390.5178,304.82,1.10288,52.3,37.506
46.0600,3390.5178,315.93,1.10288,52.3,37.506
46.0700,3390.5178,294.39,1.10288,52.3,37.506
46.0800,3390.5178,324.96,1.10288,52.3,37.506
46.0900,3392.8818,311.07,1.10211,52.3,37.506
46.1000,3392.8818,298.62,1.10211,52.3,37.506
46.1100,3392.8818,305.28,1.10211,52.3,37.506
46.1200,3392.8818,288.39,1.10211,52.3,37.506
46.1300,3392.8818,282.82,1.10211,52.2,37.506
46.1400,3380.2059,293.29,1.10624,52.3,37.506
46.1500,3380.2059,293.32,1.10624,52.2,37.506
46.1600,3380.2059,311.47,1.10624,52.2,37.506
46.1700,3343.4857,303.52,1.11839,52.3,37.506
46.1800,3337.3607,298.75,1.12044,52.3,37.506
46.1900,3337.3607,282.64,1.12044,52.3,37.506
46.2000,3343.2522,290.83,1.11847,52.3,37.506
46.2100,3343.2522,300.71,1.11847,52.3,37.506
46.2200,3331.8529,282.57,1.12230,52.3,37.506
46.2300,3340.3759,278.35,1.11943,52.3,37.506
46.2400,3344.3027,289.34,1.11812,52.3,37.506
46.2500,3368.1799,296.50,1.11019,52.3,37.506
46.2600,3368.1799,290.50,1.11019,52.3,37.506
46.2700,3397.6953,311.47,1.10055,52.3,37.506
46.2800,3397.6953,285.50,1.10055,52.3,37.506
46.2900,3397.6953,291.20,1.10055,52.3,37.506
46.3000,3397.6953,310.68,1.10055,52.3,37.506
46.3100,3397.6953,296.76,1.10055,52.3,37.506
46.3200,3397.6953,284.83,1.10055,52.3,37.506
46.3300,3397.6953,285.59,1.10055,52.3,37.506
46.3400,3397.6953,288.68,1.10055,52.3,37.506
46.3500,3388.1323,279.08,1.10365,52.3,37.506
46.3600,3388.1323,274.31,1.10365,52.3,37.506
46.3700,3351.1368,296.38,1.11584,52.3,37.506
46.3800,3351.1368,284.69,1.11584,52.3,37.506
46.3900,3351.1368,301.39,1.11584,52.3,37.506
46.4000,3343.6379,299.64,1.11834,52.3,37.506
46.4100,3343.6379,296.25,1.11834,52.3,37.506
46.4200,3343.6379,291.56,1.11834,52.2,37.506
46.4300,3317.4972,281.98,1.12715,52.3,37.506
46.4400,3290.2422,287.15,1.13649,52.3,37.506
46.4500,3303.3021,269.88,1.13200,52.3,37.506
46.4600,3303.3021,278.55,1.13200,52.3,37.506
46.4700,3303.3021,296.10,1.13200,52.3,37.506
46.4800,3325.8810,310.82,1.12431,52.3,37.506
46.4900,3320.8295,298.55,1.12602,52.3,37.506
46.5000,3320.8295,285.44,1.12602,52.3,37.506
46.5100,3320.8295,292.61,1.12602,52.3,37.506
46.5200,3320.8295,298.36,1.12602,52.3,37.506
46.5300,3320.8295,288.25,1.12602,52.3,37.506
46.5400,3320.8295,285.20,1.12602,52.2,37.506
46.5500,3320.8295,295.65,1.12602,52.2,37.506
46.5600,3320.8295,293.49,1.12602,52.2,37.506
46.5700,3342.3868,286.82,1.11876,52.2,37.506
46.5800,3342.3868,272.46,1.11876,52.2,37.506
46.5900,3342.3868,279.40,1.11876,52.2,37.506
46.6000,3342.3868,304.97,1.11876,52.2,37.506
46.6100,3342.3868,290.97,1.11876,52.2,37.506
46.6200,3342.3868,299.69,1.11876,52.2,37.506
46.6300,3334.8603,309.84,1.12128,52.2,37.506
46.6400,3367.1073,278.19,1.11055,52.2,37.506
46.6500,3367.1073,280.63,1.11055,52.2,37.506
46.6600,3367.1073,304.09,1.11055,52.2,37.506
46.6700,3367.1073,284.58,1.11055,52.2,37.506
46.6800,3367.1073,278.25,1.11055,52.2,37.506
46.6900,3378.0312,277.79,1.10695,52.2,37.506
46.7000,3358.0128,296.62,1.11355,52.2,37.506
46.7100,3358.0128,289.70,1.11355,52.2,37.506
46.7200,3333.4333,297.02,1.12176,52.2,37.506
46.7300,3347.2698,301.24,1.11713,52.2,37.506
46.7400,3347.2698,287.64,1.11713,52.2,37.506
46.7500,3347.2698,286.41,1.11713,52.2,37.506
46.7600,3347.2698,314.78,1.11713,52.2,37.506
46.7700,3355.6984,316.95,1.11432,52.2,37.506
46.7800,3377.1092,287.88,1.10726,52.2,37.506
46.7900,3377.1092,299.23,1.10726,52.2,37.506
46.8000,3377.1092,298.69,1.10726,52.2,37.506
46.8100,3377.1092,300.31,1.10726,52.2,37.506
46.8200,3377.1092,301.04,1.10726,52.2,37.506
46.8300,3393.8250,309.63,1.10180,52.2,37.506
46.8400,3396.3395,326.30,1.10099,52.2,37.506
46.8500,3405.9654,328.76,1.09788,52.2,37.506
46.8600,3405.9654,294.45,1.09788,52.2,37.506
46.8700,3405.9654,287.53,1.09788,52.2,37.506
46.8800,3405.9654,292.72,1.09788,52.2,37.506
46.8900,3405.9654,299.85,1.09788,52.2,37.506
46.9000,3405.9654,301.63,1.09788,52.2,37.506
46.9100,3405.9654,284.65,1.09788,52.2,37.506
46.9200,3392.5606,302.91,1.10221,52.2,37.506
46.9300,3392.5606,295.49,1.10221,52.2,37.506
46.9400,3392.5606,310.28,1.10221,52.1,37.506
46.9500,3363.6674,306.87,1.11168,52.2,37.506
46.9600,3363.6674,302.13,1.11168,52.2,37.506
46.9700,3359.1754,293.33,1.11317,52.2,37.506
46.9800,3359.1754,304.00,1.11317,52.2,37.506
46.9900,3392.0869,299.90,1.10237,52.2,37.506
47.0000,3378.8771,300.37,1.10668,52.2,37.506
47.0100,3378.8771,307.88,1.10668,52.2,37.506
47.0200,3378.8771,330.79,1.10668,52.2,37.506
47.0300,3384.4558,315.63,1.10485,52.2,37.506
47.0400,3384.4558,305.01,1.10485,52.2,37.506
47.0500,3384.4558,308.06,1.10485,52.2,37.506
47.0600,3384.4558,292.47,1.10485,52.2,37.506
47.0700,3384.4558,284.82,1.10485,52.1,37.506
47.0800,3384.4558,303.47,1.10485,52.1,37.506
47.0900,3387.9076,297.23,1.10373,52.1,37.506
47.1000,3387.9076,300.93,1.10373,52.1,37.506
47.1100,3387.9076,307.30,1.10373,52.1,37.506
47.1200,3391.5552,299.17,1.10254,52.1,37.506
47.1300,3391.5552,299.38,1.10254,52.1,37.506
47.1400,3378.8871,307.85,1.10667,52.1,37.506
47.1500,3379.8847,297.75,1.10635,52.1,37.506
47.1600,3379.8847,294.10,1.10635,52.1,37.506
47.1700,3372.2529,296.91,1.10885,52.2,37.506
47.1800,3372.2529,308.62,1.10885,52.1,37.506
47.1900,3378.6630,306.96,1.10675,52.2,37.506
47.2000,3352.8568,313.03,1.11527,52.2,37.506
47.2100,3352.8568,314.30,1.11527,52.2,37.506
47.2200,3352.8568,326.98,1.11527,52.2,37.506
47.2300,3381.6458,324.97,1.10577,52.2,37.506
47.2400,3374.6992,318.33,1.10805,52.2,37.506
47.2500,3374.6992,299.70,1.10805,52.2,37.506
47.2600,3374.6992,308.22,1.10805,52.2,37.506
47.2700,3349.4151,322.97,1.11641,52.2,37.506
47.2800,3349.4151,313.92,1.11641,52.2,37.506
47.2900,3356.7951,325.75,1.11396,52.2,37.506
47.3000,3394.0810,321.13,1.10172,52.2,37.506
47.3100,3394.0810,315.39,1.10172,52.2,37.506
47.3200,3394.0810,316.06,1.10172,52.2,37.506
47.3300,3412.0934,326.50,1.09590,52.2,37.506
47.3400,3412.0934,317.36,1.09590,52.2,37.506
47.3500,3412.0934,301.19,1.09590,52.2,37.506
47.3600,3412.0934,314.24,1.09590,52.2,37.506
47.3700,3412.0934,316.40,1.09590,52.2,37.506
47.3800,3412.0934,336.21,1.09590,52.1,37.506
47.3900,3412.0934,322.15,1.09590,52.1,37.506
47.4000,3408.4667,293.48,1.09707,52.1,37.506
47.4100,3408.4667,307.60,1.09707,52.1,37.506
47.4200,3399.9332,292.33,1.09982,52.1,37.506
47.4300,3399.9332,300.50,1.09982,52.1,37.506
47.4400,3399.0568,312.41,1.10011,52.1,37.506
47.4500,3412.6616,314.88,1.09572,52.2,37.506
47.4600,3412.6616,322.40,1.09572,52.2,37.506
47.4700,3412.6616,336.21,1.09572,52.1,37.506
47.4800,3412.6616,319.22,1.09572,52.1,37.506
47.4900,3405.6383,326.31,1.09798,52.1,37.506
47.5000,3411.9557,328.41,1.09595,52.2,37.506
47.5100,3411.9557,326.75,1.09595,52.2,37.506
47.5200,3414.2194,322.16,1.09522,52.2,37.506
47.5300,3414.2194,302.75,1.09522,52.2,37.506
47.5400,3414.2194,301.33,1.09522,52.1,37.506
47.5500,3414.7958,310.58,1.09504,52.2,37.506
47.5600,3414.7958,306.46,1.09504,52.2,37.506
47.5700,3405.2469,297.59,1.09811,52.2,37.506
47.5800,3413.8626,284.03,1.09534,52.2,37.506
47.5900,3380.0489,317.03,1.10629,52.2,37.506
47.6000,3393.2669,313.36,1.10198,52.2,37.506
47.6100,3393.2669,320.14,1.10198,52.2,37.506
47.6200,3412.8367,307.95,1.09567,52.2,37.506
47.6300,3408.2054,306.47,1.09715,52.2,37.506
47.6400,3384.8722,290.53,1.10472,52.2,37.506
47.6500,3368.3345,305.23,1.11014,52.3,37.506
47.6600,3368.3345,296.19,1.11014,52.3,37.506
47.6700,3368.3345,292.13,1.11014,52.2,37.506
47.6800,3367.4658,306.29,1.11043,52.3,37.506
47.6900,3382.0280,307.83,1.10565,52.3,37.506
47.7000,3364.0588,304.50,1.11155,52.3,37.506
47.7100,3364.0588,309.19,1.11155,52.3,37.506
47.7200,3364.0588,314.96,1.11155,52.3,37.506
47.7300,3364.4429,314.28,1.11143,52.3,37.506
47.7400,3365.5394,318.16,1.11106,52.3,37.506
47.7500,3365.5394,303.56,1.11106,52.3,37.506
47.7600,3365.5394,305.78,1.11106,52.3,37.506
47.7700,3374.4849,288.02,1.10812,52.3,37.506
47.7800,3351.9812,284.47,1.11556,52.3,37.506
47.7900,3351.9812,292.37,1.11556,52.3,37.506
47.8000,3351.9812,299.93,1.11556,52.3,37.506
47.8100,3351.9812,297.52,1.11556,52.3,37.506
47.8200,3354.5905,295.92,1.11469,52.3,37.506
47.8300,3354.5905,297.24,1.11469,52.3,37.506
47.8400,3354.5905,306.66,1.11469,52.3,37.506
47.8500,3354.5905,302.65,1.11469,52.2,37.506
47.8600,3354.5905,288.80,1.11469,52.2,37.506
47.8700,3354.5905,286.93,1.11469,52.2,37.506
47.8800,3354.5905,302.54,1.11469,52.2,37.506
47.8900,3354.5905,298.45,1.11469,52.2,37.506
47.9000,3354.5905,286.01,1.11469,52.2,37.506
47.9100,3354.5905,308.36,1.11469,52.2,37.506
47.9200,3330.4852,318.24,1.12276,52.2,37.506
47.9300,3315.7407,310.01,1.12775,52.2,37.506
47.9400,3313.0582,298.82,1.12866,52.2,37.506
47.9500,3324.9324,308.74,1.12463,52.2,37.506
47.9600,3324.9324,297.56,1.12463,52.2,37.506
47.9700,3351.8537,301.59,1.11560,52.3,37.506
47.9800,3325.5646,308.29,1.12442,52.3,37.506
47.9900,3356.9880,311.56,1.11389,52.3,37.506
48.0000,3356.9880,314.75,1.11389,52.3,37.506
48.0100,3356.9880,304.09,1.11389,52.3,37.506
48.0200,3367.5050,305.10,1.11041,52.3,37.506
48.0300,3367.5050,290.32,1.11041,52.3,37.506
48.0400,3330.7623,284.79,1.12266,52.3,37.506
48.0500,3330.7623,278.41,1.12266,52.3,37.506
48.0600,3330.7623,290.28,1.12266,52.3,37.506
48.0700,3336.5467,298.83,1.12072,52.3,37.506
48.0800,3336.5467,303.28,1.12072,52.3,37.506
48.0900,3354.9021,313.49,1.11459,52.3,37.506
48.1000,3354.9021,299.32,1.11459,52.3,37.506
48.1100,3354.9021,299.62,1.11459,52.3,37.506
48.1200,3354.9021,269.00,1.11459,52.2,37.506
48.1300,3354.9021,270.97,1.11459,52.2,37.506
48.1400,3354.9021,288.35,1.11459,52.2,37.506
48.1500,3354.9021,284.91,1.11459,52.2,37.506
48.1600,3354.9021,288.36,1.11459,52.2,37.506
48.1700,3354.7333,285.63,1.11464,52.2,37.506
48.1800,3354.7333,305.56,1.11464,52.2,37.506
48.1900,3354.7333,272.71,1.11464,52.2,37.506
48.2000,3354.7333,292.04,1.11464,52.2,37.506
48.2100,3354.7333,299.91,1.11464,52.2,37.506
48.2200,3354.7333,306.46,1.11464,52.2,37.506
48.2300,3337.9901,303.33,1.12023,52.2,37.506
48.2400,3337.9901,289.76,1.12023,52.2,37.506
48.2500,3347.3252,290.64,1.11711,52.2,37.506
48.2600,3347.3252,292.96,1.11711,52.2,37.506
48.2700,3342.6482,298.69,1.11867,52.2,37.506
48.2800,3343.8593,309.09,1.11827,52.2,37.506
48.2900,3343.8593,292.94,1.11827,52.2,37.506
48.3000,3343.8593,298.81,1.11827,52.2,37.506
48.3100,3343.8593,305.35,1.11827,52.2,37.506
48.3200,3341.2210,297.52,1.11915,52.2,37.506
48.3300,3314.6148,302.52,1.12813,52.2,37.506
48.3400,3314.6148,299.25,1.12813,52.2,37.506
48.3500,3314.6148,300.08,1.12813,52.2,37.506
48.3600,3314.6148,301.89,1.12813,52.2,37.506
48.3700,3338.7366,298.45,1.11998,52.2,37.506
48.3800,3338.7366,298.11,1.11998,52.2,37.506
48.3900,3338.7366,326.37,1.11998,52.2,37.506
48.4000,3301.2960,315.67,1.13268,52.2,37.506
48.4100,3301.2960,322.55,1.13268,52.2,37.506
48.4200,3284.1226,306.32,1.13861,52.2,37.506
48.4300,3281.0498,322.66,1.13967,52.2,37.506
48.4400,3281.0498,309.96,1.13967,52.2,37.506
48.4500,3266.6975,304.54,1.14468,52.2,37.506
48.4600,3266.6975,306.43,1.14468,52.2,37.506
48.4700,3294.9897,297.78,1.13485,52.2,37.506
48.4800,3294.4178,303.24,1.13505,52.2,37.506
48.4900,3294.4178,303.98,1.13505,52.2,37.506
48.5000,3294.4178,302.33,1.13505,52.2,37.506
48.5100,3294.4178,309.57,1.13505,52.2,37.506
48.5200,3294.7209,318.44,1.13494,52.2,37.506
48.5300,3284.1132,306.57,1.13861,52.2,37.506
48.5400,3282.7731,298.34,1.13908,52.2,37.506
48.5500,3291.1546,295.02,1.13617,52.2,37.506
48.5600,3291.1546,304.85,1.13617,52.2,37.506
48.5700,3308.4206,288.63,1.13025,52.3,37.506
48.5800,3339.7154,296.37,1.11965,52.3,37.506
48.5900,3339.7154,315.93,1.11965,52.3,37.506
48.6000,3304.5213,303.90,1.13158,52.3,37.506
48.6100,3304.5213,303.66,1.13158,52.3,37.506
48.6200,3304.5213,303.04,1.13158,52.2,37.506
48.6300,3304.5213,313.52,1.13158,52.2,37.506
48.6400,3304.5213,289.06,1.13158,52.2,37.506
48.6500,3304.5213,298.21,1.13158,52.2,37.506
48.6600,3304.5213,303.75,1.13158,52.2,37.506
48.6700,3304.5213,307.75,1.13158,52.2,37.506
48.6800,3304.5213,311.41,1.13158,52.2,37.506
48.6900,3331.2360,324.29,1.12250,52.2,37.506
48.7000,3356.0261,295.16,1.11421,52.2,37.506
48.7100,3356.0261,309.23,1.11421,52.2,37.506
48.7200,3352.1409,309.61,1.11550,52.2,37.506
48.7300,3352.1409,327.46,1.11550,52.2,37.506
48.7400,3352.1409,332.17,1.11550,52.2,37.506
48.7500,3352.1409,319.26,1.11550,52.2,37.506
48.7600,3352.1409,335.04,1.11550,52.2,37.506
48.7700,3320.2030,324.44,1.12623,52.2,37.506
48.7800,3305.3995,327.06,1.13128,52.2,37.506
48.7900,3329.1220,297.62,1.12322,52.2,37.506
48.8000,3329.1220,309.78,1.12322,52.2,37.506
48.8100,3329.1220,316.46,1.12322,52.2,37.506
48.8200,3327.1862,327.32,1.12387,52.2,37.506
48.8300,3335.9324,309.42,1.12092,52.2,37.506
48.8400,3347.4836,327.10,1.11706,52.2,37.506
48.8500,3347.4836,317.76,1.11706,52.2,37.506
48.8600,3347.4836,305.10,1.11706,52.2,37.506
48.8700,3345.8624,305.37,1.11760,52.2,37.506
48.8800,3345.8624,303.07,1.11760,52.2,37.506
48.8900,3328.1949,316.65,1.12353,52.2,37.506
48.9000,3328.1949,312.11,1.12353,52.2,37.506
48.9100,3328.1949,328.09,1.12353,52.2,37.506
48.9200,3328.1949,308.93,1.12353,52.2,37.506
48.9300,3341.6239,316.59,1.11901,52.2,37.506
48.9400,3377.3348,300.09,1.10718,52.2,37.506
48.9500,3377.3348,304.44,1.10718,52.2,37.506
48.9600,3377.3348,304.61,1.10718,52.2,37.506
48.9700,3377.3348,312.75,1.10718,52.2,37.506
48.9800,3346.3613,303.67,1.11743,52.2,37.506
48.9900,3346.3613,296.47,1.11743,52.2,37.506
49.0000,3308.9070,304.97,1.13008,52.2,37.506
49.0100,3308.9070,298.29,1.13008,52.2,37.506
49.0200,3307.0396,324.02,1.13072,52.2,37.506
49.0300,3311.1060,308.78,1.12933,52.2,37.506
49.0400,3338.6957,305.23,1.12000,52.3,37.506
49.0500,3338.6957,303.33,1.12000,52.2,37.506
49.0600,3338.6957,318.91,1.12000,52.2,37.506
49.0700,3352.6762,322.76,1.11533,52.3,37.506
49.0800,3352.6762,305.09,1.11533,52.2,37.506
49.0900,3352.6762,315.51,1.11533,52.2,37.506
49.1000,3348.0066,306.04,1.11688,52.2,37.506
49.1100,3348.0066,315.79,1.11688,52.2,37.506
49.1200,3349.1302,285.15,1.11651,52.3,37.506
49.1300,3349.1302,302.29,1.11651,52.2,37.506
49.1400,3357.2850,271.51,1.11379,52.3,37.506
49.1500,3361.0406,282.22,1.11255,52.3,37.506
49.1600,3361.0406,296.23,1.11255,52.3,37.506
49.1700,3361.0406,294.20,1.11255,52.3,37.506
49.1800,3361.3554,274.55,1.11245,52.3,37.506
49.1900,3361.3554,286.37,1.11245,52.2,37.506
49.2000,3361.3554,277.53,1.11245,52.2,37.506
49.2100,3361.3554,283.10,1.11245,52.2,37.506
49.2200,3371.4645,294.34,1.10911,52.2,37.506
49.2300,3371.4645,289.74,1.10911,52.2,37.506
49.2400,3401.3332,272.39,1.09937,52.2,37.506
49.2500,3401.3332,277.89,1.09937,52.2,37.506
49.2600,3401.3332,303.70,1.09937,52.2,37.506
49.2700,3414.4999,287.67,1.09513,52.2,37.506
49.2800,3414.4999,294.03,1.09513,52.2,37.506
49.2900,3414.4999,305.02,1.09513,52.2,37.506
49.3000,3425.7786,298.18,1.09153,52.2,37.506
49.3100,3425.7786,310.90,1.09153,52.2,37.506
49.3200,3389.2481,319.62,1.10329,52.2,37.506
49.3300,3389.2624,300.18,1.10329,52.3,37.506
49.3400,3375.1187,292.07,1.10791,52.3,37.506
49.3500,3375.1187,297.30,1.10791,52.3,37.506
49.3600,3375.1187,305.77,1.10791,52.3,37.506
49.3700,3354.4832,301.86,1.11473,52.3,37.506
49.3800,3354.4832,299.78,1.11473,52.3,37.506
49.3900,3354.4832,295.76,1.11473,52.2,37.506
49.4000,3362.5913,308.20,1.11204,52.3,37.506
49.4100,3362.5913,296.20,1.11204,52.3,37.506
49.4200,3362.5913,297.61,1.11204,52.2,37.506
49.4300,3350.9360,287.10,1.11591,52.3,37.506
49.4400,3339.2678,295.13,1.11980,52.3,37.506
49.4500,3355.2131,282.38,1.11448,52.3,37.506
49.4600,3355.2131,287.54,1.11448,52.3,37.506
49.4700,3355.2131,276.19,1.11448,52.3,37.506
49.4800,3355.2131,275.11,1.11448,52.2,37.506
49.4900,3337.6534,289.98,1.12035,52.3,37.506
49.5000,3336.0614,280.22,1.12088,52.3,37.506
49.5100,3336.0614,301.35,1.12088,52.3,37.506
49.5200,3333.8132,291.36,1.12164,52.3,37.506
49.5300,3330.9557,312.96,1.12260,52.3,37.506
49.5400,3330.9557,298.69,1.12260,52.3,37.506
49.5500,3330.9557,302.83,1.12260,52.3,37.506
49.5600,3330.9557,300.16,1.12260,52.3,37.506
49.5700,3330.9557,311.43,1.12260,52.3,37.506
49.5800,3347.6444,319.57,1.11700,52.3,37.506
49.5900,3333.5160,323.20,1.12174,52.3,37.506
49.6000,3332.3544,281.26,1.12213,52.3,37.506
49.6100,3332.3544,300.56,1.12213,52.3,37.506
49.6200,3336.8299,278.54,1.12062,52.3,37.506
49.6300,3331.3536,289.02,1.12246,52.3,37.506
49.6400,3331.3536,269.42,1.12246,52.3,37.506
49.6500,3331.3536,275.61,1.12246,52.3,37.506
49.6600,3331.3536,284.94,1.12246,52.3,37.506
49.6700,3361.9637,282.90,1.11224,52.3,37.506
49.6800,3361.9637,259.38,1.11224,52.3,37.506
49.6900,3364.6509,297.23,1.11136,52.3,37.506
49.7000,3373.1708,285.83,1.10855,52.3,37.506
49.7100,3373.1708,281.15,1.10855,52.3,37.506
49.7200,3362.8820,277.30,1.11194,52.3,37.506
49.7300,3362.8820,269.30,1.11194,52.3,37.506
49.7400,3362.8820,285.48,1.11194,52.3,37.506
49.7500,3362.8820,290.88,1.11194,52.3,37.506
49.7600,3362.8820,300.68,1.11194,52.3,37.506
49.7700,3362.8820,308.31,1.11194,52.3,37.506
49.7800,3362.8820,301.53,1.11194,52.3,37.506
49.7900,3387.2102,292.81,1.10395,52.3,37.506
49.8000,3387.2102,314.50,1.10395,52.3,37.506
49.8100,3387.2102,307.91,1.10395,52.3,37.506
49.8200,3387.2102,301.06,1.10395,52.2,37.506
49.8300,3365.3134,279.56,1.11114,52.3,37.506
49.8400,3365.3134,286.23,1.11114,52.2,37.506
49.8500,3373.5182,276.77,1.10844,52.3,37.506
49.8600,3373.5182,289.29,1.10844,52.3,37.506
49.8700,3368.3712,296.40,1.11013,52.3,37.506
49.8800,3354.4798,291.32,1.11473,52.3,37.506
49.8900,3345.5994,308.96,1.11769,52.3,37.506
49.9000,3347.7193,300.93,1.11698,52.3,37.506
49.9100,3347.7193,307.05,1.11698,52.3,37.506
49.9200,3363.3472,289.22,1.11179,52.3,37.506
49.9300,3363.3472,301.59,1.11179,52.3,37.506
49.9400,3363.3472,307.63,1.11179,52.3,37.506
49.9500,3363.3472,312.17,1.11179,52.3,37.506
49.9600,3363.3472,307.26,1.11179,52.3,37.506
49.9700,3363.3472,318.37,1.11179,52.3,37.506
49.9800,3363.3472,307.29,1.11179,52.3,37.506
49.9900,3363.3472,309.90,1.11179,52.2,37.506
50.0000,3380.3272,310.90,1.10620,52.2,37.506
50.0100,3380.3272,292.03,1.10620,52.2,37.506
50.0200,3389.7023,283.84,1.10314,52.3,37.506
50.0300,3389.7023,278.86,1.10314,52.2,37.506
50.0400,3359.7348,283.83,1.11298,52.3,37.506
50.0500,3362.1572,306.97,1.11218,52.3,37.506
50.0600,3362.1572,313.42,1.11218,52.3,37.506
50.0700,3349.2783,295.88,1.11646,52.3,37.506
50.0800,3349.2783,303.61,1.11646,52.3,37.506
50.0900,3375.7042,301.20,1.10772,52.3,37.506
50.1000,3375.7042,314.20,1.10772,52.3,37.506
50.1100,3375.7042,297.06,1.10772,52.3,37.506
50.1200,3379.4312,299.90,1.10650,52.3,37.506
50.1300,3379.4312,299.38,1.10650,52.3,37.506
50.1400,3379.5319,289.95,1.10646,52.3,37.506
50.1500,3371.2853,288.36,1.10917,52.3,37.506
50.1600,3371.2853,290.22,1.10917,52.3,37.506
50.1700,3364.7108,294.47,1.11134,52.3,37.506
50.1800,3364.7108,287.76,1.11134,52.3,37.506
50.1900,3362.7793,297.96,1.11197,52.3,37.506
50.2000,3364.3873,296.50,1.11144,52.3,37.506
50.2100,3364.3873,288.32,1.11144,52.3,37.506
50.2200,3399.2754,292.56,1.10004,52.3,37.506
50.2300,3393.1816,314.55,1.10201,52.3,37.506
50.2400,3426.1480,320.96,1.09141,52.4,37.506
50.2500,3426.8794,306.23,1.09118,52.4,37.506
50.2600,3426.8794,306.46,1.09118,52.4,37.506
50.2700,3426.8794,289.01,1.09118,52.4,37.506
50.2800,3426.8794,282.57,1.09118,52.3,37.506
50.2900,3429.0239,291.79,1.09049,52.3,37.506
50.3000,3408.6317,285.01,1.09702,52.4,37.506
50.3100,3408.6317,300.48,1.09702,52.4,37.506
50.3200,3408.6317,298.56,1.09702,52.3,37.506
50.3300,3408.6317,282.99,1.09702,52.3,37.506
50.3400,3408.6317,286.86,1.09702,52.3,37.506
50.3500,3376.3680,299.60,1.10750,52.3,37.506
50.3600,3376.3680,296.77,1.10750,52.3,37.506
50.3700,3360.8871,303.06,1.11260,52.3,37.506
50.3800,3360.8871,292.00,1.11260,52.3,37.506
50.3900,3357.1449,289.99,1.11384,52.3,37.506
50.4000,3331.9326,293.74,1.12227,52.4,37.506
50.4100,3331.9326,297.44,1.12227,52.4,37.506
50.4200,3317.6682,292.09,1.12709,52.4,37.506
50.4300,3317.6682,287.29,1.12709,52.4,37.506
50.4400,3317.6682,294.89,1.12709,52.3,37.506
50.4500,3317.6682,287.37,1.12709,52.3,37.506
50.4600,3317.6682,281.95,1.12709,52.3,37.506
50.4700,3324.3913,302.48,1.12482,52.3,37.506
50.4800,3305.8685,291.99,1.13112,52.4,37.506
50.4900,3305.8685,267.18,1.13112,52.3,37.506
50.5000,3305.8685,267.10,1.13112,52.3,37.506
50.5100,3305.8685,293.13,1.13112,52.3,37.506
50.5200,3330.6912,288.20,1.12269,52.3,37.506
50.5300,3330.6912,307.85,1.12269,52.3,37.506
50.5400,3352.1214,307.89,1.11551,52.3,37.506
50.5500,3362.1852,307.02,1.11217,52.3,37.506
50.5600,3362.1852,293.88,1.11217,52.3,37.506
50.5700,3325.6417,296.23,1.12439,52.4,37.506
50.5800,3320.2455,317.04,1.12622,52.4,37.506
50.5900,3330.6427,312.87,1.12270,52.4,37.506
50.6000,3330.6427,315.14,1.12270,52.4,37.506
50.6100,3330.6427,301.44,1.12270,52.4,37.506
50.6200,3330.6427,300.90,1.12270,52.4,37.506
50.6300,3312.5036,305.68,1.12885,52.4,37.506
50.6400,3312.5036,299.23,1.12885,52.4,37.506
50.6500,3292.3440,297.80,1.13576,52.4,37.506
50.6600,3292.3440,300.91,1.13576,52.4,37.506
50.6700,3287.8138,301.98,1.13733,52.4,37.506
50.6800,3287.8138,312.29,1.13733,52.4,37.506
50.6900,3287.8138,330.39,1.13733,52.4,37.506
50.7000,3287.8138,334.32,1.13733,52.3,37.506
50.7100,3287.8138,311.15,1.13733,52.3,37.506
50.7200,3282.0804,304.13,1.13932,52.4,37.506
50.7300,3282.0804,297.62,1.13932,52.3,37.506
50.7400,3282.0804,317.05,1.13932,52.3,37.506
50.7500,3282.0804,319.46,1.13932,52.3,37.506
50.7600,3282.0804,302.55,1.13932,52.3,37.506
50.7700,3282.0804,299.75,1.13932,52.3,37.506
50.7800,3282.0804,319.36,1.13932,52.3,37.506
50.7900,3282.0804,317.30,1.13932,52.3,37.506
50.8000,3282.0804,315.20,1.13932,52.3,37.506
50.8100,3282.0804,318.84,1.13932,52.3,37.506
50.8200,3283.0937,291.66,1.13896,52.3,37.506
50.8300,3283.0937,299.56,1.13896,52.3,37.506
50.8400,3283.0937,314.05,1.13896,52.2,37.506
50.8500,3291.2658,305.88,1.13614,52.3,37.506
50.8600,3291.2658,303.14,1.13614,52.3,37.506
50.8700,3294.7915,300.69,1.13492,52.3,37.506
50.8800,3271.6569,300.03,1.14295,52.3,37.506
50.8900,3271.6569,299.14,1.14295,52.3,37.506
50.9000,3271.6569,293.77,1.14295,52.3,37.506
50.9100,3271.6569,277.11,1.14295,52.3,37.506
50.9200,3253.3127,278.69,1.14939,52.3,37.506
50.9300,3253.3127,286.58,1.14939,52.3,37.506
50.9400,3271.0654,293.23,1.14315,52.3,37.506
50.9500,3271.0654,292.79,1.14315,52.3,37.506
50.9600,3271.0654,305.79,1.14315,52.3,37.506
50.9700,3287.7292,326.34,1.13736,52.3,37.506
50.9800,3287.7292,302.64,1.13736,52.3,37.506
50.9900,3299.1843,315.34,1.13341,52.3,37.506
51.0000,3290.4204,317.31,1.13643,52.3,37.506
51.0100,3290.4204,300.86,1.13643,52.3,37.506
51.0200,3290.4204,314.47,1.13643,52.3,37.506
51.0300,3290.4204,301.80,1.13643,52.3,37.506
51.0400,3290.4204,322.30,1.13643,52.2,37.506
51.0500,3290.4204,308.09,1.13643,52.2,37.506
51.0600,3290.4204,318.11,1.13643,52.2,37.506
51.0700,3299.1322,315.04,1.13343,52.2,37.506
51.0800,3299.1322,317.75,1.13343,52.2,37.506
51.0900,3299.1322,289.28,1.13343,52.2,37.506
51.1000,3299.1322,294.74,1.13343,52.2,37.506
51.1100,3299.1322,291.32,1.13343,52.2,37.506
51.1200,3299.1322,292.59,1.13343,52.2,37.506
51.1300,3299.1322,289.35,1.13343,52.2,37.506
51.1400,3299.1322,294.35,1.13343,52.2,37.506
51.1500,3295.8956,291.31,1.13454,52.2,37.506
51.1600,3295.8956,288.81,1.13454,52.2,37.506
51.1700,3295.8956,286.43,1.13454,52.2,37.506
51.1800,3325.1213,290.97,1.12457,52.2,37.506
51.1900,3336.7315,301.34,1.12066,52.2,37.506
51.2000,3368.6132,283.97,1.11005,52.2,37.506
51.2100,3368.6132,301.15,1.11005,52.2,37.506
51.2200,3372.1507,281.13,1.10888,52.2,37.506
51.2300,3363.3409,293.10,1.11179,52.2,37.506
51.2400,3363.3409,289.39,1.11179,52.2,37.506
51.2500,3389.8063,279.88,1.10311,52.2,37.506
51.2600,3389.8063,300.88,1.10311,52.2,37.506
51.2700,3416.5107,284.82,1.09449,52.2,37.506
51.2800,3425.5815,295.96,1.09159,52.2,37.506
51.2900,3433.3876,278.25,1.08911,52.3,37.506
51.3000,3417.3837,298.40,1.09421,52.3,37.506
51.3100,3417.3837,304.29,1.09421,52.3,37.506
51.3200,3413.6065,278.41,1.09542,52.3,37.506
51.3300,3402.3703,310.48,1.09904,52.3,37.506
51.3400,3400.9229,316.10,1.09950,52.3,37.506
51.3500,3437.0256,303.39,1.08795,52.3,37.506
51.3600,3437.0256,300.20,1.08795,52.3,37.506
51.3700,3437.0256,313.79,1.08795,52.3,37.506
51.3800,3417.7480,302.11,1.09409,52.3,37.506
51.3900,3417.7480,290.31,1.09409,52.3,37.506
51.4000,3417.7480,297.26,1.09409,52.3,37.506
51.4100,3417.7480,305.60,1.09409,52.3,37.506
51.4200,3441.3939,302.02,1.08657,52.3,37.506
51.4300,3441.3939,290.86,1.08657,52.3,37.506
51.4400,3441.3939,290.83,1.08657,52.3,37.506
51.4500,3413.4804,281.98,1.09546,52.3,37.506
51.4600,3413.4804,293.47,1.09546,52.3,37.506
51.4700,3401.7684,291.64,1.09923,52.3,37.506
51.4800,3372.2259,279.32,1.10886,52.3,37.506
51.4900,3372.2259,271.11,1.10886,52.3,37.506
51.5000,3342.1876,278.45,1.11883,52.3,37.506
51.5100,3342.1876,313.66,1.11883,52.3,37.506
51.5200,3342.1876,319.31,1.11883,52.3,37.506
51.5300,3339.8897,295.98,1.11960,52.3,37.506
51.5400,3364.7886,305.76,1.11131,52.3,37.506
51.5500,3364.7886,302.64,1.11131,52.3,37.506
51.5600,3364.7886,284.79,1.11131,52.3,37.506
51.5700,3362.5073,300.39,1.11206,52.3,37.506
51.5800,3390.7309,310.83,1.10281,52.3,37.506
51.5900,3390.7309,291.74,1.10281,52.3,37.506
51.6000,3364.1588,291.49,1.11152,52.3,37.506
51.6100,3364.1588,288.80,1.11152,52.3,37.506
51.6200,3364.1588,278.48,1.11152,52.3,37.506
51.6300,3364.1588,275.95,1.11152,52.3,37.506
51.6400,3364.1588,266.16,1.11152,52.3,37.506
51.6500,3355.9163,297.43,1.11425,52.3,37.506
51.6600,3355.9163,307.56,1.11425,52.3,37.506
51.6700,3355.9163,311.97,1.11425,52.3,37.506
51.6800,3355.9163,300.46,1.11425,52.3,37.506
51.6900,3355.9163,291.80,1.11425,52.3,37.506
51.7000,3346.6178,297.88,1.11734,52.3,37.506
51.7100,3346.6178,300.38,1.11734,52.3,37.506
51.7200,3346.6178,292.41,1.11734,52.3,37.506
51.7300,3365.3568,306.44,1.11112,52.3,37.506
51.7400,3365.3568,310.42,1.11112,52.3,37.506
51.7500,3365.3568,305.02,1.11112,52.2,37.506
51.7600,3365.3568,310.73,1.11112,52.2,37.506
51.7700,3375.6155,320.28,1.10775,52.3,37.506
51.7800,3404.8522,311.58,1.09823,52.3,37.506
51.7900,3404.8522,310.09,1.09823,52.3,37.506
51.8000,3404.8522,283.79,1.09823,52.2,37.506
51.8100,3404.8522,290.20,1.09823,52.2,37.506
51.8200,3393.0648,299.86,1.10205,52.3,37.506
51.8300,3369.1630,306.83,1.10987,52.3,37.506
51.8400,3371.7037,294.83,1.10903,52.3,37.506
51.8500,3371.7037,279.93,1.10903,52.3,37.506
51.8600,3371.7037,291.15,1.10903,52.3,37.506
51.8700,3379.3697,293.12,1.10652,52.3,37.506
51.8800,3396.5454,301.38,1.10092,52.3,37.506
51.8900,3380.2795,290.86,1.10622,52.3,37.506
51.9000,3361.2516,302.91,1.11248,52.3,37.506
51.9100,3361.2516,307.85,1.11248,52.3,37.506
51.9200,3361.2516,295.42,1.11248,52.3,37.506
51.9300,3353.0021,313.24,1.11522,52.3,37.506
51.9400,3353.0021,295.15,1.11522,52.3,37.506
51.9500,3326.2534,301.84,1.12419,52.3,37.506
51.9600,3326.2534,305.30,1.12419,52.3,37.506
51.9700,3326.2534,292.41,1.12419,52.3,37.506
51.9800,3307.2894,301.62,1.13063,52.3,37.506
51.9900,3328.9951,300.41,1.12326,52.3,37.506
52.0000,3333.3309,289.45,1.12180,52.3,37.506
52.0100,3333.3309,278.32,1.12180,52.3,37.506
52.0200,3333.3309,273.39,1.12180,52.3,37.506
52.0300,3333.3309,286.73,1.12180,52.3,37.506
52.0400,3333.3309,287.47,1.12180,52.3,37.506
52.0500,3333.3309,289.18,1.12180,52.3,37.506
52.0600,3333.3309,283.37,1.12180,52.3,37.506
52.0700,3344.5535,279.84,1.11803,52.3,37.506
52.0800,3344.5535,275.54,1.11803,52.3,37.506
52.0900,3344.5535,308.85,1.11803,52.3,37.506
52.1000,3344.5535,298.24,1.11803,52.3,37.506
52.1100,3344.5535,307.60,1.11803,52.3,37.506
52.1200,3344.5535,302.95,1.11803,52.2,37.506
52.1300,3344.5535,308.59,1.11803,52.2,37.506
52.1400,3345.3113,291.28,1.11778,52.2,37.506
52.1500,3378.0818,280.72,1.10694,52.3,37.506
52.1600,3378.0818,288.56,1.10694,52.3,37.506
52.1700,3378.0818,297.13,1.10694,52.2,37.506
52.1800,3378.0818,293.12,1.10694,52.2,37.506
52.1900,3378.0818,288.30,1.10694,52.2,37.506
52.2000,3378.0818,304.14,1.10694,52.2,37.506
52.2100,3378.0818,301.53,1.10694,52.2,37.506
52.2200,3395.2505,300.77,1.10134,52.2,37.506
52.2300,3416.0834,301.88,1.09462,52.2,37.506
52.2400,3436.5994,279.78,1.08809,52.2,37.506
52.2500,3436.5994,284.84,1.08809,52.2,37.506
52.2600,3436.5994,291.10,1.08809,52.2,37.506
52.2700,3430.1864,281.78,1.09012,52.2,37.506
52.2800,3430.1864,277.85,1.09012,52.2,37.506
52.2900,3430.1864,292.04,1.09012,52.2,37.506
52.3000,3430.1864,287.25,1.09012,52.2,37.506
52.3100,3430.1864,287.43,1.09012,52.2,37.506
52.3200,3432.9625,293.65,1.08924,52.2,37.506
52.3300,3432.9625,296.00,1.08924,52.2,37.506
52.3400,3432.9625,323.15,1.08924,52.2,37.506
52.3500,3456.9246,305.49,1.08169,52.2,37.506
52.3600,3456.9246,298.21,1.08169,52.2,37.506
52.3700,3456.9246,309.89,1.08169,52.2,37.506
52.3800,3456.9246,310.43,1.08169,52.2,37.506
52.3900,3456.9246,289.95,1.08169,52.2,37.506
52.4000,3458.0885,293.76,1.08133,52.2,37.506
52.4100,3458.0885,286.57,1.08133,52.2,37.506
52.4200,3458.0885,288.46,1.08133,52.2,37.506
52.4300,3458.0885,281.89,1.08133,52.1,37.506
52.4400,3458.0885,309.12,1.08133,52.1,37.506
52.4500,3439.4083,294.42,1.08720,52.1,37.506
52.4600,3439.4083,308.29,1.08720,52.1,37.506
52.4700,3422.9852,290.62,1.09242,52.2,37.506
52.4800,3424.0712,313.65,1.09207,52.2,37.506
52.4900,3401.5463,291.53,1.09930,52.2,37.506
52.5000,3402.1836,295.91,1.09910,52.2,37.506
52.5100,3402.1836,280.26,1.09910,52.2,37.506
52.5200,3404.4755,304.32,1.09836,52.2,37.506
52.5300,3398.8044,290.76,1.10019,52.2,37.506
52.5400,3391.5431,275.15,1.10254,52.2,37.506
52.5500,3357.5411,297.02,1.11371,52.2,37.506
52.5600,3357.5411,309.43,1.11371,52.2,37.506
52.5700,3342.7151,310.11,1.11865,52.2,37.506
52.5800,3363.6313,293.12,1.11169,52.3,37.506
52.5900,3363.6313,289.36,1.11169,52.2,37.506
52.6000,3363.6313,287.69,1.11169,52.2,37.506
52.6100,3363.6313,290.29,1.11169,52.2,37.506
52.6200,3365.4236,299.83,1.11110,52.2,37.506
52.6300,3365.4236,292.19,1.11110,52.2,37.506
52.6400,3334.6244,285.37,1.12136,52.2,37.506
52.6500,3329.3287,267.50,1.12315,52.3,37.506
52.6600,3329.3287,296.74,1.12315,52.3,37.506
52.6700,3329.3287,288.98,1.12315,52.2,37.506
52.6800,3360.3314,288.85,1.11279,52.3,37.506
52.6900,3360.3314,286.73,1.11279,52.2,37.506
52.7000,3360.3314,298.82,1.11279,52.2,37.506
52.7100,3360.3314,294.01,1.11279,52.2,37.506
52.7200,3360.3314,290.12,1.11279,52.2,37.506
52.7300,3392.3603,272.03,1.10228,52.2,37.506
52.7400,3392.3603,290.20,1.10228,52.2,37.506
52.7500,3397.9232,286.61,1.10047,52.2,37.506
52.7600,3397.9232,299.94,1.10047,52.2,37.506
52.7700,3377.9358,287.21,1.10699,52.2,37.506
52.7800,3361.2455,314.72,1.11248,52.3,37.506
52.7900,3353.7470,295.64,1.11497,52.3,37.506
52.8000,3353.7470,301.73,1.11497,52.2,37.506
52.8100,3353.7470,298.50,1.11497,52.2,37.506
52.8200,3374.6503,284.07,1.10806,52.3,37.506
52.8300,3388.4656,298.65,1.10355,52.3,37.506
52.8400,3421.7237,308.58,1.09282,52.3,37.506
52.8500,3421.7237,298.57,1.09282,52.3,37.506
52.8600,3421.7237,319.56,1.09282,52.3,37.506
52.8700,3422.7701,329.20,1.09249,52.3,37.506
52.8800,3414.9629,305.43,1.09498,52.3,37.506
52.8900,3414.9629,309.92,1.09498,52.3,37.506
52.9000,3414.9629,307.32,1.09498,52.3,37.506
52.9100,3414.9629,324.75,1.09498,52.3,37.506
52.9200,3417.2692,302.18,1.09424,52.3,37.506
52.9300,3417.2692,306.79,1.09424,52.3,37.506
52.9400,3417.2692,317.47,1.09424,52.3,37.506
52.9500,3389.4318,304.11,1.10323,52.3,37.506
52.9600,3389.4318,299.03,1.10323,52.3,37.506
52.9700,3388.0347,300.98,1.10369,52.3,37.506
52.9800,3389.2419,285.87,1.10329,52.3,37.506
52.9900,3399.7470,304.14,1.09988,52.3,37.506
53.0000,3399.7470,301.11,1.09988,52.3,37.506
53.0100,3399.7470,283.29,1.09988,52.3,37.506
53.0200,3399.7470,288.19,1.09988,52.3,37.506
53.0300,3399.7470,308.22,1.09988,52.3,37.506
53.0400,3422.5640,291.31,1.09255,52.3,37.506
53.0500,3422.5640,285.89,1.09255,52.3,37.506
53.0600,3422.5640,295.66,1.09255,52.3,37.506
53.0700,3422.5640,292.51,1.09255,52.2,37.506
53.0800,3402.2176,299.09,1.09909,52.3,37.506
53.0900,3380.6877,293.56,1.10608,52.3,37.506
53.1000,3344.7851,293.47,1.11796,52.3,37.506
53.1100,3344.7851,288.24,1.11796,52.3,37.506
53.1200,3344.7851,300.35,1.11796,52.3,37.506
53.1300,3344.7851,300.91,1.11796,52.3,37.506
53.1400,3342.5476,295.87,1.11871,52.3,37.506
53.1500,3337.0390,305.20,1.12055,52.3,37.506
53.1600,3337.0390,308.80,1.12055,52.3,37.506
53.1700,3352.0578,305.01,1.11553,52.3,37.506
53.1800,3386.7478,311.14,1.10411,52.3,37.506
53.1900,3379.7580,293.74,1.10639,52.3,37.506
53.2000,3379.7580,277.60,1.10639,52.3,37.506
53.2100,3379.7580,287.82,1.10639,52.3,37.506
53.2200,3379.7580,270.73,1.10639,52.3,37.506
53.2300,3379.7580,293.20,1.10639,52.3,37.506
53.2400,3416.6500,297.02,1.09444,52.3,37.506
53.2500,3434.0410,291.03,1.08890,52.3,37.506
53.2600,3434.0410,286.27,1.08890,52.3,37.506
53.2700,3434.0410,294.48,1.08890,52.3,37.506
53.2800,3406.1558,293.32,1.09781,52.3,37.506
53.2900,3387.1986,298.04,1.10396,52.3,37.506
53.3000,3387.1986,304.00,1.10396,52.3,37.506
53.3100,3387.1986,297.77,1.10396,52.3,37.506
53.3200,3383.0604,300.73,1.10531,52.3,37.506
53.3300,3400.9930,325.85,1.09948,52.3,37.506
53.3400,3400.9930,321.64,1.09948,52.3,37.506
53.3500,3400.9930,303.16,1.09948,52.3,37.506
53.3600,3400.9930,301.00,1.09948,52.3,37.506
53.3700,3400.9930,309.94,1.09948,52.3,37.506
53.3800,3367.7610,294.32,1.11033,52.3,37.506
53.3900,3367.7610,311.27,1.11033,52.3,37.506
53.4000,3353.9601,330.90,1.11490,52.3,37.506
53.4100,3353.9601,305.23,1.11490,52.3,37.506
53.4200,3353.9601,312.45,1.11490,52.3,37.506
53.4300,3353.9601,307.22,1.11490,52.3,37.506
53.4400,3353.9601,290.96,1.11490,52.3,37.506
53.4500,3338.0035,312.41,1.12023,52.3,37.506
53.4600,3338.0035,297.92,1.12023,52.3,37.506
53.4700,3338.0035,299.56,1.12023,52.3,37.506
53.4800,3338.0035,300.90,1.12023,52.2,37.506
53.4900,3338.0035,298.90,1.12023,52.2,37.506
53.5000,3338.0035,297.35,1.12023,52.2,37.506
53.5100,3338.0035,294.05,1.12023,52.2,37.506
53.5200,3374.6276,284.42,1.10807,52.2,37.506
53.5300,3374.6276,288.87,1.10807,52.2,37.506
53.5400,3369.6700,294.09,1.10970,52.2,37.506
53.5500,3370.5562,288.94,1.10941,52.2,37.506
53.5600,3370.5562,287.18,1.10941,52.2,37.506
53.5700,3383.9411,295.93,1.10502,52.3,37.506
53.5800,3383.9411,294.90,1.10502,52.2,37.506
53.5900,3383.9411,294.65,1.10502,52.2,37.506
53.6000,3371.8690,289.23,1.10898,52.2,37.506
53.6100,3371.8690,282.64,1.10898,52.2,37.506
53.6200,3404.0119,298.51,1.09851,52.2,37.506
53.6300,3404.0119,303.49,1.09851,52.2,37.506
53.6400,3404.0119,288.93,1.09851,52.2,37.506
53.6500,3404.0119,286.18,1.09851,52.2,37.506
53.6600,3404.0119,284.24,1.09851,52.2,37.506
53.6700,3376.4260,301.37,1.10748,52.2,37.506
53.6800,3379.1026,301.22,1.10660,52.2,37.506
53.6900,3379.1026,298.48,1.10660,52.2,37.506
53.7000,3379.1026,269.82,1.10660,52.2,37.506
53.7100,3379.1026,284.49,1.10660,52.2,37.506
53.7200,3363.8011,293.76,1.11164,52.2,37.506
53.7300,3363.8011,285.97,1.11164,52.2,37.506
53.7400,3373.3420,283.74,1.10849,52.2,37.506
53.7500,3383.9269,285.44,1.10503,52.2,37.506
53.7600,3383.9269,284.44,1.10503,52.2,37.506
53.7700,3390.7894,282.97,1.10279,52.2,37.506
53.7800,3375.8434,304.03,1.10767,52.3,37.506
53.7900,3379.6751,294.57,1.10642,52.3,37.506
53.8000,3379.6751,295.22,1.10642,52.3,37.506
53.8100,3379.6751,291.68,1.10642,52.3,37.506
53.8200,3379.6751,288.30,1.10642,52.2,37.506
53.8300,3379.6751,298.08,1.10642,52.2,37.506
53.8400,3355.0820,321.74,1.11453,52.2,37.506
53.8500,3383.0370,307.95,1.10532,52.3,37.506
53.8600,3383.0370,299.97,1.10532,52.3,37.506
53.8700,3383.0370,303.57,1.10532,52.2,37.506
53.8800,3387.0632,314.07,1.10400,52.3,37.506
53.8900,3369.9456,292.39,1.10961,52.3,37.506
53.9000,3360.8215,302.73,1.11262,52.3,37.506
53.9100,3360.8215,293.48,1.11262,52.3,37.506
53.9200,3360.8215,299.96,1.11262,52.3,37.506
53.9300,3341.2643,311.25,1.11914,52.3,37.506
53.9400,3365.3631,307.38,1.11112,52.3,37.506
53.9500,3362.7502,296.87,1.11198,52.3,37.506
53.9600,3362.7502,295.14,1.11198,52.3,37.506
53.9700,3362.7502,302.58,1.11198,52.3,37.506
53.9800,3362.7502,316.05,1.11198,52.3,37.506
53.9900,3362.7502,303.84,1.11198,52.3,37.506
54.0000,3372.7072,288.89,1.10870,52.3,37.506
54.0100,3372.7072,289.41,1.10870,52.3,37.506
54.0200,3375.6645,307.27,1.10773,52.3,37.506
54.0300,3375.6645,297.39,1.10773,52.3,37.506
54.0400,3359.8713,292.28,1.11294,52.3,37.506
54.0500,3347.1562,303.31,1.11717,52.3,37.506
54.0600,3347.1562,311.74,1.11717,52.3,37.506
54.0700,3347.1562,300.87,1.11717,52.3,37.506
54.0800,3374.9292,313.89,1.10797,52.3,37.506
54.0900,3374.9292,313.09,1.10797,52.3,37.506
54.1000,3374.9292,303.70,1.10797,52.3,37.506
54.1100,3374.9292,311.77,1.10797,52.3,37.506
54.1200,3374.9292,309.72,1.10797,52.3,37.506
54.1300,3369.6221,298.87,1.10972,52.3,37.506
54.1400,3369.6221,315.08,1.10972,52.3,37.506
54.1500,3369.6221,296.29,1.10972,52.2,37.506
54.1600,3369.6221,306.04,1.10972,52.2,37.506
54.1700,3389.7555,311.03,1.10313,52.3,37.506
54.1800,3366.6789,289.91,1.11069,52.3,37.506
54.1900,3366.6789,289.43,1.11069,52.2,37.506
54.2000,3358.9989,282.23,1.11323,52.3,37.506
54.2100,3358.9989,292.37,1.11323,52.3,37.506
54.2200,3358.9989,303.13,1.11323,52.2,37.506
54.2300,3382.4478,294.05,1.10551,52.3,37.506
54.2400,3382.4478,312.65,1.10551,52.2,37.506
54.2500,3382.4478,294.64,1.10551,52.2,37.506
54.2600,3382.4478,283.05,1.10551,52.2,37.506
54.2700,3349.6812,285.53,1.11632,52.2,37.506
54.2800,3333.8559,308.84,1.12162,52.3,37.506
54.2900,3333.8559,307.62,1.12162,52.2,37.506
54.3000,3357.6422,296.68,1.11368,52.3,37.506
54.3100,3357.6422,277.17,1.11368,52.3,37.506
54.3200,3357.6422,286.37,1.11368,52.2,37.506
54.3300,3357.6422,296.44,1.11368,52.2,37.506
54.3400,3357.3453,284.67,1.11377,52.2,37.506
54.3500,3357.3453,284.12,1.11377,52.2,37.506
54.3600,3357.3453,281.20,1.11377,52.2,37.506
54.3700,3338.5016,277.20,1.12006,52.2,37.506
54.3800,3338.5016,287.66,1.12006,52.2,37.506
54.3900,3320.3454,292.95,1.12619,52.2,37.506
54.4000,3351.9644,295.34,1.11556,52.3,37.506
54.4100,3351.9644,283.74,1.11556,52.3,37.506
54.4200,3355.9533,301.37,1.11424,52.3,37.506
54.4300,3355.9533,312.89,1.11424,52.3,37.506
54.4400,3355.9533,303.23,1.11424,52.2,37.506
54.4500,3386.6390,319.86,1.10414,52.2,37.506
54.4600,3386.6390,311.97,1.10414,52.2,37.506
54.4700,3397.9390,293.16,1.10047,52.3,37.506
54.4800,3397.9390,280.92,1.10047,52.2,37.506
54.4900,3368.8485,307.02,1.10997,52.3,37.506
54.5000,3387.7549,291.40,1.10378,52.3,37.506
54.5100,3387.7549,303.09,1.10378,52.3,37.506
54.5200,3392.7942,299.89,1.10214,52.3,37.506
54.5300,3385.7433,306.02,1.10443,52.3,37.506
54.5400,3388.4657,295.74,1.10355,52.3,37.506
54.5500,3388.4657,296.08,1.10355,52.3,37.506
54.5600,3388.4657,299.08,1.10355,52.3,37.506
54.5700,3383.8304,316.03,1.10506,52.3,37.506
54.5800,3383.8304,319.50,1.10506,52.3,37.506
54.5900,3383.8304,315.40,1.10506,52.3,37.506
54.6000,3383.8304,313.50,1.10506,52.3,37.506
54.6100,3383.8304,317.49,1.10506,52.3,37.506
54.6200,3383.8304,322.25,1.10506,52.3,37.506
54.6300,3383.8304,322.03,1.10506,52.2,37.506
54.6400,3406.8458,315.92,1.09759,52.3,37.506
54.6500,3406.8458,309.46,1.09759,52.2,37.506
54.6600,3406.8458,302.04,1.09759,52.2,37.506
54.6700,3398.1767,298.46,1.10039,52.3,37.506
54.6800,3398.1767,302.17,1.10039,52.2,37.506
54.6900,3425.5857,301.84,1.09159,52.3,37.506
54.7000,3425.5857,289.45,1.09159,52.2,37.506
54.7100,3425.5857,293.19,1.09159,52.2,37.506
54.7200,3425.5857,295.96,1.09159,52.2,37.506
54.7300,3412.5322,308.65,1.09576,52.2,37.506
54.7400,3412.5322,297.02,1.09576,52.2,37.506
54.7500,3381.0860,286.88,1.10595,52.2,37.506
54.7600,3381.0860,298.27,1.10595,52.2,37.506
54.7700,3377.7765,309.53,1.10704,52.2,37.506
54.7800,3363.7470,306.86,1.11166,52.3,37.506
54.7900,3363.7470,311.76,1.11166,52.2,37.506
54.8000,3376.8792,293.79,1.10733,52.3,37.506
54.8100,3376.8792,297.83,1.10733,52.3,37.506
54.8200,3359.1538,296.73,1.11318,52.3,37.506
54.8300,3385.3748,292.28,1.10455,52.3,37.506
54.8400,3385.3748,322.88,1.10455,52.3,37.506
54.8500,3401.5014,316.89,1.09932,52.3,37.506
54.8600,3401.5014,311.93,1.09932,52.3,37.506
54.8700,3403.3116,304.93,1.09873,52.3,37.506
54.8800,3403.3116,307.63,1.09873,52.3,37.506
54.8900,3403.3116,315.51,1.09873,52.3,37.506
54.9000,3404.9125,312.62,1.09822,52.3,37.506
54.9100,3404.9125,299.29,1.09822,52.3,37.506
54.9200,3381.2368,298.15,1.10590,52.3,37.506
54.9300,3381.2368,303.61,1.10590,52.3,37.506
54.9400,3381.2368,304.41,1.10590,52.3,37.506
54.9500,3381.2368,299.73,1.10590,52.3,37.506
54.9600,3381.2368,317.79,1.10590,52.3,37.506
54.9700,3398.1929,313.65,1.10039,52.3,37.506
54.9800,3398.1929,320.30,1.10039,52.3,37.506
54.9900,3398.1929,301.56,1.10039,52.2,37.506
55.0000,3403.6605,302.47,1.09862,52.2,37.506
55.0100,3403.6605,323.94,1.09862,52.2,37.506
55.0200,3403.6605,311.23,1.09862,52.2,37.506
55.0300,3427.7277,318.09,1.09091,52.2,37.506
55.0400,3446.3788,321.10,1.08500,52.3,37.506
55.0500,3461.3049,335.01,1.08032,52.3,37.506
55.0600,3461.3049,316.51,1.08032,52.3,37.506
55.0700,3461.3049,319.24,1.08032,52.3,37.506
55.0800,3449.2322,307.56,1.08410,52.3,37.506
55.0900,3445.5882,317.87,1.08525,52.3,37.506
55.1000,3433.5083,331.06,1.08907,52.3,37.506
55.1100,3433.5083,312.57,1.08907,52.3,37.506
55.1200,3433.5083,309.60,1.08907,52.3,37.506
55.1300,3433.5083,320.08,1.08907,52.3,37.506
55.1400,3416.9068,311.81,1.09436,52.3,37.506
55.1500,3416.9068,299.57,1.09436,52.3,37.506
55.1600,3416.9068,297.92,1.09436,52.3,37.506
55.1700,3416.9068,299.35,1.09436,52.3,37.506
55.1800,3406.8664,304.08,1.09759,52.3,37.506
55.1900,3422.8502,296.98,1.09246,52.3,37.506
55.2000,3397.9336,316.04,1.10047,52.3,37.506
55.2100,3397.9336,305.80,1.10047,52.3,37.506
55.2200,3413.1093,296.30,1.09558,52.3,37.506
55.2300,3413.1093,300.14,1.09558,52.3,37.506
55.2400,3413.1093,302.73,1.09558,52.3,37.506
55.2500,3413.1093,297.72,1.09558,52.3,37.506
55.2600,3413.1093,287.14,1.09558,52.3,37.506
55.2700,3413.1093,302.62,1.09558,52.3,37.506
55.2800,3413.1093,297.48,1.09558,52.2,37.506
55.2900,3413.1093,296.71,1.09558,52.2,37.506
55.3000,3377.6905,299.35,1.10707,52.2,37.506
55.3100,3377.6905,310.45,1.10707,52.2,37.506
55.3200,3377.6905,279.53,1.10707,52.2,37.506
55.3300,3377.6905,295.81,1.10707,52.2,37.506
55.3400,3377.6905,301.49,1.10707,52.2,37.506
55.3500,3358.5708,305.69,1.11337,52.2,37.506
55.3600,3358.5708,292.33,1.11337,52.2,37.506
55.3700,3358.7022,292.54,1.11332,52.2,37.506
55.3800,3358.7022,295.18,1.11332,52.2,37.506
55.3900,3377.9615,310.60,1.10698,52.2,37.506
55.4000,3385.4422,327.44,1.10453,52.2,37.506
55.4100,3385.4422,288.04,1.10453,52.2,37.506
55.4200,3413.8868,292.17,1.09533,52.2,37.506
55.4300,3413.8868,288.58,1.09533,52.2,37.506
55.4400,3413.8868,295.63,1.09533,52.2,37.506
55.4500,3409.3363,286.93,1.09679,52.2,37.506
55.4600,3409.3363,293.67,1.09679,52.2,37.506
55.4700,3392.7558,296.58,1.10215,52.2,37.506
55.4800,3408.1499,285.88,1.09717,52.3,37.506
55.4900,3408.1499,279.11,1.09717,52.2,37.506
55.5000,3398.3101,290.21,1.10035,52.3,37.506
55.5100,3398.3101,299.24,1.10035,52.3,37.506
55.5200,3377.1141,292.46,1.10725,52.3,37.506
55.5300,3377.1141,297.57,1.10725,52.3,37.506
55.5400,3377.1141,294.09,1.10725,52.2,37.506
55.5500,3377.0551,291.21,1.10727,52.3,37.506
55.5600,3377.0551,307.15,1.10727,52.3,37.506
55.5700,3377.0551,304.95,1.10727,52.2,37.506
55.5800,3377.0551,309.66,1.10727,52.2,37.506
55.5900,3377.0551,304.43,1.10727,52.2,37.506
55.6000,3409.8579,314.20,1.09662,52.2,37.506
55.6100,3409.8579,309.23,1.09662,52.2,37.506
55.6200,3425.8220,310.24,1.09151,52.2,37.506
55.6300,3425.8220,294.91,1.09151,52.2,37.506
55.6400,3426.6103,310.92,1.09126,52.2,37.506
55.6500,3426.6103,299.75,1.09126,52.2,37.506
55.6600,3426.6103,297.79,1.09126,52.2,37.506
55.6700,3441.6000,299.71,1.08651,52.2,37.506
55.6800,3441.6000,292.60,1.08651,52.2,37.506
55.6900,3437.3630,309.92,1.08785,52.2,37.506
55.7000,3437.3630,305.59,1.08785,52.2,37.506
55.7100,3437.3630,312.11,1.08785,52.2,37.506
55.7200,3437.3630,310.73,1.08785,52.2,37.506
55.7300,3437.3630,306.80,1.08785,52.2,37.506
55.7400,3437.3630,330.17,1.08785,52.2,37.506
55.7500,3437.3630,295.50,1.08785,52.2,37.506
55.7600,3437.3630,284.35,1.08785,52.2,37.506
55.7700,3437.3630,280.82,1.08785,52.2,37.506
55.7800,3445.1686,291.37,1.08538,52.2,37.506
55.7900,3445.1686,285.58,1.08538,52.2,37.506
55.8000,3445.1686,273.68,1.08538,52.2,37.506
55.8100,3445.1686,286.39,1.08538,52.2,37.506
55.8200,3439.5734,293.51,1.08715,52.2,37.506
55.8300,3462.6331,294.40,1.07991,52.2,37.506
55.8400,3484.9334,293.87,1.07300,52.2,37.506
55.8500,3473.3914,283.10,1.07656,52.2,37.506
55.8600,3473.3914,287.76,1.07656,52.2,37.506
55.8700,3471.2162,283.93,1.07724,52.2,37.506
55.8800,3471.2162,293.29,1.07724,52.2,37.506
55.8900,3479.1463,296.62,1.07478,52.2,37.506
55.9000,3479.1463,309.21,1.07478,52.2,37.506
55.9100,3479.1463,309.08,1.07478,52.2,37.506
55.9200,3479.1463,304.36,1.07478,52.2,37.506
55.9300,3479.1463,293.08,1.07478,52.2,37.506
55.9400,3479.1463,294.65,1.07478,52.2,37.506
55.9500,3482.6209,300.34,1.07371,52.2,37.506
55.9600,3482.6209,328.80,1.07371,52.2,37.506
55.9700,3482.6209,316.65,1.07371,52.2,37.506
55.9800,3469.0258,309.24,1.07792,52.2,37.506
55.9900,3469.0258,295.98,1.07792,52.2,37.506
56.0000,3469.0258,295.62,1.07792,52.1,37.506
56.0100,3469.0258,292.09,1.07792,52.1,37.506
56.0200,3469.0258,300.13,1.07792,52.1,37.506
56.0300,3469.0258,299.59,1.07792,52.1,37.506
56.0400,3472.3520,292.75,1.07689,52.1,37.506
56.0500,3472.3520,289.61,1.07689,52.1,37.506
56.0600,3472.3520,295.46,1.07689,52.1,37.506
56.0700,3455.1511,309.37,1.08225,52.1,37.506
56.0800,3455.1511,291.42,1.08225,52.1,37.506
56.0900,3445.7492,307.00,1.08520,52.1,37.506
56.1000,3445.7492,311.09,1.08520,52.1,37.506
56.1100,3445.7492,310.18,1.08520,52.1,37.506
56.1200,3478.7165,306.57,1.07492,52.1,37.506
56.1300,3501.1454,292.50,1.06803,52.1,37.506
56.1400,3529.2843,297.47,1.05951,52.1,37.506
56.1500,3529.8084,284.34,1.05936,52.2,37.506
56.1600,3529.8084,296.41,1.05936,52.2,37.506
56.1700,3529.8084,293.59,1.05936,52.1,37.506
56.1800,3529.8084,288.18,1.05936,52.1,37.506
56.1900,3527.1032,287.59,1.06017,52.1,37.506
56.2000,3527.1032,283.84,1.06017,52.1,37.506
56.2100,3527.1032,272.23,1.06017,52.1,37.506
56.2200,3514.7242,290.10,1.06390,52.1,37.506
56.2300,3524.2771,292.59,1.06102,52.2,37.506
56.2400,3533.7560,290.41,1.05817,52.2,37.506
56.2500,3533.7560,286.64,1.05817,52.2,37.506
56.2600,3533.7560,285.56,1.05817,52.2,37.506
56.2700,3533.7560,299.64,1.05817,52.1,37.506
56.2800,3523.4738,296.24,1.06126,52.2,37.506
56.2900,3523.4738,302.38,1.06126,52.1,37.506
56.3000,3523.4738,302.58,1.06126,52.1,37.506
56.3100,3523.4738,287.78,1.06126,52.1,37.506
56.3200,3497.2698,278.31,1.06921,52.1,37.506
56.3300,3481.7889,289.72,1.07397,52.2,37.506
56.3400,3459.9789,310.16,1.08074,52.2,37.506
56.3500,3459.9789,285.70,1.08074,52.2,37.506
56.3600,3459.9789,280.75,1.08074,52.2,37.506
56.3700,3466.2810,276.46,1.07877,52.2,37.506
56.3800,3466.2810,297.89,1.07877,52.2,37.506
56.3900,3439.5270,307.18,1.08716,52.2,37.506
56.4000,3439.5270,311.40,1.08716,52.1,37.506
56.4100,3439.5270,303.81,1.08716,52.1,37.506
56.4200,3439.5270,287.02,1.08716,52.1,37.506
56.4300,3439.5270,307.62,1.08716,52.1,37.506
56.4400,3412.8021,288.64,1.09568,52.1,37.506
56.4500,3412.8021,298.71,1.09568,52.1,37.506
56.4600,3412.8021,306.52,1.09568,52.1,37.506
56.4700,3395.8413,309.13,1.10115,52.1,37.506
56.4800,3395.8413,300.92,1.10115,52.1,37.506
56.4900,3395.8413,303.71,1.10115,52.1,37.506
56.5000,3395.8413,295.07,1.10115,52.1,37.506
56.5100,3395.8413,311.09,1.10115,52.1,37.506
56.5200,3416.9165,310.29,1.09436,52.1,37.506
56.5300,3436.0105,311.04,1.08828,52.1,37.506
56.5400,3462.3074,304.11,1.08001,52.1,37.506
56.5500,3453.5295,288.71,1.08276,52.1,37.506
56.5600,3453.5295,302.55,1.08276,52.1,37.506
56.5700,3466.9926,316.39,1.07855,52.2,37.506
56.5800,3481.4663,292.85,1.07407,52.2,37.506
56.5900,3465.3721,295.44,1.07905,52.2,37.506
56.6000,3491.4450,287.94,1.07100,52.2,37.506
56.6100,3491.4450,279.75,1.07100,52.2,37.506
56.6200,3491.4450,288.07,1.07100,52.2,37.506
56.6300,3491.4450,288.94,1.07100,52.2,37.506
56.6400,3491.4450,279.42,1.07100,52.2,37.506
56.6500,3491.4450,297.86,1.07100,52.1,37.506
56.6600,3491.4450,282.35,1.07100,52.1,37.506
56.6700,3472.3193,292.69,1.07690,52.2,37.506
56.6800,3457.4053,297.30,1.08154,52.2,37.506
56.6900,3450.5438,309.99,1.08369,52.2,37.506
56.7000,3450.5438,302.72,1.08369,52.2,37.506
56.7100,3450.5438,301.64,1.08369,52.2,37.506
56.7200,3429.9199,307.78,1.09021,52.2,37.506
56.7300,3426.5763,268.43,1.09127,52.2,37.506
56.7400,3427.7308,284.46,1.09090,52.2,37.506
56.7500,3445.1545,290.61,1.08539,52.2,37.506
56.7600,3445.1545,290.04,1.08539,52.2,37.506
56.7700,3445.1545,302.08,1.08539,52.2,37.506
56.7800,3441.7115,304.60,1.08647,52.2,37.506
56.7900,3435.0342,301.86,1.08858,52.2,37.506
56.8000,3423.8396,294.81,1.09214,52.2,37.506
56.8100,3423.8396,288.48,1.09214,52.2,37.506
56.8200,3432.3621,286.18,1.08943,52.2,37.506
56.8300,3432.3621,283.03,1.08943,52.2,37.506
56.8400,3432.3621,282.14,1.08943,52.2,37.506
56.8500,3408.1191,272.52,1.09718,52.2,37.506
56.8600,3408.1191,284.06,1.09718,52.2,37.506
56.8700,3383.6839,277.63,1.10511,52.2,37.506
56.8800,3390.7690,278.05,1.10280,52.2,37.506
56.8900,3390.7690,280.34,1.10280,52.2,37.506
56.9000,3390.7690,287.16,1.10280,52.2,37.506
56.9100,3390.7690,281.82,1.10280,52.2,37.506
56.9200,3417.2208,302.14,1.09426,52.2,37.506
56.9300,3417.2208,268.06,1.09426,52.2,37.506
56.9400,3416.6365,314.64,1.09445,52.2,37.506
56.9500,3381.5394,290.17,1.10581,52.2,37.506
56.9600,3381.5394,295.95,1.10581,52.2,37.506
56.9700,3381.5394,314.45,1.10581,52.2,37.506
56.9800,3381.5394,303.27,1.10581,52.2,37.506
56.9900,3381.5394,289.26,1.10581,52.2,37.506
57.0000,3381.5394,285.38,1.10581,52.2,37.506
57.0100,3381.5394,287.44,1.10581,52.2,37.506
57.0200,3357.1974,297.09,1.11382,52.2,37.506
57.0300,3343.0767,309.18,1.11853,52.2,37.506
57.0400,3343.0767,300.11,1.11853,52.2,37.506
57.0500,3343.0767,293.79,1.11853,52.2,37.506
57.0600,3343.0767,284.37,1.11853,52.2,37.506
57.0700,3330.6253,294.59,1.12271,52.2,37.506
57.0800,3330.6253,286.38,1.12271,52.2,37.506
57.0900,3356.0470,303.34,1.11421,52.2,37.506
57.1000,3356.0470,304.51,1.11421,52.2,37.506
57.1100,3356.0470,301.45,1.11421,52.2,37.506
57.1200,3356.0470,303.98,1.11421,52.2,37.506
57.1300,3340.6220,300.12,1.11935,52.2,37.506
57.1400,3340.6220,286.28,1.11935,52.2,37.506
57.1500,3359.9903,277.46,1.11290,52.2,37.506
57.1600,3359.9903,291.89,1.11290,52.2,37.506
57.1700,3369.3670,308.55,1.10980,52.2,37.506
57.1800,3369.3670,296.05,1.10980,52.2,37.506
57.1900,3368.7095,282.31,1.11002,52.2,37.506
57.2000,3368.7095,291.45,1.11002,52.2,37.506
57.2100,3368.7095,298.03,1.11002,52.2,37.506
57.2200,3351.9258,310.33,1.11558,52.2,37.506
57.2300,3355.6705,294.01,1.11433,52.2,37.506
57.2400,3355.6705,309.60,1.11433,52.2,37.506
57.2500,3361.7157,281.02,1.11233,52.2,37.506
57.2600,3361.7157,290.92,1.11233,52.2,37.506
57.2700,3361.7157,294.15,1.11233,52.2,37.506
57.2800,3377.7029,304.25,1.10706,52.2,37.506
57.2900,3377.7029,301.32,1.10706,52.2,37.506
57.3000,3366.8372,319.50,1.11063,52.2,37.506
57.3100,3366.8372,309.85,1.11063,52.2,37.506
57.3200,3360.9686,296.65,1.11257,52.2,37.506
57.3300,3353.0625,297.86,1.11520,52.2,37.506
57.3400,3357.8802,294.05,1.11360,52.2,37.506
57.3500,3367.3877,292.68,1.11045,52.2,37.506
57.3600,3367.3877,291.91,1.11045,52.2,37.506
57.3700,3367.3877,303.06,1.11045,52.2,37.506
57.3800,3367.3877,297.59,1.11045,52.2,37.506
57.3900,3360.6163,295.53,1.11269,52.2,37.506
57.4000,3390.6335,297.80,1.10284,52.2,37.506
57.4100,3390.6335,298.97,1.10284,52.2,37.506
57.4200,3385.4211,301.09,1.10454,52.3,37.506
57.4300,3385.4211,304.10,1.10454,52.2,37.506
57.4400,3385.4211,300.40,1.10454,52.2,37.506
57.4500,3385.4211,291.25,1.10454,52.2,37.506
57.4600,3385.4211,280.84,1.10454,52.2,37.506
57.4700,3400.2813,305.50,1.09971,52.2,37.506
57.4800,3422.4711,332.16,1.09258,52.2,37.506
57.4900,3412.7351,324.41,1.09570,52.3,37.506
57.5000,3412.7351,297.14,1.09570,52.2,37.506
57.5100,3412.7351,300.30,1.09570,52.2,37.506
57.5200,3403.4030,312.26,1.09870,52.2,37.506
57.5300,3422.9751,298.75,1.09242,52.3,37.506
57.5400,3420.4002,318.91,1.09324,52.3,37.506
57.5500,3394.1574,321.14,1.10170,52.3,37.506
57.5600,3394.1574,310.00,1.10170,52.3,37.506
57.5700,3394.1574,334.25,1.10170,52.3,37.506
57.5800,3394.1574,299.51,1.10170,52.3,37.506
57.5900,3394.1574,289.35,1.10170,52.2,37.506
57.6000,3379.0576,276.86,1.10662,52.3,37.506
57.6100,3379.0576,278.12,1.10662,52.3,37.506
57.6200,3379.0576,284.69,1.10662,52.2,37.506
57.6300,3385.8258,284.26,1.10441,52.3,37.506
57.6400,3385.8258,284.38,1.10441,52.2,37.506
57.6500,3406.0392,287.95,1.09785,52.3,37.506
57.6600,3406.0392,297.50,1.09785,52.3,37.506
57.6700,3376.2702,282.76,1.10753,52.3,37.506
57.6800,3381.0891,283.77,1.10595,52.3,37.506
57.6900,3381.0891,288.80,1.10595,52.3,37.506
57.7000,3381.0891,300.26,1.10595,52.3,37.506
57.7100,3381.0891,307.96,1.10595,52.3,37.506
57.7200,3380.6536,319.44,1.10610,52.3,37.506
57.7300,3380.6536,306.90,1.10610,52.3,37.506
57.7400,3380.6536,303.58,1.10610,52.2,37.506
57.7500,3380.6536,300.42,1.10610,52.2,37.506
57.7600,3380.6536,304.02,1.10610,52.2,37.506
57.7700,3380.6536,291.63,1.10610,52.2,37.506
57.7800,3370.8103,298.91,1.10933,52.2,37.506
57.7900,3370.8103,299.07,1.10933,52.2,37.506
57.8000,3371.2072,281.28,1.10920,52.2,37.506
57.8100,3371.2072,281.92,1.10920,52.2,37.506
57.8200,3371.2072,278.69,1.10920,52.2,37.506
57.8300,3371.2072,276.05,1.10920,52.2,37.506
57.8400,3385.0978,286.72,1.10464,52.2,37.506
57.8500,3391.8487,282.51,1.10244,52.2,37.506
57.8600,3391.8487,277.15,1.10244,52.2,37.506
57.8700,3391.8487,287.57,1.10244,52.2,37.506
57.8800,3391.8487,297.63,1.10244,52.2,37.506
57.8900,3356.7151,304.44,1.11398,52.2,37.506
57.9000,3364.6765,304.14,1.11135,52.2,37.506
57.9100,3364.6765,307.38,1.11135,52.2,37.506
57.9200,3364.6765,302.16,1.11135,52.2,37.506
57.9300,3401.2987,314.28,1.09938,52.2,37.506
57.9400,3392.9651,317.30,1.10208,52.2,37.506
57.9500,3392.9651,307.81,1.10208,52.2,37.506
57.9600,3392.9651,285.14,1.10208,52.2,37.506
57.9700,3388.8909,285.34,1.10341,52.2,37.506
57.9800,3371.9968,303.26,1.10894,52.2,37.506
57.9900,3371.9968,308.22,1.10894,52.2,37.506
58.0000,3377.9815,311.04,1.10697,52.2,37.506
58.0100,3377.9815,306.91,1.10697,52.2,37.506
58.0200,3377.9815,302.58,1.10697,52.2,37.506
58.0300,3377.9815,289.63,1.10697,52.2,37.506
58.0400,3386.2189,297.72,1.10428,52.2,37.506
58.0500,3419.6140,307.01,1.09349,52.2,37.506
58.0600,3419.6140,296.46,1.09349,52.2,37.506
58.0700,3419.7497,288.63,1.09345,52.2,37.506
58.0800,3419.7497,282.62,1.09345,52.2,37.506
58.0900,3406.7253,294.84,1.09763,52.2,37.506
58.1000,3406.7253,296.06,1.09763,52.2,37.506
58.1100,3406.7253,297.21,1.09763,52.2,37.506
58.1200,3406.7253,303.72,1.09763,52.2,37.506
58.1300,3406.7253,306.77,1.09763,52.2,37.506
58.1400,3406.7253,308.04,1.09763,52.2,37.506
58.1500,3428.7352,307.36,1.09058,52.2,37.506
58.1600,3428.7352,294.14,1.09058,52.2,37.506
58.1700,3428.7352,309.39,1.09058,52.2,37.506
58.1800,3439.0112,290.95,1.08733,52.2,37.506
58.1900,3450.6182,288.76,1.08367,52.2,37.506
58.2000,3479.8837,284.79,1.07455,52.2,37.506
58.2100,3479.8837,290.49,1.07455,52.2,37.506
58.2200,3474.8107,274.48,1.07612,52.2,37.506
58.2300,3474.8107,286.79,1.07612,52.2,37.506
58.2400,3461.0093,279.24,1.08042,52.2,37.506
58.2500,3466.7154,283.21,1.07864,52.3,37.506
58.2600,3466.7154,295.37,1.07864,52.3,37.506
58.2700,3466.7154,305.74,1.07864,52.2,37.506
58.2800,3472.7524,282.96,1.07676,52.3,37.506
58.2900,3472.7524,304.32,1.07676,52.2,37.506
58.3000,3469.5748,284.64,1.07775,52.3,37.506
58.3100,3469.5748,278.22,1.07775,52.3,37.506
58.3200,3469.5748,280.39,1.07775,52.2,37.506
58.3300,3469.5748,274.65,1.07775,52.2,37.506
58.3400,3469.5748,286.48,1.07775,52.2,37.506
58.3500,3460.8785,281.81,1.08046,52.2,37.506
58.3600,3460.8785,285.59,1.08046,52.2,37.506
58.3700,3473.1791,278.49,1.07663,52.2,37.506
58.3800,3452.4815,277.47,1.08308,52.2,37.506
58.3900,3448.7069,282.07,1.08427,52.3,37.506
58.4000,3448.7069,280.01,1.08427,52.2,37.506
58.4100,3448.7069,281.98,1.08427,52.2,37.506
58.4200,3449.8275,303.28,1.08392,52.3,37.506
58.4300,3449.8275,282.52,1.08392,52.2,37.506
58.4400,3420.2353,283.30,1.09330,52.3,37.506
58.4500,3410.1215,292.16,1.09654,52.3,37.506
58.4600,3410.1215,278.17,1.09654,52.3,37.506
58.4700,3410.1215,293.12,1.09654,52.3,37.506
58.4800,3410.1215,291.48,1.09654,52.2,37.506
58.4900,3410.1215,292.35,1.09654,52.2,37.506
58.5000,3410.1215,291.77,1.09654,52.2,37.506
58.5100,3410.1215,288.74,1.09654,52.2,37.506
58.5200,3415.3254,289.83,1.09487,52.2,37.506
58.5300,3401.5988,285.27,1.09928,52.2,37.506
58.5400,3418.7161,289.40,1.09378,52.3,37.506
58.5500,3418.7161,290.55,1.09378,52.2,37.506
58.5600,3418.7161,273.57,1.09378,52.2,37.506
58.5700,3418.7161,274.21,1.09378,52.2,37.506
58.5800,3432.9715,293.72,1.08924,52.2,37.506
58.5900,3432.9715,305.92,1.08924,52.2,37.506
58.6000,3432.9715,292.51,1.08924,52.2,37.506
58.6100,3432.9715,304.98,1.08924,52.2,37.506
58.6200,3432.9715,306.38,1.08924,52.2,37.506
58.6300,3454.1020,306.44,1.08258,52.2,37.506
58.6400,3454.1020,302.10,1.08258,52.2,37.506
58.6500,3469.8033,279.45,1.07768,52.2,37.506
58.6600,3469.8033,277.53,1.07768,52.2,37.506
58.6700,3469.8033,308.29,1.07768,52.2,37.506
58.6800,3454.9290,298.77,1.08232,52.2,37.506
58.6900,3466.9067,299.58,1.07858,52.2,37.506
58.7000,3466.9067,309.63,1.07858,52.2,37.506
58.7100,3466.9067,300.01,1.07858,52.2,37.506
58.7200,3466.9067,305.73,1.07858,52.2,37.506
58.7300,3468.4865,310.90,1.07809,52.2,37.506
58.7400,3471.3498,291.75,1.07720,52.2,37.506
58.7500,3490.8410,286.87,1.07118,52.2,37.506
58.7600,3490.8410,288.75,1.07118,52.2,37.506
58.7700,3481.7484,306.55,1.07398,52.2,37.506
58.7800,3447.2557,308.67,1.08473,52.3,37.506
58.7900,3428.2870,298.60,1.09073,52.3,37.506
58.8000,3437.0774,284.31,1.08794,52.3,37.506
58.8100,3437.0774,279.59,1.08794,52.3,37.506
58.8200,3436.6872,290.81,1.08806,52.3,37.506
58.8300,3440.7111,276.89,1.08679,52.3,37.506
58.8400,3440.7111,276.39,1.08679,52.3,37.506
58.8500,3440.7111,276.17,1.08679,52.3,37.506
58.8600,3440.7111,282.97,1.08679,52.3,37.506
58.8700,3440.7111,290.31,1.08679,52.3,37.506
58.8800,3448.9188,282.96,1.08420,52.3,37.506
58.8900,3474.1268,290.00,1.07634,52.3,37.506
58.9000,3474.1268,301.75,1.07634,52.3,37.506
58.9100,3474.1268,294.44,1.07634,52.3,37.506
58.9200,3474.8368,305.64,1.07612,52.3,37.506
58.9300,3451.9942,290.84,1.08324,52.3,37.506
58.9400,3451.9942,298.46,1.08324,52.3,37.506
58.9500,3451.9942,307.77,1.08324,52.3,37.506
58.9600,3451.9942,329.44,1.08324,52.3,37.506
58.9700,3460.9693,296.52,1.08043,52.3,37.506
58.9800,3482.9872,309.53,1.07360,52.3,37.506
58.9900,3482.9872,311.64,1.07360,52.3,37.506
59.0000,3467.7151,307.12,1.07833,52.3,37.506
59.0100,3467.7151,294.88,1.07833,52.3,37.506
59.0200,3467.7151,290.80,1.07833,52.3,37.506
59.0300,3467.7151,306.94,1.07833,52.3,37.506
59.0400,3467.7151,305.28,1.07833,52.3,37.506
59.0500,3467.7151,290.51,1.07833,52.2,37.506
59.0600,3467.7151,299.47,1.07833,52.2,37.506
59.0700,3471.8771,300.75,1.07703,52.3,37.506
59.0800,3476.7595,288.94,1.07552,52.3,37.506
59.0900,3468.5866,286.66,1.07805,52.3,37.506
59.1000,3468.5866,296.72,1.07805,52.3,37.506
59.1100,3468.5866,313.43,1.07805,52.3,37.506
59.1200,3497.6613,283.67,1.06909,52.3,37.506
59.1300,3501.6480,285.82,1.06788,52.3,37.506
59.1400,3504.8198,311.48,1.06691,52.3,37.506
59.1500,3503.0099,298.01,1.06746,52.3,37.506
59.1600,3503.0099,306.28,1.06746,52.3,37.506
59.1700,3506.1613,299.89,1.06650,52.3,37.506
59.1800,3487.5550,304.76,1.07219,52.3,37.506
59.1900,3504.2291,288.14,1.06709,52.3,37.506
59.2000,3504.2291,290.64,1.06709,52.3,37.506
59.2100,3504.2291,306.79,1.06709,52.3,37.506
59.2200,3504.2291,309.45,1.06709,52.3,37.506
59.2300,3523.1369,289.80,1.06136,52.3,37.506
59.2400,3520.9445,302.71,1.06202,52.3,37.506
59.2500,3503.0770,308.16,1.06744,52.3,37.506
59.2600,3503.0770,298.49,1.06744,52.3,37.506
59.2700,3503.0770,308.64,1.06744,52.3,37.506
59.2800,3479.4090,310.17,1.07470,52.3,37.506
59.2900,3479.4090,325.48,1.07470,52.3,37.506
59.3000,3479.4090,313.64,1.07470,52.3,37.506
59.3100,3479.4090,322.06,1.07470,52.3,37.506
59.3200,3479.4090,304.39,1.07470,52.3,37.506
59.3300,3479.4090,313.03,1.07470,52.3,37.506
59.3400,3476.9954,319.05,1.07545,52.3,37.506
59.3500,3476.9954,317.84,1.07545,52.3,37.506
59.3600,3476.9954,294.92,1.07545,52.3,37.506
59.3700,3482.2983,297.80,1.07381,52.3,37.506
59.3800,3483.6860,301.67,1.07338,52.3,37.506
59.3900,3483.6860,312.79,1.07338,52.3,37.506
59.4000,3470.2448,301.23,1.07754,52.3,37.506
59.4100,3470.2448,301.64,1.07754,52.3,37.506
59.4200,3453.5586,330.18,1.08275,52.3,37.506
59.4300,3430.3031,307.21,1.09009,52.3,37.506
59.4400,3430.3031,328.29,1.09009,52.3,37.506
59.4500,3419.4613,307.83,1.09354,52.3,37.506
59.4600,3419.4613,309.00,1.09354,52.3,37.506
59.4700,3417.7271,305.93,1.09410,52.3,37.506
59.4800,3441.1201,308.83,1.08666,52.4,37.506
59.4900,3464.6864,300.93,1.07927,52.4,37.506
59.5000,3464.6864,284.39,1.07927,52.4,37.506
59.5100,3464.6864,290.91,1.07927,52.4,37.506
59.5200,3463.5286,291.34,1.07963,52.4,37.506
59.5300,3463.5286,300.53,1.07963,52.4,37.506
59.5400,3463.5286,310.22,1.07963,52.3,37.506
59.5500,3483.1462,309.77,1.07355,52.4,37.506
59.5600,3483.1462,301.62,1.07355,52.4,37.506
59.5700,3483.1462,301.97,1.07355,52.3,37.506
59.5800,3469.4837,316.25,1.07778,52.3,37.506
59.5900,3469.4837,295.42,1.07778,52.3,37.506
59.6000,3483.5342,281.41,1.07343,52.3,37.506
59.6100,3483.5342,305.84,1.07343,52.3,37.506
59.6200,3483.5342,309.54,1.07343,52.3,37.506
59.6300,3498.5594,318.48,1.06882,52.3,37.506
59.6400,3498.5594,333.52,1.06882,52.3,37.506
59.6500,3503.5275,319.32,1.06730,52.3,37.506
59.6600,3503.5275,333.45,1.06730,52.3,37.506
59.6700,3509.1652,304.22,1.06559,52.4,37.506
59.6800,3534.4126,314.84,1.05798,52.4,37.506
59.6900,3534.4126,308.87,1.05798,52.4,37.506
59.7000,3534.4126,319.65,1.05798,52.3,37.506
59.7100,3534.4126,309.30,1.05798,52.3,37.506
59.7200,3532.4151,299.82,1.05858,52.4,37.506
59.7300,3532.4151,305.38,1.05858,52.3,37.506
59.7400,3562.9808,310.06,1.04949,52.4,37.506
59.7500,3556.4352,305.67,1.05143,52.4,37.506
59.7600,3556.4352,300.31,1.05143,52.4,37.506
59.7700,3556.4352,273.21,1.05143,52.4,37.506
59.7800,3556.4352,282.16,1.05143,52.3,37.506
59.7900,3556.4352,292.04,1.05143,52.3,37.506
59.8000,3556.4352,302.52,1.05143,52.3,37.506
59.8100,3556.4352,306.16,1.05143,52.3,37.506
59.8200,3534.1152,310.75,1.05807,52.3,37.506
59.8300,3534.1152,293.80,1.05807,52.3,37.506
59.8400,3550.3640,286.80,1.05322,52.3,37.506
59.8500,3525.4175,310.46,1.06068,52.3,37.506
59.8600,3525.4175,297.22,1.06068,52.3,37.506
59.8700,3525.4175,304.24,1.06068,52.3,37.506
59.8800,3501.0354,305.41,1.06806,52.3,37.506
59.8900,3501.0354,318.54,1.06806,52.3,37.506
59.9000,3509.1954,308.31,1.06558,52.3,37.506
59.9100,3509.1954,311.14,1.06558,52.3,37.506
59.9200,3513.3198,296.93,1.06433,52.3,37.506
59.9300,3534.1650,292.32,1.05805,52.4,37.506
59.9400,3514.6643,314.45,1.06392,52.4,37.506
59.9500,3514.6643,315.00,1.06392,52.4,37.506
59.9600,3514.6643,293.63,1.06392,52.4,37.506
59.9700,3534.4705,304.26,1.05796,52.4,37.506
59.9800,3534.4705,279.98,1.05796,52.4,37.506
59.9900,3551.5116,291.03,1.05288,52.4,37.506
60.0000,3561.6819,293.03,1.04988,52.4,37.506
60.0100,3561.6819,296.36,1.04988,52.4,37.506
60.0200,3554.8501,307.75,1.05189,52.4,37.506
60.0300,3545.5948,298.76,1.05464,52.4,37.506
60.0400,3545.5948,302.13,1.05464,52.4,37.506
60.0500,3513.2075,303.00,1.06436,52.4,37.506
60.0600,3513.2075,297.54,1.06436,52.4,37.506
60.0700,3536.8030,301.11,1.05726,52.4,37.506
60.0800,3517.1358,288.57,1.06317,52.4,37.506
60.0900,3501.3259,289.32,1.06797,52.4,37.506
60.1000,3492.3938,291.18,1.07071,52.4,37.506
60.1100,3492.3938,312.76,1.07071,52.4,37.506
60.1200,3492.3938,318.01,1.07071,52.4,37.506
60.1300,3478.1393,306.03,1.07509,52.4,37.506
60.1400,3478.1393,312.55,1.07509,52.4,37.506
60.1500,3478.1393,284.58,1.07509,52.4,37.506
60.1600,3478.1393,307.35,1.07509,52.4,37.506
60.1700,3454.8481,319.98,1.08234,52.4,37.506
60.1800,3454.8481,316.68,1.08234,52.4,37.506
60.1900,3444.0413,308.44,1.08574,52.4,37.506
60.2000,3412.8511,338.15,1.09566,52.4,37.506
60.2100,3412.8511,315.19,1.09566,52.4,37.506
60.2200,3412.8511,319.73,1.09566,52.4,37.506
60.2300,3407.2625,329.74,1.09746,52.4,37.506
60.2400,3442.0106,320.83,1.08638,52.4,37.506
60.2500,3446.3040,311.27,1.08503,52.4,37.506
60.2600,3446.3040,321.00,1.08503,52.4,37.506
60.2700,3446.3040,317.55,1.08503,52.4,37.506
60.2800,3440.9963,295.78,1.08670,52.4,37.506
60.2900,3440.9963,289.02,1.08670,52.4,37.506
60.3000,3440.9963,303.84,1.08670,52.4,37.506
60.3100,3440.9963,280.89,1.08670,52.4,37.506
60.3200,3440.9963,282.67,1.08670,52.4,37.506
60.3300,3449.7841,272.89,1.08393,52.4,37.506
60.3400,3449.7841,296.99,1.08393,52.4,37.506
60.3500,3430.9292,301.88,1.08989,52.4,37.506
60.3600,3430.9292,311.45,1.08989,52.4,37.506
60.3700,3430.9292,298.64,1.08989,52.4,37.506
60.3800,3409.6388,307.97,1.09669,52.4,37.506
60.3900,3409.6388,296.31,1.09669,52.4,37.506
60.4000,3409.6388,290.93,1.09669,52.4,37.506
60.4100,3409.6388,297.34,1.09669,52.4,37.506
60.4200,3409.6388,308.67,1.09669,52.4,37.506
60.4300,3423.7991,312.48,1.09216,52.4,37.506
60.4400,3412.1860,309.00,1.09587,52.4,37.506
60.4500,3384.9014,291.51,1.10471,52.4,37.506
60.4600,3384.9014,296.26,1.10471,52.4,37.506
60.4700,3408.7060,301.62,1.09699,52.4,37.506
60.4800,3408.7060,285.45,1.09699,52.4,37.506
60.4900,3408.7060,286.47,1.09699,52.4,37.506
60.5000,3410.2128,305.02,1.09651,52.4,37.506
60.5100,3410.2128,304.22,1.09651,52.4,37.506
60.5200,3410.2128,286.97,1.09651,52.4,37.506
60.5300,3410.2128,291.34,1.09651,52.4,37.506
60.5400,3411.3294,276.88,1.09615,52.4,37.506
60.5500,3411.3294,291.74,1.09615,52.4,37.506
60.5600,3411.3294,285.75,1.09615,52.4,37.506
60.5700,3411.3294,260.97,1.09615,52.4,37.506
60.5800,3415.3690,289.37,1.09485,52.4,37.506
60.5900,3452.1584,303.00,1.08319,52.4,37.506
60.6000,3489.6481,299.39,1.07155,52.4,37.506
60.6100,3489.6481,304.36,1.07155,52.4,37.506
60.6200,3489.6481,293.98,1.07155,52.4,37.506
60.6300,3489.6481,284.85,1.07155,52.4,37.506
60.6400,3491.2096,291.72,1.07107,52.4,37.506
60.6500,3491.2096,298.72,1.07107,52.4,37.506
60.6600,3491.2096,297.86,1.07107,52.4,37.506
60.6700,3504.3195,317.79,1.06706,52.4,37.506
60.6800,3504.3195,308.02,1.06706,52.4,37.506
60.6900,3522.0051,302.06,1.06170,52.4,37.506
60.7000,3522.0051,278.24,1.06170,52.4,37.506
60.7100,3522.0051,295.94,1.06170,52.4,37.506
60.7200,3498.3977,298.72,1.06887,52.4,37.506
60.7300,3498.8049,287.05,1.06874,52.4,37.506
60.7400,3498.8049,279.43,1.06874,52.4,37.506
60.7500,3497.2028,286.60,1.06923,52.4,37.506
60.7600,3497.2028,280.92,1.06923,52.4,37.506
60.7700,3495.6147,299.99,1.06972,52.4,37.506
60.7800,3495.6147,290.52,1.06972,52.4,37.506
60.7900,3504.6747,295.81,1.06695,52.4,37.506
60.8000,3489.4606,295.42,1.07161,52.4,37.506
60.8100,3489.4606,305.92,1.07161,52.4,37.506
60.8200,3489.4606,301.70,1.07161,52.4,37.506
60.8300,3489.4606,295.13,1.07161,52.4,37.506
60.8400,3492.2661,297.88,1.07074,52.4,37.506
60.8500,3474.0879,292.74,1.07635,52.4,37.506
60.8600,3474.0879,300.48,1.07635,52.4,37.506
60.8700,3474.0879,295.29,1.07635,52.4,37.506
60.8800,3474.0879,301.98,1.07635,52.4,37.506
60.8900,3474.0879,308.78,1.07635,52.4,37.506
60.9000,3474.0879,308.79,1.07635,52.4,37.506
60.9100,3474.0879,315.46,1.07635,52.4,37.506
60.9200,3470.9164,305.72,1.07733,52.4,37.506
60.9300,3470.9164,312.23,1.07733,52.4,37.506
60.9400,3470.9164,296.32,1.07733,52.4,37.506
60.9500,3443.5121,300.71,1.08590,52.4,37.506
60.9600,3443.5121,310.66,1.08590,52.4,37.506
60.9700,3443.5121,305.01,1.08590,52.4,37.506
60.9800,3428.7677,318.43,1.09057,52.4,37.506
60.9900,3428.7677,331.63,1.09057,52.4,37.506
61.0000,3428.7677,314.25,1.09057,52.4,37.506
61.0100,3428.7677,317.78,1.09057,52.4,37.506
61.0200,3428.7677,304.59,1.09057,52.3,37.506
61.0300,3428.7677,308.97,1.09057,52.3,37.506
61.0400,3428.7677,298.70,1.09057,52.3,37.506
61.0500,3403.7552,311.21,1.09859,52.3,37.506
61.0600,3403.7552,319.29,1.09859,52.3,37.506
61.0700,3403.7552,319.76,1.09859,52.3,37.506
61.0800,3407.3256,312.58,1.09744,52.3,37.506
61.0900,3407.3256,296.95,1.09744,52.3,37.506
61.1000,3423.9679,297.36,1.09210,52.3,37.506
61.1100,3423.9679,310.57,1.09210,52.3,37.506
61.1200,3423.9679,309.54,1.09210,52.3,37.506
61.1300,3402.8253,300.92,1.09889,52.3,37.506
61.1400,3414.2913,301.60,1.09520,52.3,37.506
61.1500,3414.2913,314.43,1.09520,52.3,37.506
61.1600,3414.2913,311.80,1.09520,52.3,37.506
61.1700,3415.4745,322.55,1.09482,52.3,37.506
61.1800,3380.8282,321.39,1.10604,52.3,37.506
61.1900,3380.8282,294.80,1.10604,52.3,37.506
61.2000,3380.8282,311.75,1.10604,52.3,37.506
61.2100,3380.8282,318.43,1.10604,52.3,37.506
61.2200,3380.8282,325.19,1.10604,52.3,37.506
61.2300,3380.8282,319.85,1.10604,52.3,37.506
61.2400,3380.8282,323.10,1.10604,52.3,37.506
61.2500,3380.8282,302.72,1.10604,52.3,37.506
61.2600,3380.8282,299.00,1.10604,52.3,37.506
61.2700,3380.8282,300.05,1.10604,52.3,37.506
61.2800,3380.8282,293.41,1.10604,52.3,37.506
61.2900,3394.0260,322.98,1.10174,52.3,37.506
61.3000,3394.0260,305.02,1.10174,52.3,37.506
61.3100,3394.0260,303.03,1.10174,52.3,37.506
61.3200,3388.5650,299.91,1.10351,52.3,37.506
61.3300,3388.5650,322.99,1.10351,52.3,37.506
61.3400,3371.2036,309.93,1.10920,52.3,37.506
61.3500,3371.2036,316.90,1.10920,52.3,37.506
61.3600,3371.2036,298.35,1.10920,52.3,37.506
61.3700,3373.2802,310.93,1.10851,52.3,37.506
61.3800,3372.9291,312.49,1.10863,52.3,37.506
61.3900,3372.9291,321.46,1.10863,52.3,37.506
61.4000,3360.3305,290.67,1.11279,52.3,37.506
61.4100,3360.3305,293.81,1.11279,52.3,37.506
61.4200,3360.3305,298.67,1.11279,52.3,37.506
61.4300,3360.3305,301.79,1.11279,52.3,37.506
61.4400,3360.3305,318.84,1.11279,52.2,37.506
61.4500,3360.3305,298.30,1.11279,52.2,37.506
61.4600,3360.3305,286.97,1.11279,52.2,37.506
61.4700,3350.4839,307.41,1.11606,52.2,37.506
61.4800,3350.4839,293.74,1.11606,52.2,37.506
61.4900,3350.4839,302.63,1.11606,52.2,37.506
61.5000,3350.4839,306.17,1.11606,52.2,37.506
61.5100,3350.4839,300.75,1.11606,52.2,37.506
61.5200,3354.7577,314.00,1.11463,52.2,37.506
61.5300,3354.7577,311.24,1.11463,52.2,37.506
61.5400,3387.3135,318.94,1.10392,52.2,37.506
61.5500,3393.9331,287.02,1.10177,52.2,37.506
61.5600,3393.9331,304.47,1.10177,52.2,37.506
61.5700,3403.7411,291.51,1.09859,52.2,37.506
61.5800,3403.7411,292.77,1.09859,52.2,37.506
61.5900,3396.3795,283.28,1.10097,52.2,37.506
61.6000,3396.3795,301.81,1.10097,52.2,37.506
61.6100,3396.3795,314.02,1.10097,52.2,37.506
61.6200,3396.3795,293.94,1.10097,52.2,37.506
61.6300,3400.1884,294.43,1.09974,52.2,37.506
61.6400,3404.8399,303.18,1.09824,52.2,37.506
61.6500,3435.7556,294.66,1.08836,52.3,37.506
61.6600,3435.7556,309.21,1.08836,52.3,37.506
61.6700,3431.8260,299.01,1.08960,52.3,37.506
61.6800,3431.8260,314.51,1.08960,52.2,37.506
61.6900,3429.8820,304.15,1.09022,52.3,37.506
61.7000,3395.9541,288.52,1.10111,52.3,37.506
61.7100,3395.9541,301.18,1.10111,52.3,37.506
61.7200,3415.6008,319.23,1.09478,52.3,37.506
61.7300,3400.9180,301.24,1.09951,52.3,37.506
61.7400,3400.9180,302.31,1.09951,52.3,37.506
61.7500,3404.1828,295.38,1.09845,52.3,37.506
61.7600,3404.1828,289.00,1.09845,52.3,37.506
61.7700,3409.3142,293.67,1.09680,52.3,37.506
61.7800,3409.3142,296.23,1.09680,52.3,37.506
61.7900,3409.3142,272.73,1.09680,52.3,37.506
61.8000,3377.2355,272.89,1.10722,52.3,37.506
61.8100,3377.2355,265.75,1.10722,52.3,37.506
61.8200,3377.2355,286.43,1.10722,52.3,37.506
61.8300,3377.2355,299.58,1.10722,52.3,37.506
61.8400,3385.9611,274.91,1.10436,52.3,37.506
61.8500,3395.4617,282.82,1.10127,52.3,37.506
61.8600,3395.4617,293.43,1.10127,52.3,37.506
61.8700,3395.4617,302.73,1.10127,52.3,37.506
61.8800,3395.4617,305.38,1.10127,52.3,37.506
61.8900,3395.4617,291.62,1.10127,52.3,37.506
61.9000,3395.4617,289.63,1.10127,52.2,37.506
61.9100,3395.4617,298.34,1.10127,52.2,37.506
61.9200,3412.2311,288.73,1.09586,52.3,37.506
61.9300,3439.3052,282.01,1.08723,52.3,37.506
61.9400,3456.9660,285.77,1.08168,52.3,37.506
61.9500,3457.0687,274.01,1.08165,52.3,37.506
61.9600,3457.0687,293.54,1.08165,52.3,37.506
61.9700,3457.0687,297.74,1.08165,52.3,37.506
61.9800,3464.4074,297.14,1.07936,52.3,37.506
61.9900,3464.4074,315.19,1.07936,52.3,37.506
62.0000,3464.4074,304.16,1.07936,52.3,37.506
62.0100,3464.4074,299.38,1.07936,52.3,37.506
62.0200,3439.3586,290.63,1.08722,52.3,37.506
62.0300,3453.7854,294.38,1.08267,52.3,37.506
62.0400,3449.3120,302.34,1.08408,52.3,37.506
62.0500,3468.4381,304.86,1.07810,52.3,37.506
62.0600,3468.4381,328.56,1.07810,52.3,37.506
62.0700,3468.4381,317.84,1.07810,52.3,37.506
62.0800,3483.9987,311.11,1.07329,52.3,37.506
62.0900,3483.9987,323.32,1.07329,52.3,37.506
62.1000,3472.2432,323.26,1.07692,52.3,37.506
62.1100,3472.2432,316.53,1.07692,52.3,37.506
62.1200,3443.6136,318.43,1.08587,52.3,37.506
62.1300,3440.9515,307.91,1.08671,52.3,37.506
62.1400,3440.9515,328.18,1.08671,52.3,37.506
62.1500,3467.6843,317.74,1.07834,52.3,37.506
62.1600,3467.6843,318.28,1.07834,52.3,37.506
62.1700,3434.3551,326.99,1.08880,52.3,37.506
62.1800,3434.3551,322.53,1.08880,52.3,37.506
62.1900,3412.4073,322.09,1.09580,52.3,37.506
62.2000,3421.8255,313.23,1.09279,52.3,37.506
62.2100,3421.8255,309.53,1.09279,52.3,37.506
62.2200,3421.8255,322.04,1.09279,52.3,37.506
62.2300,3421.8255,310.63,1.09279,52.3,37.506
62.2400,3458.6201,310.75,1.08116,52.3,37.506
62.2500,3452.2318,311.78,1.08316,52.3,37.506
62.2600,3452.2318,303.71,1.08316,52.3,37.506
62.2700,3452.2318,310.44,1.08316,52.3,37.506
62.2800,3452.2318,302.16,1.08316,52.3,37.506
62.2900,3434.8862,286.95,1.08863,52.3,37.506
62.3000,3434.8862,299.96,1.08863,52.3,37.506
62.3100,3434.8862,307.40,1.08863,52.3,37.506
62.3200,3434.2835,285.48,1.08882,52.3,37.506
62.3300,3424.3357,287.75,1.09199,52.3,37.506
62.3400,3421.4517,287.61,1.09291,52.3,37.506
62.3500,3421.4517,300.34,1.09291,52.3,37.506
62.3600,3421.4517,301.47,1.09291,52.3,37.506
62.3700,3395.0813,291.29,1.10140,52.3,37.506
62.3800,3395.0813,310.20,1.10140,52.3,37.506
62.3900,3404.1629,313.52,1.09846,52.3,37.506
62.4000,3391.5941,308.55,1.10253,52.3,37.506
62.4100,3391.5941,310.08,1.10253,52.3,37.506
62.4200,3401.6192,300.84,1.09928,52.4,37.506
62.4300,3401.6192,301.37,1.09928,52.3,37.506
62.4400,3401.6192,314.25,1.09928,52.3,37.506
62.4500,3401.6192,313.23,1.09928,52.3,37.506
62.4600,3401.6192,304.24,1.09928,52.3,37.506
62.4700,3401.6192,304.20,1.09928,52.3,37.506
62.4800,3403.9775,305.31,1.09852,52.3,37.506
62.4900,3403.9775,306.62,1.09852,52.3,37.506
62.5000,3403.9775,306.27,1.09852,52.3,37.506
62.5100,3403.9775,295.72,1.09852,52.3,37.506
62.5200,3419.5303,288.11,1.09352,52.3,37.506
62.5300,3447.7600,290.29,1.08457,52.3,37.506
62.5400,3457.6034,308.02,1.08148,52.3,37.506
62.5500,3457.6034,314.81,1.08148,52.3,37.506
62.5600,3457.6034,313.87,1.08148,52.3,37.506
62.5700,3457.6034,321.37,1.08148,52.3,37.506
62.5800,3428.5261,311.84,1.09065,52.3,37.506
62.5900,3428.5261,317.33,1.09065,52.3,37.506
62.6000,3431.5910,302.87,1.08968,52.3,37.506
62.6100,3431.5910,302.18,1.08968,52.3,37.506
62.6200,3431.5910,306.83,1.08968,52.3,37.506
62.6300,3429.8987,288.08,1.09021,52.3,37.506
62.6400,3429.8987,278.18,1.09021,52.3,37.506
62.6500,3429.8987,290.58,1.09021,52.3,37.506
62.6600,3429.8987,301.47,1.09021,52.3,37.506
62.6700,3429.8987,278.14,1.09021,52.3,37.506
62.6800,3429.8987,271.20,1.09021,52.3,37.506
62.6900,3429.8987,275.78,1.09021,52.3,37.506
62.7000,3404.4470,278.03,1.09837,52.3,37.506
62.7100,3404.4470,284.01,1.09837,52.3,37.506
62.7200,3410.8663,292.83,1.09630,52.3,37.506
62.7300,3410.8663,289.74,1.09630,52.3,37.506
62.7400,3410.8663,282.76,1.09630,52.3,37.506
62.7500,3375.9336,309.09,1.10764,52.3,37.506
62.7600,3375.9336,297.64,1.10764,52.3,37.506
62.7700,3400.5968,293.37,1.09961,52.3,37.506
62.7800,3420.4953,299.58,1.09321,52.3,37.506
62.7900,3420.4953,289.85,1.09321,52.3,37.506
62.8000,3420.4953,285.92,1.09321,52.3,37.506
62.8100,3420.4953,283.23,1.09321,52.3,37.506
62.8200,3420.4953,295.58,1.09321,52.3,37.506
62.8300,3420.4953,302.61,1.09321,52.2,37.506
62.8400,3420.4857,308.66,1.09322,52.3,37.506
62.8500,3420.4857,303.85,1.09322,52.2,37.506
62.8600,3420.4857,283.96,1.09322,52.2,37.506
62.8700,3420.4857,295.30,1.09322,52.2,37.506
62.8800,3420.4857,301.38,1.09322,52.2,37.506
62.8900,3420.4857,304.29,1.09322,52.2,37.506
62.9000,3420.4857,296.38,1.09322,52.2,37.506
62.9100,3420.4857,300.96,1.09322,52.2,37.506
62.9200,3390.0899,312.15,1.10302,52.2,37.506
62.9300,3390.0899,308.83,1.10302,52.2,37.506
62.9400,3390.0899,313.58,1.10302,52.2,37.506
62.9500,3388.3442,311.74,1.10359,52.2,37.506
62.9600,3388.3442,293.11,1.10359,52.2,37.506
62.9700,3388.3442,304.78,1.10359,52.2,37.506
62.9800,3388.3442,306.85,1.10359,52.2,37.506
62.9900,3416.8276,302.20,1.09439,52.2,37.506
63.0000,3416.8276,303.28,1.09439,52.2,37.506
63.0100,3416.8276,307.66,1.09439,52.2,37.506
63.0200,3416.8276,311.52,1.09439,52.2,37.506
63.0300,3416.8276,307.98,1.09439,52.2,37.506
63.0400,3447.9566,288.58,1.08451,52.2,37.506
63.0500,3448.4275,292.85,1.08436,52.2,37.506
63.0600,3448.4275,299.41,1.08436,52.2,37.506
63.0700,3448.4275,304.17,1.08436,52.2,37.506
63.0800,3443.4200,317.46,1.08593,52.2,37.506
63.0900,3443.4200,315.61,1.08593,52.2,37.506
63.1000,3443.4200,305.22,1.08593,52.2,37.506
63.1100,3443.4200,316.49,1.08593,52.2,37.506
63.1200,3443.4200,315.12,1.08593,52.1,37.506
63.1300,3438.7554,316.73,1.08741,52.2,37.506
63.1400,3431.9736,288.09,1.08956,52.2,37.506
63.1500,3431.9736,306.64,1.08956,52.2,37.506
63.1600,3431.9736,307.94,1.08956,52.2,37.506
63.1700,3431.9736,333.84,1.08956,52.1,37.506
63.1800,3431.9736,301.99,1.08956,52.1,37.506
63.1900,3431.9736,294.88,1.08956,52.1,37.506
63.2000,3431.9736,314.69,1.08956,52.1,37.506
63.2100,3431.9736,316.31,1.08956,52.1,37.506
63.2200,3431.9736,296.74,1.08956,52.1,37.506
63.2300,3431.9736,299.66,1.08956,52.1,37.506
63.2400,3417.9204,310.54,1.09404,52.1,37.506
63.2500,3396.6565,309.69,1.10088,52.1,37.506
63.2600,3396.6565,311.68,1.10088,52.1,37.506
63.2700,3364.1267,302.41,1.11153,52.1,37.506
63.2800,3378.0829,298.01,1.10694,52.1,37.506
63.2900,3371.4534,297.33,1.10911,52.1,37.506
63.3000,3371.4534,303.56,1.10911,52.1,37.506
63.3100,3371.4534,312.70,1.10911,52.1,37.506
63.3200,3371.4534,321.82,1.10911,52.1,37.506
63.3300,3371.4534,304.41,1.10911,52.1,37.506
63.3400,3366.6549,293.84,1.11069,52.1,37.506
63.3500,3339.8080,304.62,1.11962,52.1,37.506
63.3600,3339.8080,302.81,1.11962,52.1,37.506
63.3700,3339.8080,307.08,1.11962,52.1,37.506
63.3800,3339.8080,317.20,1.11962,52.1,37.506
63.3900,3339.8080,317.84,1.11962,52.1,37.506
63.4000,3346.6862,306.64,1.11732,52.1,37.506
63.4100,3346.6862,305.93,1.11732,52.1,37.506
63.4200,3369.2671,309.64,1.10983,52.1,37.506
63.4300,3369.2671,289.77,1.10983,52.1,37.506
63.4400,3403.5812,310.81,1.09864,52.1,37.506
63.4500,3411.5112,316.52,1.09609,52.1,37.506
63.4600,3411.5112,314.33,1.09609,52.1,37.506
63.4700,3411.7582,307.13,1.09601,52.1,37.506
63.4800,3411.7582,298.29,1.09601,52.1,37.506
63.4900,3411.7582,292.55,1.09601,52.1,37.506
63.5000,3432.7731,283.66,1.08930,52.1,37.506
63.5100,3432.7731,287.86,1.08930,52.1,37.506
63.5200,3432.7731,281.13,1.08930,52.1,37.506
63.5300,3432.7731,292.35,1.08930,52.1,37.506
63.5400,3432.7731,284.53,1.08930,52.1,37.506
63.5500,3432.7731,282.44,1.08930,52.1,37.506
63.5600,3432.7731,301.62,1.08930,52.1,37.506
63.5700,3414.3287,305.61,1.09519,52.1,37.506
63.5800,3409.9544,305.24,1.09659,52.1,37.506
63.5900,3396.9406,315.62,1.10079,52.1,37.506
63.6000,3396.9406,298.73,1.10079,52.1,37.506
63.6100,3396.9406,293.80,1.10079,52.1,37.506
63.6200,3396.9406,292.08,1.10079,52.1,37.506
63.6300,3396.9406,308.38,1.10079,52.1,37.506
63.6400,3396.9406,308.16,1.10079,52.1,37.506
63.6500,3396.9406,302.88,1.10079,52.1,37.506
63.6600,3396.9406,293.60,1.10079,52.1,37.506
63.6700,3400.3872,302.50,1.09968,52.1,37.506
63.6800,3400.3872,311.73,1.09968,52.1,37.506
63.6900,3398.7617,300.25,1.10020,52.1,37.506
63.7000,3398.7617,315.13,1.10020,52.1,37.506
63.7100,3398.7617,316.04,1.10020,52.1,37.506
63.7200,3398.7617,341.69,1.10020,52.1,37.506
63.7300,3418.2039,329.29,1.09394,52.1,37.506
63.7400,3413.6312,332.58,1.09541,52.1,37.506
63.7500,3413.6312,320.87,1.09541,52.1,37.506
63.7600,3413.6312,306.69,1.09541,52.1,37.506
63.7700,3413.6312,319.75,1.09541,52.0,37.506
63.7800,3413.6312,306.26,1.09541,52.0,37.506
63.7900,3413.6312,330.31,1.09541,52.0,37.506
63.8000,3414.0213,314.28,1.09529,52.0,37.506
63.8100,3414.0213,290.77,1.09529,52.0,37.506
63.8200,3414.0213,303.35,1.09529,52.0,37.506
63.8300,3412.0037,296.77,1.09593,52.0,37.506
63.8400,3412.0037,281.18,1.09593,52.0,37.506
63.8500,3412.0037,304.33,1.09593,52.0,37.506
63.8600,3412.0037,285.97,1.09593,52.0,37.506
63.8700,3381.6520,281.88,1.10577,52.0,37.506
63.8800,3381.6520,298.30,1.10577,52.0,37.506
63.8900,3356.5037,292.97,1.11405,52.0,37.506
63.9000,3356.5037,302.12,1.11405,52.0,37.506
63.9100,3356.5037,305.09,1.11405,52.0,37.506
63.9200,3356.5037,301.15,1.11405,52.0,37.506
63.9300,3356.5037,308.76,1.11405,52.0,37.506
63.9400,3356.5037,273.89,1.11405,52.0,37.506
63.9500,3359.5716,290.26,1.11304,52.0,37.506
63.9600,3359.5716,298.29,1.11304,52.0,37.506
63.9700,3342.7088,297.46,1.11865,52.0,37.506
63.9800,3342.7088,311.19,1.11865,52.0,37.506
63.9900,3342.7088,315.54,1.11865,52.0,37.506
64.0000,3342.7088,308.28,1.11865,52.0,37.506
64.0100,3342.7088,304.07,1.11865,52.0,37.506
64.0200,3342.7088,300.66,1.11865,52.0,37.506
64.0300,3342.7088,313.72,1.11865,52.0,37.506
64.0400,3342.7088,310.11,1.11865,51.9,37.506
64.0500,3343.7397,302.66,1.11831,52.0,37.506
64.0600,3343.7397,311.30,1.11831,52.0,37.506
64.0700,3343.7397,329.19,1.11831,51.9,37.506
64.0800,3343.7397,282.72,1.11831,51.9,37.506
64.0900,3343.7397,320.02,1.11831,51.9,37.506
64.1000,3343.7397,302.68,1.11831,51.9,37.506
64.1100,3343.7397,317.55,1.11831,51.9,37.506
64.1200,3343.7397,287.01,1.11831,51.9,37.506
64.1300,3343.7397,293.63,1.11831,51.9,37.506
64.1400,3348.6639,302.25,1.11666,51.9,37.506
64.1500,3348.6639,321.64,1.11666,51.9,37.506
64.1600,3348.6639,292.93,1.11666,51.9,37.506
64.1700,3345.0021,294.92,1.11788,51.9,37.506
64.1800,3346.5821,313.68,1.11736,51.9,37.506
64.1900,3346.5821,293.29,1.11736,51.9,37.506
64.2000,3346.5821,291.17,1.11736,51.9,37.506
64.2100,3346.5821,284.73,1.11736,51.9,37.506
64.2200,3368.1292,276.23,1.11021,51.9,37.506
64.2300,3371.7736,281.81,1.10901,51.9,37.506
64.2400,3371.7736,277.45,1.10901,51.9,37.506
64.2500,3371.7736,286.16,1.10901,51.9,37.506
64.2600,3371.7736,287.10,1.10901,51.9,37.506
64.2700,3364.4085,290.59,1.11144,51.9,37.506
64.2800,3364.4085,290.70,1.11144,51.9,37.506
64.2900,3364.4085,303.78,1.11144,51.9,37.506
64.3000,3364.4085,297.98,1.11144,51.9,37.506
64.3100,3364.4085,309.17,1.11144,51.9,37.506
64.3200,3364.4085,307.94,1.11144,51.9,37.506
64.3300,3347.9354,304.21,1.11691,51.9,37.506
64.3400,3331.0287,279.60,1.12257,51.9,37.506
64.3500,3331.0287,282.31,1.12257,51.9,37.506
64.3600,3331.0287,286.84,1.12257,51.9,37.506
64.3700,3337.2150,297.09,1.12049,51.9,37.506
64.3800,3347.4905,294.04,1.11705,51.9,37.506
64.3900,3356.4653,290.25,1.11407,51.9,37.506
64.4000,3356.4653,284.03,1.11407,51.9,37.506
64.4100,3356.4653,287.66,1.11407,51.9,37.506
64.4200,3356.4653,297.98,1.11407,51.9,37.506
64.4300,3356.4653,295.49,1.11407,51.9,37.506
64.4400,3356.4653,293.96,1.11407,51.9,37.506
64.4500,3386.9083,282.25,1.10405,51.9,37.506
64.4600,3386.9083,286.70,1.10405,51.9,37.506
64.4700,3386.9083,275.00,1.10405,51.9,37.506
64.4800,3386.9083,284.33,1.10405,51.8,37.506
64.4900,3386.9083,279.20,1.10405,51.8,37.506
64.5000,3386.9083,297.80,1.10405,51.8,37.506
64.5100,3386.9083,288.37,1.10405,51.8,37.506
64.5200,3386.9083,289.26,1.10405,51.8,37.506
64.5300,3406.6301,296.26,1.09766,51.8,37.506
64.5400,3432.5613,294.35,1.08937,51.8,37.506
64.5500,3428.2742,300.64,1.09073,51.8,37.506
64.5600,3428.2742,292.19,1.09073,51.8,37.506
64.5700,3415.7923,290.60,1.09472,51.8,37.506
64.5800,3415.7923,281.76,1.09472,51.8,37.506
64.5900,3415.7923,295.05,1.09472,51.8,37.506
64.6000,3437.4984,292.18,1.08780,51.8,37.506
64.6100,3437.4984,274.79,1.08780,51.8,37.506
64.6200,3437.1266,291.12,1.08792,51.8,37.506
64.6300,3426.0309,300.74,1.09145,51.9,37.506
64.6400,3426.0309,298.87,1.09145,51.8,37.506
64.6500,3406.0472,274.51,1.09785,51.9,37.506
64.6600,3406.0472,282.67,1.09785,51.9,37.506
64.6700,3406.0472,282.22,1.09785,51.8,37.506
64.6800,3406.0472,293.09,1.09785,51.8,37.506
64.6900,3408.7070,283.26,1.09699,51.8,37.506
64.7000,3411.7353,289.09,1.09602,51.9,37.506
64.7100,3411.7353,297.65,1.09602,51.9,37.506
64.7200,3411.7353,303.20,1.09602,51.8,37.506
64.7300,3423.0173,307.67,1.09241,51.9,37.506
64.7400,3423.0173,289.05,1.09241,51.8,37.506
64.7500,3430.7702,297.44,1.08994,51.9,37.506
64.7600,3430.7702,292.07,1.08994,51.9,37.506
64.7700,3430.7641,295.65,1.08994,51.9,37.506
64.7800,3430.7641,293.62,1.08994,51.9,37.506
64.7900,3430.7641,285.81,1.08994,51.8,37.506
64.8000,3430.7641,298.39,1.08994,51.8,37.506
64.8100,3430.7641,307.48,1.08994,51.8,37.506
64.8200,3405.5371,302.98,1.09801,51.8,37.506
64.8300,3405.5371,297.25,1.09801,51.8,37.506
64.8400,3405.5371,271.43,1.09801,51.8,37.506
64.8500,3405.5371,306.13,1.09801,51.8,37.506
64.8600,3405.5371,290.14,1.09801,51.8,37.506
64.8700,3405.5371,296.30,1.09801,51.8,37.506
64.8800,3405.5371,285.93,1.09801,51.8,37.506
64.8900,3405.5371,308.55,1.09801,51.8,37.506
64.9000,3384.1113,301.74,1.10497,51.8,37.506
64.9100,3384.1113,297.01,1.10497,51.8,37.506
64.9200,3368.3633,294.41,1.11013,51.8,37.506
64.9300,3368.3633,302.22,1.11013,51.8,37.506
64.9400,3348.0870,289.04,1.11685,51.8,37.506
64.9500,3369.5163,299.62,1.10975,51.8,37.506
64.9600,3369.5163,297.15,1.10975,51.8,37.506
64.9700,3351.0015,308.18,1.11588,51.8,37.506
64.9800,3351.0015,298.82,1.11588,51.8,37.506
64.9900,3351.0015,310.59,1.11588,51.8,37.506
65.0000,3365.5534,304.65,1.11106,51.8,37.506
