Time[ps]       Etot[eV]     Epot[eV]     Ekin[eV]    T[K]  Volume[A^3]  Density[g/cm3]  MCaccept[%]  MCscale[A^3]
0.0000     -260021.0966 -260036.1492      15.0527   310.5    3750.6364         0.99698          nan        37.506
0.0100     -260021.9250 -260036.3204      14.3955   297.0    3750.6364         0.99698          nan        37.506
0.0200     -260022.2946 -260037.6372      15.3426   316.5    3717.9040         1.00576        100.0        37.506
0.0300     -260022.4588 -260037.3777      14.9189   307.8    3706.6028         1.00883        100.0        37.506
0.0400     -260022.0440 -260037.2152      15.1712   313.0    3705.9052         1.00902        100.0        37.506
0.0500     -260022.0736 -260036.4634      14.3898   296.9    3696.7522         1.01152        100.0        37.506
0.0600     -260021.6338 -260037.1797      15.5459   320.7    3696.7522         1.01152        100.0        37.506
0.0700     -260021.6704 -260037.4601      15.7897   325.7    3696.7522         1.01152         80.0        37.506
0.0800     -260022.1074 -260036.7941      14.6867   303.0    3687.1158         1.01416         83.3        37.506
0.0900     -260022.0480 -260036.1204      14.0724   290.3    3654.1603         1.02331         85.7        37.506
0.1000     -260022.2730 -260035.9083      13.6353   281.3    3654.1603         1.02331         75.0        37.506
0.1100     -260021.6115 -260036.5718      14.9603   308.6    3654.1603         1.02331         75.0        37.506
0.1200     -260021.9975 -260036.5829      14.5854   300.9    3654.1603         1.02331         66.7        37.506
0.1300     -260021.8839 -260036.5204      14.6365   302.0    3654.1603         1.02331         60.0        37.506
0.1400     -260022.0319 -260037.3291      15.2972   315.6    3654.1603         1.02331         54.5        37.506
0.1500     -260022.1555 -260036.8547      14.6992   303.2    3654.1603         1.02331         50.0        37.506
0.1600     -260022.2168 -260036.9094      14.6927   303.1    3654.1603         1.02331         50.0        37.506
0.1700     -260022.4189 -260036.5634      14.1445   291.8    3641.7338         1.02680         53.8        37.506
0.1800     -260022.4722 -260037.0707      14.5985   301.2    3641.7338         1.02680         50.0        37.506
0.1900     -260022.8746 -260037.2725      14.3979   297.0    3641.7338         1.02680         46.7        37.506
0.2000     -260022.9420 -260037.3380      14.3961   297.0    3641.7338         1.02680         43.8        37.506
0.2100     -260022.6821 -260037.5289      14.8468   306.3    3641.7338         1.02680         43.8        37.506
0.2200     -260022.9353 -260037.3651      14.4298   297.7    3633.4127         1.02915         47.1        37.506
0.2300     -260022.8657 -260038.2935      15.4278   318.3    3633.4127         1.02915         44.4        37.506
0.2400     -260022.6315 -260037.5745      14.9430   308.3    3623.8942         1.03185         47.4        37.506
0.2500     -260022.6563 -260037.2763      14.6200   301.6    3623.8942         1.03185         45.0        37.506
0.2600     -260022.6349 -260037.1312      14.4963   299.1    3623.8942         1.03185         45.0        37.506
0.2700     -260022.7547 -260037.8145      15.0598   310.7    3623.8942         1.03185         42.9        37.506
0.2800     -260022.6355 -260037.4285      14.7930   305.2    3623.8942         1.03185         40.9        37.506
0.2900     -260022.9290 -260037.6408      14.7118   303.5    3631.3024         1.02975         43.5        37.506
0.3000     -260022.6197 -260037.1140      14.4943   299.0    3631.3024         1.02975         41.7        37.506
0.3100     -260022.8556 -260037.6834      14.8278   305.9    3631.3024         1.02975         41.7        37.506
0.3200     -260022.2353 -260037.5228      15.2874   315.4    3638.6682         1.02766         44.0        37.506
0.3300     -260021.1505 -260037.5097      16.3592   337.5    3638.6682         1.02766         42.3        37.506
0.3400     -260021.0548 -260036.5800      15.5252   320.3    3618.0724         1.03351         44.4        37.506
0.3500     -260020.9262 -260035.5749      14.6487   302.2    3599.9282         1.03872         46.4        37.506
0.3600     -260020.4893 -260035.7329      15.2437   314.5    3599.9282         1.03872         46.4        37.506
0.3700     -260021.3454 -260036.1452      14.7998   305.3    3611.8632         1.03529         48.3        37.506
0.3800     -260021.7427 -260036.6338      14.8912   307.2    3611.8632         1.03529         46.7        37.506
0.3900     -260022.0468 -260037.1616      15.1148   311.8    3610.0361         1.03581         48.4        37.506
0.4000     -260021.5490 -260036.3085      14.7595   304.5    3631.5824         1.02967         50.0        37.506
0.4100     -260021.7511 -260036.5748      14.8237   305.8    3631.5824         1.02967         50.0        37.506
0.4200     -260021.0936 -260035.7442      14.6506   302.2    3627.1078         1.03094         51.5        37.506
0.4300     -260021.0456 -260036.2307      15.1851   313.3    3627.1078         1.03094         50.0        37.506
0.4400     -260020.6470 -260036.5721      15.9251   328.5    3616.9825         1.03382         51.4        37.506
0.4500     -260021.0445 -260036.1712      15.1267   312.1    3627.8793         1.03072         52.8        37.506
0.4600     -260020.4828 -260035.6317      15.1489   312.5    3627.8793         1.03072         52.8        37.506
0.4700     -260020.6178 -260036.0024      15.3845   317.4    3627.8793         1.03072         51.4        37.506
0.4800     -260020.9158 -260036.2479      15.3321   316.3    3609.0473         1.03610         52.6        37.506
0.4900     -260020.8664 -260036.4348      15.5684   321.2    3609.0473         1.03610         51.3        37.506
0.5000     -260021.4000 -260036.7382      15.3383   316.4    3579.3018         1.04471         52.5        37.506
0.5100     -260021.9222 -260035.7881      13.8659   286.1    3579.3018         1.04471         52.5        37.506
0.5200     -260021.5769 -260036.0262      14.4493   298.1    3608.2972         1.03631         53.7        37.506
0.5300     -260022.0023 -260036.6642      14.6619   302.5    3608.2972         1.03631         52.4        37.506
0.5400     -260021.6977 -260036.7223      15.0246   310.0    3596.6726         1.03966         53.5        37.506
0.5500     -260021.4591 -260035.6469      14.1879   292.7    3596.6726         1.03966         52.3        37.506
0.5600     -260021.7139 -260035.8601      14.1463   291.8    3596.6726         1.03966         52.3        37.506
0.5700     -260021.9999 -260037.2548      15.2549   314.7    3596.6726         1.03966         51.1        37.506
0.5800     -260021.8377 -260036.8983      15.0607   310.7    3584.0405         1.04333         52.2        37.506
0.5900     -260021.6203 -260036.4413      14.8210   305.8    3566.0792         1.04858         53.2        37.506
0.6000     -260021.8867 -260037.5763      15.6895   323.7    3557.6197         1.05108         54.2        37.506
0.6100     -260022.3039 -260037.5265      15.2226   314.0    3557.6197         1.05108         54.2        37.506
0.6200     -260022.2810 -260037.3875      15.1065   311.7    3577.1690         1.04533         55.1        37.506
0.6300     -260023.0151 -260037.8445      14.8294   305.9    3613.2346         1.03490         56.0        37.506
0.6400     -260023.1387 -260038.1008      14.9622   308.7    3613.2346         1.03490         54.9        37.506
0.6500     -260022.9097 -260037.2318      14.3220   295.5    3637.1972         1.02808         55.8        37.506
0.6600     -260023.0991 -260037.2697      14.1707   292.3    3637.1972         1.02808         55.8        37.506
0.6700     -260023.1383 -260037.2539      14.1156   291.2    3611.6218         1.03536         56.6        37.506
0.6800     -260022.5650 -260036.6766      14.1116   291.1    3593.3436         1.04063         57.4        37.506
0.6900     -260022.5648 -260036.8763      14.3115   295.3    3593.3436         1.04063         56.4        37.506
0.7000     -260022.5145 -260037.0388      14.5243   299.6    3616.2646         1.03403         57.1        37.506
0.7100     -260022.5608 -260037.1368      14.5760   300.7    3616.2646         1.03403         57.1        37.506
0.7200     -260022.3402 -260036.8933      14.5532   300.2    3624.5016         1.03168         57.9        37.506
0.7300     -260023.2368 -260036.6500      13.4132   276.7    3624.5016         1.03168         56.9        37.506
0.7400     -260022.6219 -260036.9662      14.3443   295.9    3624.3621         1.03172         57.6        37.506
0.7500     -260022.8802 -260036.8629      13.9827   288.5    3588.1127         1.04214         58.3        37.506
0.7600     -260022.5638 -260037.0282      14.4644   298.4    3588.1127         1.04214         58.3        37.506
0.7700     -260022.4895 -260037.4344      14.9448   308.3    3588.1127         1.04214         57.4        37.506
0.7800     -260023.0643 -260036.7506      13.6863   282.4    3588.1127         1.04214         56.5        37.506
0.7900     -260023.0870 -260037.3332      14.2462   293.9    3588.1127         1.04214         55.6        37.506
0.8000     -260022.9128 -260037.4315      14.5187   299.5    3600.2932         1.03862         56.2        37.506
0.8100     -260022.9569 -260037.4697      14.5129   299.4    3600.2932         1.03862         56.2        37.506
0.8200     -260023.5107 -260037.5486      14.0379   289.6    3596.8159         1.03962         56.9        37.506
0.8300     -260023.2905 -260037.0239      13.7334   283.3    3596.8159         1.03962         56.1        37.506
0.8400     -260022.9903 -260036.6582      13.6679   282.0    3592.5985         1.04084         56.7        37.506
0.8500     -260022.9535 -260037.3100      14.3565   296.2    3592.5985         1.04084         55.9        37.506
0.8600     -260022.6309 -260037.1758      14.5449   300.1    3592.5985         1.04084         55.9        37.506
0.8700     -260022.4559 -260037.3488      14.8929   307.2    3598.1143         1.03925         56.5        37.506
0.8800     -260022.5835 -260037.0368      14.4533   298.2    3571.2902         1.04705         57.1        37.506
0.8900     -260022.9418 -260037.1248      14.1830   292.6    3571.2902         1.04705         56.3        37.506
0.9000     -260022.6782 -260037.0926      14.4144   297.4    3572.8850         1.04658         56.9        37.506
0.9100     -260022.3887 -260037.9049      15.5163   320.1    3572.8850         1.04658         56.9        37.506
0.9200     -260022.2131 -260037.2590      15.0459   310.4    3580.4483         1.04437         57.5        37.506
0.9300     -260021.7057 -260036.8254      15.1197   311.9    3580.1411         1.04446         58.1        37.506
0.9400     -260021.8664 -260036.3920      14.5256   299.7    3580.1411         1.04446         57.3        37.506
0.9500     -260022.7535 -260036.1056      13.3520   275.5    3580.1411         1.04446         56.6        37.506
0.9600     -260022.5804 -260036.8472      14.2668   294.3    3580.1411         1.04446         56.6        37.506
0.9700     -260022.6679 -260037.5574      14.8895   307.2    3580.1411         1.04446         55.8        37.506
0.9800     -260022.7506 -260037.3161      14.5655   300.5    3580.1411         1.04446         55.1        37.506
0.9900     -260022.9341 -260037.4911      14.5570   300.3    3571.2405         1.04707         55.7        37.506
1.0000     -260023.2124 -260037.6236      14.4112   297.3    3571.2405         1.04707         55.0        37.506
1.0100     -260023.0656 -260037.4391      14.3734   296.5    3571.2405         1.04707         55.0        37.506
1.0200     -260022.9087 -260037.2086      14.2999   295.0    3571.2405         1.04707         54.3        37.506
1.0300     -260022.9089 -260037.2896      14.3807   296.7    3571.2405         1.04707         53.7        37.506
1.0400     -260023.0242 -260037.1496      14.1254   291.4    3558.2094         1.05090         54.2        37.506
1.0500     -260023.5812 -260037.5310      13.9498   287.8    3558.2094         1.05090         53.6        37.506
1.0600     -260023.6278 -260038.5215      14.8937   307.3    3558.2094         1.05090         53.6        37.506
1.0700     -260023.3367 -260037.6432      14.3065   295.1    3548.7113         1.05371         54.1        37.506
1.0800     -260023.6108 -260038.2692      14.6583   302.4    3553.3009         1.05235         54.7        37.506
1.0900     -260023.7134 -260037.6736      13.9602   288.0    3518.2200         1.06285         55.2        37.506
1.1000     -260022.8345 -260037.3556      14.5211   299.6    3552.9414         1.05246         55.7        37.506
1.1100     -260022.2840 -260036.5712      14.2872   294.7    3552.9414         1.05246         55.7        37.506
1.1200     -260022.4875 -260036.6487      14.1612   292.1    3552.9414         1.05246         55.1        37.506
1.1300     -260022.4260 -260037.0794      14.6534   302.3    3549.5910         1.05345         55.6        37.506
1.1400     -260022.4853 -260037.5209      15.0355   310.2    3542.1653         1.05566         56.0        37.506
1.1500     -260022.5761 -260038.2534      15.6773   323.4    3548.2938         1.05384         56.5        37.506
1.1600     -260022.0903 -260037.2349      15.1446   312.4    3548.2938         1.05384         56.5        37.506
1.1700     -260022.8194 -260036.9096      14.0902   290.7    3548.2938         1.05384         55.9        37.506
1.1800     -260022.7761 -260038.1520      15.3759   317.2    3573.8250         1.04631         56.4        37.506
1.1900     -260022.8365 -260037.2425      14.4060   297.2    3573.8250         1.04631         55.8        37.506
1.2000     -260022.9009 -260037.5612      14.6603   302.4    3577.6702         1.04518         56.2        37.506
1.2100     -260022.9885 -260037.1163      14.1279   291.5    3577.6702         1.04518         56.2        37.506
1.2200     -260024.1683 -260038.6247      14.4565   298.2    3577.6702         1.04518         55.7        37.506
1.2300     -260023.9861 -260037.7117      13.7256   283.2    3577.6702         1.04518         55.1        37.506
1.2400     -260024.1109 -260037.0948      12.9839   267.9    3577.6702         1.04518         54.5        37.506
1.2500     -260023.6636 -260037.5614      13.8979   286.7    3605.5978         1.03709         55.0        37.506
1.2600     -260023.8286 -260037.9496      14.1210   291.3    3605.5978         1.03709         55.0        37.506
1.2700     -260023.4778 -260037.7685      14.2906   294.8    3605.5978         1.03709         54.5        37.506
1.2800     -260023.3447 -260037.5733      14.2286   293.5    3605.5978         1.03709         53.9        37.506
1.2900     -260023.1695 -260037.5280      14.3585   296.2    3581.4778         1.04407         54.4        37.506
1.3000     -260023.1533 -260037.6478      14.4945   299.0    3577.4099         1.04526         54.8        37.506
1.3100     -260022.5660 -260036.6396      14.0736   290.3    3577.4099         1.04526         54.8        37.506
1.3200     -260022.4154 -260036.4244      14.0090   289.0    3567.9294         1.04804         55.2        37.506
1.3300     -260022.3127 -260036.2041      13.8914   286.6    3556.0301         1.05155         55.7        37.506
1.3400     -260021.8722 -260036.9799      15.1076   311.7    3535.6211         1.05762         56.1        37.506
1.3500     -260021.8074 -260036.9517      15.1443   312.4    3568.1728         1.04797         56.5        37.506
1.3600     -260021.8631 -260036.6712      14.8081   305.5    3568.1728         1.04797         56.5        37.506
1.3700     -260021.4063 -260035.8419      14.4356   297.8    3536.7755         1.05727         56.9        37.506
1.3800     -260021.2969 -260035.9505      14.6536   302.3    3536.7755         1.05727         56.4        37.506
1.3900     -260021.3973 -260036.6676      15.2703   315.0    3536.7755         1.05727         55.9        37.506
1.4000     -260021.5245 -260037.0436      15.5191   320.2    3536.7755         1.05727         55.4        37.506
1.4100     -260021.6047 -260036.3947      14.7900   305.1    3536.7755         1.05727         55.4        37.506
1.4200     -260021.7981 -260037.2860      15.4879   319.5    3536.7755         1.05727         54.9        37.506
1.4300     -260021.8876 -260036.9263      15.0386   310.3    3536.7755         1.05727         54.4        37.506
1.4400     -260021.9419 -260036.6704      14.7285   303.9    3536.7755         1.05727         53.9        37.506
1.4500     -260022.5472 -260037.4558      14.9085   307.6    3506.4132         1.06642         54.3        37.506
1.4600     -260022.3215 -260038.0203      15.6987   323.9    3506.4132         1.06642         54.3        37.506
1.4700     -260022.2936 -260037.8247      15.5312   320.4    3493.4358         1.07039         54.7        37.506
1.4800     -260022.7287 -260036.9802      14.2514   294.0    3486.3941         1.07255         55.1        37.506
1.4900     -260022.5069 -260036.8687      14.3618   296.3    3486.3941         1.07255         54.6        37.506
1.5000     -260022.1250 -260036.9370      14.8120   305.6    3501.6217         1.06788         55.0        37.506
1.5100     -260022.3593 -260037.0104      14.6510   302.3    3501.6217         1.06788         55.0        37.506
1.5200     -260022.6429 -260037.0451      14.4022   297.1    3508.5486         1.06578         55.4        37.506
1.5300     -260022.4214 -260037.0444      14.6230   301.7    3508.5486         1.06578         54.9        37.506
1.5400     -260022.1125 -260037.0774      14.9649   308.7    3508.5486         1.06578         54.5        37.506
1.5500     -260022.2210 -260036.7296      14.5086   299.3    3536.9778         1.05721         54.8        37.506
1.5600     -260022.1828 -260036.1132      13.9304   287.4    3536.9778         1.05721         54.8        37.506
1.5700     -260022.3914 -260036.6233      14.2319   293.6    3536.9778         1.05721         54.4        37.506
1.5800     -260022.6070 -260036.8876      14.2806   294.6    3546.6704         1.05432         54.8        37.506
1.5900     -260022.9232 -260037.9700      15.0468   310.4    3546.6704         1.05432         54.3        37.506
1.6000     -260022.7480 -260037.3064      14.5584   300.3    3559.3640         1.05056         54.7        37.506
1.6100     -260022.5296 -260037.1614      14.6318   301.9    3559.3640         1.05056         54.7        37.506
1.6200     -260022.8055 -260037.1545      14.3490   296.0    3559.3640         1.05056         54.3        37.506
1.6300     -260022.7747 -260036.3031      13.5284   279.1    3559.3640         1.05056         53.8        37.506
1.6400     -260022.8510 -260036.9606      14.1096   291.1    3574.8554         1.04601         54.2        37.506
1.6500     -260023.2346 -260037.6860      14.4513   298.1    3581.9416         1.04394         54.5        37.506
1.6600     -260023.7017 -260036.9466      13.2449   273.2    3581.9416         1.04394         54.5        37.506
1.6700     -260022.9714 -260037.1769      14.2055   293.1    3581.9416         1.04394         54.1        37.506
1.6800     -260022.5063 -260037.2691      14.7628   304.6    3591.6744         1.04111         54.5        37.506
1.6900     -260022.7271 -260037.0228      14.2957   294.9    3625.4461         1.03141         54.8        37.506
1.7000     -260022.1718 -260036.3344      14.1625   292.2    3650.7082         1.02427         55.1        37.506
1.7100     -260022.1816 -260036.8281      14.6464   302.2    3650.7082         1.02427         55.1        37.506
1.7200     -260021.9938 -260036.3144      14.3206   295.4    3667.8701         1.01948         55.5        37.506
1.7300     -260022.2940 -260036.7433      14.4493   298.1    3643.9783         1.02617         55.8        37.506
1.7400     -260022.5622 -260036.8509      14.2887   294.8    3619.9087         1.03299         56.1        37.506
1.7500     -260022.3581 -260036.6959      14.3378   295.8    3622.7296         1.03218         56.4        37.506
1.7600     -260022.4107 -260036.0545      13.6438   281.5    3622.7296         1.03218         56.4        37.506
1.7700     -260022.0077 -260036.5389      14.5312   299.8    3623.6449         1.03192         56.7        37.506
1.7800     -260021.5198 -260036.3499      14.8301   305.9    3623.6449         1.03192         56.3        37.506
1.7900     -260022.0107 -260036.2011      14.1904   292.8    3610.3501         1.03572         56.6        37.506
1.8000     -260022.3488 -260035.6988      13.3501   275.4    3582.7132         1.04371         56.9        37.506
1.8100     -260022.7380 -260036.9937      14.2557   294.1    3582.7132         1.04371         56.9        37.506
1.8200     -260022.1489 -260036.6106      14.4617   298.3    3582.7132         1.04371         56.6        37.506
1.8300     -260021.9455 -260036.9233      14.9778   309.0    3582.1538         1.04388         56.8        37.506
1.8400     -260021.8283 -260036.7257      14.8974   307.3    3582.1538         1.04388         56.5        37.506
1.8500     -260022.4526 -260037.1709      14.7183   303.6    3582.1538         1.04388         56.1        37.506
1.8600     -260022.4406 -260036.8126      14.3720   296.5    3582.1538         1.04388         56.1        37.506
1.8700     -260022.2815 -260036.4229      14.1414   291.7    3577.4163         1.04526         56.4        37.506
1.8800     -260022.2991 -260037.0438      14.7447   304.2    3577.4163         1.04526         56.0        37.506
1.8900     -260022.4623 -260038.1254      15.6631   323.1    3577.4163         1.04526         55.6        37.506
1.9000     -260021.7848 -260037.3135      15.5287   320.4    3577.4163         1.04526         55.3        37.506
1.9100     -260021.9422 -260036.2853      14.3431   295.9    3577.4163         1.04526         55.3        37.506
1.9200     -260022.0076 -260036.5574      14.5498   300.2    3577.4163         1.04526         54.9        37.506
1.9300     -260021.9127 -260036.4560      14.5432   300.0    3577.4163         1.04526         54.5        37.506
1.9400     -260022.4847 -260036.8734      14.3886   296.8    3577.4163         1.04526         54.2        37.506
1.9500     -260023.0545 -260037.5550      14.5006   299.2    3567.3557         1.04821         54.5        37.506
1.9600     -260023.1818 -260037.2871      14.1052   291.0    3567.3557         1.04821         54.5        37.506
1.9700     -260022.8602 -260037.1100      14.2498   294.0    3567.3557         1.04821         54.1        37.506
1.9800     -260022.9734 -260037.1147      14.1413   291.7    3567.3557         1.04821         53.8        37.506
1.9900     -260022.7775 -260037.7444      14.9669   308.8    3592.9447         1.04074         54.1        37.506
2.0000     -260022.3224 -260037.4437      15.1213   312.0    3578.1603         1.04504         54.4        37.506
2.0100     -260021.9793 -260036.7479      14.7686   304.7    3578.1603         1.04504         54.4        37.506
2.0200     -260021.5947 -260036.3511      14.7563   304.4    3578.1603         1.04504         54.0        37.506
2.0300     -260021.9300 -260036.5517      14.6217   301.6    3559.5858         1.05049         54.3        37.506
2.0400     -260022.6571 -260036.4322      13.7751   284.2    3559.5858         1.05049         54.0        37.506
2.0500     -260022.2188 -260036.8695      14.6507   302.2    3549.9481         1.05335         54.3        37.506
2.0600     -260022.0933 -260036.7530      14.6597   302.4    3549.9481         1.05335         54.3        37.506
2.0700     -260022.2539 -260037.4494      15.1955   313.5    3548.7186         1.05371         54.5        37.506
2.0800     -260022.3905 -260037.1546      14.7641   304.6    3543.7474         1.05519         54.8        37.506
2.0900     -260022.0775 -260036.7389      14.6614   302.5    3543.7474         1.05519         54.5        37.506
2.1000     -260022.2178 -260036.6257      14.4079   297.2    3543.0568         1.05540         54.8        37.506
2.1100     -260022.1523 -260036.0663      13.9140   287.1    3543.0568         1.05540         54.8        37.506
2.1200     -260021.9602 -260036.5813      14.6211   301.6    3566.4330         1.04848         55.0        37.506
2.1300     -260022.1021 -260037.2550      15.1529   312.6    3566.4330         1.04848         54.7        37.506
2.1400     -260022.1737 -260036.6656      14.4919   299.0    3566.4330         1.04848         54.4        37.506
2.1500     -260021.8260 -260036.6011      14.7751   304.8    3571.6909         1.04693         54.7        37.506
2.1600     -260021.9831 -260036.8337      14.8506   306.4    3571.6909         1.04693         54.7        37.506
2.1700     -260021.3774 -260037.3681      15.9907   329.9    3543.5544         1.05525         54.9        37.506
2.1800     -260021.6248 -260036.5721      14.9473   308.4    3543.5544         1.05525         54.6        37.506
2.1900     -260022.2104 -260036.8180      14.6076   301.4    3541.8681         1.05575         54.9        37.506
2.2000     -260021.8237 -260036.7680      14.9443   308.3    3541.8681         1.05575         54.5        37.506
2.2100     -260022.3138 -260036.9833      14.6695   302.6    3541.8681         1.05575         54.5        37.506
2.2200     -260022.6326 -260037.5631      14.9305   308.0    3541.8681         1.05575         54.2        37.506
2.2300     -260022.2191 -260036.9572      14.7381   304.1    3560.6351         1.05019         54.5        37.506
2.2400     -260021.9711 -260036.5908      14.6198   301.6    3560.6351         1.05019         54.2        37.506
2.2500     -260022.0510 -260036.4081      14.3571   296.2    3568.3656         1.04791         54.4        37.506
2.2600     -260022.0129 -260036.3159      14.3030   295.1    3568.3656         1.04791         54.4        37.506
2.2700     -260021.8223 -260035.9187      14.0965   290.8    3568.3656         1.04791         54.1        37.506
2.2800     -260021.3551 -260036.4980      15.1428   312.4    3568.3656         1.04791         53.8        37.506
2.2900     -260021.3518 -260036.0677      14.7159   303.6    3568.3656         1.04791         53.6        37.506
2.3000     -260022.3347 -260037.0446      14.7098   303.5    3554.6460         1.05195         53.8        37.506
2.3100     -260022.7394 -260037.4745      14.7351   304.0    3554.6460         1.05195         53.8        37.506
2.3200     -260021.8879 -260036.8218      14.9339   308.1    3557.5911         1.05108         54.1        37.506
2.3300     -260021.4255 -260036.4015      14.9760   309.0    3557.5911         1.05108         53.8        37.506
2.3400     -260021.3949 -260036.5253      15.1304   312.1    3557.5911         1.05108         53.5        37.506
2.3500     -260020.9376 -260036.4035      15.4659   319.1    3557.5911         1.05108         53.2        37.506
2.3600     -260021.0289 -260035.8645      14.8356   306.1    3557.5911         1.05108         53.2        37.506
2.3700     -260021.5280 -260035.7701      14.2421   293.8    3569.2701         1.04764         53.4        37.506
2.3800     -260021.6420 -260035.7207      14.0787   290.4    3569.2701         1.04764         53.2        37.506
2.3900     -260022.1756 -260036.3439      14.1683   292.3    3569.2701         1.04764         52.9        37.506
2.4000     -260022.6049 -260037.1726      14.5677   300.5    3569.2701         1.04764         52.6        37.506
2.4100     -260022.8210 -260036.9190      14.0980   290.8    3569.2701         1.04764         52.6        37.506
2.4200     -260023.0302 -260037.1885      14.1583   292.1    3575.5056         1.04582         52.8        37.506
2.4300     -260023.4387 -260036.9043      13.4656   277.8    3584.7770         1.04311         53.1        37.506
2.4400     -260023.5111 -260037.3128      13.8017   284.7    3584.7770         1.04311         52.8        37.506
2.4500     -260023.0560 -260037.5065      14.4505   298.1    3589.9755         1.04160         53.1        37.506
2.4600     -260023.1459 -260037.0556      13.9097   287.0    3589.9755         1.04160         53.1        37.506
2.4700     -260022.7430 -260037.1458      14.4028   297.1    3589.9755         1.04160         52.8        37.506
2.4800     -260023.1416 -260037.7835      14.6419   302.1    3562.0322         1.04977         53.0        37.506
2.4900     -260023.0599 -260037.2923      14.2324   293.6    3562.0322         1.04977         52.8        37.506
2.5000     -260023.1570 -260037.2089      14.0519   289.9    3529.1942         1.05954         53.0        37.506
2.5100     -260023.8794 -260037.5135      13.6341   281.3    3529.1942         1.05954         53.0        37.506
2.5200     -260023.5219 -260037.1523      13.6303   281.2    3498.7570         1.06876         53.2        37.506
2.5300     -260023.3367 -260037.4430      14.1063   291.0    3498.7570         1.06876         53.0        37.506
2.5400     -260022.7228 -260037.7480      15.0251   310.0    3523.9338         1.06112         53.2        37.506
2.5500     -260022.4607 -260036.8650      14.4043   297.2    3537.6919         1.05700         53.4        37.506
2.5600     -260023.1383 -260037.2872      14.1488   291.9    3537.6919         1.05700         53.4        37.506
2.5700     -260023.1144 -260038.0355      14.9211   307.8    3516.2516         1.06344         53.7        37.506
2.5800     -260023.0739 -260037.6269      14.5529   300.2    3494.2578         1.07013         53.9        37.506
2.5900     -260022.6077 -260036.9733      14.3656   296.4    3509.8190         1.06539         54.1        37.506
2.6000     -260022.2668 -260036.9581      14.6913   303.1    3509.8190         1.06539         53.8        37.506
2.6100     -260022.1679 -260037.7136      15.5457   320.7    3509.8190         1.06539         53.8        37.506
2.6200     -260021.5567 -260037.1666      15.6099   322.0    3496.3188         1.06950         54.1        37.506
2.6300     -260021.9812 -260036.5094      14.5282   299.7    3496.3188         1.06950         53.8        37.506
2.6400     -260022.2444 -260037.3904      15.1461   312.5    3488.5801         1.07188         54.0        37.506
2.6500     -260022.2513 -260037.6388      15.3875   317.4    3484.6682         1.07308         54.2        37.506
2.6600     -260022.5175 -260036.9945      14.4770   298.7    3484.6682         1.07308         54.2        37.506
2.6700     -260022.8312 -260037.0750      14.2438   293.9    3488.6589         1.07185         54.5        37.506
2.6800     -260022.7162 -260036.4481      13.7319   283.3    3490.0742         1.07142         54.7        37.506
2.6900     -260022.4393 -260037.3549      14.9156   307.7    3490.0742         1.07142         54.4        37.506
2.7000     -260021.6685 -260036.6581      14.9896   309.2    3490.0742         1.07142         54.2        37.506
2.7100     -260021.3307 -260036.4800      15.1493   312.5    3490.0742         1.07142         54.2        37.506
2.7200     -260021.5411 -260036.1246      14.5835   300.9    3493.0522         1.07050         54.4        37.506
2.7300     -260021.6421 -260036.5116      14.8695   306.8    3514.8210         1.06387         54.6        37.506
2.7400     -260021.1734 -260035.7722      14.5987   301.2    3507.2712         1.06616         54.8        37.506
2.7500     -260021.0302 -260036.3931      15.3629   316.9    3491.4537         1.07099         55.0        37.506
2.7600     -260021.1575 -260037.2708      16.1133   332.4    3491.4537         1.07099         55.0        37.506
2.7700     -260021.5375 -260037.2049      15.6673   323.2    3491.4537         1.07099         54.8        37.506
2.7800     -260021.5177 -260037.2035      15.6858   323.6    3491.4537         1.07099         54.5        37.506
2.7900     -260021.4096 -260037.0814      15.6719   323.3    3499.0186         1.06868         54.7        37.506
2.8000     -260021.6974 -260036.5264      14.8289   305.9    3499.0186         1.06868         54.5        37.506
2.8100     -260022.1640 -260037.0675      14.9036   307.5    3499.0186         1.06868         54.5        37.506
2.8200     -260021.5239 -260036.4396      14.9157   307.7    3499.0186         1.06868         54.2        37.506
2.8300     -260021.3226 -260036.7041      15.3815   317.3    3534.1543         1.05805         54.4        37.506
2.8400     -260021.2184 -260036.1467      14.9283   308.0    3534.1543         1.05805         54.2        37.506
2.8500     -260020.6402 -260036.3546      15.7144   324.2    3534.1543         1.05805         53.9        37.506
2.8600     -260020.9888 -260035.6635      14.6747   302.7    3534.1543         1.05805         53.9        37.506
2.8700     -260021.3674 -260035.2214      13.8540   285.8    3509.9587         1.06535         54.1        37.506
2.8800     -260020.9474 -260035.9790      15.0316   310.1    3509.9587         1.06535         53.9        37.506
2.8900     -260021.2935 -260035.9659      14.6724   302.7    3473.7288         1.07646         54.1        37.506
2.9000     -260021.5604 -260036.1834      14.6230   301.7    3473.7288         1.07646         53.9        37.506
2.9100     -260021.5753 -260036.8789      15.3036   315.7    3473.7288         1.07646         53.9        37.506
2.9200     -260021.6826 -260037.0688      15.3862   317.4    3472.7340         1.07677         54.1        37.506
2.9300     -260021.4419 -260036.5453      15.1034   311.6    3445.3914         1.08531         54.3        37.506
2.9400     -260021.8837 -260035.6684      13.7847   284.4    3419.8294         1.09342         54.5        37.506
2.9500     -260021.4394 -260036.0835      14.6441   302.1    3419.8294         1.09342         54.2        37.506
2.9600     -260021.7743 -260036.1555      14.3813   296.7    3419.8294         1.09342         54.2        37.506
2.9700     -260021.4241 -260036.6162      15.1921   313.4    3419.8294         1.09342         54.0        37.506
2.9800     -260021.4988 -260036.9980      15.4992   319.8    3419.8294         1.09342         53.8        37.506
2.9900     -260022.2043 -260037.2978      15.0935   311.4    3419.8294         1.09342         53.6        37.506
3.0000     -260021.8767 -260037.1347      15.2579   314.8    3419.8294         1.09342         53.3        37.506
3.0100     -260021.9420 -260035.9265      13.9845   288.5    3419.8294         1.09342         53.3        37.506
3.0200     -260022.1841 -260035.9177      13.7335   283.3    3432.7978         1.08929         53.5        37.506
3.0300     -260021.8363 -260037.1356      15.2993   315.6    3457.3969         1.08154         53.7        37.506
3.0400     -260022.1343 -260037.3609      15.2267   314.1    3463.2677         1.07971         53.9        37.506
3.0500     -260022.3288 -260036.6721      14.3432   295.9    3463.2677         1.07971         53.7        37.506
3.0600     -260022.5163 -260036.6540      14.1377   291.7    3463.2677         1.07971         53.7        37.506
3.0700     -260022.2821 -260037.3365      15.0544   310.6    3463.2677         1.07971         53.5        37.506
3.0800     -260022.1970 -260036.3961      14.1991   292.9    3463.2677         1.07971         53.3        37.506
3.0900     -260022.4390 -260035.8051      13.3661   275.7    3463.2677         1.07971         53.0        37.506
3.1000     -260022.3518 -260037.3136      14.9618   308.7    3463.2677         1.07971         52.8        37.506
3.1100     -260022.5277 -260037.6388      15.1111   311.7    3463.2677         1.07971         52.8        37.506
3.1200     -260022.7747 -260038.3076      15.5329   320.4    3463.2677         1.07971         52.6        37.506
3.1300     -260023.3285 -260038.3738      15.0453   310.4    3463.2677         1.07971         52.4        37.506
3.1400     -260023.4633 -260037.5255      14.0622   290.1    3463.2677         1.07971         52.2        37.506
3.1500     -260023.3966 -260037.7323      14.3357   295.7    3450.4672         1.08372         52.4        37.506
3.1600     -260022.9599 -260037.8234      14.8635   306.6    3450.4672         1.08372         52.4        37.506
3.1700     -260022.7548 -260036.0146      13.2598   273.6    3477.2556         1.07537         52.6        37.506
3.1800     -260022.4737 -260036.4195      13.9458   287.7    3463.7875         1.07955         52.8        37.506
3.1900     -260022.0106 -260036.7063      14.6957   303.2    3463.7875         1.07955         52.5        37.506
3.2000     -260022.2409 -260036.6723      14.4314   297.7    3452.8408         1.08297         52.7        37.506
3.2100     -260021.9597 -260036.8032      14.8435   306.2    3452.8408         1.08297         52.7        37.506
3.2200     -260021.7373 -260037.3754      15.6382   322.6    3452.8408         1.08297         52.5        37.506
3.2300     -260022.1301 -260036.9371      14.8069   305.5    3447.0676         1.08478         52.7        37.506
3.2400     -260022.3265 -260036.7494      14.4230   297.5    3447.0676         1.08478         52.5        37.506
3.2500     -260022.2515 -260037.1347      14.8832   307.0    3456.7625         1.08174         52.7        37.506
3.2600     -260022.0675 -260036.8519      14.7845   305.0    3456.7625         1.08174         52.7        37.506
3.2700     -260022.3276 -260036.7711      14.4435   298.0    3461.3296         1.08032         52.9        37.506
3.2800     -260021.9464 -260037.2196      15.2732   315.1    3461.3296         1.08032         52.7        37.506
3.2900     -260022.4845 -260037.1483      14.6638   302.5    3461.3296         1.08032         52.5        37.506
3.3000     -260022.1363 -260036.2660      14.1296   291.5    3469.3893         1.07781         52.7        37.506
3.3100     -260022.4084 -260036.8746      14.4663   298.4    3469.3893         1.07781         52.7        37.506
3.3200     -260022.6922 -260036.9373      14.2451   293.9    3469.3893         1.07781         52.5        37.506
3.3300     -260022.9989 -260037.1256      14.1267   291.4    3469.3893         1.07781         52.3        37.506
3.3400     -260022.8105 -260037.3406      14.5301   299.8    3461.5576         1.08024         52.4        37.506
3.3500     -260022.9268 -260037.1499      14.2231   293.4    3461.5576         1.08024         52.2        37.506
3.3600     -260022.8817 -260037.9234      15.0417   310.3    3461.5576         1.08024         52.2        37.506
3.3700     -260023.2635 -260038.3179      15.0544   310.6    3484.3307         1.07318         52.4        37.506
3.3800     -260023.1967 -260037.3417      14.1450   291.8    3478.5922         1.07495         52.6        37.506
3.3900     -260023.2688 -260037.4247      14.1559   292.0    3444.4794         1.08560         52.8        37.506
3.4000     -260022.4173 -260037.2948      14.8774   306.9    3453.2324         1.08285         52.9        37.506
3.4100     -260023.1635 -260037.1723      14.0088   289.0    3453.2324         1.08285         52.9        37.506
3.4200     -260022.6506 -260037.1427      14.4921   299.0    3473.0564         1.07667         53.1        37.506
3.4300     -260022.9045 -260037.8211      14.9166   307.7    3490.7599         1.07121         53.3        37.506
3.4400     -260023.2450 -260037.5116      14.2667   294.3    3490.7599         1.07121         53.1        37.506
3.4500     -260023.3974 -260037.4662      14.0688   290.2    3487.8128         1.07211         53.3        37.506
3.4600     -260022.9670 -260037.4398      14.4728   298.6    3487.8128         1.07211         53.3        37.506
3.4700     -260023.0453 -260037.2410      14.1957   292.9    3487.8128         1.07211         53.1        37.506
3.4800     -260023.7591 -260037.5170      13.7579   283.8    3487.8128         1.07211         52.9        37.506
3.4900     -260023.9850 -260037.5971      13.6121   280.8    3487.8128         1.07211         52.7        37.506
3.5000     -260023.7258 -260037.9566      14.2308   293.6    3484.4622         1.07314         52.9        37.506
3.5100     -260024.3014 -260037.8799      13.5785   280.1    3484.4622         1.07314         52.9        37.506
3.5200     -260023.7490 -260036.9784      13.2294   272.9    3484.4622         1.07314         52.7        37.506
3.5300     -260023.7063 -260037.2976      13.5913   280.4    3484.7068         1.07307         52.8        37.506
3.5400     -260022.9861 -260037.5516      14.5655   300.5    3484.7068         1.07307         52.7        37.506
3.5500     -260023.0564 -260037.4437      14.3873   296.8    3484.7068         1.07307         52.5        37.506
3.5600     -260022.9984 -260037.7708      14.7724   304.8    3484.7068         1.07307         52.5        37.506
3.5700     -260023.1835 -260037.7745      14.5910   301.0    3483.6242         1.07340         52.6        37.506
3.5800     -260023.1964 -260037.1665      13.9701   288.2    3486.0023         1.07267         52.8        37.506
3.5900     -260023.6273 -260038.1322      14.5049   299.2    3486.0762         1.07265         53.0        37.506
3.6000     -260023.6028 -260037.9250      14.3223   295.5    3486.0762         1.07265         52.8        37.506
3.6100     -260024.3305 -260037.9259      13.5954   280.5    3486.0762         1.07265         52.8        37.506
3.6200     -260024.2608 -260037.6971      13.4363   277.2    3504.4384         1.06703         52.9        37.506
3.6300     -260023.8200 -260038.3848      14.5648   300.5    3515.8831         1.06355         53.1        37.506
3.6400     -260024.6466 -260038.3335      13.6869   282.4    3515.8831         1.06355         52.9        37.506
3.6500     -260024.5164 -260038.4050      13.8886   286.5    3519.9908         1.06231         53.1        37.506
3.6600     -260024.3923 -260038.4021      14.0098   289.0    3519.9908         1.06231         53.1        37.506
3.6700     -260023.6911 -260038.2491      14.5580   300.3    3519.9908         1.06231         52.9        37.506
3.6800     -260023.6563 -260038.0890      14.4327   297.8    3505.8059         1.06661         53.1        37.506
3.6900     -260023.2386 -260038.1557      14.9171   307.7    3505.8059         1.06661         52.9        37.506
3.7000     -260023.4624 -260037.8599      14.3975   297.0    3528.9036         1.05963         53.0        37.506
3.7100     -260022.8210 -260037.5391      14.7181   303.6    3528.9036         1.05963         53.0        37.506
3.7200     -260023.3507 -260037.8886      14.5380   299.9    3517.9669         1.06292         53.2        37.506
3.7300     -260023.0557 -260038.3538      15.2980   315.6    3517.9669         1.06292         53.0        37.506
3.7400     -260023.0664 -260037.9621      14.8957   307.3    3497.2362         1.06922         53.2        37.506
3.7500     -260023.4717 -260038.4692      14.9975   309.4    3497.2362         1.06922         53.0        37.506
3.7600     -260024.0111 -260038.0253      14.0142   289.1    3497.2362         1.06922         53.0        37.506
3.7700     -260023.8472 -260037.4210      13.5737   280.0    3485.3093         1.07288         53.2        37.506
3.7800     -260023.4659 -260037.1906      13.7246   283.1    3485.3093         1.07288         53.0        37.506
3.7900     -260023.6106 -260037.3938      13.7832   284.4    3469.0981         1.07790         53.1        37.506
3.8000     -260023.8347 -260038.6762      14.8414   306.2    3469.0981         1.07790         53.0        37.506
3.8100     -260023.6942 -260039.0225      15.3283   316.2    3469.0981         1.07790         53.0        37.506
3.8200     -260024.0946 -260038.5378      14.4432   298.0    3469.0981         1.07790         52.8        37.506
3.8300     -260024.3284 -260038.3386      14.0101   289.0    3438.2308         1.08757         52.9        37.506
3.8400     -260024.3983 -260037.6571      13.2589   273.5    3429.2600         1.09042         53.1        37.506
3.8500     -260024.2203 -260038.3584      14.1382   291.7    3407.3066         1.09744         53.2        37.506
3.8600     -260023.9952 -260038.2566      14.2614   294.2    3407.3066         1.09744         53.2        37.506
3.8700     -260024.2084 -260037.9544      13.7460   283.6    3386.9899         1.10403         53.4        37.506
3.8800     -260024.4604 -260038.4100      13.9497   287.8    3400.3061         1.09970         53.5        37.506
3.8900     -260024.5399 -260039.0726      14.5327   299.8    3400.3061         1.09970         53.4        37.506
3.9000     -260024.3103 -260038.8758      14.5654   300.5    3386.4058         1.10422         53.5        37.506
3.9100     -260024.7696 -260038.4367      13.6671   282.0    3386.4058         1.10422         53.5        37.506
3.9200     -260024.9009 -260039.2548      14.3539   296.1    3386.4058         1.10422         53.4        37.506
3.9300     -260024.7907 -260038.8111      14.0204   289.2    3386.4058         1.10422         53.2        37.506
3.9400     -260024.9158 -260039.0383      14.1225   291.4    3380.0519         1.10629         53.3        37.506
3.9500     -260024.8714 -260038.4093      13.5379   279.3    3388.9754         1.10338         53.5        37.506
3.9600     -260025.3230 -260038.3120      12.9890   268.0    3388.9754         1.10338         53.5        37.506
3.9700     -260025.5622 -260038.6708      13.1085   270.4    3375.2575         1.10786         53.6        37.506
3.9800     -260025.6119 -260038.9291      13.3172   274.7    3370.9895         1.10927         53.8        37.506
3.9900     -260025.6553 -260038.8817      13.2264   272.9    3370.9895         1.10927         53.6        37.506
4.0000     -260025.7358 -260039.1623      13.4265   277.0    3370.9895         1.10927         53.4        37.506
4.0100     -260025.5646 -260039.3852      13.8206   285.1    3370.9895         1.10927         53.4        37.506
4.0200     -260025.1362 -260039.1675      14.0312   289.5    3402.1898         1.09909         53.6        37.506
4.0300     -260025.1700 -260039.3730      14.2030   293.0    3402.1898         1.09909         53.4        37.506
4.0400     -260025.1959 -260039.3201      14.1242   291.4    3396.5860         1.10091         53.6        37.506
4.0500     -260025.0975 -260038.2749      13.1773   271.9    3396.5860         1.10091         53.4        37.506
4.0600     -260025.0048 -260038.2060      13.2012   272.3    3396.5860         1.10091         53.4        37.506
4.0700     -260024.8564 -260038.6557      13.7993   284.7    3406.3852         1.09774         53.5        37.506
4.0800     -260024.9151 -260038.7517      13.8367   285.5    3406.3852         1.09774         53.4        37.506
4.0900     -260024.8927 -260038.3456      13.4529   277.5    3406.3852         1.09774         53.2        37.506
4.1000     -260024.5556 -260038.2499      13.6943   282.5    3390.6305         1.10284         53.4        37.506
4.1100     -260024.4396 -260037.8072      13.3676   275.8    3390.6305         1.10284         53.4        37.506
4.1200     -260024.3434 -260038.2231      13.8797   286.3    3391.6588         1.10251         53.5        37.506
4.1300     -260024.5425 -260038.3682      13.8258   285.2    3391.6588         1.10251         53.3        37.506
4.1400     -260024.7905 -260038.3130      13.5225   279.0    3363.1445         1.11185         53.5        37.506
4.1500     -260024.2904 -260038.2628      13.9724   288.3    3363.1445         1.11185         53.3        37.506
4.1600     -260024.1222 -260038.4851      14.3629   296.3    3363.1445         1.11185         53.3        37.506
4.1700     -260023.4427 -260038.0066      14.5639   300.5    3361.9697         1.11224         53.5        37.506
4.1800     -260023.8285 -260037.8962      14.0677   290.2    3347.0133         1.11721         53.6        37.506
4.1900     -260024.3430 -260038.3396      13.9966   288.8    3350.2706         1.11613         53.7        37.506
4.2000     -260024.5370 -260038.1495      13.6126   280.8    3350.2706         1.11613         53.6        37.506
4.2100     -260023.6579 -260038.2557      14.5978   301.2    3350.2706         1.11613         53.6        37.506
4.2200     -260023.7985 -260037.9373      14.1388   291.7    3348.7902         1.11662         53.7        37.506
4.2300     -260023.8563 -260037.1082      13.2519   273.4    3348.7902         1.11662         53.6        37.506
4.2400     -260023.3011 -260037.2928      13.9916   288.7    3348.7902         1.11662         53.4        37.506
4.2500     -260023.0117 -260037.8116      14.7999   305.3    3348.7902         1.11662         53.2        37.506
4.2600     -260023.2396 -260037.5777      14.3381   295.8    3348.7902         1.11662         53.2        37.506
4.2700     -260023.0054 -260037.3113      14.3059   295.1    3348.7902         1.11662         53.1        37.506
4.2800     -260022.8921 -260037.6768      14.7847   305.0    3367.5691         1.11039         53.2        37.506
4.2900     -260023.8155 -260038.1550      14.3395   295.8    3367.5691         1.11039         53.1        37.506
4.3000     -260023.8999 -260037.6708      13.7708   284.1    3367.5691         1.11039         52.9        37.506
4.3100     -260023.6290 -260037.7968      14.1678   292.3    3367.5691         1.11039         52.9        37.506
4.3200     -260023.6306 -260037.7962      14.1656   292.2    3367.5691         1.11039         52.8        37.506
4.3300     -260023.4149 -260038.0294      14.6145   301.5    3367.5691         1.11039         52.6        37.506
4.3400     -260023.5905 -260038.5260      14.9355   308.1    3367.5691         1.11039         52.4        37.506
4.3500     -260023.3692 -260038.2665      14.8973   307.3    3367.5691         1.11039         52.3        37.506
4.3600     -260023.1279 -260037.8465      14.7186   303.6    3367.5691         1.11039         52.3        37.506
4.3700     -260022.5247 -260037.7346      15.2099   313.8    3367.5691         1.11039         52.1        37.506
4.3800     -260022.3303 -260037.2620      14.9317   308.0    3367.5691         1.11039         52.0        37.506
4.3900     -260022.2299 -260037.3144      15.0845   311.2    3366.6394         1.11070         52.1        37.506
4.4000     -260022.5848 -260037.4944      14.9096   307.6    3377.3494         1.10718         52.3        37.506
4.4100     -260022.5969 -260037.2327      14.6358   301.9    3377.3494         1.10718         52.3        37.506
4.4200     -260023.2223 -260037.6484      14.4261   297.6    3350.1645         1.11616         52.4        37.506
4.4300     -260023.1851 -260037.1186      13.9335   287.5    3350.1645         1.11616         52.3        37.506
4.4400     -260023.2250 -260038.1172      14.8922   307.2    3355.0915         1.11452         52.4        37.506
4.4500     -260022.6264 -260037.4931      14.8667   306.7    3365.3512         1.11113         52.5        37.506
4.4600     -260022.4106 -260037.2109      14.8003   305.3    3365.3512         1.11113         52.5        37.506
4.4700     -260021.8844 -260037.5185      15.6341   322.5    3365.3512         1.11113         52.4        37.506
4.4800     -260021.9270 -260037.9143      15.9874   329.8    3365.3512         1.11113         52.2        37.506
4.4900     -260021.7383 -260036.9918      15.2535   314.7    3365.3512         1.11113         52.1        37.506
4.5000     -260021.5269 -260037.0603      15.5334   320.5    3393.9611         1.10176         52.2        37.506
4.5100     -260021.1411 -260036.0105      14.8694   306.8    3393.9611         1.10176         52.2        37.506
4.5200     -260021.2920 -260036.2886      14.9966   309.4    3422.4796         1.09258         52.4        37.506
4.5300     -260022.2054 -260036.9411      14.7357   304.0    3434.9114         1.08862         52.5        37.506
4.5400     -260021.9886 -260037.5529      15.5643   321.1    3422.7295         1.09250         52.6        37.506
4.5500     -260021.7874 -260037.6497      15.8623   327.2    3402.4282         1.09902         52.7        37.506
4.5600     -260022.2197 -260036.9519      14.7322   303.9    3402.4282         1.09902         52.7        37.506
4.5700     -260021.8870 -260036.8472      14.9602   308.6    3415.2238         1.09490         52.9        37.506
4.5800     -260022.0545 -260036.9587      14.9042   307.5    3408.0510         1.09720         53.0        37.506
4.5900     -260021.9265 -260036.3758      14.4493   298.1    3408.0510         1.09720         52.9        37.506
4.6000     -260021.9389 -260036.7616      14.8228   305.8    3380.0777         1.10628         53.0        37.506
4.6100     -260021.4254 -260036.2308      14.8055   305.4    3380.0777         1.10628         53.0        37.506
4.6200     -260022.5897 -260037.5635      14.9738   308.9    3380.0777         1.10628         52.8        37.506
4.6300     -260022.8026 -260038.0376      15.2351   314.3    3380.0777         1.10628         52.7        37.506
4.6400     -260022.6698 -260038.2352      15.5654   321.1    3380.0777         1.10628         52.6        37.506
4.6500     -260022.8988 -260037.4445      14.5457   300.1    3415.9115         1.09468         52.7        37.506
4.6600     -260022.7453 -260037.6753      14.9300   308.0    3415.9115         1.09468         52.7        37.506
4.6700     -260022.4782 -260037.0057      14.5276   299.7    3418.1036         1.09398         52.8        37.506
4.6800     -260022.6206 -260037.6746      15.0540   310.6    3429.4962         1.09034         52.9        37.506
4.6900     -260022.1877 -260036.7482      14.5606   300.4    3429.4962         1.09034         52.8        37.506
4.7000     -260022.0872 -260035.8709      13.7838   284.4    3422.6004         1.09254         52.9        37.506
4.7100     -260021.5070 -260036.4847      14.9777   309.0    3422.6004         1.09254         52.9        37.506
4.7200     -260022.2539 -260036.5858      14.3319   295.7    3422.6004         1.09254         52.8        37.506
4.7300     -260021.6998 -260037.1920      15.4922   319.6    3422.6004         1.09254         52.6        37.506
4.7400     -260022.7479 -260037.0949      14.3470   296.0    3405.6627         1.09797         52.8        37.506
4.7500     -260022.1766 -260036.3358      14.1592   292.1    3405.6627         1.09797         52.6        37.506
4.7600     -260022.1530 -260035.9705      13.8175   285.1    3405.6627         1.09797         52.6        37.506
4.7700     -260022.4839 -260036.5722      14.0884   290.6    3405.6627         1.09797         52.5        37.506
4.7800     -260022.3727 -260036.7441      14.3713   296.5    3418.1708         1.09396         52.6        37.506
4.7900     -260022.0518 -260036.6004      14.5486   300.1    3437.1603         1.08791         52.7        37.506
4.8000     -260021.9345 -260036.0944      14.1599   292.1    3403.4230         1.09870         52.9        37.506
4.8100     -260021.8073 -260036.9370      15.1296   312.1    3403.4230         1.09870         52.9        37.506
4.8200     -260022.4707 -260036.8342      14.3635   296.3    3377.2344         1.10722         53.0        37.506
4.8300     -260022.8356 -260037.0086      14.1730   292.4    3377.2344         1.10722         52.8        37.506
4.8400     -260022.7676 -260037.1522      14.3846   296.8    3376.3520         1.10750         53.0        37.506
4.8500     -260022.6425 -260037.2661      14.6235   301.7    3376.3520         1.10750         52.8        37.506
4.8600     -260023.1391 -260037.8984      14.7593   304.5    3376.3520         1.10750         52.8        37.506
4.8700     -260023.2705 -260038.0532      14.7827   305.0    3376.3520         1.10750         52.7        37.506
4.8800     -260023.5145 -260037.4833      13.9688   288.2    3387.9505         1.10371         52.8        37.506
4.8900     -260023.6644 -260037.3931      13.7286   283.2    3387.9505         1.10371         52.7        37.506
4.9000     -260023.4094 -260037.9165      14.5071   299.3    3387.9505         1.10371         52.6        37.506
4.9100     -260023.4824 -260037.4715      13.9891   288.6    3387.9505         1.10371         52.6        37.506
4.9200     -260023.3556 -260037.6695      14.3139   295.3    3398.7380         1.10021         52.7        37.506
4.9300     -260022.8200 -260037.6986      14.8786   306.9    3398.7380         1.10021         52.5        37.506
4.9400     -260022.4669 -260037.3304      14.8635   306.6    3398.7380         1.10021         52.4        37.506
4.9500     -260022.3913 -260037.0853      14.6940   303.1    3411.8246         1.09599         52.5        37.506
4.9600     -260022.7556 -260037.5902      14.8346   306.0    3411.8246         1.09599         52.5        37.506
4.9700     -260023.0216 -260037.5349      14.5133   299.4    3399.8199         1.09986         52.6        37.506
4.9800     -260022.9722 -260037.3113      14.3391   295.8    3399.8199         1.09986         52.5        37.506
4.9900     -260022.7171 -260037.9409      15.2238   314.1    3399.8199         1.09986         52.4        37.506
5.0000     -260022.9443 -260037.3046      14.3603   296.3    3379.8867         1.10635         52.5        37.506
5.0100     -260023.1513 -260036.9039      13.7526   283.7    3379.8867         1.10635         52.5        37.506
5.0200     -260022.9263 -260037.7260      14.7997   305.3    3379.8867         1.10635         52.4        37.506
5.0300     -260023.2155 -260037.4114      14.1959   292.9    3403.7275         1.09860         52.5        37.506
5.0400     -260023.2391 -260037.6680      14.4290   297.7    3405.0086         1.09818         52.6        37.506
5.0500     -260023.1385 -260038.0983      14.9599   308.6    3387.7518         1.10378         52.7        37.506
5.0600     -260023.4567 -260037.8723      14.4156   297.4    3387.7518         1.10378         52.7        37.506
5.0700     -260023.2071 -260037.6249      14.4177   297.4    3384.5178         1.10483         52.8        37.506
5.0800     -260024.6261 -260038.2968      13.6706   282.0    3402.9702         1.09884         53.0        37.506
5.0900     -260024.3927 -260037.0072      12.6145   260.2    3417.5495         1.09415         53.1        37.506
5.1000     -260024.7120 -260037.7726      13.0606   269.4    3422.6915         1.09251         53.2        37.506
5.1100     -260024.4634 -260038.2866      13.8233   285.2    3422.6915         1.09251         53.2        37.506
5.1200     -260024.0976 -260037.6941      13.5964   280.5    3400.4638         1.09965         53.3        37.506
5.1300     -260024.4229 -260037.9874      13.5646   279.8    3400.4638         1.09965         53.2        37.506
5.1400     -260024.0118 -260037.7042      13.6923   282.5    3412.3806         1.09581         53.3        37.506
5.1500     -260024.0370 -260036.8192      12.7822   263.7    3412.3806         1.09581         53.2        37.506
5.1600     -260023.9397 -260036.9478      13.0081   268.4    3412.3806         1.09581         53.2        37.506
5.1700     -260023.2030 -260037.1872      13.9843   288.5    3412.3806         1.09581         53.0        37.506
5.1800     -260022.4757 -260036.3756      13.8999   286.8    3423.5041         1.09225         53.1        37.506
5.1900     -260022.4833 -260036.7803      14.2970   295.0    3423.5041         1.09225         53.0        37.506
5.2000     -260022.3789 -260036.8403      14.4614   298.3    3423.5041         1.09225         52.9        37.506
5.2100     -260021.9129 -260036.8154      14.9026   307.4    3423.5041         1.09225         52.9        37.506
5.2200     -260022.3079 -260036.2670      13.9591   288.0    3401.9382         1.09918         53.0        37.506
5.2300     -260022.1669 -260036.3318      14.1649   292.2    3393.4257         1.10193         53.1        37.506
5.2400     -260021.8767 -260036.2165      14.3399   295.8    3404.7489         1.09827         53.2        37.506
5.2500     -260021.4982 -260035.9869      14.4887   298.9    3413.1040         1.09558         53.3        37.506
5.2600     -260021.6357 -260036.5839      14.9482   308.4    3413.1040         1.09558         53.3        37.506
5.2700     -260021.7470 -260036.3339      14.5869   300.9    3417.3029         1.09423         53.4        37.506
5.2800     -260021.3085 -260036.2925      14.9840   309.1    3417.3029         1.09423         53.3        37.506
5.2900     -260021.4731 -260036.0801      14.6069   301.3    3419.3224         1.09359         53.4        37.506
5.3000     -260021.7091 -260036.1515      14.4424   297.9    3417.0601         1.09431         53.5        37.506
5.3100     -260021.6667 -260035.8272      14.1605   292.1    3417.0601         1.09431         53.5        37.506
5.3200     -260021.1781 -260035.8656      14.6875   303.0    3417.0601         1.09431         53.4        37.506
5.3300     -260021.1307 -260035.7939      14.6632   302.5    3414.4670         1.09514         53.5        37.506
5.3400     -260021.0630 -260035.4988      14.4358   297.8    3410.1065         1.09654         53.6        37.506
5.3500     -260021.0908 -260036.0608      14.9699   308.8    3410.1065         1.09654         53.5        37.506
5.3600     -260021.8567 -260036.7974      14.9407   308.2    3410.1065         1.09654         53.5        37.506
5.3700     -260021.7444 -260036.4767      14.7322   303.9    3409.5329         1.09673         53.6        37.506
5.3800     -260021.6272 -260036.2740      14.6468   302.2    3409.5329         1.09673         53.5        37.506
5.3900     -260022.0155 -260035.7829      13.7675   284.0    3409.5329         1.09673         53.4        37.506
5.4000     -260021.9442 -260037.1425      15.1983   313.5    3402.4814         1.09900         53.5        37.506
5.4100     -260021.2221 -260036.3322      15.1101   311.7    3402.4814         1.09900         53.5        37.506
5.4200     -260021.0578 -260035.5329      14.4751   298.6    3407.8815         1.09726         53.6        37.506
5.4300     -260021.5377 -260036.0621      14.5244   299.6    3411.4577         1.09611         53.7        37.506
5.4400     -260021.1949 -260036.3207      15.1258   312.0    3400.6409         1.09959         53.8        37.506
5.4500     -260021.1067 -260035.7216      14.6149   301.5    3400.6409         1.09959         53.7        37.506
5.4600     -260020.9486 -260035.5088      14.5602   300.4    3400.6409         1.09959         53.7        37.506
5.4700     -260021.1894 -260035.5785      14.3892   296.9    3427.2510         1.09106         53.8        37.506
5.4800     -260020.7214 -260036.1639      15.4425   318.6    3448.5106         1.08433         53.9        37.506
5.4900     -260020.4930 -260035.0411      14.5480   300.1    3424.8052         1.09184         54.0        37.506
5.5000     -260020.6602 -260036.1121      15.4519   318.8    3424.8052         1.09184         53.9        37.506
5.5100     -260020.7640 -260036.4381      15.6741   323.4    3424.8052         1.09184         53.9        37.506
5.5200     -260020.5215 -260036.6969      16.1754   333.7    3424.8052         1.09184         53.7        37.506
5.5300     -260021.5057 -260036.6125      15.1068   311.7    3424.8052         1.09184         53.6        37.506
5.5400     -260021.6141 -260036.4368      14.8228   305.8    3425.5952         1.09158         53.7        37.506
5.5500     -260021.0853 -260036.1915      15.1061   311.6    3449.2019         1.08411         53.8        37.506
5.5600     -260021.2301 -260035.8897      14.6595   302.4    3449.2019         1.08411         53.8        37.506
5.5700     -260021.4248 -260036.6096      15.1848   313.3    3449.2019         1.08411         53.7        37.506
5.5800     -260021.9372 -260036.1788      14.2415   293.8    3462.2407         1.08003         53.8        37.506
5.5900     -260022.1687 -260036.7456      14.5769   300.7    3462.2407         1.08003         53.7        37.506
5.6000     -260022.2600 -260036.8937      14.6336   301.9    3448.3813         1.08437         53.8        37.506
5.6100     -260022.2691 -260037.8305      15.5614   321.0    3448.3813         1.08437         53.8        37.506
5.6200     -260021.9036 -260036.8640      14.9603   308.6    3448.3813         1.08437         53.7        37.506
5.6300     -260021.7504 -260037.2219      15.4715   319.2    3448.3813         1.08437         53.6        37.506
5.6400     -260022.0658 -260036.6501      14.5843   300.9    3448.3813         1.08437         53.4        37.506
5.6500     -260022.3678 -260036.6031      14.2354   293.7    3448.8100         1.08424         53.5        37.506
5.6600     -260022.8245 -260037.1014      14.2769   294.5    3448.8100         1.08424         53.5        37.506
5.6700     -260022.8094 -260036.9133      14.1039   291.0    3449.5852         1.08399         53.6        37.506
5.6800     -260023.2578 -260036.2941      13.0363   268.9    3457.7684         1.08143         53.7        37.506
5.6900     -260022.8544 -260036.3393      13.4849   278.2    3454.6337         1.08241         53.8        37.506
5.7000     -260022.3428 -260036.3238      13.9811   288.4    3455.6714         1.08208         53.9        37.506
5.7100     -260022.5690 -260036.4506      13.8816   286.4    3455.6714         1.08208         53.9        37.506
5.7200     -260022.9201 -260036.6260      13.7058   282.8    3453.9383         1.08263         54.0        37.506
5.7300     -260022.3613 -260036.2735      13.9122   287.0    3463.0494         1.07978         54.1        37.506
5.7400     -260022.2885 -260036.1585      13.8700   286.1    3463.0494         1.07978         54.0        37.506
5.7500     -260022.5805 -260036.5528      13.9723   288.3    3473.0316         1.07668         54.1        37.506
5.7600     -260022.8413 -260036.5451      13.7038   282.7    3473.0316         1.07668         54.1        37.506
5.7700     -260023.2784 -260036.1513      12.8729   265.6    3477.3314         1.07534         54.2        37.506
5.7800     -260023.4220 -260036.8181      13.3961   276.4    3467.7528         1.07831         54.3        37.506
5.7900     -260023.5184 -260037.2654      13.7470   283.6    3476.3312         1.07565         54.4        37.506
5.8000     -260022.6017 -260036.8423      14.2406   293.8    3501.0205         1.06807         54.5        37.506
5.8100     -260022.5431 -260036.9059      14.3629   296.3    3501.0205         1.06807         54.5        37.506
5.8200     -260023.0624 -260037.3063      14.2439   293.9    3500.2132         1.06831         54.6        37.506
5.8300     -260022.8983 -260037.3547      14.4564   298.2    3497.9272         1.06901         54.7        37.506
5.8400     -260023.1024 -260037.5344      14.4320   297.7    3497.9272         1.06901         54.6        37.506
5.8500     -260022.8690 -260036.6826      13.8136   285.0    3498.5442         1.06882         54.7        37.506
5.8600     -260022.9198 -260036.2142      13.2944   274.3    3498.5442         1.06882         54.7        37.506
5.8700     -260021.7376 -260035.6889      13.9513   287.8    3498.5442         1.06882         54.6        37.506
5.8800     -260022.0795 -260035.6635      13.5840   280.2    3499.5315         1.06852         54.7        37.506
5.8900     -260022.3056 -260036.8617      14.5561   300.3    3474.7333         1.07615         54.8        37.506
5.9000     -260022.2326 -260037.0916      14.8591   306.5    3474.7333         1.07615         54.7        37.506
5.9100     -260022.8141 -260036.9067      14.0926   290.7    3474.7333         1.07615         54.7        37.506
5.9200     -260022.1304 -260036.8805      14.7501   304.3    3482.9997         1.07359         54.8        37.506
5.9300     -260022.0375 -260036.1827      14.1452   291.8    3482.9997         1.07359         54.6        37.506
5.9400     -260022.1514 -260035.8188      13.6674   282.0    3482.9997         1.07359         54.5        37.506
5.9500     -260021.6333 -260036.0135      14.3801   296.7    3495.7937         1.06966         54.6        37.506
5.9600     -260021.6331 -260037.1563      15.5232   320.2    3495.7937         1.06966         54.6        37.506
5.9700     -260021.2191 -260036.2587      15.0395   310.3    3495.7937         1.06966         54.5        37.506
5.9800     -260021.5985 -260035.2867      13.6881   282.4    3477.4014         1.07532         54.6        37.506
5.9900     -260021.3950 -260036.5318      15.1368   312.3    3468.3904         1.07812         54.7        37.506
6.0000     -260021.2731 -260035.3478      14.0746   290.4    3465.2532         1.07909         54.8        37.506
6.0100     -260021.2385 -260035.9325      14.6940   303.1    3465.2532         1.07909         54.8        37.506
6.0200     -260022.0662 -260036.5664      14.5002   299.1    3465.2532         1.07909         54.7        37.506
6.0300     -260021.9803 -260036.1313      14.1510   291.9    3468.6437         1.07804         54.8        37.506
6.0400     -260021.7755 -260036.2293      14.4538   298.2    3468.6437         1.07804         54.7        37.506
6.0500     -260022.1580 -260037.4341      15.2761   315.2    3468.6437         1.07804         54.5        37.506
6.0600     -260022.2467 -260037.1575      14.9108   307.6    3468.6437         1.07804         54.5        37.506
6.0700     -260021.9406 -260036.9582      15.0177   309.8    3468.6437         1.07804         54.4        37.506
6.0800     -260021.7074 -260037.1184      15.4109   317.9    3468.6437         1.07804         54.3        37.506
6.0900     -260022.0728 -260037.1504      15.0776   311.1    3462.4833         1.07996         54.4        37.506
6.1000     -260021.8276 -260037.4833      15.6557   323.0    3462.4833         1.07996         54.3        37.506
6.1100     -260022.5327 -260037.5774      15.0447   310.4    3462.4833         1.07996         54.3        37.506
6.1200     -260022.9408 -260037.2529      14.3121   295.3    3431.0947         1.08983         54.4        37.506
6.1300     -260022.8412 -260036.9522      14.1110   291.1    3434.3587         1.08880         54.5        37.506
6.1400     -260021.9008 -260037.0145      15.1136   311.8    3467.9694         1.07825         54.6        37.506
6.1500     -260020.9845 -260036.5052      15.5207   320.2    3484.5846         1.07311         54.7        37.506
6.1600     -260021.4233 -260036.8537      15.4304   318.3    3484.5846         1.07311         54.7        37.506
6.1700     -260021.5874 -260036.3968      14.8094   305.5    3455.2119         1.08223         54.8        37.506
6.1800     -260021.7131 -260036.0052      14.2921   294.8    3425.1929         1.09171         54.9        37.506
6.1900     -260021.9460 -260036.5932      14.6473   302.2    3435.9850         1.08828         54.9        37.506
6.2000     -260022.7689 -260036.9369      14.1681   292.3    3409.3558         1.09678         55.0        37.506
6.2100     -260022.7431 -260037.4183      14.6752   302.8    3409.3558         1.09678         55.0        37.506
6.2200     -260022.7925 -260037.0665      14.2740   294.5    3408.4976         1.09706         55.1        37.506
6.2300     -260023.5698 -260037.4735      13.9037   286.8    3408.4976         1.09706         55.0        37.506
6.2400     -260023.6587 -260037.3132      13.6545   281.7    3408.4976         1.09706         54.9        37.506
6.2500     -260024.5565 -260038.2463      13.6898   282.4    3408.9999         1.09690         55.0        37.506
6.2600     -260024.2605 -260037.6534      13.3929   276.3    3408.9999         1.09690         55.0        37.506
6.2700     -260023.8453 -260037.3269      13.4816   278.1    3416.7071         1.09442         55.1        37.506
6.2800     -260023.1534 -260038.0355      14.8822   307.0    3416.7071         1.09442         55.0        37.506
6.2900     -260022.8213 -260037.4010      14.5797   300.8    3416.7071         1.09442         54.9        37.506
6.3000     -260023.3238 -260037.8046      14.4808   298.7    3416.7071         1.09442         54.8        37.506
6.3100     -260022.8483 -260038.1470      15.2987   315.6    3416.7071         1.09442         54.8        37.506
6.3200     -260023.3262 -260038.1632      14.8370   306.1    3410.1215         1.09654         54.9        37.506
6.3300     -260023.5815 -260038.0862      14.5047   299.2    3410.1215         1.09654         54.7        37.506
6.3400     -260023.0556 -260037.8256      14.7701   304.7    3410.1215         1.09654         54.6        37.506
6.3500     -260023.1103 -260037.9493      14.8390   306.1    3410.1215         1.09654         54.5        37.506
6.3600     -260022.7265 -260037.8197      15.0932   311.4    3410.1215         1.09654         54.5        37.506
6.3700     -260022.5420 -260037.8716      15.3297   316.3    3410.1215         1.09654         54.4        37.506
6.3800     -260022.8167 -260037.8178      15.0012   309.5    3396.3530         1.10098         54.5        37.506
6.3900     -260023.0712 -260037.9146      14.8434   306.2    3394.9572         1.10144         54.6        37.506
6.4000     -260022.6915 -260037.3021      14.6106   301.4    3394.9572         1.10144         54.5        37.506
6.4100     -260022.7851 -260037.3657      14.5806   300.8    3394.9572         1.10144         54.5        37.506
6.4200     -260022.7931 -260037.0840      14.2909   294.8    3394.9572         1.10144         54.4        37.506
6.4300     -260023.3928 -260037.8484      14.4556   298.2    3426.6924         1.09123         54.5        37.506
6.4400     -260023.1425 -260037.3046      14.1621   292.2    3426.6924         1.09123         54.4        37.506
6.4500     -260022.9509 -260038.1364      15.1855   313.3    3404.6717         1.09829         54.5        37.506
6.4600     -260022.7480 -260038.1195      15.3716   317.1    3404.6717         1.09829         54.5        37.506
6.4700     -260023.1209 -260038.2099      15.0890   311.3    3404.6717         1.09829         54.4        37.506
6.4800     -260023.2401 -260038.0781      14.8380   306.1    3394.6054         1.10155         54.4        37.506
6.4900     -260023.5167 -260037.6387      14.1220   291.3    3394.6054         1.10155         54.3        37.506
6.5000     -260023.8878 -260038.3717      14.4839   298.8    3390.4017         1.10292         54.4        37.506
6.5100     -260024.0790 -260037.8841      13.8050   284.8    3390.4017         1.10292         54.4        37.506
6.5200     -260024.1325 -260037.7198      13.5873   280.3    3391.7785         1.10247         54.5        37.506
6.5300     -260024.1119 -260037.8747      13.7628   283.9    3403.9681         1.09852         54.6        37.506
6.5400     -260023.7520 -260038.2794      14.5273   299.7    3403.9681         1.09852         54.5        37.506
6.5500     -260023.6421 -260038.0532      14.4111   297.3    3403.9681         1.09852         54.4        37.506
6.5600     -260023.6041 -260037.4276      13.8235   285.2    3403.9681         1.09852         54.4        37.506
6.5700     -260023.8190 -260037.5145      13.6956   282.5    3403.9681         1.09852         54.3        37.506
6.5800     -260023.9705 -260037.9982      14.0277   289.4    3403.9681         1.09852         54.2        37.506
6.5900     -260024.0130 -260037.3799      13.3669   275.8    3400.3081         1.09970         54.3        37.506
6.6000     -260023.8425 -260036.9420      13.0995   270.2    3370.1143         1.10955         54.4        37.506
6.6100     -260023.8274 -260038.0159      14.1885   292.7    3370.1143         1.10955         54.4        37.506
6.6200     -260023.3386 -260037.8063      14.4677   298.5    3370.1143         1.10955         54.3        37.506
6.6300     -260023.2799 -260038.3992      15.1193   311.9    3370.1143         1.10955         54.2        37.506
6.6400     -260023.0192 -260037.9518      14.9326   308.1    3370.1143         1.10955         54.0        37.506
6.6500     -260023.0593 -260037.7469      14.6876   303.0    3370.1143         1.10955         53.9        37.506
6.6600     -260023.6281 -260038.3881      14.7600   304.5    3370.1143         1.10955         53.9        37.506
6.6700     -260023.4472 -260038.0899      14.6427   302.1    3377.2667         1.10720         54.0        37.506
6.6800     -260023.3969 -260038.0665      14.6696   302.6    3377.2667         1.10720         53.9        37.506
6.6900     -260023.7658 -260038.1508      14.3850   296.8    3411.0219         1.09625         54.0        37.506
6.7000     -260023.0594 -260038.2323      15.1728   313.0    3411.0219         1.09625         53.9        37.506
6.7100     -260023.2111 -260037.3345      14.1234   291.4    3411.0219         1.09625         53.9        37.506
6.7200     -260022.6383 -260037.4593      14.8210   305.8    3401.2300         1.09940         54.0        37.506
6.7300     -260023.0303 -260037.7843      14.7540   304.4    3386.6224         1.10415         54.1        37.506
6.7400     -260022.7078 -260037.8618      15.1540   312.6    3412.3285         1.09583         54.2        37.506
6.7500     -260022.8076 -260037.6998      14.8923   307.2    3410.8126         1.09632         54.3        37.506
6.7600     -260023.1941 -260037.2319      14.0378   289.6    3410.8126         1.09632         54.3        37.506
6.7700     -260023.1307 -260037.3826      14.2519   294.0    3448.0591         1.08447         54.3        37.506
6.7800     -260023.2140 -260037.9384      14.7245   303.8    3448.0591         1.08447         54.2        37.506
6.7900     -260022.8102 -260037.6198      14.8096   305.5    3453.7935         1.08267         54.3        37.506
6.8000     -260023.2877 -260037.5695      14.2818   294.6    3453.7935         1.08267         54.2        37.506
6.8100     -260023.0943 -260037.7325      14.6383   302.0    3453.7935         1.08267         54.2        37.506
6.8200     -260023.0495 -260037.6531      14.6036   301.3    3475.5156         1.07591         54.3        37.506
6.8300     -260023.0475 -260036.7114      13.6639   281.9    3475.5156         1.07591         54.2        37.506
6.8400     -260023.6837 -260036.7136      13.0299   268.8    3477.1720         1.07539         54.3        37.506
6.8500     -260023.7652 -260038.0297      14.2645   294.3    3484.9194         1.07300         54.4        37.506
6.8600     -260023.8613 -260038.8343      14.9731   308.9    3484.9194         1.07300         54.4        37.506
6.8700     -260023.6372 -260038.4248      14.7877   305.1    3484.9194         1.07300         54.3        37.506
6.8800     -260023.7010 -260037.6485      13.9475   287.7    3484.9194         1.07300         54.2        37.506
6.8900     -260024.1478 -260037.7213      13.5735   280.0    3464.3920         1.07936         54.3        37.506
6.9000     -260023.6289 -260037.9645      14.3356   295.7    3464.3920         1.07936         54.2        37.506
6.9100     -260023.2640 -260037.2493      13.9853   288.5    3464.3920         1.07936         54.2        37.506
6.9200     -260023.1744 -260037.3641      14.1897   292.7    3464.3920         1.07936         54.1        37.506
6.9300     -260023.4247 -260037.5726      14.1479   291.9    3446.2395         1.08505         54.2        37.506
6.9400     -260023.3479 -260037.6426      14.2947   294.9    3411.2185         1.09618         54.2        37.506
6.9500     -260023.4399 -260037.8197      14.3798   296.7    3382.8298         1.10538         54.3        37.506
6.9600     -260023.2322 -260037.5550      14.3228   295.5    3382.8298         1.10538         54.3        37.506
6.9700     -260024.1636 -260037.6040      13.4405   277.3    3382.8298         1.10538         54.2        37.506
6.9800     -260024.0145 -260037.3888      13.3743   275.9    3382.8298         1.10538         54.1        37.506
6.9900     -260023.5356 -260037.2809      13.7452   283.6    3382.8298         1.10538         54.0        37.506
7.0000     -260023.7388 -260037.6700      13.9312   287.4    3374.4045         1.10814         54.1        37.506
7.0100     -260023.5773 -260037.4047      13.8274   285.3    3374.4045         1.10814         54.1        37.506
7.0200     -260022.9386 -260037.4992      14.5606   300.4    3374.4045         1.10814         54.0        37.506
7.0300     -260022.5003 -260037.5803      15.0799   311.1    3394.2874         1.10165         54.1        37.506
7.0400     -260022.8505 -260038.0203      15.1698   313.0    3368.6668         1.11003         54.2        37.506
7.0500     -260022.7496 -260036.8122      14.0626   290.1    3371.3554         1.10915         54.3        37.506
7.0600     -260022.6680 -260036.3999      13.7319   283.3    3371.3554         1.10915         54.3        37.506
7.0700     -260023.1241 -260036.9024      13.7783   284.3    3344.4228         1.11808         54.3        37.506
7.0800     -260022.6257 -260037.9857      15.3600   316.9    3344.4228         1.11808         54.2        37.506
7.0900     -260023.5709 -260038.0098      14.4389   297.9    3350.8196         1.11594         54.3        37.506
7.1000     -260023.9098 -260038.6341      14.7243   303.8    3350.8196         1.11594         54.2        37.506
7.1100     -260024.0978 -260038.0720      13.9742   288.3    3350.8196         1.11594         54.2        37.506
7.1200     -260023.7244 -260038.7010      14.9765   309.0    3350.8196         1.11594         54.1        37.506
7.1300     -260023.5721 -260038.3145      14.7424   304.1    3347.1497         1.11717         54.2        37.506
7.1400     -260023.5944 -260038.5045      14.9100   307.6    3347.1497         1.11717         54.1        37.506
7.1500     -260023.3473 -260038.3652      15.0179   309.8    3347.1497         1.11717         54.0        37.506
7.1600     -260023.2994 -260038.1974      14.8980   307.3    3347.1497         1.11717         54.0        37.506
7.1700     -260023.2342 -260038.0733      14.8391   306.1    3347.1497         1.11717         53.9        37.506
7.1800     -260023.1488 -260038.1741      15.0253   310.0    3347.1497         1.11717         53.8        37.506
7.1900     -260022.8050 -260037.1387      14.3337   295.7    3347.1497         1.11717         53.7        37.506
7.2000     -260022.6004 -260036.6822      14.0818   290.5    3347.1497         1.11717         53.6        37.506
7.2100     -260022.3805 -260036.7654      14.3849   296.8    3347.1497         1.11717         53.6        37.506
7.2200     -260023.2402 -260038.2140      14.9738   308.9    3347.1497         1.11717         53.6        37.506
7.2300     -260023.3594 -260038.3241      14.9647   308.7    3373.6950         1.10838         53.6        37.506
7.2400     -260023.4007 -260037.7552      14.3545   296.1    3370.7898         1.10933         53.7        37.506
7.2500     -260023.2841 -260037.9117      14.6277   301.8    3371.9219         1.10896         53.8        37.506
7.2600     -260022.8220 -260038.4466      15.6246   322.3    3371.9219         1.10896         53.8        37.506
7.2700     -260022.7869 -260037.6651      14.8782   306.9    3341.6703         1.11900         53.9        37.506
7.2800     -260022.7447 -260037.3791      14.6344   301.9    3341.6703         1.11900         53.8        37.506
7.2900     -260022.5471 -260037.2967      14.7496   304.3    3338.8294         1.11995         53.9        37.506
7.3000     -260023.0860 -260038.1551      15.0691   310.9    3365.2434         1.11116         53.9        37.506
7.3100     -260023.4071 -260038.1761      14.7690   304.7    3365.2434         1.11116         53.9        37.506
7.3200     -260023.2275 -260038.1517      14.9242   307.9    3365.2434         1.11116         53.8        37.506
7.3300     -260023.7980 -260038.1524      14.3544   296.1    3370.5842         1.10940         53.9        37.506
7.3400     -260024.1077 -260038.8329      14.7253   303.8    3372.5601         1.10875         54.0        37.506
7.3500     -260023.6691 -260038.6248      14.9557   308.5    3356.2170         1.11415         54.1        37.506
7.3600     -260024.4900 -260038.7609      14.2709   294.4    3356.2170         1.11415         54.1        37.506
7.3700     -260024.1569 -260038.2943      14.1373   291.7    3372.4623         1.10878         54.2        37.506
7.3800     -260024.4380 -260038.9243      14.4863   298.9    3372.4623         1.10878         54.1        37.506
7.3900     -260024.1904 -260039.1237      14.9333   308.1    3381.3222         1.10588         54.1        37.506
7.4000     -260023.8933 -260038.1751      14.2818   294.6    3403.9051         1.09854         54.2        37.506
7.4100     -260022.8531 -260038.3175      15.4644   319.0    3403.9051         1.09854         54.2        37.506
7.4200     -260022.3707 -260037.1503      14.7796   304.9    3403.9051         1.09854         54.1        37.506
7.4300     -260022.7244 -260037.4938      14.7694   304.7    3403.9051         1.09854         54.0        37.506
7.4400     -260022.1142 -260037.7826      15.6684   323.2    3403.9051         1.09854         53.9        37.506
7.4500     -260021.9200 -260036.9374      15.0174   309.8    3403.9051         1.09854         53.9        37.506
7.4600     -260021.9778 -260036.9986      15.0208   309.9    3403.9051         1.09854         53.9        37.506
7.4700     -260021.2864 -260037.2156      15.9292   328.6    3403.9051         1.09854         53.8        37.506
7.4800     -260021.9023 -260037.4493      15.5470   320.7    3403.9051         1.09854         53.7        37.506
7.4900     -260022.5645 -260037.0841      14.5196   299.5    3379.6955         1.10641         53.8        37.506
7.5000     -260022.6548 -260037.3509      14.6961   303.2    3379.6955         1.10641         53.7        37.506
7.5100     -260022.9005 -260038.4523      15.5518   320.8    3379.6955         1.10641         53.7        37.506
7.5200     -260023.0288 -260037.3424      14.3136   295.3    3380.4117         1.10617         53.7        37.506
7.5300     -260022.7508 -260036.2299      13.4791   278.1    3371.0513         1.10925         53.8        37.506
7.5400     -260023.2198 -260037.6381      14.4183   297.5    3357.0660         1.11387         53.9        37.506
7.5500     -260023.3709 -260037.2059      13.8350   285.4    3330.2436         1.12284         54.0        37.506
7.5600     -260023.3683 -260037.1473      13.7790   284.3    3330.2436         1.12284         54.0        37.506
7.5700     -260022.7039 -260037.9446      15.2407   314.4    3327.3752         1.12381         54.0        37.506
7.5800     -260022.9732 -260038.6702      15.6969   323.8    3327.3752         1.12381         54.0        37.506
7.5900     -260023.4402 -260038.3941      14.9539   308.5    3327.3752         1.12381         53.9        37.506
7.6000     -260023.2545 -260037.6057      14.3512   296.1    3327.3752         1.12381         53.8        37.506
7.6100     -260022.7432 -260038.1405      15.3973   317.6    3327.3752         1.12381         53.8        37.506
7.6200     -260022.8875 -260037.7688      14.8812   307.0    3327.3752         1.12381         53.7        37.506
7.6300     -260022.6050 -260037.2572      14.6522   302.3    3327.3752         1.12381         53.6        37.506
7.6400     -260022.2602 -260037.5804      15.3202   316.1    3327.3752         1.12381         53.5        37.506
7.6500     -260022.6204 -260037.3798      14.7595   304.5    3327.3752         1.12381         53.4        37.506
7.6600     -260022.6340 -260037.8722      15.2382   314.4    3327.3752         1.12381         53.4        37.506
7.6700     -260022.2536 -260038.2475      15.9939   330.0    3334.0027         1.12157         53.5        37.506
7.6800     -260022.3090 -260037.7457      15.4367   318.5    3350.2049         1.11615         53.6        37.506
7.6900     -260022.4380 -260037.3770      14.9390   308.2    3350.2049         1.11615         53.5        37.506
7.7000     -260022.5635 -260037.2862      14.7226   303.7    3342.8100         1.11862         53.6        37.506
7.7100     -260023.4912 -260037.6656      14.1743   292.4    3342.8100         1.11862         53.6        37.506
7.7200     -260022.9651 -260037.6197      14.6546   302.3    3354.6986         1.11465         53.6        37.506
7.7300     -260022.5519 -260037.0398      14.4879   298.9    3354.6986         1.11465         53.6        37.506
7.7400     -260022.9579 -260037.8955      14.9376   308.2    3354.6986         1.11465         53.5        37.506
7.7500     -260022.6652 -260037.7828      15.1175   311.9    3354.6986         1.11465         53.4        37.506
7.7600     -260023.2916 -260038.0193      14.7276   303.8    3354.6986         1.11465         53.4        37.506
7.7700     -260023.3692 -260038.1742      14.8049   305.4    3358.8966         1.11326         53.5        37.506
7.7800     -260023.2399 -260038.2519      15.0120   309.7    3345.2087         1.11782         53.5        37.506
7.7900     -260023.4094 -260038.2283      14.8189   305.7    3345.2087         1.11782         53.5        37.506
7.8000     -260023.3126 -260038.1439      14.8313   306.0    3345.2087         1.11782         53.4        37.506
7.8100     -260024.0231 -260037.7225      13.6994   282.6    3345.2087         1.11782         53.4        37.506
7.8200     -260022.7054 -260038.2266      15.5212   320.2    3345.2087         1.11782         53.3        37.506
7.8300     -260022.3883 -260037.9240      15.5357   320.5    3352.6193         1.11534         53.4        37.506
7.8400     -260022.3643 -260036.8954      14.5311   299.8    3354.3248         1.11478         53.4        37.506
7.8500     -260022.4143 -260037.2097      14.7954   305.2    3348.0515         1.11687         53.5        37.506
7.8600     -260022.4575 -260037.9076      15.4500   318.7    3348.0515         1.11687         53.5        37.506
7.8700     -260022.5874 -260037.4750      14.8875   307.1    3348.0515         1.11687         53.4        37.506
7.8800     -260023.1650 -260037.7944      14.6294   301.8    3347.8877         1.11692         53.5        37.506
7.8900     -260023.4969 -260038.7636      15.2667   315.0    3347.8877         1.11692         53.4        37.506
7.9000     -260023.5288 -260038.9833      15.4545   318.8    3347.8877         1.11692         53.3        37.506
7.9100     -260023.3668 -260038.0328      14.6659   302.6    3347.8877         1.11692         53.3        37.506
7.9200     -260023.3266 -260038.1548      14.8282   305.9    3347.8877         1.11692         53.2        37.506
7.9300     -260022.9031 -260037.5993      14.6962   303.2    3347.8877         1.11692         53.2        37.506
7.9400     -260023.2822 -260037.4660      14.1838   292.6    3347.8877         1.11692         53.1        37.506
7.9500     -260023.4815 -260038.3879      14.9064   307.5    3347.8877         1.11692         53.0        37.506
7.9600     -260023.4444 -260037.9694      14.5250   299.7    3347.8877         1.11692         53.0        37.506
7.9700     -260023.0546 -260038.2055      15.1509   312.6    3343.8654         1.11826         53.1        37.506
7.9800     -260022.9710 -260037.8000      14.8290   305.9    3343.8654         1.11826         53.0        37.506
7.9900     -260022.7404 -260038.1078      15.3674   317.0    3340.2452         1.11948         53.1        37.506
8.0000     -260023.9151 -260038.4759      14.5608   300.4    3340.2452         1.11948         53.0        37.506
8.0100     -260024.3547 -260038.6044      14.2497   294.0    3340.2452         1.11948         53.0        37.506
8.0200     -260023.9125 -260037.4168      13.5043   278.6    3313.4956         1.12851         53.0        37.506
8.0300     -260023.9576 -260038.2423      14.2847   294.7    3305.4656         1.13126         53.1        37.506
8.0400     -260023.8386 -260037.8421      14.0035   288.9    3305.4656         1.13126         53.0        37.506
8.0500     -260023.7274 -260038.1815      14.4541   298.2    3297.5358         1.13398         53.1        37.506
8.0600     -260023.4253 -260037.6267      14.2014   293.0    3297.5358         1.13398         53.1        37.506
8.0700     -260023.3086 -260038.0669      14.7583   304.5    3297.5358         1.13398         53.0        37.506
8.0800     -260023.2803 -260038.5388      15.2585   314.8    3299.3323         1.13336         53.1        37.506
8.0900     -260022.7605 -260038.2838      15.5232   320.2    3318.8691         1.12669         53.2        37.506
8.1000     -260022.5639 -260037.4335      14.8696   306.8    3304.8240         1.13148         53.2        37.506
8.1100     -260022.7630 -260037.6442      14.8812   307.0    3304.8240         1.13148         53.2        37.506
8.1200     -260022.5979 -260037.7696      15.1717   313.0    3304.8240         1.13148         53.2        37.506
8.1300     -260022.7494 -260037.9819      15.2325   314.3    3326.6178         1.12406         53.2        37.506
8.1400     -260022.2767 -260036.3737      14.0970   290.8    3339.0009         1.11989         53.3        37.506
8.1500     -260022.1660 -260037.0674      14.9013   307.4    3339.9010         1.11959         53.4        37.506
8.1600     -260022.0820 -260036.9477      14.8657   306.7    3339.9010         1.11959         53.4        37.506
8.1700     -260022.0672 -260036.6826      14.6154   301.5    3362.2866         1.11214         53.4        37.506
8.1800     -260021.6955 -260036.0276      14.3321   295.7    3362.2866         1.11214         53.4        37.506
8.1900     -260020.9411 -260036.1853      15.2442   314.5    3385.6993         1.10445         53.4        37.506
8.2000     -260020.9986 -260035.4086      14.4100   297.3    3385.6993         1.10445         53.4        37.506
8.2100     -260021.6926 -260036.5041      14.8115   305.6    3385.6993         1.10445         53.4        37.506
8.2200     -260022.2603 -260037.3656      15.1053   311.6    3377.3491         1.10718         53.4        37.506
8.2300     -260022.1626 -260036.5006      14.3380   295.8    3377.3491         1.10718         53.3        37.506
8.2400     -260021.7716 -260036.6360      14.8644   306.7    3385.0711         1.10465         53.4        37.506
8.2500     -260022.1729 -260037.6848      15.5119   320.0    3385.3680         1.10456         53.5        37.506
8.2600     -260022.1934 -260037.8716      15.6782   323.4    3385.3680         1.10456         53.5        37.506
8.2700     -260022.5707 -260036.8971      14.3264   295.6    3385.3680         1.10456         53.4        37.506
8.2800     -260023.1708 -260037.1165      13.9458   287.7    3383.7182         1.10509         53.5        37.506
8.2900     -260022.6037 -260037.1574      14.5537   300.2    3383.7182         1.10509         53.4        37.506
8.3000     -260022.9261 -260038.5344      15.6083   322.0    3383.7182         1.10509         53.3        37.506
8.3100     -260023.0320 -260038.3167      15.2847   315.3    3383.7182         1.10509         53.3        37.506
8.3200     -260023.0093 -260038.0546      15.0453   310.4    3371.4377         1.10912         53.4        37.506
8.3300     -260023.2494 -260037.6474      14.3980   297.0    3371.4377         1.10912         53.3        37.506
8.3400     -260023.3844 -260038.2466      14.8622   306.6    3374.7332         1.10804         53.4        37.506
8.3500     -260023.4552 -260037.5638      14.1086   291.1    3378.8894         1.10667         53.4        37.506
8.3600     -260023.3213 -260037.1868      13.8655   286.0    3378.8894         1.10667         53.4        37.506
8.3700     -260022.6875 -260037.2750      14.5875   300.9    3400.2079         1.09973         53.5        37.506
8.3800     -260022.7116 -260038.3062      15.5946   321.7    3400.2079         1.09973         53.4        37.506
8.3900     -260022.8348 -260038.1346      15.2998   315.6    3400.2079         1.09973         53.4        37.506
8.4000     -260023.0055 -260037.7095      14.7040   303.3    3403.6380         1.09863         53.4        37.506
8.4100     -260022.3713 -260037.3503      14.9791   309.0    3403.6380         1.09863         53.4        37.506
8.4200     -260021.9306 -260037.2580      15.3274   316.2    3413.3375         1.09550         53.5        37.506
8.4300     -260022.6874 -260036.5693      13.8818   286.4    3431.8267         1.08960         53.6        37.506
8.4400     -260023.3269 -260037.0452      13.7183   283.0    3433.2340         1.08916         53.6        37.506
8.4500     -260022.9245 -260037.6735      14.7490   304.3    3433.2340         1.08916         53.6        37.506
8.4600     -260023.2967 -260037.4219      14.1253   291.4    3433.2340         1.08916         53.6        37.506
8.4700     -260023.3771 -260037.7182      14.3410   295.9    3416.9594         1.09434         53.6        37.506
8.4800     -260022.9962 -260037.5892      14.5930   301.1    3410.6009         1.09638         53.7        37.506
8.4900     -260023.0814 -260037.5113      14.4299   297.7    3410.6009         1.09638         53.6        37.506
8.5000     -260023.8446 -260038.5527      14.7081   303.4    3377.9077         1.10699         53.7        37.506
8.5100     -260024.0585 -260038.7165      14.6580   302.4    3377.9077         1.10699         53.7        37.506
8.5200     -260024.8635 -260039.1938      14.3303   295.6    3377.9077         1.10699         53.6        37.506
8.5300     -260024.1787 -260039.1110      14.9323   308.1    3381.3037         1.10588         53.7        37.506
8.5400     -260024.1122 -260038.5581      14.4458   298.0    3406.0100         1.09786         53.7        37.506
8.5500     -260024.7119 -260038.6389      13.9270   287.3    3382.4036         1.10552         53.8        37.506
8.5600     -260025.1929 -260038.7514      13.5585   279.7    3382.4036         1.10552         53.8        37.506
8.5700     -260024.5086 -260038.2013      13.6926   282.5    3382.4036         1.10552         53.7        37.506
8.5800     -260024.6900 -260038.5785      13.8885   286.5    3380.4434         1.10616         53.8        37.506
8.5900     -260024.6106 -260039.0775      14.4669   298.5    3380.4434         1.10616         53.7        37.506
8.6000     -260025.1250 -260039.2443      14.1193   291.3    3380.4434         1.10616         53.6        37.506
8.6100     -260024.6204 -260038.8043      14.1839   292.6    3380.4434         1.10616         53.6        37.506
8.6200     -260024.8208 -260038.9312      14.1104   291.1    3380.1087         1.10627         53.7        37.506
8.6300     -260024.9612 -260038.9825      14.0212   289.3    3373.8827         1.10832         53.8        37.506
8.6400     -260025.2756 -260038.9115      13.6358   281.3    3363.2453         1.11182         53.8        37.506
8.6500     -260025.6167 -260038.6858      13.0691   269.6    3351.9161         1.11558         53.9        37.506
8.6600     -260024.3739 -260038.8409      14.4669   298.5    3351.9161         1.11558         53.9        37.506
8.6700     -260024.0060 -260038.5309      14.5248   299.7    3380.2402         1.10623         54.0        37.506
8.6800     -260024.3890 -260038.8013      14.4123   297.3    3386.2714         1.10426         54.0        37.506
8.6900     -260024.0614 -260038.3722      14.3109   295.2    3386.2714         1.10426         54.0        37.506
8.7000     -260023.6911 -260038.1230      14.4319   297.7    3394.7740         1.10149         54.0        37.506
8.7100     -260023.5538 -260037.6921      14.1382   291.7    3394.7740         1.10149         54.0        37.506
8.7200     -260023.2563 -260037.0813      13.8249   285.2    3394.7740         1.10149         53.9        37.506
8.7300     -260022.8793 -260036.6732      13.7939   284.6    3394.7740         1.10149         53.9        37.506
8.7400     -260022.8847 -260037.6928      14.8081   305.5    3394.7319         1.10151         53.9        37.506
8.7500     -260022.9264 -260037.2990      14.3726   296.5    3367.9211         1.11028         54.0        37.506
8.7600     -260022.9846 -260037.3756      14.3910   296.9    3367.9211         1.11028         54.0        37.506
8.7700     -260023.2162 -260037.4907      14.2745   294.5    3367.9211         1.11028         53.9        37.506
8.7800     -260022.9057 -260037.9632      15.0575   310.6    3355.3025         1.11445         54.0        37.506
8.7900     -260022.7214 -260038.2049      15.4835   319.4    3383.2838         1.10524         54.1        37.506
8.8000     -260022.7248 -260037.6726      14.9477   308.4    3372.6793         1.10871         54.1        37.506
8.8100     -260022.6570 -260038.7957      16.1387   332.9    3372.6793         1.10871         54.1        37.506
8.8200     -260022.5828 -260037.5762      14.9934   309.3    3364.1656         1.11152         54.2        37.506
8.8300     -260023.2088 -260038.0229      14.8141   305.6    3357.1163         1.11385         54.2        37.506
8.8400     -260023.2094 -260037.7818      14.5724   300.6    3357.1163         1.11385         54.2        37.506
8.8500     -260023.5223 -260038.5309      15.0085   309.6    3357.1163         1.11385         54.1        37.506
8.8600     -260023.1548 -260038.2339      15.0791   311.1    3357.1163         1.11385         54.1        37.506
8.8700     -260023.5580 -260037.7829      14.2248   293.5    3359.6589         1.11301         54.2        37.506
8.8800     -260023.4766 -260037.6298      14.1532   292.0    3370.5441         1.10941         54.2        37.506
8.8900     -260024.0096 -260038.4059      14.3963   297.0    3359.1629         1.11317         54.3        37.506
8.9000     -260023.6671 -260037.8882      14.2211   293.4    3353.1720         1.11516         54.4        37.506
8.9100     -260024.0645 -260038.3075      14.2430   293.8    3353.1720         1.11516         54.4        37.506
8.9200     -260023.7272 -260038.7856      15.0584   310.7    3348.1303         1.11684         54.4        37.506
8.9300     -260023.5521 -260038.1851      14.6330   301.9    3348.1303         1.11684         54.3        37.506
8.9400     -260023.7631 -260037.9051      14.1419   291.8    3329.5652         1.12307         54.4        37.506
8.9500     -260023.7745 -260038.2313      14.4568   298.2    3361.1535         1.11251         54.5        37.506
8.9600     -260024.7192 -260038.5164      13.7972   284.6    3361.1535         1.11251         54.5        37.506
8.9700     -260025.2825 -260039.1001      13.8176   285.1    3361.3951         1.11243         54.5        37.506
8.9800     -260025.6791 -260039.1614      13.4823   278.1    3362.4362         1.11209         54.6        37.506
8.9900     -260025.8951 -260039.6085      13.7134   282.9    3362.4362         1.11209         54.5        37.506
9.0000     -260025.1340 -260039.4025      14.2685   294.4    3362.4362         1.11209         54.4        37.506
9.0100     -260024.8034 -260038.9912      14.1879   292.7    3362.4362         1.11209         54.4        37.506
9.0200     -260025.4002 -260039.7560      14.3559   296.2    3368.1227         1.11021         54.5        37.506
9.0300     -260025.4350 -260039.6683      14.2332   293.6    3367.3814         1.11046         54.6        37.506
9.0400     -260025.5040 -260039.2031      13.6991   282.6    3396.5842         1.10091         54.6        37.506
9.0500     -260025.9624 -260039.7911      13.8286   285.3    3390.4937         1.10289         54.7        37.506
9.0600     -260025.7485 -260039.2997      13.5512   279.6    3390.4937         1.10289         54.7        37.506
9.0700     -260025.2199 -260039.8762      14.6563   302.4    3390.4937         1.10289         54.6        37.506
9.0800     -260024.8989 -260038.4782      13.5793   280.1    3388.8544         1.10342         54.7        37.506
9.0900     -260024.6625 -260038.4911      13.8286   285.3    3388.8544         1.10342         54.6        37.506
9.1000     -260024.9376 -260038.6138      13.6762   282.1    3360.3245         1.11279         54.7        37.506
9.1100     -260025.0255 -260038.6941      13.6686   282.0    3360.3245         1.11279         54.7        37.506
9.1200     -260025.0424 -260038.7883      13.7459   283.6    3377.5928         1.10710         54.7        37.506
9.1300     -260025.0542 -260039.1966      14.1424   291.8    3352.7800         1.11529         54.8        37.506
9.1400     -260024.8479 -260038.4118      13.5639   279.8    3352.7800         1.11529         54.7        37.506
9.1500     -260024.7469 -260038.3889      13.6420   281.4    3354.5284         1.11471         54.8        37.506
9.1600     -260024.8311 -260038.7942      13.9632   288.1    3354.5284         1.11471         54.8        37.506
9.1700     -260024.8351 -260038.8396      14.0045   288.9    3353.3955         1.11509         54.8        37.506
9.1800     -260024.4653 -260038.4608      13.9955   288.7    3353.3955         1.11509         54.8        37.506
9.1900     -260024.4183 -260038.6655      14.2472   293.9    3354.7238         1.11465         54.8        37.506
9.2000     -260024.1996 -260039.2863      15.0867   311.2    3354.7238         1.11465         54.8        37.506
9.2100     -260024.1179 -260038.4884      14.3705   296.5    3354.7238         1.11465         54.8        37.506
9.2200     -260024.0606 -260038.9082      14.8476   306.3    3354.7238         1.11465         54.7        37.506
9.2300     -260023.4388 -260037.5913      14.1524   292.0    3362.7895         1.11197         54.7        37.506
9.2400     -260023.3731 -260037.2105      13.8374   285.5    3382.6667         1.10544         54.8        37.506
9.2500     -260023.4329 -260037.0805      13.6476   281.6    3386.9972         1.10402         54.9        37.506
9.2600     -260023.1493 -260037.6080      14.4586   298.3    3386.9972         1.10402         54.9        37.506
9.2700     -260023.2725 -260038.1570      14.8846   307.1    3386.9972         1.10402         54.8        37.506
9.2800     -260023.3800 -260038.3161      14.9361   308.1    3386.9972         1.10402         54.7        37.506
9.2900     -260023.5527 -260038.2110      14.6583   302.4    3384.9839         1.10468         54.8        37.506
9.3000     -260023.4468 -260038.4005      14.9537   308.5    3384.9839         1.10468         54.7        37.506
9.3100     -260023.4806 -260038.1802      14.6996   303.3    3384.9839         1.10468         54.7        37.506
9.3200     -260024.0679 -260037.7886      13.7207   283.1    3374.8376         1.10800         54.8        37.506
9.3300     -260024.1715 -260038.0924      13.9209   287.2    3374.8376         1.10800         54.7        37.506
9.3400     -260023.4199 -260037.8344      14.4145   297.4    3396.2952         1.10100         54.8        37.506
9.3500     -260023.1693 -260038.2248      15.0555   310.6    3396.2952         1.10100         54.7        37.506
9.3600     -260023.3324 -260038.0916      14.7592   304.5    3396.2952         1.10100         54.7        37.506
9.3700     -260023.7909 -260037.2965      13.5056   278.6    3417.4956         1.09417         54.7        37.506
9.3800     -260023.7931 -260037.7984      14.0053   288.9    3417.4956         1.09417         54.7        37.506
9.3900     -260024.0661 -260038.2336      14.1675   292.3    3417.4956         1.09417         54.6        37.506
9.4000     -260024.3350 -260037.3434      13.0085   268.4    3417.4956         1.09417         54.5        37.506
9.4100     -260023.9698 -260037.3351      13.3653   275.7    3417.4956         1.09417         54.5        37.506
9.4200     -260023.4318 -260037.0204      13.5887   280.3    3417.4956         1.09417         54.4        37.506
9.4300     -260023.1126 -260037.6299      14.5173   299.5    3417.4956         1.09417         54.4        37.506
9.4400     -260022.8809 -260037.3095      14.4286   297.7    3426.2909         1.09136         54.4        37.506
9.4500     -260022.6430 -260037.4987      14.8558   306.5    3398.3713         1.10033         54.5        37.506
9.4600     -260022.2098 -260037.1359      14.9261   307.9    3398.3713         1.10033         54.5        37.506
9.4700     -260022.5224 -260037.7488      15.2264   314.1    3408.5743         1.09704         54.6        37.506
9.4800     -260023.2548 -260038.0303      14.7755   304.8    3421.0765         1.09303         54.6        37.506
9.4900     -260023.3015 -260037.2183      13.9168   287.1    3430.2541         1.09010         54.7        37.506
9.5000     -260023.0198 -260037.3161      14.2963   294.9    3430.2541         1.09010         54.6        37.506
9.5100     -260022.8481 -260037.5324      14.6843   302.9    3430.2541         1.09010         54.6        37.506
9.5200     -260023.2539 -260037.2601      14.0062   289.0    3430.2541         1.09010         54.5        37.506
9.5300     -260023.0979 -260037.8163      14.7185   303.6    3430.2541         1.09010         54.5        37.506
9.5400     -260022.7900 -260037.8452      15.0553   310.6    3427.0114         1.09113         54.5        37.506
9.5500     -260023.2312 -260037.8892      14.6579   302.4    3427.0114         1.09113         54.5        37.506
9.5600     -260023.0245 -260037.3102      14.2857   294.7    3427.0114         1.09113         54.5        37.506
9.5700     -260022.6521 -260037.6938      15.0417   310.3    3413.9539         1.09531         54.5        37.506
9.5800     -260021.9901 -260036.5110      14.5209   299.6    3412.5447         1.09576         54.6        37.506
9.5900     -260022.1284 -260036.7513      14.6229   301.7    3412.5447         1.09576         54.5        37.506
9.6000     -260022.8603 -260037.7816      14.9213   307.8    3412.5447         1.09576         54.4        37.506
9.6100     -260022.9859 -260037.6588      14.6729   302.7    3412.5447         1.09576         54.4        37.506
9.6200     -260022.6581 -260037.3601      14.7020   303.3    3412.5447         1.09576         54.4        37.506
9.6300     -260023.5073 -260037.1653      13.6580   281.8    3412.5447         1.09576         54.3        37.506
9.6400     -260023.8686 -260037.7770      13.9084   286.9    3416.4619         1.09450         54.3        37.506
9.6500     -260024.1395 -260038.5313      14.3918   296.9    3409.9189         1.09660         54.4        37.506
9.6600     -260023.5891 -260038.1690      14.5799   300.8    3409.9189         1.09660         54.4        37.506
9.6700     -260023.1203 -260037.7093      14.5890   301.0    3409.9189         1.09660         54.3        37.506
9.6800     -260023.2416 -260036.7261      13.4846   278.2    3409.9189         1.09660         54.3        37.506
9.6900     -260022.4669 -260036.4805      14.0137   289.1    3409.9189         1.09660         54.2        37.506
9.7000     -260022.6013 -260036.7749      14.1736   292.4    3409.9189         1.09660         54.1        37.506
9.7100     -260022.6706 -260036.5610      13.8904   286.6    3409.9189         1.09660         54.1        37.506
9.7200     -260022.4955 -260037.5284      15.0329   310.1    3415.8831         1.09469         54.2        37.506
9.7300     -260022.2760 -260036.8224      14.5464   300.1    3415.8831         1.09469         54.1        37.506
9.7400     -260022.9336 -260036.5525      13.6190   281.0    3429.1415         1.09046         54.2        37.506
9.7500     -260022.7031 -260036.9750      14.2719   294.4    3429.1415         1.09046         54.1        37.506
9.7600     -260022.4586 -260036.9488      14.4902   298.9    3429.1415         1.09046         54.1        37.506
9.7700     -260022.3094 -260037.1150      14.8057   305.4    3431.9072         1.08958         54.2        37.506
9.7800     -260022.5348 -260036.3731      13.8383   285.5    3431.9072         1.08958         54.1        37.506
9.7900     -260022.8186 -260037.4863      14.6677   302.6    3456.7025         1.08176         54.2        37.506
9.8000     -260022.4104 -260036.8279      14.4175   297.4    3486.9079         1.07239         54.2        37.506
9.8100     -260022.6709 -260037.2088      14.5380   299.9    3486.9079         1.07239         54.2        37.506
9.8200     -260023.0421 -260036.7166      13.6745   282.1    3514.4566         1.06398         54.3        37.506
9.8300     -260022.2667 -260036.8557      14.5890   301.0    3514.4566         1.06398         54.2        37.506
9.8400     -260023.0663 -260036.8009      13.7346   283.3    3488.2798         1.07197         54.3        37.506
9.8500     -260022.8876 -260037.5859      14.6984   303.2    3488.2798         1.07197         54.2        37.506
9.8600     -260022.7837 -260037.4297      14.6460   302.2    3488.2798         1.07197         54.2        37.506
9.8700     -260022.8680 -260038.3154      15.4474   318.7    3481.0993         1.07418         54.2        37.506
9.8800     -260022.9465 -260037.1374      14.1909   292.8    3481.0993         1.07418         54.2        37.506
9.8900     -260023.0576 -260037.6699      14.6123   301.5    3484.2405         1.07321         54.2        37.506
9.9000     -260022.8285 -260037.6889      14.8604   306.6    3484.2405         1.07321         54.2        37.506
9.9100     -260022.9764 -260037.9245      14.9481   308.4    3484.2405         1.07321         54.2        37.506
9.9200     -260022.6870 -260037.2191      14.5321   299.8    3484.2405         1.07321         54.1        37.506
9.9300     -260022.2381 -260037.0410      14.8029   305.4    3459.7454         1.08081         54.2        37.506
9.9400     -260022.0475 -260036.8174      14.7700   304.7    3459.7454         1.08081         54.1        37.506
9.9500     -260022.4392 -260037.2221      14.7829   305.0    3459.7454         1.08081         54.0        37.506
9.9600     -260022.5062 -260038.0300      15.5238   320.3    3459.7454         1.08081         54.0        37.506
9.9700     -260022.5332 -260037.5202      14.9870   309.2    3462.4708         1.07996         54.1        37.506
9.9800     -260022.3285 -260037.2092      14.8807   307.0    3462.4708         1.07996         54.0        37.506
9.9900     -260022.4344 -260037.2922      14.8578   306.5    3470.1717         1.07756         54.1        37.506
10.0000    -260022.3968 -260036.8525      14.4557   298.2    3470.1717         1.07756         54.0        37.506
10.0100    -260022.4502 -260036.9901      14.5399   300.0    3470.1717         1.07756         54.0        37.506
10.0200    -260022.5386 -260036.7463      14.2077   293.1    3453.7312         1.08269         54.1        37.506
10.0300    -260022.3254 -260037.5583      15.2329   314.3    3453.7312         1.08269         54.0        37.506
10.0400    -260021.9629 -260037.2859      15.3230   316.1    3426.0585         1.09144         54.0        37.506
10.0500    -260021.6727 -260037.0210      15.3483   316.6    3454.4321         1.08247         54.1        37.506
10.0600    -260021.7684 -260036.2651      14.4967   299.1    3454.4321         1.08247         54.1        37.506
10.0700    -260022.0359 -260037.5530      15.5172   320.1    3422.4638         1.09258         54.2        37.506
10.0800    -260022.5139 -260037.6154      15.1015   311.5    3444.2335         1.08568         54.2        37.506
10.0900    -260022.7219 -260037.2780      14.5560   300.3    3420.5342         1.09320         54.3        37.506
10.1000    -260023.1816 -260037.6384      14.4567   298.2    3427.8004         1.09088         54.3        37.506
10.1100    -260022.8861 -260037.6312      14.7451   304.2    3427.8004         1.09088         54.3        37.506
10.1200    -260023.2287 -260038.2423      15.0136   309.7    3409.6866         1.09668         54.4        37.506
10.1300    -260023.2902 -260037.5900      14.2999   295.0    3425.0164         1.09177         54.4        37.506
10.1400    -260022.8693 -260036.9391      14.0698   290.3    3425.0164         1.09177         54.4        37.506
10.1500    -260022.4292 -260037.4994      15.0702   310.9    3425.0164         1.09177         54.3        37.506
10.1600    -260022.6987 -260037.2145      14.5158   299.5    3425.0164         1.09177         54.3        37.506
10.1700    -260023.3408 -260037.8812      14.5405   300.0    3425.0164         1.09177         54.2        37.506
10.1800    -260022.9718 -260037.4558      14.4840   298.8    3404.1537         1.09846         54.3        37.506
10.1900    -260023.3506 -260037.6379      14.2872   294.7    3404.1537         1.09846         54.2        37.506
10.2000    -260023.1699 -260037.4877      14.3177   295.4    3404.1537         1.09846         54.2        37.506
10.2100    -260022.3685 -260037.2700      14.9015   307.4    3404.1537         1.09846         54.2        37.506
10.2200    -260022.4798 -260037.2674      14.7876   305.1    3410.3353         1.09647         54.2        37.506
10.2300    -260022.9078 -260038.1409      15.2331   314.3    3423.0012         1.09241         54.3        37.506
10.2400    -260022.8169 -260037.4148      14.5979   301.2    3423.0012         1.09241         54.2        37.506
10.2500    -260022.3998 -260036.5451      14.1453   291.8    3411.3684         1.09614         54.3        37.506
10.2600    -260022.4279 -260036.1064      13.6785   282.2    3411.3684         1.09614         54.3        37.506
10.2700    -260022.7645 -260036.9339      14.1695   292.3    3411.3684         1.09614         54.2        37.506
10.2800    -260022.9290 -260036.6566      13.7276   283.2    3409.1921         1.09684         54.3        37.506
10.2900    -260023.3983 -260036.9726      13.5743   280.0    3425.2487         1.09169         54.3        37.506
10.3000    -260023.3620 -260037.4146      14.0525   289.9    3426.9873         1.09114         54.4        37.506
10.3100    -260023.4441 -260037.7621      14.3180   295.4    3426.9873         1.09114         54.4        37.506
10.3200    -260022.8517 -260037.3297      14.4781   298.7    3426.9873         1.09114         54.3        37.506
10.3300    -260022.4185 -260036.6725      14.2540   294.1    3426.9873         1.09114         54.2        37.506
10.3400    -260022.6532 -260036.9934      14.3403   295.8    3426.9873         1.09114         54.2        37.506
10.3500    -260022.6697 -260037.6538      14.9841   309.1    3426.9873         1.09114         54.1        37.506
10.3600    -260022.0080 -260036.8054      14.7974   305.3    3426.9873         1.09114         54.1        37.506
10.3700    -260021.5780 -260035.8645      14.2865   294.7    3417.6439         1.09412         54.2        37.506
10.3800    -260021.7728 -260036.6119      14.8391   306.1    3417.6439         1.09412         54.1        37.506
10.3900    -260022.4017 -260036.4723      14.0706   290.3    3417.6439         1.09412         54.0        37.506
10.4000    -260022.8346 -260037.3948      14.5603   300.4    3417.6439         1.09412         54.0        37.506
10.4100    -260023.1624 -260038.4145      15.2521   314.7    3417.6439         1.09412         54.0        37.506
10.4200    -260023.4914 -260037.4277      13.9363   287.5    3410.1659         1.09652         54.0        37.506
10.4300    -260024.5138 -260037.7933      13.2795   274.0    3410.1659         1.09652         54.0        37.506
10.4400    -260024.8471 -260038.0928      13.2457   273.3    3411.4596         1.09611         54.0        37.506
10.4500    -260025.3167 -260038.8707      13.5540   279.6    3411.4596         1.09611         53.9        37.506
10.4600    -260025.1734 -260038.6465      13.4731   278.0    3411.4596         1.09611         53.9        37.506
10.4700    -260024.8387 -260038.3833      13.5446   279.4    3407.5645         1.09736         54.0        37.506
10.4800    -260024.1033 -260036.8043      12.7009   262.0    3420.0872         1.09334         54.1        37.506
10.4900    -260023.8673 -260037.4668      13.5995   280.6    3420.0872         1.09334         54.0        37.506
10.5000    -260023.8849 -260037.8198      13.9348   287.5    3428.1317         1.09078         54.0        37.506
10.5100    -260023.4839 -260037.9072      14.4233   297.6    3428.1317         1.09078         54.0        37.506
10.5200    -260023.1858 -260038.0575      14.8717   306.8    3428.1317         1.09078         54.0        37.506
10.5300    -260023.1468 -260036.7142      13.5674   279.9    3423.8824         1.09213         54.0        37.506
10.5400    -260023.3825 -260037.9209      14.5383   299.9    3423.8824         1.09213         54.0        37.506
10.5500    -260023.6815 -260037.6699      13.9884   288.6    3416.5720         1.09447         54.0        37.506
10.5600    -260023.5523 -260038.3399      14.7876   305.1    3416.5720         1.09447         54.0        37.506
10.5700    -260023.6733 -260038.3440      14.6707   302.7    3416.5720         1.09447         54.0        37.506
10.5800    -260024.0282 -260038.7938      14.7656   304.6    3389.2129         1.10330         54.0        37.506
10.5900    -260024.6642 -260038.6133      13.9491   287.8    3378.9243         1.10666         54.1        37.506
10.6000    -260023.7547 -260038.0591      14.3044   295.1    3378.9243         1.10666         54.0        37.506
10.6100    -260024.1480 -260038.5825      14.4345   297.8    3378.9243         1.10666         54.0        37.506
10.6200    -260024.4585 -260038.1082      13.6498   281.6    3379.4805         1.10648         54.1        37.506
10.6300    -260024.3264 -260037.9332      13.6068   280.7    3392.0890         1.10237         54.1        37.506
10.6400    -260024.3866 -260038.3054      13.9188   287.1    3392.0890         1.10237         54.1        37.506
10.6500    -260023.9778 -260038.3900      14.4121   297.3    3405.0584         1.09817         54.1        37.506
10.6600    -260024.0485 -260037.8766      13.8280   285.3    3405.0584         1.09817         54.1        37.506
10.6700    -260023.5897 -260037.5081      13.9184   287.1    3417.5377         1.09416         54.2        37.506
10.6800    -260023.4417 -260037.2446      13.8029   284.8    3417.5377         1.09416         54.1        37.506
10.6900    -260023.2088 -260037.1071      13.8983   286.7    3425.2265         1.09170         54.2        37.506
10.7000    -260022.8663 -260037.6476      14.7813   304.9    3425.2265         1.09170         54.1        37.506
10.7100    -260022.7471 -260037.0909      14.3438   295.9    3425.2265         1.09170         54.1        37.506
10.7200    -260022.8506 -260037.9170      15.0664   310.8    3425.2265         1.09170         54.0        37.506
10.7300    -260023.4423 -260038.1531      14.7108   303.5    3390.7221         1.10281         54.1        37.506
10.7400    -260023.4699 -260037.6736      14.2037   293.0    3398.3079         1.10035         54.1        37.506
10.7500    -260023.0848 -260037.6061      14.5213   299.6    3398.3079         1.10035         54.1        37.506
10.7600    -260022.7213 -260038.0216      15.3002   315.6    3398.3079         1.10035         54.1        37.506
10.7700    -260023.0605 -260038.1741      15.1136   311.8    3398.3079         1.10035         54.0        37.506
10.7800    -260023.6398 -260038.5667      14.9269   307.9    3398.3079         1.10035         53.9        37.506
10.7900    -260022.8813 -260038.0180      15.1367   312.3    3420.0334         1.09336         54.0        37.506
10.8000    -260022.6940 -260037.0636      14.3696   296.4    3428.4574         1.09067         54.1        37.506
10.8100    -260022.5269 -260036.9069      14.3800   296.7    3428.4574         1.09067         54.1        37.506
10.8200    -260022.3279 -260037.3960      15.0681   310.9    3428.4574         1.09067         54.0        37.506
10.8300    -260022.0108 -260037.2092      15.1985   313.5    3431.4825         1.08971         54.0        37.506
10.8400    -260022.0083 -260036.6616      14.6533   302.3    3431.4825         1.08971         54.0        37.506
10.8500    -260022.1656 -260036.7630      14.5974   301.1    3433.6930         1.08901         54.0        37.506
10.8600    -260022.1445 -260037.1949      15.0504   310.5    3433.6930         1.08901         54.0        37.506
10.8700    -260021.4759 -260036.4160      14.9401   308.2    3439.7987         1.08708         54.1        37.506
10.8800    -260022.0733 -260036.9012      14.8279   305.9    3439.7987         1.08708         54.0        37.506
10.8900    -260021.9333 -260036.8042      14.8708   306.8    3445.6438         1.08523         54.1        37.506
10.9000    -260021.7743 -260036.5179      14.7436   304.2    3445.6438         1.08523         54.0        37.506
10.9100    -260021.7766 -260035.9395      14.1629   292.2    3445.6438         1.08523         54.0        37.506
10.9200    -260021.5596 -260035.6235      14.0639   290.1    3432.1047         1.08951         54.1        37.506
10.9300    -260020.9042 -260036.2888      15.3846   317.4    3424.7110         1.09187         54.1        37.506
10.9400    -260020.9888 -260036.6836      15.6947   323.8    3439.6342         1.08713         54.2        37.506
10.9500    -260020.9625 -260036.1839      15.2214   314.0    3439.6342         1.08713         54.1        37.506
10.9600    -260020.7362 -260035.9107      15.1745   313.1    3439.6342         1.08713         54.1        37.506
10.9700    -260020.9934 -260035.9590      14.9656   308.7    3439.6342         1.08713         54.0        37.506
10.9800    -260020.8841 -260036.4119      15.5278   320.3    3423.6198         1.09221         54.1        37.506
10.9900    -260021.2102 -260036.8541      15.6439   322.7    3433.0260         1.08922         54.2        37.506
11.0000    -260021.1804 -260035.5663      14.3860   296.8    3427.5081         1.09098         54.2        37.506
11.0100    -260021.4980 -260036.6440      15.1459   312.5    3427.5081         1.09098         54.2        37.506
11.0200    -260021.3584 -260036.5183      15.1599   312.8    3427.5081         1.09098         54.1        37.506
11.0300    -260021.7157 -260036.7603      15.0446   310.4    3449.0218         1.08417         54.2        37.506
11.0400    -260022.1028 -260036.6914      14.5886   301.0    3449.0218         1.08417         54.1        37.506
11.0500    -260021.7151 -260037.1069      15.3918   317.5    3449.0218         1.08417         54.1        37.506
11.0600    -260021.7311 -260036.5505      14.8194   305.7    3449.0218         1.08417         54.1        37.506
11.0700    -260021.2464 -260035.8766      14.6301   301.8    3449.0218         1.08417         54.0        37.506
11.0800    -260020.9631 -260036.3968      15.4337   318.4    3449.0218         1.08417         54.0        37.506
11.0900    -260021.2834 -260036.7704      15.4869   319.5    3449.0218         1.08417         53.9        37.506
11.1000    -260021.0249 -260036.5254      15.5004   319.8    3449.0218         1.08417         53.8        37.506
11.1100    -260020.8530 -260036.1736      15.3206   316.1    3449.0218         1.08417         53.8        37.506
11.1200    -260021.0382 -260036.8577      15.8195   326.4    3443.0086         1.08606         53.9        37.506
11.1300    -260020.5738 -260036.0257      15.4519   318.8    3474.0435         1.07636         53.9        37.506
11.1400    -260020.8097 -260035.4616      14.6519   302.3    3474.0435         1.07636         53.9        37.506
11.1500    -260020.8730 -260035.8915      15.0184   309.8    3473.8442         1.07642         53.9        37.506
11.1600    -260020.2319 -260035.8588      15.6269   322.4    3473.8442         1.07642         53.9        37.506
11.1700    -260020.2030 -260036.8671      16.6641   343.8    3473.1367         1.07664         54.0        37.506
11.1800    -260020.8769 -260036.2329      15.3560   316.8    3445.1126         1.08540         54.0        37.506
11.1900    -260020.5022 -260035.9069      15.4047   317.8    3422.3437         1.09262         54.1        37.506
11.2000    -260020.6555 -260035.8101      15.1546   312.6    3401.6541         1.09927         54.1        37.506
11.2100    -260021.6041 -260036.6112      15.0071   309.6    3401.6541         1.09927         54.1        37.506
11.2200    -260021.6676 -260036.7705      15.1029   311.6    3366.1692         1.11086         54.2        37.506
11.2300    -260021.5628 -260036.7126      15.1497   312.5    3371.1366         1.10922         54.2        37.506
11.2400    -260022.0450 -260035.5807      13.5358   279.2    3365.1254         1.11120         54.3        37.506
11.2500    -260021.7376 -260036.2276      14.4899   298.9    3387.7156         1.10379         54.3        37.506
11.2600    -260021.1975 -260036.3220      15.1245   312.0    3387.7156         1.10379         54.3        37.506
11.2700    -260022.0179 -260037.1184      15.1005   311.5    3387.7156         1.10379         54.3        37.506
11.2800    -260022.1975 -260037.0376      14.8401   306.2    3402.2934         1.09906         54.3        37.506
11.2900    -260021.9926 -260036.3088      14.3161   295.3    3438.7411         1.08741         54.4        37.506
11.3000    -260021.9980 -260036.2813      14.2833   294.7    3436.4663         1.08813         54.4        37.506
11.3100    -260022.5060 -260036.2279      13.7218   283.1    3436.4663         1.08813         54.4        37.506
11.3200    -260023.0487 -260037.1800      14.1314   291.5    3446.1043         1.08509         54.5        37.506
11.3300    -260022.5899 -260037.1315      14.5416   300.0    3439.5696         1.08715         54.5        37.506
11.3400    -260022.6263 -260036.6508      14.0245   289.3    3407.9638         1.09723         54.6        37.506
11.3500    -260022.5609 -260036.9206      14.3597   296.2    3419.9909         1.09337         54.6        37.506
11.3600    -260022.6583 -260037.7132      15.0549   310.6    3419.9909         1.09337         54.6        37.506
11.3700    -260022.6781 -260037.0913      14.4133   297.3    3418.1922         1.09395         54.7        37.506
11.3800    -260022.7793 -260037.3647      14.5853   300.9    3418.1922         1.09395         54.6        37.506
11.3900    -260023.0706 -260036.9865      13.9158   287.1    3418.1922         1.09395         54.6        37.506
11.4000    -260022.7702 -260037.6557      14.8854   307.1    3418.1922         1.09395         54.5        37.506
11.4100    -260022.6783 -260037.1729      14.4946   299.0    3418.1922         1.09395         54.5        37.506
11.4200    -260022.4430 -260037.3075      14.8644   306.7    3418.1922         1.09395         54.4        37.506
11.4300    -260022.1719 -260037.8227      15.6507   322.9    3404.4786         1.09836         54.5        37.506
11.4400    -260021.7212 -260037.8109      16.0897   331.9    3393.5052         1.10191         54.5        37.506
11.4500    -260021.7857 -260036.8776      15.0920   311.4    3392.3770         1.10227         54.6        37.506
11.4600    -260021.5172 -260037.2553      15.7381   324.7    3392.3770         1.10227         54.6        37.506
11.4700    -260021.4645 -260036.2829      14.8184   305.7    3392.3770         1.10227         54.5        37.506
11.4800    -260021.0679 -260036.8846      15.8167   326.3    3413.3745         1.09549         54.6        37.506
11.4900    -260020.9063 -260036.3358      15.4295   318.3    3413.3745         1.09549         54.5        37.506
11.5000    -260020.9967 -260035.8963      14.8996   307.4    3412.8941         1.09565         54.6        37.506
11.5100    -260020.7035 -260035.7878      15.0842   311.2    3412.8941         1.09565         54.6        37.506
11.5200    -260020.9882 -260037.4437      16.4555   339.5    3412.8941         1.09565         54.5        37.506
11.5300    -260022.3346 -260037.1636      14.8290   305.9    3400.1649         1.09975         54.6        37.506
11.5400    -260023.4312 -260037.3229      13.8917   286.6    3400.1649         1.09975         54.5        37.506
11.5500    -260023.1854 -260037.0692      13.8839   286.4    3433.8962         1.08895         54.5        37.506
11.5600    -260023.3019 -260037.5338      14.2319   293.6    3433.8962         1.08895         54.5        37.506
11.5700    -260023.0031 -260037.2626      14.2595   294.2    3421.3559         1.09294         54.6        37.506
11.5800    -260023.1374 -260036.9835      13.8461   285.6    3391.9824         1.10240         54.6        37.506
11.5900    -260023.5628 -260037.8356      14.2728   294.5    3391.9824         1.10240         54.6        37.506
11.6000    -260023.7087 -260037.2597      13.5511   279.6    3391.9824         1.10240         54.5        37.506
11.6100    -260023.3902 -260036.8979      13.5077   278.7    3391.9824         1.10240         54.5        37.506
11.6200    -260023.6945 -260037.3943      13.6999   282.6    3391.9824         1.10240         54.5        37.506
11.6300    -260023.1213 -260037.9807      14.8594   306.6    3391.9824         1.10240         54.4        37.506
11.6400    -260022.8964 -260037.4577      14.5613   300.4    3391.9824         1.10240         54.4        37.506
11.6500    -260022.6673 -260037.6034      14.9361   308.1    3373.8803         1.10832         54.4        37.506
11.6600    -260023.6212 -260037.5804      13.9592   288.0    3373.8803         1.10832         54.4        37.506
11.6700    -260023.3099 -260037.6566      14.3467   296.0    3367.9318         1.11027         54.4        37.506
11.6800    -260022.3452 -260037.9849      15.6397   322.7    3367.9318         1.11027         54.4        37.506
11.6900    -260021.9425 -260036.8225      14.8800   307.0    3373.7847         1.10835         54.4        37.506
11.7000    -260021.9671 -260037.7801      15.8130   326.2    3373.7847         1.10835         54.4        37.506
11.7100    -260022.4046 -260037.3543      14.9497   308.4    3373.7847         1.10835         54.4        37.506
11.7200    -260022.3086 -260036.1042      13.7956   284.6    3373.7847         1.10835         54.3        37.506
11.7300    -260022.4360 -260037.0637      14.6277   301.8    3378.2359         1.10689         54.4        37.506
11.7400    -260022.5893 -260037.8196      15.2302   314.2    3380.2516         1.10623         54.4        37.506
11.7500    -260023.3188 -260037.8476      14.5288   299.7    3387.3538         1.10391         54.5        37.506
11.7600    -260023.3135 -260037.4537      14.1402   291.7    3387.3538         1.10391         54.5        37.506
11.7700    -260022.8972 -260037.5995      14.7023   303.3    3387.3538         1.10391         54.4        37.506
11.7800    -260022.7778 -260037.9593      15.1815   313.2    3388.8894         1.10341         54.5        37.506
11.7900    -260022.5735 -260037.2753      14.7018   303.3    3408.9500         1.09691         54.5        37.506
11.8000    -260022.5980 -260037.5782      14.9802   309.0    3408.9500         1.09691         54.4        37.506
11.8100    -260023.2865 -260037.9064      14.6198   301.6    3408.9500         1.09691         54.4        37.506
11.8200    -260023.1929 -260037.2811      14.0882   290.6    3445.6909         1.08522         54.5        37.506
11.8300    -260022.7520 -260036.9152      14.1633   292.2    3445.6909         1.08522         54.4        37.506
11.8400    -260022.9567 -260037.3502      14.3935   296.9    3445.6909         1.08522         54.4        37.506
11.8500    -260022.4542 -260036.8625      14.4083   297.2    3445.6909         1.08522         54.3        37.506
11.8600    -260023.0935 -260037.0634      13.9699   288.2    3445.6909         1.08522         54.3        37.506
11.8700    -260022.7461 -260036.8070      14.0609   290.1    3445.6909         1.08522         54.3        37.506
11.8800    -260022.4461 -260037.0150      14.5689   300.6    3482.0725         1.07388         54.3        37.506
11.8900    -260022.3678 -260037.6420      15.2742   315.1    3491.7047         1.07092         54.4        37.506
11.9000    -260023.0773 -260038.1430      15.0657   310.8    3491.7047         1.07092         54.3        37.506
11.9100    -260022.8413 -260037.6995      14.8582   306.5    3491.7047         1.07092         54.3        37.506
11.9200    -260022.6949 -260037.0618      14.3669   296.4    3475.6411         1.07587         54.4        37.506
11.9300    -260023.0150 -260037.1208      14.1058   291.0    3475.6411         1.07587         54.3        37.506
11.9400    -260023.4317 -260037.2441      13.8123   285.0    3475.6411         1.07587         54.2        37.506
11.9500    -260022.8535 -260037.3840      14.5304   299.8    3465.4267         1.07904         54.3        37.506
11.9600    -260023.2679 -260037.2378      13.9699   288.2    3465.4267         1.07904         54.3        37.506
11.9700    -260023.6021 -260037.3796      13.7775   284.2    3466.9593         1.07856         54.3        37.506
11.9800    -260023.6875 -260038.2748      14.5873   300.9    3466.9593         1.07856         54.3        37.506
11.9900    -260023.8631 -260037.8604      13.9973   288.8    3451.5839         1.08337         54.3        37.506
12.0000    -260024.2552 -260038.0983      13.8431   285.6    3451.5839         1.08337         54.3        37.506
12.0100    -260024.6210 -260038.0501      13.4291   277.0    3451.5839         1.08337         54.3        37.506
12.0200    -260024.7511 -260038.6157      13.8646   286.0    3451.5839         1.08337         54.2        37.506
12.0300    -260025.2399 -260038.6211      13.3812   276.1    3451.5839         1.08337         54.2        37.506
12.0400    -260025.1325 -260038.7187      13.5861   280.3    3451.5839         1.08337         54.1        37.506
12.0500    -260024.6951 -260039.0207      14.3256   295.5    3442.9503         1.08608         54.1        37.506
12.0600    -260024.4133 -260038.4391      14.0259   289.4    3442.9503         1.08608         54.1        37.506
12.0700    -260024.2957 -260038.3206      14.0249   289.3    3442.9503         1.08608         54.1        37.506
12.0800    -260023.8635 -260038.5066      14.6431   302.1    3442.2561         1.08630         54.1        37.506
12.0900    -260024.7966 -260037.8384      13.0418   269.1    3442.2561         1.08630         54.1        37.506
12.1000    -260025.1285 -260038.8002      13.6717   282.1    3442.2561         1.08630         54.0        37.506
12.1100    -260025.0848 -260038.9631      13.8783   286.3    3442.2561         1.08630         54.0        37.506
12.1200    -260024.4742 -260038.9866      14.5124   299.4    3442.2561         1.08630         54.0        37.506
12.1300    -260024.6219 -260039.0891      14.4672   298.5    3474.4716         1.07623         54.0        37.506
12.1400    -260024.2165 -260038.1614      13.9449   287.7    3474.4716         1.07623         54.0        37.506
12.1500    -260024.4060 -260038.2897      13.8837   286.4    3479.2576         1.07475         54.0        37.506
12.1600    -260024.3406 -260038.7051      14.3646   296.3    3479.2576         1.07475         54.0        37.506
12.1700    -260024.1947 -260038.3327      14.1379   291.7    3479.2576         1.07475         54.0        37.506
12.1800    -260024.7207 -260038.3960      13.6753   282.1    3493.1567         1.07047         54.0        37.506
12.1900    -260024.3301 -260038.2721      13.9420   287.6    3500.7110         1.06816         54.1        37.506
12.2000    -260024.5326 -260037.8975      13.3649   275.7    3500.7110         1.06816         54.0        37.506
12.2100    -260024.1668 -260037.8638      13.6970   282.6    3500.7110         1.06816         54.0        37.506
12.2200    -260023.6279 -260036.9371      13.3092   274.6    3529.5466         1.05944         54.0        37.506
12.2300    -260023.3459 -260037.0612      13.7153   283.0    3530.3139         1.05921         54.1        37.506
12.2400    -260023.4388 -260038.3973      14.9585   308.6    3530.3139         1.05921         54.0        37.506
12.2500    -260023.4090 -260038.3314      14.9224   307.9    3530.3139         1.05921         54.0        37.506
12.2600    -260023.6031 -260037.9803      14.3772   296.6    3530.3139         1.05921         54.0        37.506
12.2700    -260023.5579 -260037.9095      14.3516   296.1    3521.8804         1.06174         54.0        37.506
12.2800    -260023.4927 -260038.1078      14.6151   301.5    3530.2998         1.05921         54.1        37.506
12.2900    -260023.9932 -260038.0545      14.0613   290.1    3530.2998         1.05921         54.0        37.506
12.3000    -260023.8358 -260037.6535      13.8177   285.1    3514.3986         1.06400         54.1        37.506
12.3100    -260023.2505 -260037.6029      14.3524   296.1    3514.3986         1.06400         54.1        37.506
12.3200    -260023.5116 -260038.2468      14.7351   304.0    3513.2260         1.06436         54.1        37.506
12.3300    -260023.9465 -260038.2762      14.3297   295.6    3513.2260         1.06436         54.1        37.506
12.3400    -260024.5798 -260038.2103      13.6304   281.2    3513.2260         1.06436         54.0        37.506
12.3500    -260024.6046 -260037.8888      13.2843   274.1    3497.0537         1.06928         54.0        37.506
12.3600    -260025.1916 -260038.3037      13.1121   270.5    3497.0537         1.06928         54.0        37.506
12.3700    -260025.4736 -260038.2215      12.7479   263.0    3489.2330         1.07168         54.1        37.506
12.3800    -260024.8081 -260038.1341      13.3260   274.9    3489.2330         1.07168         54.0        37.506
12.3900    -260024.6308 -260038.1555      13.5247   279.0    3504.5208         1.06700         54.1        37.506
12.4000    -260024.3522 -260038.5116      14.1594   292.1    3475.0210         1.07606         54.1        37.506
12.4100    -260024.1947 -260038.1159      13.9212   287.2    3475.0210         1.07606         54.1        37.506
12.4200    -260024.1137 -260037.7661      13.6524   281.7    3441.8398         1.08643         54.2        37.506
12.4300    -260023.9494 -260038.0888      14.1395   291.7    3441.8398         1.08643         54.1        37.506
12.4400    -260023.7260 -260037.5007      13.7746   284.2    3444.9619         1.08545         54.2        37.506
12.4500    -260023.4722 -260036.7218      13.2496   273.3    3474.6557         1.07617         54.2        37.506
12.4600    -260023.7797 -260037.0989      13.3192   274.8    3474.6557         1.07617         54.2        37.506
12.4700    -260024.4034 -260037.2894      12.8860   265.8    3474.6557         1.07617         54.2        37.506
12.4800    -260024.0812 -260038.0572      13.9760   288.3    3509.9587         1.06535         54.2        37.506
12.4900    -260024.0461 -260038.2876      14.2415   293.8    3504.6677         1.06696         54.3        37.506
12.5000    -260023.2966 -260037.6997      14.4030   297.1    3496.2845         1.06951         54.3        37.506
12.5100    -260023.4953 -260037.6227      14.1274   291.5    3496.2845         1.06951         54.3        37.506
12.5200    -260023.2044 -260036.6807      13.4762   278.0    3478.6856         1.07493         54.3        37.506
12.5300    -260022.2193 -260036.6244      14.4051   297.2    3478.6856         1.07493         54.3        37.506
12.5400    -260022.1692 -260037.3654      15.1962   313.5    3478.6856         1.07493         54.2        37.506
12.5500    -260022.1007 -260037.1555      15.0548   310.6    3474.3532         1.07627         54.3        37.506
12.5600    -260022.8241 -260037.1318      14.3076   295.2    3474.3532         1.07627         54.3        37.506
12.5700    -260022.6093 -260037.1233      14.5141   299.4    3474.3161         1.07628         54.3        37.506
12.5800    -260022.9817 -260037.4480      14.4664   298.4    3474.3161         1.07628         54.3        37.506
12.5900    -260023.0906 -260037.7648      14.6742   302.7    3460.6472         1.08053         54.3        37.506
12.6000    -260023.5028 -260037.6781      14.1753   292.4    3473.3429         1.07658         54.4        37.506
12.6100    -260023.3480 -260037.5119      14.1639   292.2    3473.3429         1.07658         54.4        37.506
12.6200    -260022.3500 -260037.2081      14.8581   306.5    3495.3813         1.06979         54.4        37.506
12.6300    -260022.6002 -260036.1131      13.5129   278.8    3510.3332         1.06523         54.5        37.506
12.6400    -260022.0880 -260036.9005      14.8125   305.6    3501.5604         1.06790         54.5        37.506
12.6500    -260022.8280 -260037.3227      14.4946   299.0    3511.6507         1.06483         54.5        37.506
12.6600    -260023.5318 -260037.0545      13.5228   279.0    3511.6507         1.06483         54.5        37.506
12.6700    -260024.3921 -260037.2787      12.8866   265.9    3511.6507         1.06483         54.5        37.506
12.6800    -260023.9480 -260037.8363      13.8883   286.5    3544.0290         1.05511         54.5        37.506
12.6900    -260023.3930 -260037.5225      14.1295   291.5    3567.0057         1.04831         54.6        37.506
12.7000    -260023.6432 -260036.9348      13.2916   274.2    3579.4518         1.04466         54.6        37.506
12.7100    -260023.0847 -260037.0796      13.9949   288.7    3579.4518         1.04466         54.6        37.506
12.7200    -260022.2936 -260036.6219      14.3283   295.6    3579.4518         1.04466         54.6        37.506
12.7300    -260022.7926 -260036.5692      13.7766   284.2    3579.4518         1.04466         54.5        37.506
12.7400    -260023.3438 -260036.9625      13.6187   281.0    3554.6007         1.05197         54.6        37.506
12.7500    -260023.0877 -260037.3941      14.3064   295.1    3554.6007         1.05197         54.5        37.506
12.7600    -260023.4661 -260037.1309      13.6649   281.9    3554.6007         1.05197         54.5        37.506
12.7700    -260023.6247 -260037.6878      14.0631   290.1    3519.9953         1.06231         54.6        37.506
12.7800    -260023.3571 -260037.1221      13.7649   284.0    3519.9953         1.06231         54.5        37.506
12.7900    -260023.6358 -260036.5857      12.9499   267.2    3538.1773         1.05685         54.5        37.506
12.8000    -260023.0029 -260036.8990      13.8961   286.7    3538.1773         1.05685         54.5        37.506
12.8100    -260022.7565 -260036.7443      13.9879   288.6    3538.1773         1.05685         54.5        37.506
12.8200    -260022.6528 -260035.3990      12.7462   263.0    3553.0607         1.05242         54.5        37.506
12.8300    -260023.0719 -260036.4809      13.4089   276.6    3527.7025         1.05999         54.6        37.506
12.8400    -260023.3539 -260036.7456      13.3917   276.3    3527.7025         1.05999         54.5        37.506
12.8500    -260023.0660 -260036.5721      13.5061   278.6    3543.0046         1.05541         54.6        37.506
12.8600    -260022.9986 -260036.2851      13.2865   274.1    3543.0046         1.05541         54.6        37.506
12.8700    -260023.0911 -260036.7268      13.6356   281.3    3570.8796         1.04717         54.6        37.506
12.8800    -260022.4530 -260037.0578      14.6049   301.3    3570.9132         1.04716         54.7        37.506
12.8900    -260023.0353 -260037.4663      14.4310   297.7    3562.2218         1.04972         54.7        37.506
12.9000    -260023.2512 -260037.3894      14.1382   291.7    3551.7906         1.05280         54.7        37.506
12.9100    -260023.1012 -260037.2941      14.1930   292.8    3551.7906         1.05280         54.7        37.506
12.9200    -260022.8536 -260037.0770      14.2234   293.4    3551.7906         1.05280         54.7        37.506
12.9300    -260022.7921 -260037.2321      14.4399   297.9    3551.7906         1.05280         54.6        37.506
12.9400    -260022.6235 -260036.5310      13.9075   286.9    3546.4622         1.05438         54.7        37.506
12.9500    -260022.4679 -260036.9145      14.4466   298.0    3546.4622         1.05438         54.6        37.506
12.9600    -260022.5931 -260036.5971      14.0041   288.9    3546.4622         1.05438         54.6        37.506
12.9700    -260023.1060 -260037.4364      14.3304   295.6    3546.4622         1.05438         54.6        37.506
12.9800    -260023.6065 -260037.9478      14.3413   295.9    3513.8219         1.06418         54.6        37.506
12.9900    -260023.8193 -260037.7263      13.9070   286.9    3484.5114         1.07313         54.7        37.506
13.0000    -260023.9861 -260038.1655      14.1794   292.5    3486.3080         1.07257         54.7        37.506
13.0100    -260023.0070 -260037.5473      14.5403   300.0    3486.3080         1.07257         54.7        37.506
13.0200    -260022.6819 -260037.0974      14.4155   297.4    3486.6112         1.07248         54.8        37.506
13.0300    -260022.3600 -260036.7361      14.3761   296.6    3512.9924         1.06443         54.8        37.506
13.0400    -260021.7856 -260036.9253      15.1398   312.3    3500.9166         1.06810         54.8        37.506
13.0500    -260021.9456 -260036.3162      14.3706   296.5    3500.9166         1.06810         54.8        37.506
13.0600    -260021.9009 -260036.5522      14.6514   302.3    3500.9166         1.06810         54.8        37.506
13.0700    -260021.8988 -260036.7881      14.8892   307.2    3500.9166         1.06810         54.7        37.506
13.0800    -260021.3082 -260036.6080      15.2999   315.6    3507.3099         1.06615         54.8        37.506
13.0900    -260022.0118 -260036.6938      14.6820   302.9    3507.3099         1.06615         54.7        37.506
13.1000    -260021.8640 -260036.8743      15.0103   309.7    3507.3099         1.06615         54.7        37.506
13.1100    -260023.1124 -260037.3872      14.2748   294.5    3507.3099         1.06615         54.7        37.506
13.1200    -260022.7951 -260037.6918      14.8967   307.3    3492.7922         1.07058         54.7        37.506
13.1300    -260022.4150 -260037.4615      15.0464   310.4    3492.7922         1.07058         54.7        37.506
13.1400    -260022.4220 -260036.3997      13.9777   288.4    3512.8080         1.06448         54.7        37.506
13.1500    -260022.2240 -260037.1085      14.8845   307.1    3491.9897         1.07083         54.8        37.506
13.1600    -260022.0815 -260036.6702      14.5887   301.0    3491.9897         1.07083         54.8        37.506
13.1700    -260022.8506 -260036.9477      14.0971   290.8    3499.6378         1.06849         54.8        37.506
13.1800    -260022.5778 -260036.9897      14.4119   297.3    3499.6378         1.06849         54.7        37.506
13.1900    -260022.0984 -260036.4110      14.3126   295.3    3499.6378         1.06849         54.7        37.506
13.2000    -260021.8109 -260036.8518      15.0409   310.3    3499.6378         1.06849         54.6        37.506
13.2100    -260021.9233 -260036.9006      14.9773   309.0    3499.6378         1.06849         54.6        37.506
13.2200    -260021.7666 -260036.7590      14.9925   309.3    3489.6398         1.07155         54.7        37.506
13.2300    -260021.8500 -260036.9153      15.0653   310.8    3512.1530         1.06468         54.7        37.506
13.2400    -260021.8528 -260036.2989      14.4461   298.0    3512.1530         1.06468         54.7        37.506
13.2500    -260021.2846 -260036.3715      15.0868   311.2    3512.1530         1.06468         54.6        37.506
13.2600    -260021.5320 -260037.9078      16.3757   337.8    3512.1530         1.06468         54.6        37.506
13.2700    -260021.1477 -260036.3158      15.1681   312.9    3523.6667         1.06120         54.7        37.506
13.2800    -260020.9278 -260036.4231      15.4952   319.7    3523.6667         1.06120         54.6        37.506
13.2900    -260022.1895 -260037.4617      15.2721   315.1    3523.6667         1.06120         54.6        37.506
13.3000    -260022.4676 -260036.8936      14.4260   297.6    3531.5899         1.05882         54.6        37.506
13.3100    -260022.4998 -260036.9496      14.4498   298.1    3531.5899         1.05882         54.6        37.506
13.3200    -260022.5213 -260036.6695      14.1482   291.9    3531.5899         1.05882         54.6        37.506
13.3300    -260021.8596 -260036.4035      14.5439   300.0    3531.5899         1.05882         54.5        37.506
13.3400    -260022.5781 -260037.5625      14.9844   309.1    3506.5585         1.06638         54.5        37.506
13.3500    -260022.9330 -260038.1059      15.1729   313.0    3481.0192         1.07420         54.6        37.506
13.3600    -260022.7406 -260037.1584      14.4179   297.4    3481.0192         1.07420         54.6        37.506
13.3700    -260023.0173 -260038.3512      15.3338   316.3    3481.0192         1.07420         54.5        37.506
13.3800    -260023.5024 -260037.8900      14.3876   296.8    3481.0192         1.07420         54.5        37.506
13.3900    -260024.1909 -260037.9500      13.7591   283.9    3447.3931         1.08468         54.5        37.506
13.4000    -260024.1250 -260037.9072      13.7822   284.3    3440.5551         1.08684         54.6        37.506
13.4100    -260024.3524 -260038.1009      13.7486   283.6    3440.5551         1.08684         54.6        37.506
13.4200    -260023.6210 -260037.4232      13.8022   284.7    3440.5551         1.08684         54.5        37.506
13.4300    -260023.5824 -260037.8847      14.3023   295.1    3440.5551         1.08684         54.5        37.506
13.4400    -260023.5488 -260037.8706      14.3218   295.5    3443.7522         1.08583         54.5        37.506
13.4500    -260023.6701 -260037.8316      14.1615   292.2    3421.3350         1.09294         54.6        37.506
13.4600    -260023.5251 -260037.4874      13.9624   288.0    3421.3350         1.09294         54.6        37.506
13.4700    -260023.2971 -260037.5210      14.2238   293.4    3421.3350         1.09294         54.5        37.506
13.4800    -260023.0917 -260038.1637      15.0720   310.9    3386.2472         1.10427         54.5        37.506
13.4900    -260023.3535 -260038.0338      14.6803   302.9    3367.2571         1.11050         54.6        37.506
13.5000    -260023.1927 -260038.1407      14.9480   308.4    3367.2571         1.11050         54.5        37.506
13.5100    -260023.1639 -260037.2515      14.0876   290.6    3367.2571         1.11050         54.5        37.506
13.5200    -260023.3181 -260037.9024      14.5843   300.9    3367.2571         1.11050         54.5        37.506
13.5300    -260024.2404 -260038.3487      14.1083   291.1    3367.2571         1.11050         54.4        37.506
13.5400    -260024.1118 -260038.5720      14.4601   298.3    3380.9483         1.10600         54.5        37.506
13.5500    -260023.8692 -260037.9293      14.0601   290.1    3380.9483         1.10600         54.4        37.506
13.5600    -260024.4133 -260038.0944      13.6811   282.2    3380.9483         1.10600         54.4        37.506
13.5700    -260024.3889 -260037.7880      13.3991   276.4    3380.9483         1.10600         54.4        37.506
13.5800    -260024.4446 -260038.3300      13.8853   286.5    3380.9483         1.10600         54.3        37.506
13.5900    -260023.9638 -260038.3163      14.3525   296.1    3407.7778         1.09729         54.4        37.506
13.6000    -260023.8899 -260037.3995      13.5096   278.7    3407.7778         1.09729         54.3        37.506
13.6100    -260024.2427 -260037.3026      13.0599   269.4    3407.7778         1.09729         54.3        37.506
13.6200    -260023.9772 -260038.1740      14.1968   292.9    3407.7778         1.09729         54.3        37.506
13.6300    -260023.9193 -260037.4814      13.5621   279.8    3411.9109         1.09596         54.3        37.506
13.6400    -260023.8381 -260037.5974      13.7593   283.9    3411.9109         1.09596         54.3        37.506
13.6500    -260023.3623 -260037.4763      14.1140   291.2    3411.9109         1.09596         54.2        37.506
13.6600    -260022.9025 -260037.2051      14.3026   295.1    3411.9109         1.09596         54.2        37.506
13.6700    -260022.7020 -260036.9227      14.2207   293.4    3440.7372         1.08678         54.3        37.506
13.6800    -260022.0278 -260037.1433      15.1155   311.8    3440.7372         1.08678         54.2        37.506
13.6900    -260022.0527 -260036.6168      14.5641   300.5    3432.9161         1.08926         54.2        37.506
13.7000    -260022.0155 -260036.4795      14.4640   298.4    3432.9161         1.08926         54.2        37.506
13.7100    -260022.3771 -260036.6375      14.2605   294.2    3432.9161         1.08926         54.2        37.506
13.7200    -260022.2527 -260037.0580      14.8054   305.4    3431.1642         1.08981         54.2        37.506
13.7300    -260022.6610 -260036.8667      14.2056   293.1    3451.8273         1.08329         54.3        37.506
13.7400    -260022.3370 -260036.7697      14.4327   297.7    3451.8273         1.08329         54.2        37.506
13.7500    -260022.5426 -260036.8015      14.2589   294.2    3451.8273         1.08329         54.2        37.506
13.7600    -260022.9261 -260037.9825      15.0564   310.6    3451.8273         1.08329         54.2        37.506
13.7700    -260022.8592 -260038.0978      15.2386   314.4    3448.4983         1.08433         54.2        37.506
13.7800    -260023.0853 -260037.0726      13.9873   288.6    3448.4983         1.08433         54.2        37.506
13.7900    -260022.6289 -260036.4747      13.8458   285.6    3448.4983         1.08433         54.1        37.506
13.8000    -260022.0920 -260037.3854      15.2933   315.5    3422.4759         1.09258         54.2        37.506
13.8100    -260021.5334 -260035.8847      14.3514   296.1    3422.4759         1.09258         54.2        37.506
13.8200    -260021.4177 -260036.7008      15.2830   315.3    3436.5293         1.08811         54.2        37.506
13.8300    -260021.5609 -260036.7256      15.1646   312.9    3436.5293         1.08811         54.2        37.506
13.8400    -260022.7865 -260037.6902      14.9037   307.5    3436.5293         1.08811         54.1        37.506
13.8500    -260022.2382 -260036.5967      14.3585   296.2    3436.5293         1.08811         54.1        37.506
13.8600    -260022.5936 -260037.3006      14.7071   303.4    3436.5293         1.08811         54.1        37.506
13.8700    -260022.4784 -260037.9728      15.4944   319.7    3424.7403         1.09186         54.1        37.506
13.8800    -260022.2702 -260037.4979      15.2276   314.2    3458.9351         1.08106         54.1        37.506
13.8900    -260021.9736 -260037.0077      15.0341   310.2    3439.3018         1.08723         54.2        37.506
13.9000    -260022.7309 -260037.6161      14.8852   307.1    3439.3018         1.08723         54.1        37.506
13.9100    -260023.0766 -260037.3957      14.3191   295.4    3439.3018         1.08723         54.1        37.506
13.9200    -260022.9349 -260037.1587      14.2238   293.4    3439.3018         1.08723         54.1        37.506
13.9300    -260023.3660 -260037.0539      13.6880   282.4    3439.3018         1.08723         54.0        37.506
13.9400    -260023.3866 -260037.2381      13.8515   285.8    3439.3018         1.08723         54.0        37.506
13.9500    -260022.8071 -260037.5298      14.7227   303.7    3441.3575         1.08658         54.0        37.506
13.9600    -260022.5301 -260038.0024      15.4723   319.2    3441.3575         1.08658         54.0        37.506
13.9700    -260022.7633 -260037.3451      14.5819   300.8    3422.7643         1.09249         54.1        37.506
13.9800    -260022.7091 -260037.2227      14.5136   299.4    3422.7643         1.09249         54.0        37.506
13.9900    -260022.6802 -260037.2501      14.5698   300.6    3422.7643         1.09249         54.0        37.506
14.0000    -260023.1769 -260037.6791      14.5022   299.2    3422.7643         1.09249         53.9        37.506
14.0100    -260023.8432 -260037.6089      13.7657   284.0    3422.7643         1.09249         53.9        37.506
14.0200    -260023.3754 -260036.3151      12.9396   266.9    3422.7643         1.09249         53.9        37.506
14.0300    -260022.4868 -260037.0723      14.5855   300.9    3422.7643         1.09249         53.8        37.506
14.0400    -260022.6131 -260037.1698      14.5566   300.3    3420.8368         1.09310         53.9        37.506
14.0500    -260022.2126 -260036.4084      14.1958   292.9    3420.8368         1.09310         53.8        37.506
14.0600    -260022.0982 -260036.6393      14.5411   300.0    3420.8368         1.09310         53.8        37.506
14.0700    -260022.3372 -260036.6931      14.3560   296.2    3387.1751         1.10397         53.9        37.506
14.0800    -260022.0765 -260037.1162      15.0397   310.3    3387.1751         1.10397         53.8        37.506
14.0900    -260022.2835 -260037.1520      14.8685   306.7    3387.1751         1.10397         53.8        37.506
14.1000    -260021.6346 -260037.0907      15.4562   318.9    3387.1751         1.10397         53.7        37.506
14.1100    -260021.5982 -260036.3484      14.7502   304.3    3387.1751         1.10397         53.7        37.506
14.1200    -260021.8438 -260037.8717      16.0279   330.7    3387.1751         1.10397         53.7        37.506
14.1300    -260021.3081 -260036.9058      15.5977   321.8    3387.1751         1.10397         53.6        37.506
14.1400    -260020.4635 -260036.9235      16.4600   339.6    3387.1751         1.10397         53.6        37.506
14.1500    -260020.3286 -260036.8993      16.5707   341.9    3387.1751         1.10397         53.5        37.506
14.1600    -260020.2857 -260036.2130      15.9273   328.6    3387.1751         1.10397         53.5        37.506
14.1700    -260020.8933 -260036.5405      15.6472   322.8    3387.1751         1.10397         53.5        37.506
14.1800    -260021.5175 -260036.6229      15.1054   311.6    3410.4889         1.09642         53.5        37.506
14.1900    -260021.6451 -260036.1568      14.5117   299.4    3410.4889         1.09642         53.5        37.506
14.2000    -260021.1112 -260036.0622      14.9511   308.4    3425.1292         1.09173         53.5        37.506
14.2100    -260021.4328 -260037.2471      15.8144   326.3    3425.1292         1.09173         53.5        37.506
14.2200    -260021.4334 -260037.2197      15.7863   325.7    3434.5679         1.08873         53.6        37.506
14.2300    -260021.1393 -260036.8504      15.7111   324.1    3434.8908         1.08863         53.6        37.506
14.2400    -260021.3758 -260036.0281      14.6523   302.3    3434.8908         1.08863         53.6        37.506
14.2500    -260021.1576 -260036.1231      14.9654   308.7    3434.8908         1.08863         53.5        37.506
14.2600    -260021.4223 -260036.8988      15.4764   319.3    3434.8908         1.08863         53.5        37.506
14.2700    -260020.8785 -260036.5141      15.6356   322.6    3436.4595         1.08813         53.5        37.506
14.2800    -260020.9941 -260036.7957      15.8016   326.0    3436.4595         1.08813         53.5        37.506
14.2900    -260021.4760 -260037.2036      15.7276   324.5    3436.4595         1.08813         53.5        37.506
14.3000    -260020.9999 -260036.5748      15.5749   321.3    3450.1166         1.08383         53.5        37.506
14.3100    -260020.9337 -260036.9229      15.9892   329.9    3450.1166         1.08383         53.5        37.506
14.3200    -260021.2188 -260036.1367      14.9179   307.8    3450.1166         1.08383         53.4        37.506
14.3300    -260021.6991 -260037.2224      15.5233   320.3    3434.4187         1.08878         53.5        37.506
14.3400    -260021.9206 -260036.8558      14.9353   308.1    3450.7621         1.08362         53.5        37.506
14.3500    -260021.5159 -260036.7481      15.2321   314.2    3464.8946         1.07920         53.6        37.506
14.3600    -260021.5989 -260036.6298      15.0309   310.1    3464.8946         1.07920         53.6        37.506
14.3700    -260021.8949 -260037.1118      15.2169   313.9    3464.8946         1.07920         53.5        37.506
14.3800    -260021.8857 -260036.3516      14.4659   298.4    3464.8946         1.07920         53.5        37.506
14.3900    -260021.6652 -260036.2041      14.5389   299.9    3464.8946         1.07920         53.4        37.506
14.4000    -260022.3211 -260036.4681      14.1470   291.9    3464.8946         1.07920         53.4        37.506
14.4100    -260022.9948 -260037.1695      14.1748   292.4    3464.8946         1.07920         53.4        37.506
14.4200    -260023.0205 -260037.7310      14.7105   303.5    3464.8946         1.07920         53.3        37.506
14.4300    -260022.9230 -260037.7236      14.8006   305.3    3464.8946         1.07920         53.3        37.506
14.4400    -260023.1902 -260038.0655      14.8753   306.9    3463.9910         1.07949         53.3        37.506
14.4500    -260023.4910 -260037.3345      13.8434   285.6    3463.9910         1.07949         53.3        37.506
14.4600    -260023.5426 -260037.0909      13.5483   279.5    3463.9910         1.07949         53.3        37.506
14.4700    -260023.4717 -260036.7054      13.2337   273.0    3463.9910         1.07949         53.2        37.506
14.4800    -260023.7910 -260037.2193      13.4284   277.0    3463.9910         1.07949         53.2        37.506
14.4900    -260023.8159 -260037.5966      13.7807   284.3    3471.3241         1.07720         53.2        37.506
14.5000    -260022.9594 -260036.7480      13.7885   284.5    3492.4901         1.07068         53.3        37.506
14.5100    -260023.2110 -260036.7787      13.5677   279.9    3492.4901         1.07068         53.3        37.506
14.5200    -260023.3842 -260037.0726      13.6884   282.4    3492.4901         1.07068         53.2        37.506
14.5300    -260022.9469 -260036.8864      13.9395   287.6    3492.4901         1.07068         53.2        37.506
14.5400    -260023.2699 -260036.8820      13.6122   280.8    3492.4901         1.07068         53.1        37.506
14.5500    -260022.7540 -260036.9218      14.1678   292.3    3492.4901         1.07068         53.1        37.506
14.5600    -260023.5067 -260037.0098      13.5031   278.6    3492.4901         1.07068         53.1        37.506
14.5700    -260023.6832 -260036.9750      13.2918   274.2    3492.4901         1.07068         53.0        37.506
14.5800    -260023.3633 -260037.0201      13.6568   281.7    3505.3185         1.06676         53.1        37.506
14.5900    -260023.2547 -260037.2493      13.9946   288.7    3505.3185         1.06676         53.0        37.506
14.6000    -260023.2538 -260037.3692      14.1154   291.2    3505.3185         1.06676         53.0        37.506
14.6100    -260022.7620 -260036.9726      14.2106   293.2    3505.3185         1.06676         53.0        37.506
14.6200    -260022.1855 -260036.9366      14.7511   304.3    3506.1545         1.06650         53.0        37.506
14.6300    -260022.1920 -260037.2662      15.0742   311.0    3506.1545         1.06650         53.0        37.506
14.6400    -260021.8712 -260036.9428      15.0717   310.9    3533.9886         1.05810         53.0        37.506
14.6500    -260021.8453 -260036.6076      14.7623   304.6    3539.9271         1.05633         53.1        37.506
14.6600    -260021.5988 -260035.9497      14.3510   296.1    3539.9271         1.05633         53.1        37.506
14.6700    -260022.1427 -260037.2353      15.0926   311.4    3533.4045         1.05828         53.1        37.506
14.6800    -260022.0877 -260036.8983      14.8106   305.5    3533.4045         1.05828         53.1        37.506
14.6900    -260021.8930 -260036.4710      14.5780   300.7    3496.4753         1.06946         53.1        37.506
14.7000    -260021.8350 -260036.3675      14.5326   299.8    3490.7044         1.07122         53.1        37.506
14.7100    -260022.2877 -260036.7398      14.4522   298.2    3490.7044         1.07122         53.1        37.506
14.7200    -260022.6572 -260036.5198      13.8627   286.0    3490.7044         1.07122         53.1        37.506
14.7300    -260022.6300 -260036.3217      13.6917   282.5    3490.7044         1.07122         53.1        37.506
14.7400    -260022.0778 -260036.2327      14.1550   292.0    3483.3657         1.07348         53.1        37.506
14.7500    -260021.8609 -260036.2756      14.4146   297.4    3470.9040         1.07734         53.1        37.506
14.7600    -260021.1448 -260036.1046      14.9598   308.6    3470.9040         1.07734         53.1        37.506
14.7700    -260020.7452 -260035.3954      14.6501   302.2    3491.5350         1.07097         53.2        37.506
14.7800    -260020.7987 -260035.2238      14.4250   297.6    3491.5350         1.07097         53.1        37.506
14.7900    -260020.7424 -260036.3503      15.6079   322.0    3469.7555         1.07769         53.2        37.506
14.8000    -260020.6896 -260035.8699      15.1803   313.2    3470.5700         1.07744         53.2        37.506
14.8100    -260021.0147 -260036.2952      15.2805   315.2    3470.5700         1.07744         53.2        37.506
14.8200    -260021.2173 -260036.3767      15.1594   312.7    3470.5700         1.07744         53.2        37.506
14.8300    -260021.1591 -260036.2071      15.0480   310.4    3470.5700         1.07744         53.1        37.506
14.8400    -260021.1171 -260036.1540      15.0369   310.2    3477.5647         1.07527         53.2        37.506
14.8500    -260021.0375 -260036.1044      15.0669   310.8    3489.5858         1.07157         53.2        37.506
14.8600    -260020.9927 -260035.4651      14.4725   298.6    3489.5858         1.07157         53.2        37.506
14.8700    -260021.0381 -260035.6585      14.6204   301.6    3495.3553         1.06980         53.2        37.506
14.8800    -260020.6153 -260035.6246      15.0093   309.6    3495.3553         1.06980         53.2        37.506
14.8900    -260020.8917 -260035.1859      14.2943   294.9    3521.0901         1.06198         53.2        37.506
14.9000    -260021.4530 -260035.7637      14.3107   295.2    3521.0901         1.06198         53.2        37.506
14.9100    -260021.4094 -260036.5382      15.1288   312.1    3521.0901         1.06198         53.2        37.506
14.9200    -260021.2152 -260035.6930      14.4778   298.7    3521.0901         1.06198         53.1        37.506
14.9300    -260021.0309 -260035.5255      14.4946   299.0    3521.0901         1.06198         53.1        37.506
14.9400    -260021.4013 -260035.7471      14.3458   296.0    3487.8704         1.07209         53.1        37.506
14.9500    -260021.7563 -260035.3090      13.5527   279.6    3486.5749         1.07249         53.2        37.506
14.9600    -260020.9539 -260035.4070      14.4531   298.2    3486.5749         1.07249         53.2        37.506
14.9700    -260021.2310 -260035.9209      14.6899   303.1    3478.0770         1.07511         53.2        37.506
14.9800    -260021.3133 -260036.1947      14.8814   307.0    3478.0770         1.07511         53.2        37.506
14.9900    -260021.0197 -260037.5171      16.4975   340.3    3478.0770         1.07511         53.1        37.506
15.0000    -260021.4207 -260036.4292      15.0085   309.6    3478.1442         1.07509         53.2        37.506
15.0100    -260022.0947 -260037.0009      14.9062   307.5    3478.1442         1.07509         53.2        37.506
15.0200    -260022.2063 -260037.3749      15.1686   312.9    3477.5861         1.07526         53.2        37.506
15.0300    -260022.0521 -260037.2323      15.1801   313.2    3477.5861         1.07526         53.2        37.506
15.0400    -260021.9071 -260036.7034      14.7963   305.3    3483.4253         1.07346         53.2        37.506
15.0500    -260022.2840 -260037.5438      15.2598   314.8    3462.1807         1.08005         53.2        37.506
15.0600    -260022.1221 -260036.9602      14.8381   306.1    3462.1807         1.08005         53.2        37.506
15.0700    -260021.9642 -260037.1864      15.2222   314.0    3461.8478         1.08015         53.3        37.506
15.0800    -260021.7127 -260037.5182      15.8054   326.1    3466.9271         1.07857         53.3        37.506
15.0900    -260021.8048 -260037.4955      15.6907   323.7    3466.9271         1.07857         53.3        37.506
15.1000    -260021.3369 -260037.1721      15.8352   326.7    3466.9271         1.07857         53.2        37.506
15.1100    -260021.6481 -260036.5480      14.8999   307.4    3466.9271         1.07857         53.2        37.506
15.1200    -260021.9163 -260036.3471      14.4307   297.7    3466.9271         1.07857         53.2        37.506
15.1300    -260021.7298 -260037.2495      15.5197   320.2    3466.9271         1.07857         53.1        37.506
15.1400    -260021.7203 -260037.3474      15.6271   322.4    3466.9271         1.07857         53.1        37.506
15.1500    -260021.5138 -260036.1217      14.6079   301.4    3466.9271         1.07857         53.1        37.506
15.1600    -260021.0993 -260036.6165      15.5172   320.1    3466.9271         1.07857         53.1        37.506
15.1700    -260020.6889 -260036.1395      15.4506   318.8    3468.9305         1.07795         53.1        37.506
15.1800    -260020.8705 -260036.7332      15.8627   327.3    3468.9305         1.07795         53.0        37.506
15.1900    -260021.4721 -260036.6170      15.1449   312.4    3468.9305         1.07795         53.0        37.506
15.2000    -260021.9832 -260036.7762      14.7929   305.2    3466.8330         1.07860         53.0        37.506
15.2100    -260021.9282 -260035.8374      13.9092   287.0    3466.8330         1.07860         53.0        37.506
15.2200    -260022.5079 -260036.8239      14.3160   295.3    3466.8330         1.07860         53.0        37.506
15.2300    -260022.5429 -260036.8754      14.3326   295.7    3466.8330         1.07860         53.0        37.506
15.2400    -260022.6131 -260036.6138      14.0008   288.8    3462.2595         1.08002         53.0        37.506
15.2500    -260022.2302 -260037.5364      15.3062   315.8    3462.2595         1.08002         53.0        37.506
15.2600    -260022.5314 -260038.0894      15.5580   321.0    3462.2595         1.08002         53.0        37.506
15.2700    -260022.1613 -260037.4847      15.3234   316.1    3482.5815         1.07372         53.0        37.506
15.2800    -260022.2387 -260037.6816      15.4429   318.6    3482.5815         1.07372         52.9        37.506
15.2900    -260022.4974 -260038.1079      15.6105   322.0    3482.5815         1.07372         52.9        37.506
15.3000    -260022.6255 -260037.7252      15.0997   311.5    3480.4956         1.07437         52.9        37.506
15.3100    -260023.3924 -260037.5591      14.1666   292.3    3480.4956         1.07437         52.9        37.506
15.3200    -260023.2099 -260037.3987      14.1888   292.7    3454.4300         1.08247         53.0        37.506
15.3300    -260023.0464 -260037.1978      14.1515   291.9    3463.5080         1.07964         53.0        37.506
15.3400    -260022.9243 -260037.5784      14.6541   302.3    3473.6822         1.07647         53.1        37.506
15.3500    -260022.9483 -260037.5250      14.5767   300.7    3473.6822         1.07647         53.0        37.506
15.3600    -260022.4836 -260037.3530      14.8695   306.8    3473.6822         1.07647         53.0        37.506
15.3700    -260022.5047 -260037.7630      15.2583   314.8    3473.6822         1.07647         53.0        37.506
15.3800    -260022.5094 -260037.1555      14.6461   302.2    3473.6822         1.07647         52.9        37.506
15.3900    -260022.5556 -260036.8899      14.3343   295.7    3470.2709         1.07753         53.0        37.506
15.4000    -260022.4994 -260037.2565      14.7571   304.4    3470.2709         1.07753         52.9        37.506
15.4100    -260022.2336 -260036.9265      14.6929   303.1    3470.2709         1.07753         52.9        37.506
15.4200    -260022.3400 -260037.3131      14.9731   308.9    3471.9611         1.07701         53.0        37.506
15.4300    -260021.6893 -260036.4777      14.7884   305.1    3505.4975         1.06670         53.0        37.506
15.4400    -260020.9450 -260036.1106      15.1655   312.9    3482.5713         1.07373         53.0        37.506
15.4500    -260021.7137 -260035.9451      14.2314   293.6    3482.5713         1.07373         53.0        37.506
15.4600    -260021.8804 -260035.6347      13.7543   283.8    3482.5713         1.07373         53.0        37.506
15.4700    -260022.0439 -260036.5198      14.4758   298.6    3482.5713         1.07373         53.0        37.506
15.4800    -260022.2075 -260036.5221      14.3145   295.3    3484.7231         1.07306         53.0        37.506
15.4900    -260021.8646 -260036.1429      14.2784   294.6    3503.5088         1.06731         53.0        37.506
15.5000    -260022.1337 -260036.1570      14.0232   289.3    3503.5088         1.06731         53.0        37.506
15.5100    -260021.7442 -260036.3230      14.5789   300.8    3503.5088         1.06731         53.0        37.506
15.5200    -260022.0358 -260036.1745      14.1387   291.7    3503.5088         1.06731         52.9        37.506
15.5300    -260021.9719 -260035.7863      13.8144   285.0    3508.8912         1.06567         53.0        37.506
15.5400    -260022.4419 -260036.1414      13.6995   282.6    3508.8912         1.06567         52.9        37.506
15.5500    -260022.7659 -260036.4995      13.7337   283.3    3508.8912         1.06567         52.9        37.506
15.5600    -260022.7784 -260036.2474      13.4690   277.9    3508.8912         1.06567         52.9        37.506
15.5700    -260022.3793 -260035.6927      13.3135   274.7    3508.8912         1.06567         52.9        37.506
15.5800    -260022.3204 -260035.8408      13.5204   278.9    3488.5964         1.07187         52.9        37.506
15.5900    -260022.1216 -260035.8266      13.7050   282.7    3476.9146         1.07547         52.9        37.506
15.6000    -260021.5321 -260036.5454      15.0132   309.7    3471.9277         1.07702         53.0        37.506
15.6100    -260021.5034 -260035.9993      14.4959   299.1    3471.9277         1.07702         53.0        37.506
15.6200    -260021.3779 -260036.6139      15.2360   314.3    3471.9277         1.07702         52.9        37.506
15.6300    -260021.5181 -260036.5715      15.0534   310.6    3468.7656         1.07800         53.0        37.506
15.6400    -260021.1416 -260036.9033      15.7616   325.2    3468.7656         1.07800         52.9        37.506
15.6500    -260020.8372 -260035.4254      14.5882   301.0    3468.7656         1.07800         52.9        37.506
15.6600    -260020.9125 -260035.8522      14.9397   308.2    3468.7656         1.07800         52.9        37.506
15.6700    -260021.0364 -260035.7494      14.7130   303.5    3448.4203         1.08436         52.9        37.506
15.6800    -260021.2177 -260036.4697      15.2520   314.7    3448.2229         1.08442         53.0        37.506
15.6900    -260021.4502 -260036.4438      14.9936   309.3    3448.2229         1.08442         52.9        37.506
15.7000    -260021.1621 -260036.1915      15.0294   310.1    3448.2229         1.08442         52.9        37.506
15.7100    -260020.9970 -260035.8619      14.8649   306.7    3448.2229         1.08442         52.9        37.506
15.7200    -260021.2980 -260036.3808      15.0828   311.2    3456.5910         1.08180         52.9        37.506
15.7300    -260020.5850 -260036.5632      15.9782   329.6    3456.5910         1.08180         52.9        37.506
15.7400    -260020.9057 -260036.2064      15.3008   315.7    3423.7912         1.09216         52.9        37.506
15.7500    -260021.1224 -260035.8922      14.7698   304.7    3393.0965         1.10204         52.9        37.506
15.7600    -260021.0325 -260036.9715      15.9390   328.8    3393.0965         1.10204         52.9        37.506
15.7700    -260022.3211 -260037.3246      15.0035   309.5    3393.0965         1.10204         52.9        37.506
15.7800    -260022.9815 -260037.7027      14.7211   303.7    3393.0965         1.10204         52.9        37.506
15.7900    -260022.9612 -260037.9550      14.9938   309.3    3393.0965         1.10204         52.8        37.506
15.8000    -260022.8064 -260037.5042      14.6978   303.2    3381.5238         1.10581         52.8        37.506
15.8100    -260022.3964 -260036.4816      14.0853   290.6    3381.5238         1.10581         52.8        37.506
15.8200    -260021.8789 -260036.9282      15.0493   310.5    3381.5238         1.10581         52.8        37.506
15.8300    -260022.1301 -260036.4838      14.3537   296.1    3360.8810         1.11260         52.8        37.506
15.8400    -260021.9665 -260036.8826      14.9162   307.7    3360.8810         1.11260         52.8        37.506
15.8500    -260022.0570 -260037.1187      15.0617   310.7    3360.8810         1.11260         52.8        37.506
15.8600    -260022.3042 -260037.7219      15.4177   318.1    3360.8810         1.11260         52.8        37.506
15.8700    -260022.2939 -260037.2003      14.9064   307.5    3349.5828         1.11636         52.8        37.506
15.8800    -260022.7624 -260037.0129      14.2506   294.0    3333.4997         1.12174         52.8        37.506
15.8900    -260022.2954 -260037.1230      14.8276   305.9    3332.9206         1.12194         52.9        37.506
15.9000    -260022.6861 -260038.3423      15.6562   323.0    3332.9206         1.12194         52.8        37.506
15.9100    -260023.5916 -260038.1009      14.5093   299.3    3332.9206         1.12194         52.8        37.506
15.9200    -260023.7565 -260037.7727      14.0162   289.2    3332.9206         1.12194         52.8        37.506
15.9300    -260023.8327 -260038.0307      14.1980   292.9    3342.7956         1.11862         52.8        37.506
15.9400    -260023.5571 -260037.7250      14.1678   292.3    3345.6789         1.11766         52.9        37.506
15.9500    -260023.2798 -260037.5985      14.3187   295.4    3357.1753         1.11383         52.9        37.506
15.9600    -260023.1532 -260037.2766      14.1234   291.4    3357.1753         1.11383         52.9        37.506
15.9700    -260022.8853 -260036.9980      14.1127   291.1    3357.1753         1.11383         52.9        37.506
15.9800    -260022.6614 -260037.5139      14.8525   306.4    3357.1753         1.11383         52.8        37.506
15.9900    -260022.2359 -260037.4763      15.2403   314.4    3357.1753         1.11383         52.8        37.506
16.0000    -260022.9514 -260037.5807      14.6294   301.8    3357.1753         1.11383         52.7        37.506
16.0100    -260022.8813 -260037.2229      14.3416   295.9    3357.1753         1.11383         52.7        37.506
16.0200    -260022.9111 -260036.7549      13.8438   285.6    3357.1753         1.11383         52.7        37.506
16.0300    -260023.2576 -260037.4529      14.1953   292.9    3357.1753         1.11383         52.7        37.506
16.0400    -260023.7215 -260037.1348      13.4133   276.7    3357.1753         1.11383         52.6        37.506
16.0500    -260023.1218 -260038.6113      15.4895   319.6    3357.1753         1.11383         52.6        37.506
16.0600    -260022.9544 -260037.9025      14.9480   308.4    3357.1753         1.11383         52.6        37.506
16.0700    -260022.5740 -260038.2432      15.6692   323.3    3342.2447         1.11881         52.6        37.506
16.0800    -260022.6768 -260036.8088      14.1319   291.5    3342.2447         1.11881         52.6        37.506
16.0900    -260023.6673 -260037.6862      14.0189   289.2    3342.2447         1.11881         52.5        37.506
16.1000    -260023.0049 -260038.0356      15.0306   310.1    3342.2447         1.11881         52.5        37.506
16.1100    -260023.4648 -260037.9725      14.5076   299.3    3342.2447         1.11881         52.5        37.506
16.1200    -260023.0759 -260037.1159      14.0400   289.6    3377.8296         1.10702         52.5        37.506
16.1300    -260022.4197 -260037.4993      15.0796   311.1    3377.8296         1.10702         52.5        37.506
16.1400    -260022.6522 -260038.1990      15.5468   320.7    3377.8296         1.10702         52.4        37.506
16.1500    -260022.8159 -260038.0791      15.2632   314.9    3377.8296         1.10702         52.4        37.506
16.1600    -260023.6742 -260038.3533      14.6791   302.8    3377.8296         1.10702         52.4        37.506
16.1700    -260023.9931 -260038.0642      14.0711   290.3    3377.8296         1.10702         52.4        37.506
16.1800    -260023.9927 -260037.8788      13.8861   286.5    3379.2180         1.10657         52.4        37.506
16.1900    -260024.2735 -260037.4531      13.1796   271.9    3379.2180         1.10657         52.4        37.506
16.2000    -260024.8130 -260038.0674      13.2544   273.4    3379.2180         1.10657         52.3        37.506
16.2100    -260024.6790 -260038.6038      13.9248   287.3    3379.2180         1.10657         52.3        37.506
16.2200    -260024.1568 -260038.4482      14.2914   294.8    3378.0705         1.10694         52.4        37.506
16.2300    -260024.7448 -260038.7971      14.0523   289.9    3378.0705         1.10694         52.3        37.506
16.2400    -260025.4268 -260038.6451      13.2183   272.7    3368.0654         1.11023         52.3        37.506
16.2500    -260024.8824 -260038.7880      13.9056   286.9    3368.0654         1.11023         52.3        37.506
16.2600    -260024.6108 -260038.7637      14.1529   292.0    3368.0654         1.11023         52.3        37.506
16.2700    -260025.3906 -260038.6016      13.2110   272.5    3340.3797         1.11943         52.3        37.506
16.2800    -260025.2254 -260039.1796      13.9542   287.9    3340.3797         1.11943         52.3        37.506
16.2900    -260025.4366 -260038.6913      13.2546   273.4    3339.6869         1.11966         52.3        37.506
16.3000    -260024.6772 -260039.5607      14.8834   307.0    3339.6869         1.11966         52.3        37.506
16.3100    -260023.9455 -260038.9012      14.9557   308.5    3339.6869         1.11966         52.3        37.506
16.3200    -260023.9281 -260038.5091      14.5810   300.8    3339.6869         1.11966         52.3        37.506
16.3300    -260024.0087 -260038.5625      14.5538   300.2    3342.4210         1.11875         52.3        37.506
16.3400    -260023.6773 -260038.2064      14.5291   299.7    3342.4210         1.11875         52.3        37.506
16.3500    -260023.5999 -260038.5834      14.9835   309.1    3332.7127         1.12201         52.3        37.506
16.3600    -260023.2032 -260038.3412      15.1380   312.3    3332.7127         1.12201         52.3        37.506
16.3700    -260023.1531 -260038.9104      15.7573   325.1    3332.7127         1.12201         52.3        37.506
16.3800    -260023.1340 -260038.6065      15.4725   319.2    3332.7127         1.12201         52.2        37.506
16.3900    -260023.8597 -260037.7822      13.9225   287.2    3359.5882         1.11303         52.3        37.506
16.4000    -260023.7722 -260038.4875      14.7153   303.6    3359.5882         1.11303         52.2        37.506
16.4100    -260024.2614 -260037.6455      13.3841   276.1    3359.5882         1.11303         52.2        37.506
16.4200    -260024.7250 -260038.1630      13.4380   277.2    3359.5882         1.11303         52.2        37.506
16.4300    -260024.6564 -260038.5260      13.8696   286.1    3370.4588         1.10944         52.2        37.506
16.4400    -260024.3399 -260038.5928      14.2530   294.0    3370.4588         1.10944         52.2        37.506
16.4500    -260024.3324 -260037.3135      12.9811   267.8    3370.4588         1.10944         52.1        37.506
16.4600    -260024.7698 -260037.9838      13.2140   272.6    3370.4588         1.10944         52.1        37.506
16.4700    -260025.1683 -260038.9849      13.8166   285.0    3370.4588         1.10944         52.1        37.506
16.4800    -260026.1299 -260038.9274      12.7975   264.0    3369.2314         1.10985         52.1        37.506
16.4900    -260025.4676 -260038.6377      13.1701   271.7    3395.6773         1.10120         52.2        37.506
16.5000    -260024.9632 -260038.6263      13.6631   281.9    3373.9851         1.10828         52.2        37.506
16.5100    -260025.0364 -260039.2561      14.2197   293.4    3373.9851         1.10828         52.2        37.506
16.5200    -260024.2198 -260038.7354      14.5156   299.5    3359.0544         1.11321         52.2        37.506
16.5300    -260024.3285 -260038.4661      14.1375   291.7    3348.7334         1.11664         52.3        37.506
16.5400    -260024.3939 -260038.1254      13.7315   283.3    3348.7334         1.11664         52.2        37.506
16.5500    -260024.3303 -260038.0681      13.7378   283.4    3359.1397         1.11318         52.3        37.506
16.5600    -260024.2315 -260038.2465      14.0149   289.1    3359.1397         1.11318         52.3        37.506
16.5700    -260024.7192 -260037.8891      13.1699   271.7    3359.1397         1.11318         52.2        37.506
16.5800    -260024.6678 -260037.6014      12.9336   266.8    3359.1397         1.11318         52.2        37.506
16.5900    -260023.8845 -260037.6797      13.7952   284.6    3359.1397         1.11318         52.1        37.506
16.6000    -260022.7278 -260037.3803      14.6525   302.3    3370.1513         1.10954         52.2        37.506
16.6100    -260023.3646 -260037.5479      14.1833   292.6    3370.1513         1.10954         52.2        37.506
16.6200    -260023.5737 -260037.2026      13.6289   281.2    3370.1513         1.10954         52.1        37.506
16.6300    -260023.8289 -260037.6162      13.7872   284.4    3388.4355         1.10356         52.2        37.506
16.6400    -260024.7458 -260038.4817      13.7358   283.4    3369.8231         1.10965         52.2        37.506
16.6500    -260024.7286 -260038.7971      14.0684   290.2    3362.8167         1.11196         52.3        37.506
16.6600    -260024.5131 -260038.5173      14.0042   288.9    3362.8167         1.11196         52.3        37.506
16.6700    -260023.5910 -260037.6565      14.0655   290.2    3361.5541         1.11238         52.3        37.506
16.6800    -260022.9218 -260037.0902      14.1684   292.3    3361.5541         1.11238         52.2        37.506
16.6900    -260022.0608 -260036.9424      14.8816   307.0    3361.5541         1.11238         52.2        37.506
16.7000    -260021.8722 -260036.7678      14.8956   307.3    3361.5541         1.11238         52.2        37.506
16.7100    -260021.6668 -260037.3621      15.6954   323.8    3361.5541         1.11238         52.2        37.506
16.7200    -260021.7687 -260035.5927      13.8240   285.2    3370.2198         1.10952         52.2        37.506
16.7300    -260021.7831 -260036.6283      14.8452   306.3    3370.2198         1.10952         52.2        37.506
16.7400    -260021.9757 -260036.4214      14.4456   298.0    3383.9369         1.10502         52.2        37.506
16.7500    -260022.5029 -260036.4213      13.9183   287.1    3383.0019         1.10533         52.2        37.506
16.7600    -260022.5490 -260036.2523      13.7033   282.7    3383.0019         1.10533         52.2        37.506
16.7700    -260022.7805 -260036.8241      14.0437   289.7    3383.0019         1.10533         52.2        37.506
16.7800    -260022.7603 -260036.9432      14.1828   292.6    3383.0019         1.10533         52.2        37.506
16.7900    -260022.6741 -260037.2689      14.5947   301.1    3383.0019         1.10533         52.1        37.506
16.8000    -260023.0428 -260037.7216      14.6788   302.8    3367.9429         1.11027         52.2        37.506
16.8100    -260023.0819 -260037.3429      14.2611   294.2    3367.9429         1.11027         52.2        37.506
16.8200    -260023.1127 -260036.8637      13.7510   283.7    3367.9429         1.11027         52.1        37.506
16.8300    -260022.6804 -260038.6324      15.9520   329.1    3367.9429         1.11027         52.1        37.506
16.8400    -260023.8229 -260037.9005      14.0776   290.4    3367.9429         1.11027         52.0        37.506
16.8500    -260023.9431 -260038.6465      14.7034   303.3    3367.9429         1.11027         52.0        37.506
16.8600    -260024.2474 -260038.8687      14.6213   301.6    3367.9429         1.11027         52.0        37.506
16.8700    -260024.0639 -260038.7720      14.7081   303.4    3371.5977         1.10907         52.0        37.506
16.8800    -260024.4358 -260038.2062      13.7704   284.1    3371.5977         1.10907         52.0        37.506
16.8900    -260024.1980 -260038.6531      14.4551   298.2    3346.2643         1.11746         52.0        37.506
16.9000    -260024.0046 -260037.8277      13.8231   285.2    3346.2643         1.11746         52.0        37.506
16.9100    -260023.7135 -260037.3573      13.6437   281.5    3346.2643         1.11746         52.0        37.506
16.9200    -260024.2359 -260037.4933      13.2574   273.5    3346.2643         1.11746         52.0        37.506
16.9300    -260024.3239 -260038.2276      13.9037   286.8    3337.1011         1.12053         52.0        37.506
16.9400    -260024.1764 -260038.1110      13.9346   287.5    3305.5982         1.13121         52.0        37.506
16.9500    -260024.0985 -260038.0923      13.9938   288.7    3316.8951         1.12736         52.1        37.506
16.9600    -260023.9288 -260038.7153      14.7866   305.1    3316.8951         1.12736         52.1        37.506
16.9700    -260024.2956 -260039.3843      15.0887   311.3    3334.5632         1.12138         52.1        37.506
16.9800    -260024.8717 -260038.6545      13.7828   284.3    3348.8914         1.11659         52.1        37.506
16.9900    -260024.7161 -260038.3115      13.5954   280.5    3348.8914         1.11659         52.1        37.506
17.0000    -260024.8016 -260039.0283      14.2266   293.5    3348.8914         1.11659         52.1        37.506
17.0100    -260024.2085 -260039.1418      14.9333   308.1    3348.8914         1.11659         52.1        37.506
17.0200    -260024.3738 -260039.4377      15.0639   310.8    3336.3417         1.12079         52.1        37.506
17.0300    -260024.6921 -260038.5874      13.8953   286.7    3321.2530         1.12588         52.1        37.506
17.0400    -260024.7911 -260039.3625      14.5714   300.6    3321.6699         1.12574         52.2        37.506
17.0500    -260024.7813 -260039.5441      14.7629   304.6    3309.8793         1.12975         52.2        37.506
17.0600    -260024.7990 -260040.1831      15.3841   317.4    3309.8793         1.12975         52.2        37.506
17.0700    -260024.7451 -260039.8147      15.0696   310.9    3291.7165         1.13598         52.2        37.506
17.0800    -260024.4077 -260039.2825      14.8748   306.9    3291.7165         1.13598         52.2        37.506
17.0900    -260024.4656 -260038.4563      13.9907   288.6    3291.7165         1.13598         52.2        37.506
17.1000    -260024.5295 -260039.4358      14.9062   307.5    3292.3146         1.13577         52.2        37.506
17.1100    -260024.5605 -260039.0835      14.5230   299.6    3292.3146         1.13577         52.2        37.506
17.1200    -260024.5235 -260038.5158      13.9923   288.7    3309.4365         1.12990         52.2        37.506
17.1300    -260024.7371 -260038.6867      13.9495   287.8    3309.4365         1.12990         52.2        37.506
17.1400    -260025.0869 -260038.6014      13.5145   278.8    3313.0299         1.12867         52.2        37.506
17.1500    -260024.2604 -260039.8901      15.6297   322.4    3313.0299         1.12867         52.2        37.506
17.1600    -260023.9401 -260038.3822      14.4421   297.9    3313.0299         1.12867         52.2        37.506
17.1700    -260023.9506 -260037.7847      13.8341   285.4    3313.0299         1.12867         52.1        37.506
17.1800    -260024.2454 -260037.7727      13.5273   279.1    3313.0299         1.12867         52.1        37.506
17.1900    -260024.6121 -260038.7403      14.1281   291.5    3313.0299         1.12867         52.1        37.506
17.2000    -260024.8517 -260039.1385      14.2868   294.7    3313.0299         1.12867         52.0        37.506
17.2100    -260025.4672 -260040.0061      14.5389   299.9    3313.0299         1.12867         52.0        37.506
17.2200    -260025.8506 -260039.1181      13.2675   273.7    3313.0299         1.12867         52.0        37.506
17.2300    -260025.4539 -260039.0412      13.5872   280.3    3313.0299         1.12867         52.0        37.506
17.2400    -260025.9063 -260039.2702      13.3639   275.7    3328.2797         1.12350         52.0        37.506
17.2500    -260025.5472 -260039.6792      14.1319   291.5    3328.2797         1.12350         52.0        37.506
17.2600    -260025.7790 -260040.0380      14.2590   294.2    3328.2797         1.12350         52.0        37.506
17.2700    -260025.4998 -260039.0299      13.5300   279.1    3328.2797         1.12350         51.9        37.506
17.2800    -260025.4155 -260038.9163      13.5008   278.5    3328.2797         1.12350         51.9        37.506
17.2900    -260024.8916 -260039.2211      14.3295   295.6    3328.2797         1.12350         51.8        37.506
17.3000    -260024.3647 -260038.8932      14.5285   299.7    3327.5536         1.12375         51.9        37.506
17.3100    -260023.8964 -260037.7642      13.8678   286.1    3327.5536         1.12375         51.9        37.506
17.3200    -260024.0909 -260037.8500      13.7591   283.9    3334.8172         1.12130         51.9        37.506
17.3300    -260023.7438 -260038.4168      14.6731   302.7    3370.3071         1.10949         51.9        37.506
17.3400    -260023.8689 -260038.7275      14.8586   306.5    3370.3071         1.10949         51.9        37.506
17.3500    -260024.2234 -260038.9676      14.7442   304.2    3370.3071         1.10949         51.9        37.506
17.3600    -260023.4426 -260038.1176      14.6750   302.7    3370.3071         1.10949         51.9        37.506
17.3700    -260023.7051 -260038.3256      14.6205   301.6    3346.7086         1.11731         51.9        37.506
17.3800    -260023.6468 -260038.2812      14.6344   301.9    3357.2172         1.11382         51.9        37.506
17.3900    -260024.2040 -260038.5638      14.3599   296.2    3324.4461         1.12480         52.0        37.506
17.4000    -260024.0169 -260039.2991      15.2822   315.3    3330.1463         1.12287         52.0        37.506
17.4100    -260023.4779 -260038.9072      15.4294   318.3    3330.1463         1.12287         52.0        37.506
17.4200    -260023.2369 -260038.6476      15.4107   317.9    3322.4553         1.12547         52.0        37.506
17.4300    -260023.5083 -260038.7802      15.2719   315.1    3315.7254         1.12776         52.1        37.506
17.4400    -260023.5241 -260039.0845      15.5603   321.0    3296.5107         1.13433         52.1        37.506
17.4500    -260024.1605 -260038.7203      14.5597   300.4    3296.5107         1.13433         52.1        37.506
17.4600    -260024.0736 -260038.2324      14.1588   292.1    3296.5107         1.13433         52.1        37.506
17.4700    -260023.7474 -260038.5553      14.8080   305.5    3318.1959         1.12692         52.1        37.506
17.4800    -260023.7582 -260037.9832      14.2250   293.5    3318.1959         1.12692         52.1        37.506
17.4900    -260024.0883 -260038.4360      14.3477   296.0    3318.1959         1.12692         52.0        37.506
17.5000    -260023.9917 -260038.5945      14.6028   301.3    3310.6299         1.12949         52.1        37.506
17.5100    -260023.8155 -260038.8006      14.9851   309.1    3310.6299         1.12949         52.1        37.506
17.5200    -260024.8109 -260038.3150      13.5041   278.6    3310.6299         1.12949         52.0        37.506
17.5300    -260024.8582 -260037.9016      13.0434   269.1    3302.0237         1.13243         52.1        37.506
17.5400    -260024.5955 -260038.5872      13.9917   288.7    3276.6830         1.14119         52.1        37.506
17.5500    -260024.1808 -260037.8171      13.6363   281.3    3239.7673         1.15420         52.1        37.506
17.5600    -260024.5861 -260038.6659      14.0798   290.5    3239.7673         1.15420         52.1        37.506
17.5700    -260024.5264 -260038.7519      14.2256   293.5    3259.4009         1.14724         52.2        37.506
17.5800    -260024.6881 -260038.9258      14.2378   293.7    3278.0520         1.14072         52.2        37.506
17.5900    -260024.4160 -260038.4839      14.0679   290.2    3278.0520         1.14072         52.2        37.506
17.6000    -260024.4550 -260038.2154      13.7604   283.9    3269.9522         1.14354         52.2        37.506
17.6100    -260024.3758 -260038.7318      14.3560   296.2    3269.9522         1.14354         52.2        37.506
17.6200    -260024.1915 -260038.5552      14.3637   296.3    3240.4936         1.15394         52.2        37.506
17.6300    -260023.7406 -260038.3122      14.5716   300.6    3241.6587         1.15352         52.3        37.506
17.6400    -260023.8660 -260037.8575      13.9914   288.6    3241.6587         1.15352         52.2        37.506
17.6500    -260023.1826 -260038.1943      15.0117   309.7    3241.6587         1.15352         52.2        37.506
17.6600    -260023.1936 -260038.4432      15.2496   314.6    3241.6587         1.15352         52.2        37.506
17.6700    -260022.5480 -260037.9612      15.4133   318.0    3278.0545         1.14072         52.2        37.506
17.6800    -260022.8399 -260038.2088      15.3689   317.1    3275.3224         1.14167         52.3        37.506
17.6900    -260022.7396 -260038.7310      15.9914   329.9    3275.3224         1.14167         52.2        37.506
17.7000    -260023.0245 -260038.2634      15.2389   314.4    3275.3224         1.14167         52.2        37.506
17.7100    -260023.6112 -260038.2326      14.6214   301.6    3275.3224         1.14167         52.2        37.506
17.7200    -260023.6614 -260038.7279      15.0665   310.8    3275.3224         1.14167         52.2        37.506
17.7300    -260023.3429 -260038.8183      15.4754   319.3    3289.6050         1.13671         52.2        37.506
17.7400    -260023.5773 -260038.4612      14.8839   307.1    3287.6873         1.13737         52.2        37.506
17.7500    -260023.2524 -260038.6500      15.3976   317.7    3304.4973         1.13159         52.3        37.506
17.7600    -260022.9695 -260038.5722      15.6027   321.9    3304.4973         1.13159         52.3        37.506
17.7700    -260023.1500 -260038.4634      15.3133   315.9    3311.0669         1.12934         52.3        37.506
17.7800    -260023.0244 -260038.1417      15.1172   311.9    3311.0669         1.12934         52.3        37.506
17.7900    -260023.1434 -260037.4504      14.3070   295.2    3311.0669         1.12934         52.2        37.506
17.8000    -260023.2647 -260038.3724      15.1077   311.7    3311.0669         1.12934         52.2        37.506
17.8100    -260023.0336 -260037.7532      14.7195   303.7    3311.0669         1.12934         52.2        37.506
17.8200    -260023.3313 -260037.8798      14.5485   300.1    3304.5325         1.13158         52.2        37.506
17.8300    -260023.0020 -260038.0476      15.0456   310.4    3287.6380         1.13739         52.2        37.506
17.8400    -260022.8887 -260038.0539      15.1652   312.9    3303.1149         1.13206         52.3        37.506
17.8500    -260022.6970 -260037.9742      15.2772   315.2    3322.7224         1.12538         52.3        37.506
17.8600    -260022.6979 -260038.2480      15.5501   320.8    3322.7224         1.12538         52.3        37.506
17.8700    -260023.1187 -260038.4873      15.3687   317.1    3329.1734         1.12320         52.3        37.506
17.8800    -260022.8298 -260037.7292      14.8994   307.4    3329.1734         1.12320         52.3        37.506
17.8900    -260022.8188 -260038.2879      15.4691   319.1    3329.1734         1.12320         52.3        37.506
17.9000    -260022.6419 -260038.0730      15.4311   318.3    3350.9693         1.11589         52.3        37.506
17.9100    -260022.7064 -260037.3906      14.6842   302.9    3350.9693         1.11589         52.3        37.506
17.9200    -260022.9579 -260036.8416      13.8837   286.4    3375.5886         1.10776         52.3        37.506
17.9300    -260022.3318 -260037.2115      14.8796   307.0    3373.6039         1.10841         52.4        37.506
17.9400    -260022.3170 -260037.2476      14.9306   308.0    3373.8590         1.10832         52.4        37.506
17.9500    -260022.4633 -260038.1652      15.7019   323.9    3344.9310         1.11791         52.4        37.506
17.9600    -260023.1440 -260038.3333      15.1893   313.4    3344.9310         1.11791         52.4        37.506
17.9700    -260023.2885 -260037.9027      14.6142   301.5    3344.9310         1.11791         52.4        37.506
17.9800    -260022.9535 -260037.6878      14.7344   304.0    3317.9762         1.12699         52.4        37.506
17.9900    -260022.6535 -260037.6110      14.9575   308.6    3317.9762         1.12699         52.4        37.506
18.0000    -260023.6346 -260038.5769      14.9423   308.3    3293.2259         1.13546         52.4        37.506
18.0100    -260023.3106 -260038.3245      15.0139   309.7    3293.2259         1.13546         52.4        37.506
18.0200    -260023.4890 -260038.0332      14.5442   300.1    3293.2259         1.13546         52.4        37.506
18.0300    -260023.3340 -260037.8830      14.5490   300.2    3290.7610         1.13631         52.4        37.506
18.0400    -260023.5512 -260038.4758      14.9246   307.9    3327.8132         1.12366         52.5        37.506
18.0500    -260023.6879 -260037.7771      14.0893   290.7    3326.2534         1.12419         52.5        37.506
18.0600    -260023.7494 -260038.1020      14.3526   296.1    3326.2534         1.12419         52.5        37.506
18.0700    -260023.5075 -260038.7026      15.1951   313.5    3324.2141         1.12488         52.5        37.506
18.0800    -260023.4416 -260037.8114      14.3697   296.5    3333.5451         1.12173         52.6        37.506
18.0900    -260023.3117 -260037.9532      14.6416   302.1    3360.7678         1.11264         52.6        37.506
18.1000    -260022.6977 -260037.2593      14.5616   300.4    3371.1554         1.10921         52.6        37.506
18.1100    -260022.7120 -260038.2659      15.5539   320.9    3371.1554         1.10921         52.6        37.506
18.1200    -260022.1745 -260038.6396      16.4651   339.7    3371.1554         1.10921         52.6        37.506
18.1300    -260022.9091 -260038.0516      15.1425   312.4    3371.1554         1.10921         52.6        37.506
18.1400    -260023.0493 -260037.7682      14.7189   303.7    3342.0143         1.11888         52.6        37.506
18.1500    -260023.0499 -260037.4790      14.4292   297.7    3342.0143         1.11888         52.5        37.506
18.1600    -260023.6049 -260037.4356      13.8307   285.3    3342.0143         1.11888         52.5        37.506
18.1700    -260023.3157 -260037.6523      14.3366   295.8    3343.3856         1.11843         52.6        37.506
18.1800    -260023.4255 -260037.7875      14.3620   296.3    3366.7017         1.11068         52.6        37.506
18.1900    -260023.8665 -260037.6906      13.8240   285.2    3366.7017         1.11068         52.6        37.506
18.2000    -260023.4536 -260037.5353      14.0817   290.5    3366.7017         1.11068         52.5        37.506
18.2100    -260023.7647 -260037.7332      13.9685   288.2    3366.7017         1.11068         52.5        37.506
18.2200    -260023.6524 -260038.0444      14.3920   296.9    3366.7017         1.11068         52.5        37.506
18.2300    -260023.4366 -260038.9819      15.5453   320.7    3366.7017         1.11068         52.5        37.506
18.2400    -260023.3197 -260038.3850      15.0653   310.8    3365.0628         1.11122         52.5        37.506
18.2500    -260023.5576 -260038.0664      14.5088   299.3    3375.8555         1.10767         52.5        37.506
18.2600    -260023.0246 -260037.5867      14.5621   300.4    3375.8555         1.10767         52.5        37.506
18.2700    -260023.3922 -260037.9663      14.5741   300.7    3375.8555         1.10767         52.5        37.506
18.2800    -260023.6715 -260038.8907      15.2192   314.0    3375.8555         1.10767         52.5        37.506
18.2900    -260023.3360 -260038.8010      15.4649   319.0    3375.8555         1.10767         52.4        37.506
18.3000    -260023.4631 -260038.2894      14.8264   305.9    3364.4942         1.11141         52.5        37.506
18.3100    -260023.5271 -260037.5487      14.0216   289.3    3364.4942         1.11141         52.5        37.506
18.3200    -260023.3488 -260038.0756      14.7268   303.8    3364.4942         1.11141         52.4        37.506
18.3300    -260023.9165 -260037.8797      13.9631   288.1    3366.1599         1.11086         52.5        37.506
18.3400    -260023.9447 -260038.6437      14.6990   303.2    3366.1191         1.11087         52.5        37.506
18.3500    -260024.1719 -260038.5070      14.3351   295.7    3375.0765         1.10792         52.5        37.506
18.3600    -260023.7876 -260037.2134      13.4257   277.0    3375.0765         1.10792         52.5        37.506
18.3700    -260022.9158 -260037.3925      14.4767   298.7    3388.0495         1.10368         52.6        37.506
18.3800    -260023.6257 -260037.4176      13.7919   284.5    3400.6627         1.09959         52.6        37.506
18.3900    -260023.9707 -260037.4804      13.5096   278.7    3400.6627         1.09959         52.5        37.506
18.4000    -260023.6198 -260038.0778      14.4580   298.3    3400.6627         1.09959         52.5        37.506
18.4100    -260023.5619 -260037.6924      14.1305   291.5    3400.6627         1.09959         52.5        37.506
18.4200    -260023.5698 -260037.9342      14.3644   296.3    3397.0958         1.10074         52.5        37.506
18.4300    -260023.4777 -260038.5018      15.0241   310.0    3416.4232         1.09452         52.6        37.506
18.4400    -260023.6383 -260037.9343      14.2960   294.9    3416.4232         1.09452         52.5        37.506
18.4500    -260023.7705 -260038.0778      14.3072   295.2    3416.4232         1.09452         52.5        37.506
18.4600    -260023.6638 -260038.3055      14.6417   302.1    3416.4232         1.09452         52.5        37.506
18.4700    -260023.4149 -260037.7682      14.3532   296.1    3416.4232         1.09452         52.5        37.506
18.4800    -260023.7758 -260038.0336      14.2578   294.1    3416.4232         1.09452         52.4        37.506
18.4900    -260023.9186 -260038.6494      14.7308   303.9    3416.4232         1.09452         52.4        37.506
18.5000    -260023.7553 -260038.8942      15.1389   312.3    3386.4118         1.10421         52.4        37.506
18.5100    -260023.8522 -260038.4164      14.5643   300.5    3386.4118         1.10421         52.4        37.506
18.5200    -260023.7747 -260038.5687      14.7940   305.2    3386.4118         1.10421         52.4        37.506
18.5300    -260023.7751 -260038.9023      15.1272   312.1    3386.4118         1.10421         52.4        37.506
18.5400    -260023.9105 -260037.5147      13.6041   280.7    3422.0216         1.09272         52.4        37.506
18.5500    -260024.0848 -260038.2885      14.2037   293.0    3422.0216         1.09272         52.4        37.506
18.5600    -260024.2460 -260038.8804      14.6344   301.9    3422.0216         1.09272         52.4        37.506
18.5700    -260024.4107 -260037.6651      13.2545   273.4    3422.0216         1.09272         52.3        37.506
18.5800    -260024.2440 -260037.4107      13.1666   271.6    3392.1280         1.10235         52.4        37.506
18.5900    -260024.3314 -260037.9188      13.5874   280.3    3379.5895         1.10644         52.4        37.506
18.6000    -260024.2839 -260038.4312      14.1473   291.9    3348.5634         1.11670         52.4        37.506
18.6100    -260024.2571 -260039.0753      14.8182   305.7    3348.5634         1.11670         52.4        37.506
18.6200    -260024.4043 -260038.7507      14.3465   296.0    3369.2314         1.10985         52.5        37.506
18.6300    -260024.1892 -260037.9313      13.7420   283.5    3369.2314         1.10985         52.4        37.506
18.6400    -260024.5820 -260038.5414      13.9594   288.0    3338.2525         1.12014         52.4        37.506
18.6500    -260024.7410 -260038.7449      14.0040   288.9    3331.0239         1.12258         52.5        37.506
18.6600    -260025.0393 -260038.0808      13.0414   269.0    3331.0239         1.12258         52.5        37.506
18.6700    -260024.9431 -260038.6049      13.6618   281.8    3320.2249         1.12623         52.5        37.506
18.6800    -260024.9094 -260038.9529      14.0434   289.7    3329.9703         1.12293         52.5        37.506
18.6900    -260024.7244 -260038.6944      13.9699   288.2    3329.9703         1.12293         52.5        37.506
18.7000    -260024.3426 -260038.0521      13.7095   282.8    3329.9703         1.12293         52.5        37.506
18.7100    -260024.5530 -260038.6375      14.0846   290.6    3329.9703         1.12293         52.5        37.506
18.7200    -260024.3836 -260037.7485      13.3649   275.7    3337.7183         1.12032         52.5        37.506
18.7300    -260023.5723 -260038.3944      14.8221   305.8    3342.2583         1.11880         52.5        37.506
18.7400    -260023.2381 -260038.0452      14.8071   305.5    3342.2583         1.11880         52.5        37.506
18.7500    -260023.2281 -260037.6890      14.4609   298.3    3360.3767         1.11277         52.5        37.506
18.7600    -260022.6955 -260037.3484      14.6530   302.3    3360.3767         1.11277         52.5        37.506
18.7700    -260022.4630 -260037.9179      15.4548   318.8    3360.3767         1.11277         52.5        37.506
18.7800    -260022.6497 -260037.4733      14.8237   305.8    3360.3767         1.11277         52.5        37.506
18.7900    -260022.8550 -260036.9288      14.0737   290.3    3375.4958         1.10779         52.5        37.506
18.8000    -260022.5417 -260036.9736      14.4319   297.7    3375.4958         1.10779         52.5        37.506
18.8100    -260022.8257 -260037.5233      14.6975   303.2    3375.4958         1.10779         52.5        37.506
18.8200    -260023.0011 -260038.3926      15.3915   317.5    3364.7849         1.11131         52.5        37.506
18.8300    -260023.1748 -260037.8869      14.7121   303.5    3371.2314         1.10919         52.5        37.506
18.8400    -260023.5824 -260037.7333      14.1509   291.9    3371.2314         1.10919         52.5        37.506
18.8500    -260022.9749 -260037.7072      14.7323   303.9    3361.6849         1.11234         52.5        37.506
18.8600    -260023.5234 -260037.7311      14.2077   293.1    3361.6849         1.11234         52.5        37.506
18.8700    -260024.2277 -260038.1259      13.8982   286.7    3376.8218         1.10735         52.6        37.506
18.8800    -260024.2743 -260038.3157      14.0414   289.7    3379.9600         1.10632         52.6        37.506
18.8900    -260024.5231 -260038.9867      14.4636   298.4    3365.8847         1.11095         52.6        37.506
18.9000    -260023.9525 -260038.2271      14.2746   294.5    3370.8206         1.10932         52.6        37.506
18.9100    -260024.1331 -260038.1718      14.0387   289.6    3370.8206         1.10932         52.6        37.506
18.9200    -260024.0951 -260038.2889      14.1939   292.8    3370.8206         1.10932         52.6        37.506
18.9300    -260024.3152 -260038.0426      13.7273   283.2    3348.2211         1.11681         52.6        37.506
18.9400    -260024.0477 -260038.1101      14.0624   290.1    3348.2211         1.11681         52.6        37.506
18.9500    -260024.0570 -260037.7968      13.7398   283.5    3349.0822         1.11652         52.6        37.506
18.9600    -260024.0189 -260037.7246      13.7057   282.8    3349.0822         1.11652         52.6        37.506
18.9700    -260023.7760 -260038.2268      14.4509   298.1    3375.0448         1.10793         52.7        37.506
18.9800    -260024.0920 -260038.2191      14.1270   291.4    3385.3516         1.10456         52.7        37.506
18.9900    -260023.7757 -260037.8372      14.0615   290.1    3394.7742         1.10149         52.7        37.506
19.0000    -260023.5669 -260037.5648      13.9979   288.8    3382.8080         1.10539         52.8        37.506
19.0100    -260023.9917 -260038.3633      14.3716   296.5    3382.8080         1.10539         52.8        37.506
19.0200    -260024.4588 -260038.0903      13.6315   281.2    3394.7471         1.10150         52.8        37.506
19.0300    -260024.7693 -260038.5557      13.7864   284.4    3379.7911         1.10638         52.8        37.506
19.0400    -260024.1412 -260037.5500      13.4088   276.6    3404.5308         1.09834         52.9        37.506
19.0500    -260024.2356 -260037.8514      13.6158   280.9    3407.1703         1.09749         52.9        37.506
19.0600    -260023.8453 -260038.2184      14.3730   296.5    3407.1703         1.09749         52.9        37.506
19.0700    -260023.3491 -260037.2234      13.8743   286.2    3406.2520         1.09778         52.9        37.506
19.0800    -260022.2754 -260036.6902      14.4149   297.4    3406.2520         1.09778         52.9        37.506
19.0900    -260021.9103 -260036.6695      14.7592   304.5    3406.2520         1.09778         52.8        37.506
19.1000    -260022.3878 -260037.3998      15.0120   309.7    3414.3333         1.09518         52.9        37.506
19.1100    -260022.1668 -260036.9908      14.8239   305.8    3414.3333         1.09518         52.9        37.506
19.1200    -260022.4123 -260037.0521      14.6398   302.0    3423.5934         1.09222         52.9        37.506
19.1300    -260022.8952 -260037.6024      14.7072   303.4    3389.6807         1.10315         52.9        37.506
19.1400    -260022.6826 -260038.0582      15.3756   317.2    3361.2072         1.11250         53.0        37.506
19.1500    -260023.3512 -260037.8422      14.4910   299.0    3359.9363         1.11292         53.0        37.506
19.1600    -260023.6899 -260038.2491      14.5592   300.4    3359.9363         1.11292         53.0        37.506
19.1700    -260023.8553 -260038.0130      14.1577   292.1    3359.9363         1.11292         53.0        37.506
19.1800    -260024.3161 -260038.0182      13.7021   282.7    3359.9363         1.11292         52.9        37.506
19.1900    -260024.0998 -260037.6188      13.5190   278.9    3368.6115         1.11005         53.0        37.506
19.2000    -260024.3959 -260038.0191      13.6232   281.0    3368.6115         1.11005         52.9        37.506
19.2100    -260024.4011 -260038.3006      13.8995   286.7    3368.6115         1.11005         52.9        37.506
19.2200    -260024.0847 -260038.3998      14.3151   295.3    3333.8370         1.12163         53.0        37.506
19.2300    -260023.7684 -260038.8649      15.0965   311.4    3352.6177         1.11535         53.0        37.506
19.2400    -260024.0112 -260038.5452      14.5340   299.8    3352.6177         1.11535         53.0        37.506
19.2500    -260024.1960 -260037.8506      13.6545   281.7    3384.5772         1.10481         53.0        37.506
19.2600    -260023.6486 -260037.5960      13.9474   287.7    3384.5772         1.10481         53.0        37.506
19.2700    -260023.5995 -260038.6256      15.0261   310.0    3382.0090         1.10565         53.0        37.506
19.2800    -260023.2050 -260038.0758      14.8708   306.8    3382.0090         1.10565         53.0        37.506
19.2900    -260023.4087 -260037.9335      14.5248   299.7    3404.0075         1.09851         53.0        37.506
19.3000    -260022.8856 -260037.7240      14.8384   306.1    3428.6939         1.09060         53.0        37.506
19.3100    -260022.5733 -260037.1169      14.5435   300.0    3428.6939         1.09060         53.0        37.506
19.3200    -260022.8183 -260037.0571      14.2389   293.8    3419.0415         1.09368         53.1        37.506
19.3300    -260023.2288 -260037.8733      14.6445   302.1    3419.0415         1.09368         53.0        37.506
19.3400    -260023.7889 -260037.5893      13.8004   284.7    3419.0415         1.09368         53.0        37.506
19.3500    -260023.6845 -260037.3020      13.6174   280.9    3399.4952         1.09997         53.0        37.506
19.3600    -260023.2070 -260037.4123      14.2054   293.1    3399.4952         1.09997         53.0        37.506
19.3700    -260023.2957 -260037.6173      14.3216   295.5    3394.1221         1.10171         53.1        37.506
19.3800    -260023.2424 -260037.4780      14.2356   293.7    3392.1426         1.10235         53.1        37.506
19.3900    -260022.7059 -260036.6330      13.9270   287.3    3395.7476         1.10118         53.1        37.506
19.4000    -260023.3603 -260037.4174      14.0571   290.0    3395.7476         1.10118         53.1        37.506
19.4100    -260023.5803 -260037.6381      14.0578   290.0    3395.7476         1.10118         53.1        37.506
19.4200    -260023.6380 -260037.8530      14.2149   293.3    3421.2030         1.09299         53.1        37.506
19.4300    -260023.7526 -260036.8692      13.1166   270.6    3414.6807         1.09507         53.2        37.506
19.4400    -260024.0610 -260038.0526      13.9916   288.7    3414.6807         1.09507         53.1        37.506
19.4500    -260024.0426 -260037.8668      13.8242   285.2    3395.3298         1.10131         53.1        37.506
19.4600    -260023.2947 -260037.6605      14.3659   296.4    3395.3298         1.10131         53.1        37.506
19.4700    -260023.6633 -260037.1326      13.4693   277.9    3395.3298         1.10131         53.1        37.506
19.4800    -260023.8484 -260037.7757      13.9273   287.3    3393.8696         1.10179         53.1        37.506
19.4900    -260023.5137 -260038.2320      14.7182   303.6    3388.0556         1.10368         53.2        37.506
19.5000    -260023.8678 -260038.0439      14.1760   292.5    3388.0556         1.10368         53.1        37.506
19.5100    -260023.2195 -260037.8228      14.6033   301.3    3388.0556         1.10368         53.1        37.506
19.5200    -260024.0336 -260037.8739      13.8403   285.5    3388.0556         1.10368         53.1        37.506
19.5300    -260024.0065 -260038.3350      14.3285   295.6    3388.0556         1.10368         53.1        37.506
19.5400    -260023.6510 -260037.7135      14.0625   290.1    3372.9426         1.10862         53.1        37.506
19.5500    -260023.6978 -260037.9477      14.2499   294.0    3366.1700         1.11085         53.1        37.506
19.5600    -260023.7270 -260038.0484      14.3214   295.5    3366.1700         1.11085         53.1        37.506
19.5700    -260023.5638 -260037.8796      14.3158   295.3    3366.1700         1.11085         53.1        37.506
19.5800    -260023.9437 -260037.8093      13.8656   286.0    3366.1700         1.11085         53.1        37.506
19.5900    -260023.8090 -260037.9413      14.1323   291.6    3371.5590         1.10908         53.1        37.506
19.6000    -260023.9177 -260038.2698      14.3521   296.1    3371.5590         1.10908         53.1        37.506
19.6100    -260023.9251 -260038.3518      14.4267   297.6    3371.5590         1.10908         53.1        37.506
19.6200    -260023.6860 -260038.2388      14.5528   300.2    3349.6526         1.11633         53.1        37.506
19.6300    -260023.5411 -260037.5653      14.0242   289.3    3349.6526         1.11633         53.1        37.506
19.6400    -260023.2595 -260037.3599      14.1004   290.9    3349.6526         1.11633         53.0        37.506
19.6500    -260023.0248 -260037.2113      14.1865   292.7    3375.2390         1.10787         53.1        37.506
19.6600    -260023.5183 -260037.4633      13.9450   287.7    3375.2390         1.10787         53.1        37.506
19.6700    -260023.4294 -260037.8843      14.4549   298.2    3375.2390         1.10787         53.0        37.506
19.6800    -260023.3029 -260037.0593      13.7564   283.8    3346.8752         1.11726         53.0        37.506
19.6900    -260023.4192 -260037.2286      13.8094   284.9    3346.8752         1.11726         53.0        37.506
19.7000    -260024.0420 -260037.6425      13.6005   280.6    3346.8752         1.11726         53.0        37.506
19.7100    -260024.1706 -260037.9958      13.8252   285.2    3346.8752         1.11726         53.0        37.506
19.7200    -260024.0891 -260037.7904      13.7012   282.7    3346.8752         1.11726         52.9        37.506
19.7300    -260024.0529 -260038.1388      14.0858   290.6    3346.8752         1.11726         52.9        37.506
19.7400    -260023.3671 -260037.7233      14.3562   296.2    3357.5061         1.11372         52.9        37.506
19.7500    -260023.1835 -260037.2855      14.1020   290.9    3357.5061         1.11372         52.9        37.506
19.7600    -260023.0248 -260037.9558      14.9310   308.0    3357.5061         1.11372         52.9        37.506
19.7700    -260022.8979 -260037.0853      14.1874   292.7    3339.2468         1.11981         52.9        37.506
19.7800    -260021.7081 -260036.8345      15.1264   312.1    3338.2996         1.12013         53.0        37.506
19.7900    -260022.6777 -260037.6896      15.0119   309.7    3336.6842         1.12067         53.0        37.506
19.8000    -260022.4177 -260038.0477      15.6300   322.5    3336.6842         1.12067         53.0        37.506
19.8100    -260022.2612 -260037.8936      15.6325   322.5    3336.6842         1.12067         53.0        37.506
19.8200    -260022.0191 -260036.8412      14.8221   305.8    3336.6842         1.12067         52.9        37.506
19.8300    -260021.6743 -260036.9386      15.2643   314.9    3336.6842         1.12067         52.9        37.506
19.8400    -260021.9271 -260037.1741      15.2470   314.5    3373.6357         1.10840         52.9        37.506
19.8500    -260021.5591 -260037.5767      16.0176   330.4    3379.2671         1.10655         53.0        37.506
19.8600    -260021.3573 -260037.0562      15.6989   323.9    3379.2671         1.10655         53.0        37.506
19.8700    -260021.6773 -260036.4681      14.7908   305.1    3379.2671         1.10655         52.9        37.506
19.8800    -260021.5514 -260036.9538      15.4024   317.8    3350.5055         1.11605         53.0        37.506
19.8900    -260022.0794 -260036.6401      14.5607   300.4    3356.8166         1.11395         53.0        37.506
19.9000    -260021.8216 -260037.1598      15.3382   316.4    3344.0606         1.11820         53.0        37.506
19.9100    -260021.9336 -260037.6045      15.6709   323.3    3344.0606         1.11820         53.0        37.506
19.9200    -260022.0345 -260037.5026      15.4682   319.1    3362.0496         1.11222         53.0        37.506
19.9300    -260021.7949 -260036.6727      14.8778   306.9    3392.4263         1.10226         53.1        37.506
19.9400    -260021.9599 -260036.8804      14.9205   307.8    3392.4263         1.10226         53.0        37.506
19.9500    -260022.5042 -260037.3216      14.8175   305.7    3392.4263         1.10226         53.0        37.506
19.9600    -260022.4118 -260036.6132      14.2015   293.0    3392.4263         1.10226         53.0        37.506
19.9700    -260021.8348 -260036.5546      14.7198   303.7    3369.9053         1.10962         53.0        37.506
19.9800    -260022.0598 -260036.5109      14.4512   298.1    3362.9373         1.11192         53.1        37.506
19.9900    -260022.2722 -260036.8508      14.5787   300.8    3394.8505         1.10147         53.1        37.506
20.0000    -260022.4414 -260036.0080      13.5666   279.9    3394.8505         1.10147         53.1        37.506
20.0100    -260022.5726 -260036.5027      13.9301   287.4    3394.8505         1.10147         53.1        37.506
20.0200    -260022.0521 -260036.8504      14.7983   305.3    3394.8505         1.10147         53.0        37.506
20.0300    -260022.2091 -260036.3262      14.1171   291.2    3394.8505         1.10147         53.0        37.506
20.0400    -260022.2961 -260036.7609      14.4648   298.4    3394.8505         1.10147         53.0        37.506
20.0500    -260022.2485 -260037.0330      14.7846   305.0    3394.8505         1.10147         52.9        37.506
20.0600    -260022.4153 -260036.7916      14.3764   296.6    3394.8505         1.10147         52.9        37.506
20.0700    -260022.5492 -260037.3436      14.7944   305.2    3361.5206         1.11239         53.0        37.506
20.0800    -260022.2422 -260037.0722      14.8300   305.9    3361.5206         1.11239         52.9        37.506
20.0900    -260021.6545 -260036.5382      14.8837   307.1    3368.5081         1.11008         53.0        37.506
20.1000    -260021.4840 -260036.5522      15.0682   310.9    3347.1120         1.11718         53.0        37.506
20.1100    -260021.6638 -260036.7839      15.1201   311.9    3347.1120         1.11718         53.0        37.506
20.1200    -260021.3009 -260037.5546      16.2536   335.3    3347.1120         1.11718         53.0        37.506
20.1300    -260021.3741 -260036.8527      15.4786   319.3    3347.1120         1.11718         52.9        37.506
20.1400    -260021.3807 -260037.5463      16.1656   333.5    3347.1120         1.11718         52.9        37.506
20.1500    -260021.7888 -260036.5816      14.7928   305.2    3347.1120         1.11718         52.9        37.506
20.1600    -260022.6496 -260037.4033      14.7537   304.4    3347.1120         1.11718         52.9        37.506
20.1700    -260022.8792 -260036.8715      13.9923   288.7    3348.7985         1.11662         52.9        37.506
20.1800    -260023.6465 -260037.9000      14.2535   294.1    3369.6663         1.10970         52.9        37.506
20.1900    -260023.2092 -260037.5300      14.3208   295.4    3376.3445         1.10751         52.9        37.506
20.2000    -260023.4514 -260037.5706      14.1192   291.3    3376.3445         1.10751         52.9        37.506
20.2100    -260023.1512 -260037.7445      14.5933   301.1    3376.3445         1.10751         52.9        37.506
20.2200    -260022.7047 -260037.2407      14.5360   299.9    3376.3445         1.10751         52.9        37.506
20.2300    -260022.5874 -260036.7830      14.1956   292.9    3401.7127         1.09925         52.9        37.506
20.2400    -260022.5240 -260037.0128      14.4887   298.9    3413.3866         1.09549         52.9        37.506
20.2500    -260022.4853 -260037.2343      14.7490   304.3    3424.9350         1.09179         53.0        37.506
20.2600    -260022.4436 -260037.4191      14.9756   309.0    3424.9350         1.09179         53.0        37.506
20.2700    -260022.1390 -260036.7897      14.6507   302.2    3405.1307         1.09814         53.0        37.506
20.2800    -260022.0286 -260036.6784      14.6498   302.2    3405.1307         1.09814         53.0        37.506
20.2900    -260021.7155 -260035.6847      13.9692   288.2    3405.1307         1.09814         52.9        37.506
20.3000    -260021.5573 -260035.5627      14.0055   288.9    3405.1307         1.09814         52.9        37.506
20.3100    -260021.4527 -260036.1130      14.6603   302.4    3405.1307         1.09814         52.9        37.506
20.3200    -260021.8325 -260037.1186      15.2861   315.4    3405.1307         1.09814         52.9        37.506
20.3300    -260021.8488 -260036.6350      14.7862   305.0    3419.3280         1.09359         52.9        37.506
20.3400    -260021.3541 -260036.9295      15.5753   321.3    3403.0827         1.09881         52.9        37.506
20.3500    -260021.3545 -260035.8933      14.5388   299.9    3406.1204         1.09783         52.9        37.506
20.3600    -260020.8112 -260035.9546      15.1434   312.4    3406.1204         1.09783         52.9        37.506
20.3700    -260020.4052 -260036.3322      15.9270   328.6    3421.1217         1.09301         53.0        37.506
20.3800    -260020.4445 -260035.6892      15.2447   314.5    3421.4636         1.09290         53.0        37.506
20.3900    -260019.9471 -260035.1618      15.2147   313.9    3421.4636         1.09290         53.0        37.506
20.4000    -260020.2294 -260036.0031      15.7737   325.4    3418.4316         1.09387         53.0        37.506
20.4100    -260021.5271 -260036.5464      15.0192   309.9    3418.4316         1.09387         53.0        37.506
20.4200    -260021.3629 -260036.3050      14.9421   308.3    3418.4316         1.09387         53.0        37.506
20.4300    -260021.6839 -260036.5965      14.9126   307.7    3418.4316         1.09387         52.9        37.506
20.4400    -260021.4197 -260036.7219      15.3022   315.7    3411.7525         1.09601         53.0        37.506
20.4500    -260021.0057 -260036.2102      15.2044   313.7    3411.7525         1.09601         52.9        37.506
20.4600    -260020.1452 -260035.5788      15.4336   318.4    3411.7525         1.09601         52.9        37.506
20.4700    -260019.8329 -260035.3217      15.4889   319.5    3411.7525         1.09601         52.9        37.506
20.4800    -260020.0699 -260034.8149      14.7450   304.2    3411.7525         1.09601         52.9        37.506
20.4900    -260019.9935 -260035.3699      15.3764   317.2    3411.7525         1.09601         52.8        37.506
20.5000    -260020.1183 -260034.8428      14.7245   303.8    3405.1456         1.09814         52.9        37.506
20.5100    -260019.9658 -260035.5799      15.6141   322.1    3405.1456         1.09814         52.9        37.506
20.5200    -260019.7083 -260035.4356      15.7273   324.5    3394.3882         1.10162         52.9        37.506
20.5300    -260020.6439 -260036.0988      15.4549   318.8    3399.8429         1.09985         52.9        37.506
20.5400    -260020.4875 -260035.2499      14.7623   304.6    3399.8429         1.09985         52.9        37.506
20.5500    -260020.3598 -260035.4713      15.1115   311.8    3394.4735         1.10159         52.9        37.506
20.5600    -260020.9091 -260035.9484      15.0394   310.3    3394.4735         1.10159         52.9        37.506
20.5700    -260021.0504 -260036.4730      15.4226   318.2    3412.5563         1.09576         52.9        37.506
20.5800    -260021.6700 -260035.9790      14.3089   295.2    3421.6276         1.09285         53.0        37.506
20.5900    -260021.0315 -260036.4727      15.4412   318.6    3454.9912         1.08230         53.0        37.506
20.6000    -260021.0098 -260035.5155      14.5057   299.3    3446.4530         1.08498         53.0        37.506
20.6100    -260020.5087 -260036.3254      15.8167   326.3    3446.4530         1.08498         53.0        37.506
20.6200    -260020.5755 -260036.5910      16.0155   330.4    3446.4530         1.08498         53.0        37.506
20.6300    -260020.7343 -260035.7349      15.0006   309.5    3446.4530         1.08498         53.0        37.506
20.6400    -260020.5217 -260035.9010      15.3793   317.3    3446.4530         1.08498         52.9        37.506
20.6500    -260020.6739 -260036.1185      15.4446   318.6    3446.4530         1.08498         52.9        37.506
20.6600    -260021.0455 -260035.9781      14.9326   308.1    3446.4530         1.08498         52.9        37.506
20.6700    -260021.4507 -260036.4659      15.0152   309.8    3453.3930         1.08280         52.9        37.506
20.6800    -260022.0409 -260036.3515      14.3105   295.2    3445.9510         1.08514         53.0        37.506
20.6900    -260021.9551 -260035.8089      13.8538   285.8    3444.6604         1.08554         53.0        37.506
20.7000    -260021.8610 -260036.7087      14.8476   306.3    3444.6604         1.08554         53.0        37.506
20.7100    -260021.9935 -260036.3677      14.3742   296.5    3444.6604         1.08554         53.0        37.506
20.7200    -260022.4178 -260037.3083      14.8905   307.2    3471.8194         1.07705         53.0        37.506
20.7300    -260022.4347 -260037.2349      14.8002   305.3    3465.0601         1.07915         53.0        37.506
20.7400    -260022.1043 -260037.4289      15.3245   316.1    3465.0601         1.07915         53.0        37.506
20.7500    -260022.0530 -260036.9137      14.8607   306.6    3442.3765         1.08626         53.0        37.506
20.7600    -260021.8298 -260036.6550      14.8252   305.8    3442.3765         1.08626         53.0        37.506
20.7700    -260021.7160 -260036.5237      14.8078   305.5    3442.3765         1.08626         53.0        37.506
20.7800    -260022.2885 -260036.5743      14.2859   294.7    3417.1070         1.09430         53.0        37.506
20.7900    -260022.4433 -260036.4676      14.0243   289.3    3417.1070         1.09430         53.0        37.506
20.8000    -260022.2411 -260037.1090      14.8679   306.7    3395.6923         1.10120         53.0        37.506
20.8100    -260022.2968 -260038.2125      15.9158   328.3    3395.6923         1.10120         53.0        37.506
20.8200    -260022.6100 -260037.1056      14.4956   299.0    3386.5084         1.10418         53.0        37.506
20.8300    -260022.2673 -260037.1378      14.8705   306.8    3388.1005         1.10366         53.1        37.506
20.8400    -260022.1456 -260037.5500      15.4044   317.8    3388.1005         1.10366         53.0        37.506
20.8500    -260022.1933 -260037.4144      15.2211   314.0    3414.7268         1.09506         53.1        37.506
20.8600    -260022.6429 -260037.0044      14.3615   296.3    3414.7268         1.09506         53.1        37.506
20.8700    -260022.4803 -260036.6583      14.1780   292.5    3423.9543         1.09211         53.1        37.506
20.8800    -260022.7596 -260037.8330      15.0734   311.0    3424.0989         1.09206         53.1        37.506
20.8900    -260023.3132 -260037.7225      14.4093   297.3    3424.0989         1.09206         53.1        37.506
20.9000    -260023.3359 -260037.9166      14.5808   300.8    3427.9196         1.09084         53.1        37.506
20.9100    -260022.8579 -260037.9392      15.0813   311.1    3427.9196         1.09084         53.1        37.506
20.9200    -260023.1053 -260037.7736      14.6683   302.6    3430.0262         1.09017         53.1        37.506
20.9300    -260022.7834 -260036.8657      14.0823   290.5    3409.2386         1.09682         53.2        37.506
20.9400    -260022.7421 -260036.9841      14.2419   293.8    3387.4864         1.10386         53.2        37.506
20.9500    -260022.9560 -260037.1661      14.2102   293.2    3360.8196         1.11262         53.2        37.506
20.9600    -260023.5509 -260037.7239      14.1730   292.4    3360.8196         1.11262         53.2        37.506
20.9700    -260023.3492 -260037.5999      14.2507   294.0    3360.8196         1.11262         53.2        37.506
20.9800    -260023.0622 -260038.1602      15.0980   311.5    3360.8196         1.11262         53.2        37.506
20.9900    -260023.2655 -260037.2772      14.0117   289.1    3370.1368         1.10955         53.2        37.506
21.0000    -260023.1863 -260036.9737      13.7874   284.4    3370.1368         1.10955         53.2        37.506
21.0100    -260022.7436 -260037.1847      14.4412   297.9    3370.1368         1.10955         53.2        37.506
21.0200    -260022.2222 -260036.3884      14.1662   292.3    3388.0108         1.10369         53.2        37.506
21.0300    -260023.0391 -260037.5899      14.5508   300.2    3388.0108         1.10369         53.2        37.506
21.0400    -260022.7600 -260037.3017      14.5417   300.0    3388.0108         1.10369         53.1        37.506
21.0500    -260022.1520 -260037.4748      15.3228   316.1    3411.4999         1.09609         53.1        37.506
21.0600    -260021.6639 -260037.7859      16.1220   332.6    3411.4999         1.09609         53.1        37.506
21.0700    -260021.8968 -260037.9988      16.1019   332.2    3445.3375         1.08533         53.2        37.506
21.0800    -260021.4978 -260037.3759      15.8781   327.6    3445.3375         1.08533         53.1        37.506
21.0900    -260021.7917 -260037.0776      15.2859   315.4    3445.3375         1.08533         53.1        37.506
21.1000    -260021.5662 -260037.3626      15.7964   325.9    3445.3375         1.08533         53.1        37.506
21.1100    -260021.9453 -260037.7220      15.7767   325.5    3445.3375         1.08533         53.1        37.506
21.1200    -260022.9583 -260037.2238      14.2655   294.3    3447.6924         1.08459         53.1        37.506
21.1300    -260022.9704 -260037.1758      14.2054   293.1    3451.7216         1.08332         53.1        37.506
21.1400    -260022.5747 -260036.6060      14.0313   289.5    3451.7216         1.08332         53.1        37.506
21.1500    -260023.0328 -260036.9991      13.9664   288.1    3451.7216         1.08332         53.1        37.506
21.1600    -260022.4833 -260038.2663      15.7829   325.6    3451.7216         1.08332         53.1        37.506
21.1700    -260022.1629 -260036.8862      14.7233   303.7    3451.7216         1.08332         53.0        37.506
21.1800    -260021.7543 -260036.8750      15.1207   311.9    3451.7216         1.08332         53.0        37.506
21.1900    -260021.8933 -260035.9201      14.0268   289.4    3467.1781         1.07849         53.0        37.506
21.2000    -260021.0671 -260036.1012      15.0342   310.2    3452.0312         1.08322         53.1        37.506
21.2100    -260021.9123 -260036.6192      14.7070   303.4    3452.0312         1.08322         53.1        37.506
21.2200    -260021.8680 -260037.1047      15.2367   314.3    3452.0312         1.08322         53.0        37.506
21.2300    -260022.0279 -260037.4941      15.4662   319.1    3452.0312         1.08322         53.0        37.506
21.2400    -260022.4697 -260036.6126      14.1429   291.8    3417.5208         1.09416         53.0        37.506
21.2500    -260022.2900 -260037.0682      14.7782   304.9    3412.1386         1.09589         53.1        37.506
21.2600    -260021.8287 -260036.7318      14.9031   307.5    3412.1386         1.09589         53.1        37.506
21.2700    -260021.9371 -260036.7439      14.8067   305.5    3387.5448         1.10385         53.1        37.506
21.2800    -260022.1425 -260037.2017      15.0592   310.7    3387.5448         1.10385         53.1        37.506
21.2900    -260022.1764 -260037.0955      14.9191   307.8    3414.6141         1.09509         53.1        37.506
21.3000    -260022.6963 -260037.3068      14.6106   301.4    3413.2191         1.09554         53.1        37.506
21.3100    -260022.5744 -260037.1755      14.6011   301.2    3413.2191         1.09554         53.1        37.506
21.3200    -260023.3918 -260037.0983      13.7064   282.8    3416.1303         1.09461         53.1        37.506
21.3300    -260024.0597 -260037.0030      12.9433   267.0    3381.0954         1.10595         53.2        37.506
21.3400    -260024.1522 -260037.6210      13.4687   277.9    3365.5041         1.11107         53.2        37.506
21.3500    -260024.4518 -260038.2278      13.7760   284.2    3340.4060         1.11942         53.2        37.506
21.3600    -260023.8231 -260038.5073      14.6842   302.9    3340.4060         1.11942         53.2        37.506
21.3700    -260023.5446 -260038.3935      14.8489   306.3    3370.0942         1.10956         53.2        37.506
21.3800    -260023.8088 -260038.2173      14.4085   297.3    3349.8153         1.11628         53.3        37.506
21.3900    -260023.8422 -260038.6356      14.7934   305.2    3387.1950         1.10396         53.3        37.506
21.4000    -260023.4835 -260038.2854      14.8019   305.4    3384.8433         1.10473         53.3        37.506
21.4100    -260023.2499 -260037.5333      14.2834   294.7    3384.8433         1.10473         53.3        37.506
21.4200    -260022.6960 -260037.1799      14.4839   298.8    3384.8433         1.10473         53.3        37.506
21.4300    -260022.1452 -260036.5616      14.4164   297.4    3389.4109         1.10324         53.3        37.506
21.4400    -260021.9573 -260036.4228      14.4655   298.4    3389.4109         1.10324         53.3        37.506
21.4500    -260022.1511 -260037.3591      15.2080   313.7    3389.4109         1.10324         53.3        37.506
21.4600    -260022.4785 -260037.0621      14.5836   300.9    3389.4109         1.10324         53.3        37.506
21.4700    -260022.0675 -260036.9553      14.8877   307.1    3414.8095         1.09503         53.3        37.506
21.4800    -260022.2268 -260037.2446      15.0178   309.8    3402.5275         1.09898         53.3        37.506
21.4900    -260022.2682 -260037.0612      14.7930   305.2    3402.5275         1.09898         53.3        37.506
21.5000    -260022.2349 -260036.1325      13.8976   286.7    3365.3872         1.11111         53.3        37.506
21.5100    -260021.5678 -260036.4200      14.8522   306.4    3365.3872         1.11111         53.3        37.506
21.5200    -260021.0712 -260036.6036      15.5323   320.4    3365.3872         1.11111         53.3        37.506
21.5300    -260020.9927 -260036.7663      15.7735   325.4    3365.3872         1.11111         53.3        37.506
21.5400    -260020.5029 -260036.6932      16.1902   334.0    3365.3872         1.11111         53.2        37.506
21.5500    -260020.8414 -260036.4768      15.6354   322.6    3365.3872         1.11111         53.2        37.506
21.5600    -260020.8509 -260037.0475      16.1967   334.1    3365.3872         1.11111         53.2        37.506
21.5700    -260020.5258 -260035.9413      15.4155   318.0    3383.8525         1.10505         53.2        37.506
21.5800    -260020.1064 -260035.6709      15.5644   321.1    3371.0117         1.10926         53.2        37.506
21.5900    -260020.4020 -260036.0778      15.6758   323.4    3371.0117         1.10926         53.2        37.506
21.6000    -260020.4433 -260035.9598      15.5165   320.1    3363.5342         1.11173         53.2        37.506
21.6100    -260021.1057 -260036.2346      15.1289   312.1    3363.5342         1.11173         53.2        37.506
21.6200    -260021.1761 -260036.6639      15.4877   319.5    3363.5342         1.11173         53.2        37.506
21.6300    -260021.0630 -260036.2400      15.1770   313.1    3360.1267         1.11285         53.2        37.506
21.6400    -260020.9643 -260036.1541      15.1898   313.4    3368.2292         1.11018         53.3        37.506
21.6500    -260021.3195 -260036.1270      14.8075   305.5    3379.2991         1.10654         53.3        37.506
21.6600    -260021.3333 -260035.6153      14.2820   294.6    3379.2991         1.10654         53.3        37.506
21.6700    -260020.8941 -260036.1354      15.2413   314.4    3362.2023         1.11217         53.3        37.506
21.6800    -260020.5784 -260036.4719      15.8935   327.9    3370.9055         1.10929         53.3        37.506
21.6900    -260020.5868 -260035.4719      14.8851   307.1    3370.9055         1.10929         53.3        37.506
21.7000    -260020.2670 -260035.3774      15.1104   311.7    3370.9055         1.10929         53.3        37.506
21.7100    -260020.6123 -260036.1791      15.5669   321.1    3370.9055         1.10929         53.3        37.506
21.7200    -260019.9643 -260035.9258      15.9615   329.3    3347.6814         1.11699         53.3        37.506
21.7300    -260020.4878 -260036.1210      15.6332   322.5    3347.6814         1.11699         53.3        37.506
21.7400    -260020.9361 -260036.3318      15.3957   317.6    3360.5992         1.11270         53.3        37.506
21.7500    -260021.6301 -260036.0967      14.4666   298.5    3360.5992         1.11270         53.3        37.506
21.7600    -260021.4385 -260036.1065      14.6681   302.6    3360.5992         1.11270         53.3        37.506
21.7700    -260021.0537 -260036.1273      15.0735   311.0    3393.3475         1.10196         53.3        37.506
21.7800    -260021.4887 -260036.0729      14.5843   300.9    3383.8828         1.10504         53.3        37.506
21.7900    -260021.2833 -260036.6406      15.3573   316.8    3375.1418         1.10790         53.4        37.506
21.8000    -260021.6074 -260036.6283      15.0209   309.9    3375.1418         1.10790         53.3        37.506
21.8100    -260021.5256 -260036.5404      15.0148   309.8    3375.1418         1.10790         53.3        37.506
21.8200    -260021.1597 -260036.8565      15.6968   323.8    3375.1418         1.10790         53.3        37.506
21.8300    -260021.8196 -260035.9548      14.1352   291.6    3375.1418         1.10790         53.3        37.506
21.8400    -260022.4453 -260036.9599      14.5146   299.4    3375.1418         1.10790         53.2        37.506
21.8500    -260022.6760 -260037.1467      14.4706   298.5    3366.4323         1.11077         53.3        37.506
21.8600    -260022.7157 -260037.2078      14.4921   299.0    3366.4323         1.11077         53.3        37.506
21.8700    -260022.0817 -260037.1541      15.0724   310.9    3366.4323         1.11077         53.2        37.506
21.8800    -260022.4704 -260037.2243      14.7539   304.4    3359.3624         1.11311         53.3        37.506
21.8900    -260022.9449 -260037.2699      14.3250   295.5    3382.5086         1.10549         53.3        37.506
21.9000    -260023.1781 -260037.7038      14.5257   299.7    3418.9135         1.09372         53.3        37.506
21.9100    -260023.3644 -260037.8336      14.4692   298.5    3418.9135         1.09372         53.3        37.506
21.9200    -260023.4565 -260038.1094      14.6530   302.3    3418.9135         1.09372         53.3        37.506
21.9300    -260023.6626 -260038.2578      14.5952   301.1    3418.9135         1.09372         53.2        37.506
21.9400    -260023.2621 -260037.8952      14.6332   301.9    3397.4608         1.10062         53.3        37.506
21.9500    -260023.0092 -260038.0584      15.0492   310.5    3395.8508         1.10115         53.3        37.506
21.9600    -260023.6063 -260038.5408      14.9345   308.1    3395.8508         1.10115         53.3        37.506
21.9700    -260023.7402 -260038.5730      14.8328   306.0    3398.7877         1.10019         53.3        37.506
21.9800    -260023.5896 -260038.6140      15.0244   310.0    3404.0131         1.09851         53.4        37.506
21.9900    -260023.4876 -260037.6824      14.1948   292.8    3390.0800         1.10302         53.4        37.506
22.0000    -260023.4913 -260038.3581      14.8668   306.7    3390.0800         1.10302         53.4        37.506
22.0100    -260023.6184 -260038.5054      14.8871   307.1    3390.0800         1.10302         53.4        37.506
22.0200    -260024.0787 -260038.1460      14.0673   290.2    3390.0800         1.10302         53.3        37.506
22.0300    -260023.7406 -260038.6245      14.8839   307.1    3390.0800         1.10302         53.3        37.506
22.0400    -260023.5749 -260037.8669      14.2920   294.8    3354.2926         1.11479         53.3        37.506
22.0500    -260023.2670 -260037.5563      14.2893   294.8    3361.6368         1.11235         53.3        37.506
22.0600    -260022.7461 -260037.1330      14.3868   296.8    3361.6368         1.11235         53.3        37.506
22.0700    -260022.8727 -260038.0123      15.1396   312.3    3361.6368         1.11235         53.3        37.506
22.0800    -260022.6477 -260037.4706      14.8229   305.8    3384.4114         1.10487         53.3        37.506
22.0900    -260023.0455 -260037.6986      14.6531   302.3    3383.4626         1.10518         53.4        37.506
22.1000    -260023.2728 -260037.9758      14.7031   303.3    3383.4626         1.10518         53.3        37.506
22.1100    -260023.3639 -260037.0739      13.7100   282.8    3383.4626         1.10518         53.3        37.506
22.1200    -260023.4329 -260038.0079      14.5749   300.7    3383.4626         1.10518         53.3        37.506
22.1300    -260023.1614 -260038.6354      15.4740   319.2    3383.4626         1.10518         53.3        37.506
22.1400    -260023.2469 -260037.9455      14.6986   303.2    3383.4626         1.10518         53.2        37.506
22.1500    -260022.5089 -260037.4093      14.9004   307.4    3398.8720         1.10017         53.3        37.506
22.1600    -260022.6469 -260037.7407      15.0938   311.4    3398.8720         1.10017         53.3        37.506
22.1700    -260022.5769 -260037.4424      14.8654   306.7    3398.8720         1.10017         53.2        37.506
22.1800    -260022.3105 -260037.1671      14.8566   306.5    3398.8720         1.10017         53.2        37.506
22.1900    -260022.3060 -260036.9802      14.6742   302.7    3374.2417         1.10820         53.2        37.506
22.2000    -260022.2237 -260036.6929      14.4691   298.5    3374.2417         1.10820         53.2        37.506
22.2100    -260022.0928 -260037.0093      14.9165   307.7    3374.2417         1.10820         53.2        37.506
22.2200    -260021.8946 -260037.8207      15.9261   328.6    3371.6933         1.10904         53.2        37.506
22.2300    -260022.4945 -260036.9432      14.4486   298.1    3371.6933         1.10904         53.2        37.506
22.2400    -260022.6943 -260037.2496      14.5553   300.3    3371.6933         1.10904         53.2        37.506
22.2500    -260023.2564 -260037.2461      13.9896   288.6    3364.1455         1.11152         53.2        37.506
22.2600    -260023.1354 -260037.2846      14.1492   291.9    3364.1455         1.11152         53.2        37.506
22.2700    -260022.8364 -260037.5808      14.7444   304.2    3372.2972         1.10884         53.2        37.506
22.2800    -260023.1831 -260036.9927      13.8096   284.9    3339.2865         1.11980         53.3        37.506
22.2900    -260023.2078 -260037.1423      13.9345   287.5    3339.2865         1.11980         53.2        37.506
22.3000    -260022.8328 -260036.9385      14.1057   291.0    3339.2865         1.11980         53.2        37.506
22.3100    -260022.3772 -260037.2029      14.8257   305.9    3339.2865         1.11980         53.2        37.506
22.3200    -260022.5376 -260037.1870      14.6494   302.2    3339.2865         1.11980         53.2        37.506
22.3300    -260022.9482 -260037.2227      14.2745   294.5    3322.2259         1.12555         53.2        37.506
22.3400    -260022.9200 -260037.2335      14.3135   295.3    3322.2259         1.12555         53.2        37.506
22.3500    -260022.7232 -260037.7575      15.0344   310.2    3322.2259         1.12555         53.1        37.506
22.3600    -260022.2288 -260037.1576      14.9288   308.0    3322.2259         1.12555         53.1        37.506
22.3700    -260022.5427 -260036.8271      14.2844   294.7    3336.8136         1.12063         53.2        37.506
22.3800    -260023.1031 -260037.7598      14.6567   302.4    3330.6446         1.12270         53.2        37.506
22.3900    -260022.7504 -260037.2286      14.4782   298.7    3326.7478         1.12402         53.2        37.506
22.4000    -260022.3872 -260037.7528      15.3656   317.0    3322.1139         1.12559         53.2        37.506
22.4100    -260022.4691 -260037.3589      14.8898   307.2    3322.1139         1.12559         53.2        37.506
22.4200    -260022.0021 -260036.8800      14.8779   306.9    3315.2819         1.12791         53.3        37.506
22.4300    -260022.1538 -260036.7201      14.5663   300.5    3290.3905         1.13644         53.3        37.506
22.4400    -260022.1199 -260036.4639      14.3440   295.9    3319.7561         1.12639         53.3        37.506
22.4500    -260022.4141 -260036.8790      14.4648   298.4    3319.7561         1.12639         53.3        37.506
22.4600    -260023.2466 -260037.8994      14.6528   302.3    3319.7561         1.12639         53.3        37.506
22.4700    -260023.4513 -260038.2167      14.7654   304.6    3318.8656         1.12669         53.3        37.506
22.4800    -260023.3386 -260037.4430      14.1045   291.0    3299.2041         1.13340         53.3        37.506
22.4900    -260023.8470 -260037.4766      13.6296   281.2    3299.2041         1.13340         53.3        37.506
22.5000    -260022.7492 -260037.2390      14.4898   298.9    3299.2041         1.13340         53.3        37.506
22.5100    -260021.6278 -260037.2013      15.5735   321.3    3299.2041         1.13340         53.3        37.506
22.5200    -260021.3540 -260036.2222      14.8682   306.7    3299.2041         1.13340         53.2        37.506
22.5300    -260021.5275 -260036.0696      14.5421   300.0    3294.1248         1.13515         53.3        37.506
22.5400    -260022.5343 -260036.9086      14.3742   296.5    3294.1248         1.13515         53.2        37.506
22.5500    -260023.0145 -260037.7258      14.7113   303.5    3294.1248         1.13515         53.2        37.506
22.5600    -260022.7889 -260038.1726      15.3837   317.4    3294.1248         1.13515         53.2        37.506
22.5700    -260023.3358 -260037.9489      14.6131   301.5    3294.1248         1.13515         53.2        37.506
22.5800    -260023.2121 -260038.0746      14.8625   306.6    3294.1248         1.13515         53.2        37.506
22.5900    -260023.5417 -260038.1330      14.5913   301.0    3302.7076         1.13220         53.2        37.506
22.6000    -260023.6382 -260038.2774      14.6392   302.0    3285.8156         1.13802         53.2        37.506
22.6100    -260023.9247 -260037.5336      13.6089   280.8    3285.8156         1.13802         53.2        37.506
22.6200    -260023.6066 -260037.7684      14.1618   292.2    3262.2857         1.14623         53.2        37.506
22.6300    -260023.5770 -260038.3067      14.7297   303.9    3256.5394         1.14825         53.3        37.506
22.6400    -260023.3996 -260037.7082      14.3086   295.2    3256.5394         1.14825         53.2        37.506
22.6500    -260023.0081 -260037.6356      14.6275   301.8    3256.5394         1.14825         53.2        37.506
22.6600    -260022.3138 -260037.8639      15.5501   320.8    3256.5394         1.14825         53.2        37.506
22.6700    -260022.1734 -260038.2902      16.1168   332.5    3256.5394         1.14825         53.2        37.506
22.6800    -260022.3963 -260037.7336      15.3373   316.4    3256.5394         1.14825         53.1        37.506
22.6900    -260022.6895 -260037.4225      14.7329   303.9    3256.5394         1.14825         53.1        37.506
22.7000    -260022.7102 -260037.5577      14.8475   306.3    3256.5394         1.14825         53.1        37.506
22.7100    -260023.4014 -260037.9081      14.5067   299.3    3256.5394         1.14825         53.1        37.506
22.7200    -260022.7606 -260038.2114      15.4508   318.8    3275.3687         1.14165         53.1        37.506
22.7300    -260023.2684 -260038.1698      14.9014   307.4    3275.3687         1.14165         53.1        37.506
22.7400    -260022.9096 -260038.0927      15.1831   313.2    3275.3687         1.14165         53.1        37.506
22.7500    -260023.0085 -260038.1764      15.1680   312.9    3239.2847         1.15437         53.1        37.506
22.7600    -260023.5834 -260038.5555      14.9722   308.9    3239.2847         1.15437         53.1        37.506
22.7700    -260023.0186 -260038.2629      15.2443   314.5    3239.2847         1.15437         53.0        37.506
22.7800    -260022.7892 -260038.4347      15.6455   322.8    3239.2847         1.15437         53.0        37.506
22.7900    -260022.6565 -260037.8129      15.1564   312.7    3241.9647         1.15341         53.0        37.506
22.8000    -260023.2464 -260037.5812      14.3348   295.7    3258.8224         1.14745         53.1        37.506
22.8100    -260022.8811 -260036.6672      13.7861   284.4    3258.8224         1.14745         53.1        37.506
22.8200    -260022.8497 -260036.7229      13.8732   286.2    3258.8224         1.14745         53.0        37.506
22.8300    -260022.5433 -260037.5646      15.0213   309.9    3258.8224         1.14745         53.0        37.506
22.8400    -260022.5851 -260037.7834      15.1983   313.5    3258.8224         1.14745         53.0        37.506
22.8500    -260023.3962 -260037.8324      14.4362   297.8    3258.8224         1.14745         53.0        37.506
22.8600    -260024.1359 -260038.0868      13.9509   287.8    3258.8224         1.14745         53.0        37.506
22.8700    -260023.9709 -260039.1221      15.1512   312.6    3288.6303         1.13705         53.0        37.506
22.8800    -260024.2281 -260038.5268      14.2988   295.0    3288.6303         1.13705         53.0        37.506
22.8900    -260023.8452 -260037.9642      14.1190   291.3    3288.6303         1.13705         52.9        37.506
22.9000    -260023.8811 -260037.8795      13.9985   288.8    3288.6303         1.13705         52.9        37.506
22.9100    -260024.0535 -260038.0231      13.9696   288.2    3288.6303         1.13705         52.9        37.506
22.9200    -260024.6833 -260038.3066      13.6233   281.1    3288.6303         1.13705         52.9        37.506
22.9300    -260024.1867 -260038.5010      14.3143   295.3    3316.5855         1.12746         52.9        37.506
22.9400    -260024.1021 -260037.9347      13.8326   285.4    3308.6502         1.13017         52.9        37.506
22.9500    -260023.7926 -260038.4151      14.6226   301.7    3308.6502         1.13017         52.9        37.506
22.9600    -260023.8354 -260038.5393      14.7039   303.3    3308.6502         1.13017         52.9        37.506
22.9700    -260024.3713 -260037.9595      13.5882   280.3    3291.2502         1.13614         52.9        37.506
22.9800    -260024.3664 -260038.7221      14.3557   296.2    3291.2502         1.13614         52.9        37.506
22.9900    -260024.4458 -260039.1078      14.6620   302.5    3307.0676         1.13071         52.9        37.506
23.0000    -260023.9972 -260038.9289      14.9318   308.0    3307.0676         1.13071         52.9        37.506
23.0100    -260023.7426 -260037.8205      14.0779   290.4    3307.0676         1.13071         52.9        37.506
23.0200    -260023.8314 -260038.0333      14.2019   293.0    3296.0408         1.13449         52.9        37.506
23.0300    -260023.6792 -260038.2809      14.6017   301.2    3296.0408         1.13449         52.9        37.506
23.0400    -260024.3091 -260038.7061      14.3971   297.0    3296.0408         1.13449         52.8        37.506
23.0500    -260023.6835 -260038.8027      15.1192   311.9    3306.6647         1.13085         52.9        37.506
23.0600    -260024.4939 -260038.4919      13.9980   288.8    3306.6647         1.13085         52.9        37.506
23.0700    -260024.2008 -260038.1516      13.9508   287.8    3310.2470         1.12962         52.9        37.506
23.0800    -260023.8126 -260037.6487      13.8361   285.4    3316.7882         1.12739         52.9        37.506
23.0900    -260023.6516 -260037.6068      13.9552   287.9    3316.7882         1.12739         52.9        37.506
23.1000    -260023.3096 -260038.0878      14.7781   304.9    3316.7882         1.12739         52.9        37.506
23.1100    -260023.6073 -260038.4845      14.8772   306.9    3316.7882         1.12739         52.9        37.506
23.1200    -260023.4836 -260037.8587      14.3751   296.6    3312.3506         1.12890         52.9        37.506
23.1300    -260023.3618 -260037.6826      14.3208   295.4    3312.3506         1.12890         52.9        37.506
23.1400    -260023.5064 -260037.3207      13.8142   285.0    3312.3506         1.12890         52.8        37.506
23.1500    -260023.3270 -260037.1437      13.8167   285.0    3310.2759         1.12961         52.9        37.506
23.1600    -260022.5437 -260037.4179      14.8742   306.9    3310.2759         1.12961         52.9        37.506
23.1700    -260022.3822 -260037.1115      14.7292   303.9    3321.6301         1.12575         52.9        37.506
23.1800    -260022.0119 -260037.5580      15.5461   320.7    3321.6301         1.12575         52.9        37.506
23.1900    -260022.2797 -260037.1916      14.9118   307.6    3293.0037         1.13554         52.9        37.506
23.2000    -260022.5946 -260037.6530      15.0583   310.7    3293.0037         1.13554         52.9        37.506
23.2100    -260023.1280 -260037.9314      14.8035   305.4    3293.0037         1.13554         52.9        37.506
23.2200    -260023.3006 -260037.6203      14.3197   295.4    3293.0037         1.13554         52.8        37.506
23.2300    -260022.7512 -260037.7281      14.9769   309.0    3293.0037         1.13554         52.8        37.506
23.2400    -260022.6096 -260037.8910      15.2815   315.3    3293.0037         1.13554         52.8        37.506
23.2500    -260022.4134 -260037.2006      14.7872   305.1    3293.0037         1.13554         52.7        37.506
23.2600    -260022.2095 -260037.2607      15.0513   310.5    3293.0037         1.13554         52.7        37.506
23.2700    -260022.6130 -260037.3036      14.6906   303.1    3293.0037         1.13554         52.7        37.506
23.2800    -260022.5744 -260037.6742      15.0998   311.5    3318.8969         1.12668         52.7        37.506
23.2900    -260022.5057 -260036.7583      14.2525   294.0    3318.8969         1.12668         52.7        37.506
23.3000    -260022.1565 -260036.7428      14.5862   300.9    3318.8969         1.12668         52.7        37.506
23.3100    -260021.8264 -260036.5589      14.7325   303.9    3318.8969         1.12668         52.7        37.506
23.3200    -260022.1270 -260037.1141      14.9871   309.2    3315.5192         1.12783         52.7        37.506
23.3300    -260022.6490 -260037.4818      14.8328   306.0    3320.7298         1.12606         52.7        37.506
23.3400    -260022.4265 -260037.1672      14.7407   304.1    3320.6666         1.12608         52.8        37.506
23.3500    -260023.7867 -260038.5862      14.7995   305.3    3320.6666         1.12608         52.7        37.506
23.3600    -260023.7222 -260038.6035      14.8812   307.0    3320.6666         1.12608         52.7        37.506
23.3700    -260023.6353 -260038.3833      14.7480   304.3    3351.4193         1.11574         52.8        37.506
23.3800    -260023.1239 -260038.0651      14.9412   308.2    3369.3239         1.10982         52.8        37.506
23.3900    -260023.3984 -260038.1296      14.7312   303.9    3353.4784         1.11506         52.8        37.506
23.4000    -260023.1089 -260037.5999      14.4911   299.0    3353.4784         1.11506         52.8        37.506
23.4100    -260023.1702 -260037.3579      14.1878   292.7    3353.4784         1.11506         52.8        37.506
23.4200    -260023.2616 -260037.5237      14.2621   294.2    3353.4784         1.11506         52.7        37.506
23.4300    -260023.8666 -260037.7312      13.8647   286.0    3352.7672         1.11530         52.8        37.506
23.4400    -260024.2860 -260038.1273      13.8413   285.6    3355.6716         1.11433         52.8        37.506
23.4500    -260024.1698 -260038.4175      14.2477   293.9    3337.7314         1.12032         52.8        37.506
23.4600    -260024.1258 -260038.1435      14.0177   289.2    3337.7314         1.12032         52.8        37.506
23.4700    -260024.1192 -260037.7457      13.6265   281.1    3337.7314         1.12032         52.8        37.506
23.4800    -260023.9454 -260037.7418      13.7964   284.6    3337.7314         1.12032         52.8        37.506
23.4900    -260023.9579 -260037.1112      13.1534   271.4    3337.7314         1.12032         52.7        37.506
23.5000    -260024.0060 -260037.5683      13.5623   279.8    3348.1076         1.11685         52.8        37.506
23.5100    -260023.7897 -260038.2312      14.4415   297.9    3348.1076         1.11685         52.8        37.506
23.5200    -260023.8701 -260037.8784      14.0083   289.0    3348.1076         1.11685         52.7        37.506
23.5300    -260023.0841 -260037.9051      14.8210   305.8    3353.3448         1.11510         52.8        37.506
23.5400    -260023.4348 -260038.2772      14.8424   306.2    3336.3665         1.12078         52.8        37.506
23.5500    -260023.5885 -260038.5317      14.9432   308.3    3336.3665         1.12078         52.8        37.506
23.5600    -260023.7915 -260038.7494      14.9579   308.6    3336.3665         1.12078         52.8        37.506
23.5700    -260023.7275 -260037.8892      14.1617   292.2    3336.3665         1.12078         52.7        37.506
23.5800    -260023.8177 -260038.5620      14.7443   304.2    3347.8237         1.11694         52.8        37.506
23.5900    -260023.9836 -260038.8138      14.8302   306.0    3332.6521         1.12203         52.8        37.506
23.6000    -260024.1011 -260038.9817      14.8807   307.0    3332.6521         1.12203         52.8        37.506
23.6100    -260024.1599 -260038.2417      14.0818   290.5    3332.6521         1.12203         52.8        37.506
23.6200    -260024.1610 -260038.6527      14.4917   299.0    3332.6521         1.12203         52.7        37.506
23.6300    -260024.1952 -260038.8992      14.7040   303.3    3332.6521         1.12203         52.7        37.506
23.6400    -260024.5891 -260039.3176      14.7285   303.9    3332.6521         1.12203         52.7        37.506
23.6500    -260024.6372 -260039.0997      14.4625   298.4    3304.2260         1.13168         52.7        37.506
23.6600    -260024.9418 -260038.9677      14.0258   289.4    3304.2260         1.13168         52.7        37.506
23.6700    -260025.2422 -260038.4884      13.2462   273.3    3296.4023         1.13437         52.7        37.506
23.6800    -260025.3535 -260038.7760      13.4226   276.9    3296.4023         1.13437         52.7        37.506
23.6900    -260025.5653 -260039.3287      13.7634   283.9    3300.3484         1.13301         52.7        37.506
23.7000    -260024.9225 -260038.7971      13.8747   286.2    3290.7188         1.13633         52.7        37.506
23.7100    -260025.1652 -260038.4592      13.2940   274.3    3290.7188         1.13633         52.7        37.506
23.7200    -260025.3131 -260038.7290      13.4159   276.8    3282.9810         1.13900         52.8        37.506
23.7300    -260025.6995 -260039.8009      14.1014   290.9    3282.9810         1.13900         52.7        37.506
23.7400    -260025.6245 -260039.4507      13.8262   285.2    3294.4865         1.13503         52.8        37.506
23.7500    -260025.8348 -260039.3176      13.4828   278.2    3294.4865         1.13503         52.7        37.506
23.7600    -260025.2236 -260039.1256      13.9020   286.8    3294.4865         1.13503         52.7        37.506
23.7700    -260025.1007 -260039.3934      14.2927   294.9    3285.3565         1.13818         52.8        37.506
23.7800    -260024.2328 -260038.8053      14.5726   300.6    3265.1483         1.14522         52.8        37.506
23.7900    -260024.0362 -260038.7504      14.7142   303.6    3296.0815         1.13448         52.8        37.506
23.8000    -260024.9042 -260038.5572      13.6531   281.7    3296.0815         1.13448         52.8        37.506
23.8100    -260024.5579 -260037.7852      13.2273   272.9    3296.0815         1.13448         52.8        37.506
23.8200    -260024.8209 -260038.2831      13.4621   277.7    3270.7155         1.14327         52.8        37.506
23.8300    -260024.9654 -260039.0316      14.0662   290.2    3270.7155         1.14327         52.8        37.506
23.8400    -260025.2201 -260039.5431      14.3231   295.5    3285.7012         1.13806         52.8        37.506
23.8500    -260024.4725 -260039.7364      15.2640   314.9    3288.9869         1.13692         52.8        37.506
23.8600    -260024.4506 -260039.9728      15.5222   320.2    3288.9869         1.13692         52.8        37.506
23.8700    -260024.3306 -260039.1145      14.7838   305.0    3288.9869         1.13692         52.8        37.506
23.8800    -260023.8055 -260038.8671      15.0616   310.7    3320.3181         1.12620         52.8        37.506
23.8900    -260023.4823 -260038.7848      15.3025   315.7    3320.3181         1.12620         52.8        37.506
23.9000    -260023.3394 -260038.7572      15.4179   318.1    3323.6717         1.12506         52.8        37.506
23.9100    -260023.4704 -260038.2628      14.7924   305.2    3323.6717         1.12506         52.8        37.506
23.9200    -260023.5370 -260037.6743      14.1373   291.7    3323.6717         1.12506         52.8        37.506
23.9300    -260023.7847 -260038.4481      14.6635   302.5    3323.6717         1.12506         52.8        37.506
23.9400    -260023.5169 -260039.1286      15.6116   322.1    3348.5270         1.11671         52.8        37.506
23.9500    -260022.9183 -260037.7217      14.8035   305.4    3348.5270         1.11671         52.8        37.506
23.9600    -260022.9909 -260037.2086      14.2177   293.3    3348.5270         1.11671         52.8        37.506
23.9700    -260022.9716 -260037.3760      14.4044   297.2    3364.0699         1.11155         52.8        37.506
23.9800    -260022.7955 -260037.3129      14.5175   299.5    3364.0699         1.11155         52.8        37.506
23.9900    -260022.1275 -260037.4766      15.3491   316.7    3336.5505         1.12072         52.8        37.506
24.0000    -260022.1563 -260036.8103      14.6540   302.3    3315.2095         1.12793         52.8        37.506
24.0100    -260021.6867 -260036.6369      14.9502   308.4    3315.2095         1.12793         52.8        37.506
24.0200    -260021.7958 -260036.5845      14.7887   305.1    3315.2095         1.12793         52.8        37.506
24.0300    -260022.4035 -260037.2909      14.8873   307.1    3317.8562         1.12703         52.8        37.506
24.0400    -260022.4969 -260036.9483      14.4514   298.1    3317.8562         1.12703         52.8        37.506
24.0500    -260022.7734 -260037.5481      14.7748   304.8    3304.9633         1.13143         52.8        37.506
24.0600    -260022.8693 -260037.0816      14.2123   293.2    3304.9633         1.13143         52.8        37.506
24.0700    -260023.0888 -260037.2431      14.1543   292.0    3299.2817         1.13338         52.8        37.506
24.0800    -260022.0067 -260037.2321      15.2254   314.1    3311.4023         1.12923         52.9        37.506
24.0900    -260021.8865 -260036.6953      14.8088   305.5    3324.0989         1.12491         52.9        37.506
24.1000    -260022.1187 -260036.7685      14.6498   302.2    3308.2750         1.13029         52.9        37.506
24.1100    -260022.5859 -260037.4280      14.8422   306.2    3308.2750         1.13029         52.9        37.506
24.1200    -260022.1955 -260037.2164      15.0209   309.9    3309.5012         1.12988         52.9        37.506
24.1300    -260022.4378 -260037.3368      14.8991   307.4    3325.3237         1.12450         53.0        37.506
24.1400    -260022.1344 -260037.6489      15.5145   320.1    3329.4154         1.12312         53.0        37.506
24.1500    -260022.1677 -260037.1619      14.9942   309.3    3347.4998         1.11705         53.0        37.506
24.1600    -260021.9157 -260037.8762      15.9605   329.3    3347.4998         1.11705         53.0        37.506
24.1700    -260021.9199 -260037.1781      15.2582   314.8    3365.0761         1.11122         53.0        37.506
24.1800    -260021.7624 -260037.1147      15.3523   316.7    3387.3433         1.10391         53.1        37.506
24.1900    -260022.1639 -260037.2624      15.0985   311.5    3407.9711         1.09723         53.1        37.506
24.2000    -260021.8093 -260036.6752      14.8659   306.7    3407.9711         1.09723         53.0        37.506
24.2100    -260021.8060 -260036.5301      14.7241   303.8    3407.9711         1.09723         53.0        37.506
24.2200    -260020.9466 -260035.8883      14.9417   308.3    3407.9711         1.09723         53.0        37.506
24.2300    -260021.2273 -260036.3831      15.1558   312.7    3442.6830         1.08617         53.0        37.506
24.2400    -260021.1682 -260035.9559      14.7877   305.1    3426.3094         1.09136         53.1        37.506
24.2500    -260021.4077 -260036.5795      15.1718   313.0    3426.3094         1.09136         53.0        37.506
24.2600    -260021.5802 -260036.9148      15.3345   316.4    3426.3094         1.09136         53.0        37.506
24.2700    -260021.5241 -260037.6957      16.1716   333.6    3426.3094         1.09136         53.0        37.506
24.2800    -260021.5541 -260036.8429      15.2889   315.4    3457.3123         1.08157         53.0        37.506
24.2900    -260021.6658 -260037.1103      15.4444   318.6    3457.3123         1.08157         53.0        37.506
24.3000    -260022.5094 -260037.3494      14.8400   306.2    3445.8153         1.08518         53.0        37.506
24.3100    -260022.7639 -260036.9319      14.1680   292.3    3445.8153         1.08518         53.0        37.506
24.3200    -260022.5741 -260037.8468      15.2726   315.1    3445.8153         1.08518         53.0        37.506
24.3300    -260022.6189 -260037.4745      14.8557   306.5    3410.4111         1.09644         53.0        37.506
24.3400    -260022.0816 -260037.6691      15.5875   321.6    3405.2821         1.09810         53.1        37.506
24.3500    -260022.5922 -260037.3770      14.7847   305.0    3405.2821         1.09810         53.0        37.506
24.3600    -260022.3588 -260036.4775      14.1187   291.3    3405.2821         1.09810         53.0        37.506
24.3700    -260022.5975 -260036.4281      13.8307   285.3    3405.2821         1.09810         53.0        37.506
24.3800    -260022.4325 -260037.0770      14.6445   302.1    3405.2821         1.09810         53.0        37.506
24.3900    -260022.2915 -260037.1984      14.9068   307.5    3405.2821         1.09810         52.9        37.506
24.4000    -260022.7778 -260037.3387      14.5609   300.4    3371.2779         1.10917         53.0        37.506
24.4100    -260022.2478 -260037.4192      15.1713   313.0    3371.2779         1.10917         53.0        37.506
24.4200    -260022.3542 -260037.7823      15.4281   318.3    3377.1911         1.10723         53.0        37.506
24.4300    -260022.8870 -260038.0390      15.1520   312.6    3370.5243         1.10942         53.0        37.506
24.4400    -260022.4382 -260037.5130      15.0749   311.0    3363.9702         1.11158         53.0        37.506
24.4500    -260022.4185 -260037.7114      15.2929   315.5    3363.9702         1.11158         53.0        37.506
24.4600    -260022.2850 -260037.7805      15.4955   319.7    3363.9702         1.11158         53.0        37.506
24.4700    -260021.5991 -260037.3009      15.7018   323.9    3394.8934         1.10146         53.0        37.506
24.4800    -260021.7438 -260036.8331      15.0893   311.3    3409.9074         1.09661         53.1        37.506
24.4900    -260021.0471 -260036.4529      15.4058   317.8    3414.9824         1.09498         53.1        37.506
24.5000    -260021.0108 -260036.7852      15.7745   325.4    3414.9824         1.09498         53.1        37.506
24.5100    -260022.0509 -260036.8721      14.8212   305.8    3414.9824         1.09498         53.1        37.506
24.5200    -260021.9041 -260036.7781      14.8740   306.9    3413.0374         1.09560         53.1        37.506
24.5300    -260022.2751 -260036.8835      14.6084   301.4    3401.1651         1.09943         53.1        37.506
24.5400    -260022.8713 -260036.0953      13.2240   272.8    3401.1651         1.09943         53.1        37.506
24.5500    -260022.3526 -260037.7799      15.4273   318.3    3401.1651         1.09943         53.1        37.506
24.5600    -260022.7275 -260037.1958      14.4683   298.5    3401.1651         1.09943         53.1        37.506
24.5700    -260022.2506 -260036.5453      14.2947   294.9    3401.1651         1.09943         53.0        37.506
24.5800    -260021.9163 -260035.9383      14.0221   289.3    3400.1581         1.09975         53.1        37.506
24.5900    -260021.6072 -260036.6936      15.0864   311.2    3400.1581         1.09975         53.0        37.506
24.6000    -260021.3620 -260036.7724      15.4105   317.9    3400.1581         1.09975         53.0        37.506
24.6100    -260021.7418 -260036.6180      14.8761   306.9    3400.1581         1.09975         53.0        37.506
24.6200    -260022.0726 -260037.0352      14.9626   308.7    3385.4224         1.10454         53.0        37.506
24.6300    -260022.0833 -260037.1335      15.0502   310.5    3385.4224         1.10454         53.0        37.506
24.6400    -260022.2516 -260036.2412      13.9896   288.6    3385.3452         1.10456         53.0        37.506
24.6500    -260021.5997 -260036.8651      15.2655   314.9    3394.7888         1.10149         53.0        37.506
24.6600    -260021.7458 -260037.2312      15.4854   319.5    3394.7888         1.10149         53.0        37.506
24.6700    -260021.6245 -260036.6719      15.0474   310.4    3394.7888         1.10149         53.0        37.506
24.6800    -260022.3241 -260036.6284      14.3043   295.1    3387.9200         1.10372         53.0        37.506
24.6900    -260021.9733 -260036.2508      14.2775   294.5    3387.9200         1.10372         53.0        37.506
24.7000    -260021.9336 -260036.3729      14.4394   297.9    3404.0509         1.09849         53.0        37.506
24.7100    -260022.1617 -260037.4172      15.2555   314.7    3404.0509         1.09849         53.0        37.506
24.7200    -260021.6571 -260037.4068      15.7496   324.9    3408.1076         1.09719         53.1        37.506
24.7300    -260022.4660 -260036.7965      14.3305   295.6    3399.0841         1.10010         53.1        37.506
24.7400    -260022.6376 -260037.7170      15.0794   311.1    3379.1154         1.10660         53.1        37.506
24.7500    -260022.8830 -260037.4819      14.5988   301.2    3379.1154         1.10660         53.1        37.506
24.7600    -260023.1238 -260036.9879      13.8641   286.0    3379.1154         1.10660         53.1        37.506
24.7700    -260023.2746 -260037.8412      14.5666   300.5    3379.1154         1.10660         53.1        37.506
24.7800    -260024.0230 -260038.1968      14.1738   292.4    3390.0262         1.10304         53.1        37.506
24.7900    -260024.0654 -260038.4871      14.4217   297.5    3393.9301         1.10177         53.1        37.506
24.8000    -260023.3615 -260037.3846      14.0231   289.3    3393.9301         1.10177         53.1        37.506
24.8100    -260023.1844 -260037.6873      14.5029   299.2    3393.9301         1.10177         53.1        37.506
24.8200    -260022.9003 -260037.4393      14.5390   299.9    3396.6090         1.10090         53.1        37.506
24.8300    -260022.5092 -260037.4376      14.9283   308.0    3396.6090         1.10090         53.1        37.506
24.8400    -260022.6011 -260036.4287      13.8276   285.3    3396.6090         1.10090         53.0        37.506
24.8500    -260022.9544 -260036.2848      13.3304   275.0    3418.6194         1.09381         53.1        37.506
24.8600    -260023.2942 -260037.2202      13.9260   287.3    3418.6194         1.09381         53.1        37.506
24.8700    -260022.7459 -260036.9291      14.1832   292.6    3413.7066         1.09539         53.1        37.506
24.8800    -260022.7072 -260036.8260      14.1189   291.3    3393.0060         1.10207         53.1        37.506
24.8900    -260022.4943 -260036.7175      14.2232   293.4    3386.1365         1.10430         53.1        37.506
24.9000    -260022.5358 -260037.0783      14.5425   300.0    3422.4903         1.09257         53.2        37.506
24.9100    -260022.6688 -260037.0715      14.4027   297.1    3422.4903         1.09257         53.2        37.506
24.9200    -260022.3168 -260037.0843      14.7675   304.7    3438.1647         1.08759         53.2        37.506
24.9300    -260022.5516 -260036.9630      14.4113   297.3    3471.0605         1.07729         53.2        37.506
24.9400    -260022.4788 -260037.2548      14.7759   304.8    3471.0605         1.07729         53.2        37.506
24.9500    -260022.5972 -260037.2095      14.6123   301.5    3471.0605         1.07729         53.2        37.506
24.9600    -260022.8989 -260036.8589      13.9600   288.0    3471.0605         1.07729         53.2        37.506
24.9700    -260022.6629 -260037.1596      14.4967   299.1    3439.1259         1.08729         53.2        37.506
24.9800    -260022.7696 -260037.0749      14.3053   295.1    3439.1259         1.08729         53.2        37.506
24.9900    -260022.9392 -260037.3639      14.4247   297.6    3439.1259         1.08729         53.1        37.506
25.0000    -260022.6272 -260037.1784      14.5513   300.2    3439.1259         1.08729         53.1        37.506
25.0100    -260022.9914 -260036.9288      13.9374   287.5    3439.1259         1.08729         53.1        37.506
25.0200    -260023.1186 -260037.0775      13.9589   288.0    3452.0081         1.08323         53.1        37.506
25.0300    -260022.7721 -260037.0025      14.2304   293.6    3452.0081         1.08323         53.1        37.506
25.0400    -260022.9503 -260037.3070      14.3567   296.2    3452.0081         1.08323         53.1        37.506
25.0500    -260022.9609 -260036.9946      14.0336   289.5    3452.0081         1.08323         53.0        37.506
25.0600    -260023.0641 -260036.6307      13.5666   279.9    3452.0081         1.08323         53.0        37.506
25.0700    -260023.0740 -260036.4470      13.3730   275.9    3452.0081         1.08323         53.0        37.506
25.0800    -260022.6668 -260036.7780      14.1112   291.1    3466.9863         1.07855         53.0        37.506
25.0900    -260022.2369 -260036.6380      14.4012   297.1    3477.7773         1.07521         53.1        37.506
25.1000    -260022.5069 -260036.6477      14.1407   291.7    3463.5483         1.07962         53.1        37.506
25.1100    -260022.8097 -260037.3718      14.5621   300.4    3463.5483         1.07962         53.1        37.506
25.1200    -260022.4825 -260036.5899      14.1073   291.0    3463.5483         1.07962         53.1        37.506
25.1300    -260022.8978 -260037.6156      14.7178   303.6    3467.5327         1.07838         53.1        37.506
25.1400    -260022.6763 -260037.0234      14.3470   296.0    3493.6095         1.07033         53.1        37.506
25.1500    -260023.0412 -260037.5584      14.5172   299.5    3481.4837         1.07406         53.1        37.506
25.1600    -260022.5749 -260037.0651      14.4903   298.9    3481.4837         1.07406         53.1        37.506
25.1700    -260022.8029 -260037.0217      14.2188   293.3    3482.2827         1.07381         53.2        37.506
25.1800    -260022.2217 -260037.2118      14.9901   309.2    3490.6515         1.07124         53.2        37.506
25.1900    -260021.9069 -260036.6793      14.7724   304.8    3525.6841         1.06060         53.2        37.506
25.2000    -260021.6295 -260036.7794      15.1499   312.5    3521.9278         1.06173         53.2        37.506
25.2100    -260021.6749 -260036.8737      15.1988   313.6    3521.9278         1.06173         53.2        37.506
25.2200    -260021.9038 -260036.7571      14.8533   306.4    3505.9195         1.06658         53.2        37.506
25.2300    -260022.1983 -260037.1554      14.9571   308.6    3505.1863         1.06680         53.3        37.506
25.2400    -260022.5794 -260037.3815      14.8021   305.4    3505.1863         1.06680         53.2        37.506
25.2500    -260022.6013 -260037.2768      14.6755   302.8    3505.1863         1.06680         53.2        37.506
25.2600    -260021.9724 -260036.5737      14.6013   301.2    3505.1863         1.06680         53.2        37.506
25.2700    -260022.1194 -260036.4911      14.3717   296.5    3481.7743         1.07397         53.2        37.506
25.2800    -260021.6712 -260036.8278      15.1566   312.7    3481.7743         1.07397         53.2        37.506
25.2900    -260021.4746 -260036.5406      15.0660   310.8    3481.7743         1.07397         53.2        37.506
25.3000    -260020.7433 -260036.7562      16.0129   330.4    3481.7743         1.07397         53.2        37.506
25.3100    -260020.4584 -260036.1447      15.6863   323.6    3481.7743         1.07397         53.2        37.506
25.3200    -260020.2828 -260034.9436      14.6608   302.5    3481.7743         1.07397         53.1        37.506
25.3300    -260020.0314 -260035.8397      15.8083   326.1    3491.2060         1.07107         53.2        37.506
25.3400    -260020.5115 -260035.8299      15.3184   316.0    3493.2802         1.07043         53.2        37.506
25.3500    -260020.6602 -260035.7580      15.0977   311.5    3493.2802         1.07043         53.2        37.506
25.3600    -260020.7248 -260035.1846      14.4598   298.3    3493.2802         1.07043         53.2        37.506
25.3700    -260020.9191 -260035.6052      14.6861   303.0    3493.2802         1.07043         53.1        37.506
25.3800    -260021.2163 -260036.3959      15.1797   313.2    3493.2802         1.07043         53.1        37.506
25.3900    -260021.5192 -260036.2491      14.7299   303.9    3471.3260         1.07720         53.1        37.506
25.4000    -260021.2574 -260035.5817      14.3243   295.5    3471.3260         1.07720         53.1        37.506
25.4100    -260021.3840 -260035.6380      14.2540   294.1    3471.3260         1.07720         53.1        37.506
25.4200    -260021.8122 -260036.2113      14.3990   297.1    3499.8244         1.06843         53.1        37.506
25.4300    -260021.7097 -260036.3919      14.6823   302.9    3499.8244         1.06843         53.1        37.506
25.4400    -260021.5343 -260036.1262      14.5919   301.0    3509.3780         1.06552         53.1        37.506
25.4500    -260021.9548 -260036.0038      14.0490   289.8    3500.1852         1.06832         53.1        37.506
25.4600    -260022.2041 -260036.4825      14.2784   294.6    3500.1852         1.06832         53.1        37.506
25.4700    -260022.2388 -260036.7443      14.5056   299.3    3496.0216         1.06959         53.2        37.506
25.4800    -260022.3255 -260037.1105      14.7850   305.0    3471.2383         1.07723         53.2        37.506
25.4900    -260022.1786 -260037.1511      14.9725   308.9    3471.2383         1.07723         53.2        37.506
25.5000    -260022.0076 -260037.0551      15.0475   310.4    3471.2383         1.07723         53.1        37.506
25.5100    -260021.3185 -260037.4458      16.1273   332.7    3471.2383         1.07723         53.1        37.506
25.5200    -260021.3616 -260037.1797      15.8181   326.3    3471.2383         1.07723         53.1        37.506
25.5300    -260021.4123 -260036.6901      15.2778   315.2    3471.2383         1.07723         53.1        37.506
25.5400    -260021.1742 -260036.5681      15.3939   317.6    3472.6507         1.07679         53.1        37.506
25.5500    -260021.2532 -260036.2172      14.9640   308.7    3472.6507         1.07679         53.1        37.506
25.5600    -260021.8008 -260036.8104      15.0096   309.7    3472.6507         1.07679         53.1        37.506
25.5700    -260022.3470 -260038.1488      15.8018   326.0    3472.6507         1.07679         53.1        37.506
25.5800    -260022.2852 -260037.6135      15.3283   316.2    3472.6507         1.07679         53.0        37.506
25.5900    -260022.9822 -260036.9746      13.9924   288.7    3472.6507         1.07679         53.0        37.506
25.6000    -260023.2381 -260037.6126      14.3745   296.6    3472.6507         1.07679         53.0        37.506
25.6100    -260023.2494 -260037.6598      14.4104   297.3    3472.6507         1.07679         53.0        37.506
25.6200    -260022.8771 -260038.1466      15.2694   315.0    3477.4570         1.07530         53.0        37.506
25.6300    -260022.8990 -260037.4066      14.5076   299.3    3478.7175         1.07492         53.0        37.506
25.6400    -260023.0978 -260037.2503      14.1525   292.0    3480.7822         1.07428         53.0        37.506
25.6500    -260022.8452 -260036.9952      14.1500   291.9    3480.7822         1.07428         53.0        37.506
25.6600    -260022.8318 -260038.0161      15.1844   313.3    3480.7822         1.07428         53.0        37.506
25.6700    -260022.7795 -260037.3523      14.5728   300.6    3480.7822         1.07428         53.0        37.506
25.6800    -260022.7479 -260036.4484      13.7005   282.6    3484.9202         1.07300         53.0        37.506
25.6900    -260022.6380 -260036.8889      14.2509   294.0    3484.9202         1.07300         53.0        37.506
25.7000    -260022.4987 -260037.8106      15.3119   315.9    3484.9202         1.07300         53.0        37.506
25.7100    -260023.1502 -260037.6878      14.5376   299.9    3484.9202         1.07300         53.0        37.506
25.7200    -260023.3945 -260037.4594      14.0649   290.2    3464.9378         1.07919         53.0        37.506
25.7300    -260023.3003 -260037.5721      14.2718   294.4    3474.7915         1.07613         53.0        37.506
25.7400    -260023.4076 -260036.2042      12.7966   264.0    3471.1896         1.07725         53.0        37.506
25.7500    -260023.1967 -260037.4624      14.2657   294.3    3490.7317         1.07122         53.1        37.506
25.7600    -260023.0677 -260036.8282      13.7605   283.9    3490.7317         1.07122         53.1        37.506
25.7700    -260022.6918 -260038.0320      15.3402   316.5    3490.7317         1.07122         53.0        37.506
25.7800    -260022.4462 -260037.0956      14.6494   302.2    3470.3527         1.07751         53.1        37.506
25.7900    -260022.4816 -260037.4799      14.9983   309.4    3470.3527         1.07751         53.0        37.506
25.8000    -260021.8624 -260036.5501      14.6877   303.0    3462.1937         1.08005         53.1        37.506
25.8100    -260021.4775 -260036.2013      14.7238   303.8    3462.1937         1.08005         53.1        37.506
25.8200    -260021.6367 -260036.1458      14.5091   299.3    3462.1937         1.08005         53.0        37.506
25.8300    -260021.3624 -260035.9857      14.6233   301.7    3462.1937         1.08005         53.0        37.506
25.8400    -260021.4740 -260036.5538      15.0798   311.1    3495.3584         1.06980         53.0        37.506
25.8500    -260021.6432 -260037.2240      15.5808   321.4    3495.3584         1.06980         53.0        37.506
25.8600    -260021.5461 -260036.4626      14.9165   307.7    3495.3584         1.06980         53.0        37.506
25.8700    -260021.6453 -260036.5015      14.8562   306.5    3495.3584         1.06980         53.0        37.506
25.8800    -260022.2578 -260036.6498      14.3920   296.9    3495.3584         1.06980         52.9        37.506
25.8900    -260022.0043 -260036.4853      14.4810   298.7    3495.3584         1.06980         52.9        37.506
25.9000    -260021.7328 -260037.0320      15.2991   315.6    3459.2035         1.08098         52.9        37.506
25.9100    -260021.4232 -260036.0208      14.5975   301.2    3459.2035         1.08098         52.9        37.506
25.9200    -260021.6335 -260036.8301      15.1966   313.5    3461.1550         1.08037         53.0        37.506
25.9300    -260021.8396 -260037.0688      15.2292   314.2    3461.1550         1.08037         52.9        37.506
25.9400    -260021.2228 -260036.8338      15.6109   322.1    3461.1550         1.08037         52.9        37.506
25.9500    -260021.6714 -260036.5974      14.9260   307.9    3457.6078         1.08148         52.9        37.506
25.9600    -260021.3053 -260036.7183      15.4131   318.0    3457.6078         1.08148         52.9        37.506
25.9700    -260021.3372 -260036.5144      15.1773   313.1    3467.7428         1.07832         53.0        37.506
25.9800    -260021.4832 -260036.2515      14.7683   304.7    3467.7428         1.07832         52.9        37.506
25.9900    -260021.8994 -260035.8604      13.9610   288.0    3463.3439         1.07969         53.0        37.506
26.0000    -260021.7007 -260035.9384      14.2377   293.7    3463.3439         1.07969         52.9        37.506
26.0100    -260021.7140 -260035.7146      14.0006   288.8    3463.3439         1.07969         52.9        37.506
26.0200    -260021.7561 -260036.3397      14.5836   300.9    3440.1290         1.08697         53.0        37.506
26.0300    -260022.0203 -260037.4109      15.3906   317.5    3440.1290         1.08697         52.9        37.506
26.0400    -260023.0508 -260037.7351      14.6844   302.9    3433.1483         1.08918         53.0        37.506
26.0500    -260022.2769 -260037.1668      14.8899   307.2    3446.7105         1.08490         53.0        37.506
26.0600    -260022.3413 -260037.4372      15.0960   311.4    3446.7105         1.08490         53.0        37.506
26.0700    -260022.6981 -260036.9550      14.2569   294.1    3441.1374         1.08665         53.0        37.506
26.0800    -260023.0516 -260037.5697      14.5181   299.5    3441.1374         1.08665         53.0        37.506
26.0900    -260023.4321 -260037.4316      13.9995   288.8    3441.1374         1.08665         52.9        37.506
26.1000    -260023.1983 -260037.8258      14.6275   301.8    3441.1374         1.08665         52.9        37.506
26.1100    -260022.9044 -260037.4408      14.5364   299.9    3441.1374         1.08665         52.9        37.506
26.1200    -260023.3905 -260037.3376      13.9471   287.7    3441.1374         1.08665         52.9        37.506
26.1300    -260023.0153 -260036.9889      13.9736   288.3    3441.1374         1.08665         52.9        37.506
26.1400    -260023.2223 -260037.1683      13.9461   287.7    3441.1374         1.08665         52.8        37.506
26.1500    -260022.7759 -260036.6407      13.8648   286.0    3441.1374         1.08665         52.8        37.506
26.1600    -260022.7653 -260037.0673      14.3021   295.1    3441.1374         1.08665         52.8        37.506
26.1700    -260022.5030 -260037.0007      14.4977   299.1    3457.7065         1.08145         52.8        37.506
26.1800    -260022.3679 -260037.7599      15.3921   317.5    3444.2162         1.08568         52.9        37.506
26.1900    -260022.6003 -260037.2116      14.6113   301.4    3452.9855         1.08293         52.9        37.506
26.2000    -260022.5553 -260036.2666      13.7113   282.9    3473.1070         1.07665         52.9        37.506
26.2100    -260022.3639 -260036.8876      14.5238   299.6    3473.1070         1.07665         52.9        37.506
26.2200    -260022.7664 -260037.2817      14.5153   299.5    3473.1070         1.07665         52.9        37.506
26.2300    -260022.9543 -260037.3919      14.4376   297.9    3467.8070         1.07830         52.9        37.506
26.2400    -260023.0266 -260036.4105      13.3839   276.1    3467.8070         1.07830         52.9        37.506
26.2500    -260023.2124 -260038.5903      15.3779   317.2    3467.8070         1.07830         52.9        37.506
26.2600    -260022.7891 -260038.4319      15.6428   322.7    3467.8070         1.07830         52.9        37.506
26.2700    -260023.3670 -260037.8911      14.5241   299.6    3461.1184         1.08038         52.9        37.506
26.2800    -260023.5889 -260037.9983      14.4094   297.3    3461.1184         1.08038         52.9        37.506
26.2900    -260023.9186 -260037.8187      13.9001   286.8    3480.0553         1.07450         52.9        37.506
26.3000    -260024.2611 -260038.2351      13.9741   288.3    3480.0553         1.07450         52.9        37.506
26.3100    -260023.7266 -260037.7343      14.0077   289.0    3480.0553         1.07450         52.9        37.506
26.3200    -260024.0348 -260037.8771      13.8423   285.6    3470.0934         1.07759         52.9        37.506
26.3300    -260024.6349 -260037.9308      13.2959   274.3    3441.0873         1.08667         52.9        37.506
26.3400    -260024.0152 -260037.5690      13.5538   279.6    3441.0873         1.08667         52.9        37.506
26.3500    -260023.8278 -260037.9709      14.1431   291.8    3428.7154         1.09059         52.9        37.506
26.3600    -260024.0928 -260038.6902      14.5974   301.1    3428.7154         1.09059         52.9        37.506
26.3700    -260024.5279 -260038.8371      14.3093   295.2    3428.7154         1.09059         52.9        37.506
26.3800    -260023.8360 -260038.2120      14.3760   296.6    3401.1954         1.09942         52.9        37.506
26.3900    -260023.6274 -260038.0617      14.4343   297.8    3389.5186         1.10320         52.9        37.506
26.4000    -260023.3396 -260038.7538      15.4142   318.0    3389.5186         1.10320         52.9        37.506
26.4100    -260023.2559 -260038.1922      14.9363   308.1    3389.5186         1.10320         52.9        37.506
26.4200    -260023.0913 -260037.4538      14.3625   296.3    3403.9794         1.09852         52.9        37.506
26.4300    -260022.8736 -260038.1819      15.3083   315.8    3403.9794         1.09852         52.9        37.506
26.4400    -260023.1852 -260037.5506      14.3654   296.4    3403.9794         1.09852         52.9        37.506
26.4500    -260023.0306 -260038.4097      15.3792   317.3    3424.4893         1.09194         52.9        37.506
26.4600    -260023.5782 -260037.8382      14.2600   294.2    3424.4893         1.09194         52.9        37.506
26.4700    -260023.8934 -260038.3571      14.4637   298.4    3424.4893         1.09194         52.9        37.506
26.4800    -260024.1303 -260037.9179      13.7876   284.4    3424.4893         1.09194         52.8        37.506
26.4900    -260023.9018 -260038.5327      14.6309   301.8    3424.4893         1.09194         52.8        37.506
26.5000    -260024.2115 -260038.4351      14.2236   293.4    3414.0033         1.09529         52.8        37.506
26.5100    -260023.9802 -260038.2062      14.2260   293.5    3414.0033         1.09529         52.8        37.506
26.5200    -260023.8960 -260038.1436      14.2476   293.9    3413.9371         1.09531         52.9        37.506
26.5300    -260023.2492 -260038.7859      15.5366   320.5    3424.9466         1.09179         52.9        37.506
26.5400    -260023.5041 -260037.8805      14.3764   296.6    3403.7270         1.09860         52.9        37.506
26.5500    -260023.5121 -260038.4668      14.9547   308.5    3403.7270         1.09860         52.9        37.506
26.5600    -260024.1613 -260037.7363      13.5750   280.1    3403.7270         1.09860         52.9        37.506
26.5700    -260024.3603 -260038.2774      13.9172   287.1    3403.7270         1.09860         52.8        37.506
26.5800    -260023.8980 -260038.2404      14.3424   295.9    3403.7270         1.09860         52.8        37.506
26.5900    -260023.5163 -260038.1323      14.6160   301.5    3403.7270         1.09860         52.8        37.506
26.6000    -260022.8760 -260037.2801      14.4040   297.2    3432.3990         1.08942         52.8        37.506
26.6100    -260022.3369 -260037.3911      15.0542   310.6    3432.3990         1.08942         52.8        37.506
26.6200    -260022.8835 -260037.0349      14.1514   291.9    3454.0712         1.08259         52.8        37.506
26.6300    -260022.8372 -260037.1559      14.3187   295.4    3440.1625         1.08696         52.9        37.506
26.6400    -260022.8325 -260037.5762      14.7437   304.2    3440.1625         1.08696         52.8        37.506
26.6500    -260022.8124 -260037.4503      14.6378   302.0    3454.1701         1.08255         52.9        37.506
26.6600    -260022.9199 -260037.4955      14.5756   300.7    3454.1701         1.08255         52.9        37.506
26.6700    -260022.5967 -260037.1670      14.5703   300.6    3481.0834         1.07418         52.9        37.506
26.6800    -260022.8878 -260036.6291      13.7413   283.5    3459.0894         1.08101         52.9        37.506
26.6900    -260022.1324 -260036.9158      14.7834   305.0    3459.0894         1.08101         52.9        37.506
26.7000    -260022.0508 -260036.4292      14.3784   296.6    3442.1430         1.08634         52.9        37.506
26.7100    -260021.9223 -260036.5287      14.6063   301.3    3442.1430         1.08634         52.9        37.506
26.7200    -260022.3891 -260037.7887      15.3996   317.7    3416.6325         1.09445         52.9        37.506
26.7300    -260022.5454 -260037.3368      14.7914   305.2    3416.6325         1.09445         52.9        37.506
26.7400    -260022.8340 -260037.8058      14.9718   308.9    3384.2370         1.10492         52.9        37.506
26.7500    -260023.1255 -260037.6527      14.5272   299.7    3402.9143         1.09886         52.9        37.506
26.7600    -260023.3684 -260036.9928      13.6245   281.1    3402.9143         1.09886         52.9        37.506
26.7700    -260023.1449 -260038.1754      15.0306   310.1    3401.3095         1.09938         53.0        37.506
26.7800    -260023.2301 -260037.7017      14.4716   298.6    3401.3095         1.09938         52.9        37.506
26.7900    -260023.4051 -260037.9823      14.5772   300.7    3402.6079         1.09896         53.0        37.506
26.8000    -260023.7690 -260038.1381      14.3691   296.4    3402.6079         1.09896         52.9        37.506
26.8100    -260023.4024 -260038.4781      15.0758   311.0    3402.6079         1.09896         52.9        37.506
26.8200    -260023.8978 -260038.5384      14.6406   302.0    3391.4840         1.10256         53.0        37.506
26.8300    -260024.0316 -260038.0247      13.9932   288.7    3399.1749         1.10007         53.0        37.506
26.8400    -260023.9930 -260037.9212      13.9281   287.3    3399.1749         1.10007         53.0        37.506
26.8500    -260024.3022 -260038.2732      13.9711   288.2    3399.1749         1.10007         52.9        37.506
26.8600    -260024.0758 -260038.0593      13.9836   288.5    3399.1749         1.10007         52.9        37.506
26.8700    -260024.1424 -260037.9971      13.8547   285.8    3424.9176         1.09180         53.0        37.506
26.8800    -260023.5594 -260037.4480      13.8886   286.5    3424.9176         1.09180         52.9        37.506
26.8900    -260022.9369 -260036.8337      13.8967   286.7    3424.7113         1.09187         53.0        37.506
26.9000    -260022.6842 -260037.7536      15.0694   310.9    3424.7113         1.09187         52.9        37.506
26.9100    -260023.1938 -260037.6585      14.4648   298.4    3424.7113         1.09187         52.9        37.506
26.9200    -260023.8723 -260037.5251      13.6528   281.7    3424.7113         1.09187         52.9        37.506
26.9300    -260024.0762 -260038.0220      13.9458   287.7    3422.0117         1.09273         52.9        37.506
26.9400    -260023.5990 -260037.8746      14.2756   294.5    3405.9872         1.09787         52.9        37.506
26.9500    -260022.9444 -260037.2607      14.3163   295.3    3405.9872         1.09787         52.9        37.506
26.9600    -260023.0523 -260036.8790      13.8267   285.2    3405.9872         1.09787         52.9        37.506
26.9700    -260023.1294 -260037.0282      13.8988   286.7    3417.3446         1.09422         52.9        37.506
26.9800    -260023.1403 -260036.8314      13.6912   282.5    3438.5590         1.08747         53.0        37.506
26.9900    -260023.4642 -260037.8888      14.4246   297.6    3416.5967         1.09446         53.0        37.506
27.0000    -260023.8277 -260037.8987      14.0710   290.3    3416.5967         1.09446         53.0        37.506
27.0100    -260023.4915 -260038.0065      14.5150   299.4    3416.5967         1.09446         53.0        37.506
27.0200    -260023.5013 -260038.1573      14.6560   302.4    3416.3538         1.09454         53.0        37.506
27.0300    -260023.7626 -260038.0604      14.2978   295.0    3416.3538         1.09454         53.0        37.506
27.0400    -260023.5034 -260038.0804      14.5770   300.7    3416.3538         1.09454         52.9        37.506
27.0500    -260023.0425 -260038.3036      15.2611   314.8    3416.3538         1.09454         52.9        37.506
27.0600    -260023.3356 -260038.4460      15.1104   311.7    3416.3538         1.09454         52.9        37.506
27.0700    -260023.6702 -260038.6291      14.9589   308.6    3416.3538         1.09454         52.9        37.506
27.0800    -260022.9304 -260037.5396      14.6092   301.4    3416.3538         1.09454         52.9        37.506
27.0900    -260022.7207 -260037.1864      14.4657   298.4    3442.8441         1.08612         52.9        37.506
27.1000    -260022.0593 -260037.4858      15.4265   318.3    3447.9364         1.08451         52.9        37.506
27.1100    -260022.4928 -260037.1044      14.6116   301.4    3447.9364         1.08451         52.9        37.506
27.1200    -260022.4343 -260037.5782      15.1439   312.4    3477.3980         1.07532         52.9        37.506
27.1300    -260022.7961 -260037.5824      14.7864   305.0    3477.3980         1.07532         52.9        37.506
27.1400    -260023.0139 -260036.6978      13.6839   282.3    3477.3980         1.07532         52.9        37.506
27.1500    -260022.5349 -260036.8425      14.3076   295.2    3472.4426         1.07686         52.9        37.506
27.1600    -260023.1495 -260036.6419      13.4924   278.4    3472.4426         1.07686         52.9        37.506
27.1700    -260023.0934 -260036.6092      13.5158   278.8    3487.6145         1.07217         52.9        37.506
27.1800    -260022.9810 -260036.9903      14.0093   289.0    3494.3167         1.07012         52.9        37.506
27.1900    -260023.0190 -260037.2090      14.1900   292.7    3460.9968         1.08042         53.0        37.506
27.2000    -260022.7753 -260036.9665      14.1913   292.8    3460.9968         1.08042         52.9        37.506
27.2100    -260022.5609 -260036.0675      13.5066   278.6    3460.9968         1.08042         52.9        37.506
27.2200    -260022.4345 -260035.9076      13.4731   278.0    3460.9968         1.08042         52.9        37.506
27.2300    -260022.5319 -260036.6926      14.1607   292.1    3472.0724         1.07697         52.9        37.506
27.2400    -260021.6326 -260037.0696      15.4370   318.5    3472.0724         1.07697         52.9        37.506
27.2500    -260021.9410 -260037.2105      15.2695   315.0    3472.0724         1.07697         52.9        37.506
27.2600    -260021.7430 -260036.5935      14.8505   306.4    3472.0724         1.07697         52.9        37.506
27.2700    -260021.9040 -260037.3320      15.4280   318.3    3472.0724         1.07697         52.9        37.506
27.2800    -260021.3401 -260036.6130      15.2728   315.1    3472.0724         1.07697         52.8        37.506
27.2900    -260021.9478 -260037.2873      15.3395   316.5    3472.0724         1.07697         52.8        37.506
27.3000    -260022.5153 -260037.0773      14.5620   300.4    3472.0724         1.07697         52.8        37.506
27.3100    -260022.5242 -260037.1696      14.6454   302.1    3472.0724         1.07697         52.8        37.506
27.3200    -260022.6308 -260036.9565      14.3258   295.5    3483.8089         1.07334         52.8        37.506
27.3300    -260022.9354 -260037.6123      14.6768   302.8    3481.9980         1.07390         52.8        37.506
27.3400    -260023.4794 -260037.5736      14.0942   290.8    3481.9980         1.07390         52.8        37.506
27.3500    -260023.2565 -260037.0202      13.7637   283.9    3482.9691         1.07360         52.8        37.506
27.3600    -260022.6768 -260036.5027      13.8259   285.2    3482.9691         1.07360         52.8        37.506
27.3700    -260022.8926 -260037.4716      14.5790   300.8    3515.7928         1.06358         52.9        37.506
27.3800    -260022.2820 -260037.4384      15.1563   312.7    3515.7928         1.06358         52.8        37.506
27.3900    -260022.5965 -260036.6751      14.0786   290.4    3489.8544         1.07148         52.9        37.506
27.4000    -260022.7866 -260037.3456      14.5590   300.4    3464.5631         1.07931         52.9        37.506
27.4100    -260022.6584 -260037.3694      14.7110   303.5    3464.5631         1.07931         52.9        37.506
27.4200    -260022.8615 -260037.1501      14.2886   294.8    3464.5631         1.07931         52.8        37.506
27.4300    -260022.9519 -260037.6795      14.7276   303.8    3453.3244         1.08282         52.9        37.506
27.4400    -260022.9807 -260037.0169      14.0363   289.6    3427.1831         1.09108         52.9        37.506
27.4500    -260023.5690 -260037.7016      14.1326   291.6    3427.1831         1.09108         52.9        37.506
27.4600    -260023.8665 -260038.2938      14.4273   297.6    3427.1831         1.09108         52.9        37.506
27.4700    -260023.7296 -260038.1571      14.4275   297.6    3446.6333         1.08492         52.9        37.506
27.4800    -260023.4936 -260037.8014      14.3078   295.2    3451.0204         1.08354         52.9        37.506
27.4900    -260024.0081 -260038.1443      14.1362   291.6    3443.1549         1.08602         52.9        37.506
27.5000    -260024.1260 -260038.1387      14.0127   289.1    3419.9219         1.09340         53.0        37.506
27.5100    -260023.6249 -260038.1219      14.4970   299.1    3419.9219         1.09340         53.0        37.506
27.5200    -260023.6377 -260038.3540      14.7163   303.6    3421.0332         1.09304         53.0        37.506
27.5300    -260023.0096 -260037.4039      14.3942   297.0    3421.0332         1.09304         53.0        37.506
27.5400    -260022.8462 -260037.3548      14.5086   299.3    3421.0332         1.09304         52.9        37.506
27.5500    -260023.0538 -260037.4902      14.4363   297.8    3407.4089         1.09741         52.9        37.506
27.5600    -260023.1372 -260037.6141      14.4769   298.7    3407.4089         1.09741         52.9        37.506
27.5700    -260022.8566 -260038.0631      15.2065   313.7    3432.5538         1.08937         53.0        37.506
27.5800    -260022.4075 -260038.1680      15.7605   325.1    3441.0272         1.08669         53.0        37.506
27.5900    -260022.6003 -260037.9468      15.3465   316.6    3441.0272         1.08669         53.0        37.506
27.6000    -260022.3818 -260036.7897      14.4079   297.2    3424.5213         1.09193         53.0        37.506
27.6100    -260022.3792 -260036.7201      14.3410   295.9    3424.5213         1.09193         53.0        37.506
27.6200    -260022.0668 -260036.8901      14.8233   305.8    3424.5213         1.09193         53.0        37.506
27.6300    -260022.0857 -260037.2243      15.1386   312.3    3424.5213         1.09193         52.9        37.506
27.6400    -260022.8542 -260036.7611      13.9070   286.9    3420.5375         1.09320         53.0        37.506
27.6500    -260022.1462 -260036.4623      14.3162   295.3    3420.5375         1.09320         52.9        37.506
27.6600    -260022.6367 -260036.5222      13.8855   286.5    3420.5375         1.09320         52.9        37.506
27.6700    -260022.7551 -260036.8965      14.1414   291.7    3420.5375         1.09320         52.9        37.506
27.6800    -260023.5430 -260037.7296      14.1866   292.7    3416.4740         1.09450         52.9        37.506
27.6900    -260023.8626 -260037.7459      13.8833   286.4    3427.4385         1.09100         53.0        37.506
27.7000    -260023.9083 -260037.2904      13.3821   276.1    3418.8071         1.09375         53.0        37.506
27.7100    -260023.7795 -260037.2898      13.5103   278.7    3418.8071         1.09375         53.0        37.506
27.7200    -260023.3898 -260037.9483      14.5585   300.3    3418.8071         1.09375         53.0        37.506
27.7300    -260023.7698 -260038.4396      14.6699   302.6    3418.8071         1.09375         52.9        37.506
27.7400    -260023.0571 -260038.3488      15.2917   315.5    3418.8071         1.09375         52.9        37.506
27.7500    -260022.9720 -260036.7582      13.7862   284.4    3418.1760         1.09395         52.9        37.506
27.7600    -260022.5399 -260037.8074      15.2674   315.0    3418.1760         1.09395         52.9        37.506
27.7700    -260022.5969 -260037.2279      14.6310   301.8    3418.1760         1.09395         52.9        37.506
27.7800    -260022.0249 -260036.7239      14.6990   303.2    3417.3547         1.09422         52.9        37.506
27.7900    -260021.9934 -260037.4025      15.4091   317.9    3414.8429         1.09502         52.9        37.506
27.8000    -260022.3038 -260036.6637      14.3600   296.2    3414.8429         1.09502         52.9        37.506
27.8100    -260022.1097 -260037.0962      14.9865   309.2    3414.8429         1.09502         52.9        37.506
27.8200    -260021.6108 -260036.9529      15.3421   316.5    3439.1260         1.08729         52.9        37.506
27.8300    -260021.4666 -260036.7681      15.3015   315.7    3422.5479         1.09256         53.0        37.506
27.8400    -260021.5319 -260036.9576      15.4257   318.2    3422.5479         1.09256         52.9        37.506
27.8500    -260020.8984 -260036.4802      15.5818   321.5    3445.9407         1.08514         53.0        37.506
27.8600    -260021.0519 -260036.4946      15.4427   318.6    3445.9407         1.08514         53.0        37.506
27.8700    -260021.4112 -260036.8913      15.4801   319.4    3445.9407         1.08514         52.9        37.506
27.8800    -260021.5858 -260036.5081      14.9223   307.9    3445.9407         1.08514         52.9        37.506
27.8900    -260021.5059 -260037.1186      15.6127   322.1    3429.0326         1.09049         52.9        37.506
27.9000    -260022.4284 -260037.3198      14.8914   307.2    3429.0326         1.09049         52.9        37.506
27.9100    -260021.4841 -260036.4822      14.9982   309.4    3429.0326         1.09049         52.9        37.506
27.9200    -260022.0496 -260037.6840      15.6344   322.5    3446.4210         1.08499         52.9        37.506
27.9300    -260022.1974 -260037.6664      15.4690   319.1    3446.4210         1.08499         52.9        37.506
27.9400    -260021.6725 -260037.3119      15.6394   322.6    3466.9173         1.07857         52.9        37.506
27.9500    -260021.4897 -260036.7671      15.2774   315.2    3466.9173         1.07857         52.9        37.506
27.9600    -260021.2138 -260035.7482      14.5344   299.8    3466.9173         1.07857         52.9        37.506
27.9700    -260021.1097 -260037.0858      15.9761   329.6    3466.9173         1.07857         52.9        37.506
27.9800    -260021.3086 -260036.8588      15.5502   320.8    3474.1768         1.07632         52.9        37.506
27.9900    -260021.9046 -260036.5514      14.6469   302.2    3469.3275         1.07782         52.9        37.506
28.0000    -260022.1440 -260036.6981      14.5541   300.3    3472.4426         1.07686         52.9        37.506
28.0100    -260021.7270 -260037.5999      15.8729   327.5    3472.4426         1.07686         52.9        37.506
28.0200    -260021.7498 -260037.4060      15.6562   323.0    3472.4187         1.07687         53.0        37.506
28.0300    -260022.2555 -260036.7441      14.4886   298.9    3442.9637         1.08608         53.0        37.506
28.0400    -260022.1618 -260036.6695      14.5078   299.3    3442.9637         1.08608         53.0        37.506
28.0500    -260022.9642 -260037.5514      14.5872   300.9    3419.5737         1.09351         53.0        37.506
28.0600    -260023.3176 -260037.6763      14.3588   296.2    3419.5737         1.09351         53.0        37.506
28.0700    -260023.1588 -260037.5904      14.4316   297.7    3434.3510         1.08880         53.0        37.506
28.0800    -260022.8489 -260037.7625      14.9136   307.7    3451.8424         1.08328         53.0        37.506
28.0900    -260022.8079 -260037.3832      14.5753   300.7    3451.8424         1.08328         53.0        37.506
28.1000    -260023.0145 -260037.2373      14.2228   293.4    3442.6846         1.08617         53.0        37.506
28.1100    -260023.3634 -260037.5190      14.1556   292.0    3442.6846         1.08617         53.0        37.506
28.1200    -260023.5505 -260037.4458      13.8953   286.7    3442.6846         1.08617         53.0        37.506
28.1300    -260023.9240 -260036.9885      13.0645   269.5    3442.6846         1.08617         53.0        37.506
28.1400    -260023.6511 -260037.1039      13.4528   277.5    3426.7512         1.09122         53.0        37.506
28.1500    -260024.0475 -260038.0355      13.9879   288.6    3428.2584         1.09074         53.0        37.506
28.1600    -260024.2933 -260037.6769      13.3836   276.1    3428.2584         1.09074         53.0        37.506
28.1700    -260023.8888 -260038.1550      14.2662   294.3    3424.3416         1.09198         53.0        37.506
28.1800    -260024.0470 -260037.9802      13.9332   287.4    3426.1889         1.09140         53.1        37.506
28.1900    -260024.3250 -260037.8993      13.5744   280.0    3405.0483         1.09817         53.1        37.506
28.2000    -260023.8032 -260037.4703      13.6672   282.0    3396.9458         1.10079         53.1        37.506
28.2100    -260024.1607 -260038.4398      14.2791   294.6    3396.9458         1.10079         53.1        37.506
28.2200    -260024.4537 -260038.7353      14.2816   294.6    3396.9458         1.10079         53.1        37.506
28.2300    -260024.2321 -260038.4185      14.1865   292.7    3396.9458         1.10079         53.1        37.506
28.2400    -260024.5945 -260037.7684      13.1738   271.8    3396.9458         1.10079         53.0        37.506
28.2500    -260024.2489 -260038.7047      14.4559   298.2    3391.7967         1.10246         53.1        37.506
28.2600    -260024.3458 -260039.0347      14.6889   303.0    3391.7967         1.10246         53.1        37.506
28.2700    -260024.4409 -260039.0678      14.6269   301.8    3391.7967         1.10246         53.0        37.506
28.2800    -260023.9732 -260037.7857      13.8126   285.0    3391.7967         1.10246         53.0        37.506
28.2900    -260023.7410 -260037.6020      13.8611   286.0    3391.7967         1.10246         53.0        37.506
28.3000    -260023.8219 -260037.5998      13.7780   284.2    3358.0266         1.11355         53.0        37.506
28.3100    -260023.4349 -260038.3628      14.9279   308.0    3358.0266         1.11355         53.0        37.506
28.3200    -260023.8367 -260037.9957      14.1589   292.1    3366.2002         1.11084         53.0        37.506
28.3300    -260024.0979 -260037.2410      13.1431   271.1    3366.2002         1.11084         53.0        37.506
28.3400    -260023.6923 -260037.6970      14.0047   288.9    3366.2002         1.11084         53.0        37.506
28.3500    -260024.1603 -260037.5300      13.3697   275.8    3366.2002         1.11084         53.0        37.506
28.3600    -260024.0232 -260037.9439      13.9207   287.2    3366.2002         1.11084         53.0        37.506
28.3700    -260024.3719 -260037.4596      13.0877   270.0    3366.2002         1.11084         52.9        37.506
28.3800    -260024.9309 -260038.1110      13.1801   271.9    3366.2002         1.11084         52.9        37.506
28.3900    -260024.6275 -260038.0287      13.4012   276.5    3366.2002         1.11084         52.9        37.506
28.4000    -260024.4993 -260038.1232      13.6240   281.1    3381.0006         1.10598         52.9        37.506
28.4100    -260023.7960 -260037.8133      14.0173   289.2    3381.0006         1.10598         52.9        37.506
28.4200    -260023.7771 -260037.9125      14.1354   291.6    3386.1983         1.10428         52.9        37.506
28.4300    -260023.6732 -260037.8826      14.2094   293.1    3386.1983         1.10428         52.9        37.506
28.4400    -260024.1892 -260037.8621      13.6729   282.1    3386.1983         1.10428         52.9        37.506
28.4500    -260023.9474 -260037.5936      13.6461   281.5    3417.6205         1.09413         52.9        37.506
28.4600    -260023.7149 -260037.2406      13.5257   279.0    3417.6205         1.09413         52.9        37.506
28.4700    -260023.3484 -260037.2469      13.8985   286.7    3417.6205         1.09413         52.9        37.506
28.4800    -260023.3042 -260037.4188      14.1146   291.2    3432.2657         1.08946         52.9        37.506
28.4900    -260023.5027 -260037.2047      13.7019   282.7    3432.2657         1.08946         52.9        37.506
28.5000    -260024.0439 -260037.6070      13.5631   279.8    3396.1321         1.10105         52.9        37.506
28.5100    -260024.2453 -260038.7758      14.5306   299.8    3396.1321         1.10105         52.9        37.506
28.5200    -260023.9659 -260037.2796      13.3138   274.7    3396.1321         1.10105         52.9        37.506
28.5300    -260023.6342 -260038.1070      14.4728   298.6    3411.4596         1.09611         52.9        37.506
28.5400    -260023.6127 -260037.1527      13.5400   279.3    3411.4596         1.09611         52.9        37.506
28.5500    -260023.7341 -260037.4296      13.6956   282.5    3421.7969         1.09280         52.9        37.506
28.5600    -260023.4765 -260037.7906      14.3142   295.3    3421.7969         1.09280         52.9        37.506
28.5700    -260023.3316 -260037.9615      14.6298   301.8    3390.9384         1.10274         52.9        37.506
28.5800    -260022.7018 -260037.0551      14.3533   296.1    3390.9384         1.10274         52.9        37.506
28.5900    -260023.0173 -260037.4624      14.4450   298.0    3390.9384         1.10274         52.9        37.506
28.6000    -260022.8776 -260037.3843      14.5067   299.3    3422.2465         1.09265         52.9        37.506
28.6100    -260022.9536 -260037.4744      14.5208   299.6    3422.2465         1.09265         52.9        37.506
28.6200    -260022.9186 -260037.7413      14.8227   305.8    3412.7739         1.09569         52.9        37.506
28.6300    -260022.3834 -260037.4326      15.0492   310.5    3412.7739         1.09569         52.9        37.506
28.6400    -260022.9764 -260037.3955      14.4191   297.5    3386.9741         1.10403         52.9        37.506
28.6500    -260023.4596 -260037.9728      14.5132   299.4    3386.9741         1.10403         52.9        37.506
28.6600    -260023.1801 -260037.9569      14.7768   304.8    3386.9741         1.10403         52.9        37.506
28.6700    -260022.6103 -260038.0101      15.3997   317.7    3386.9741         1.10403         52.9        37.506
28.6800    -260022.6728 -260036.4759      13.8031   284.8    3420.5891         1.09318         52.9        37.506
28.6900    -260022.6374 -260036.4688      13.8315   285.3    3420.5891         1.09318         52.9        37.506
28.7000    -260022.0807 -260037.0754      14.9947   309.3    3420.5891         1.09318         52.8        37.506
28.7100    -260021.3686 -260036.4856      15.1170   311.9    3420.5891         1.09318         52.8        37.506
28.7200    -260021.4650 -260036.7187      15.2537   314.7    3426.0282         1.09145         52.9        37.506
28.7300    -260022.1804 -260037.1883      15.0079   309.6    3426.0282         1.09145         52.8        37.506
28.7400    -260022.4511 -260037.2393      14.7882   305.1    3416.9736         1.09434         52.8        37.506
28.7500    -260021.8148 -260037.8691      16.0543   331.2    3416.9736         1.09434         52.8        37.506
28.7600    -260021.4862 -260036.4313      14.9451   308.3    3416.9736         1.09434         52.8        37.506
28.7700    -260021.3175 -260035.5055      14.1880   292.7    3431.0944         1.08983         52.8        37.506
28.7800    -260021.4985 -260036.4535      14.9550   308.5    3431.0944         1.08983         52.8        37.506
28.7900    -260021.9946 -260037.4339      15.4394   318.5    3433.9371         1.08893         52.8        37.506
28.8000    -260022.1615 -260036.8562      14.6947   303.2    3433.9371         1.08893         52.8        37.506
28.8100    -260022.5731 -260036.7453      14.1723   292.4    3433.9371         1.08893         52.8        37.506
28.8200    -260022.2118 -260036.2582      14.0464   289.8    3441.5018         1.08654         52.8        37.506
28.8300    -260022.1856 -260036.5727      14.3871   296.8    3450.8779         1.08359         52.9        37.506
28.8400    -260022.7533 -260036.8484      14.0950   290.8    3420.5510         1.09319         52.9        37.506
28.8500    -260023.3520 -260037.5193      14.1672   292.3    3420.5510         1.09319         52.9        37.506
28.8600    -260023.3150 -260037.1574      13.8424   285.6    3420.5510         1.09319         52.9        37.506
28.8700    -260023.2045 -260036.8736      13.6691   282.0    3427.4868         1.09098         52.9        37.506
28.8800    -260022.8785 -260037.7104      14.8319   306.0    3439.4430         1.08719         52.9        37.506
28.8900    -260023.3521 -260038.2513      14.8992   307.4    3453.8512         1.08265         52.9        37.506
28.9000    -260023.3910 -260038.4819      15.0909   311.3    3453.8512         1.08265         52.9        37.506
28.9100    -260023.6640 -260038.0754      14.4114   297.3    3453.8512         1.08265         52.9        37.506
28.9200    -260023.9229 -260037.8211      13.8982   286.7    3453.8512         1.08265         52.9        37.506
28.9300    -260023.9590 -260037.8659      13.9069   286.9    3453.8512         1.08265         52.9        37.506
28.9400    -260023.8868 -260038.7107      14.8239   305.8    3443.5626         1.08589         52.9        37.506
28.9500    -260024.4185 -260038.2104      13.7919   284.5    3443.5626         1.08589         52.8        37.506
28.9600    -260024.6688 -260038.3553      13.6865   282.4    3443.5626         1.08589         52.8        37.506
28.9700    -260024.4944 -260038.7223      14.2280   293.5    3443.5626         1.08589         52.8        37.506
28.9800    -260023.9454 -260037.7459      13.8005   284.7    3443.5626         1.08589         52.8        37.506
28.9900    -260022.9620 -260037.8354      14.8734   306.8    3472.0169         1.07699         52.8        37.506
29.0000    -260022.7436 -260037.3745      14.6309   301.8    3472.0169         1.07699         52.8        37.506
29.0100    -260022.5938 -260037.4576      14.8638   306.6    3472.0169         1.07699         52.8        37.506
29.0200    -260022.8966 -260037.4361      14.5395   300.0    3472.0169         1.07699         52.8        37.506
29.0300    -260023.1480 -260037.2693      14.1213   291.3    3472.0169         1.07699         52.8        37.506
29.0400    -260023.2631 -260038.3118      15.0487   310.5    3451.5562         1.08337         52.8        37.506
29.0500    -260023.6672 -260038.2386      14.5715   300.6    3446.6411         1.08492         52.8        37.506
29.0600    -260023.2987 -260037.7326      14.4340   297.8    3446.6411         1.08492         52.8        37.506
29.0700    -260023.0685 -260038.1536      15.0851   311.2    3456.1220         1.08194         52.8        37.506
29.0800    -260023.8258 -260037.5757      13.7499   283.7    3455.0983         1.08226         52.8        37.506
29.0900    -260024.0950 -260038.3876      14.2926   294.9    3455.0983         1.08226         52.8        37.506
29.1000    -260023.0735 -260037.9645      14.8910   307.2    3455.0983         1.08226         52.8        37.506
29.1100    -260023.0556 -260037.7538      14.6983   303.2    3455.0983         1.08226         52.8        37.506
29.1200    -260022.8706 -260038.0774      15.2068   313.7    3455.0983         1.08226         52.8        37.506
29.1300    -260022.5763 -260037.1386      14.5624   300.4    3455.0983         1.08226         52.7        37.506
29.1400    -260022.8987 -260037.4876      14.5889   301.0    3455.0983         1.08226         52.7        37.506
29.1500    -260022.9288 -260037.1202      14.1914   292.8    3432.1313         1.08951         52.7        37.506
29.1600    -260022.8385 -260037.3587      14.5202   299.6    3432.1313         1.08951         52.7        37.506
29.1700    -260023.0083 -260038.2337      15.2254   314.1    3441.5386         1.08653         52.8        37.506
29.1800    -260023.2029 -260037.6259      14.4230   297.6    3412.5084         1.09577         52.8        37.506
29.1900    -260023.1385 -260036.9296      13.7911   284.5    3412.5084         1.09577         52.8        37.506
29.2000    -260022.5708 -260037.0048      14.4341   297.8    3437.6692         1.08775         52.8        37.506
29.2100    -260022.1946 -260037.2285      15.0339   310.2    3437.6692         1.08775         52.8        37.506
29.2200    -260022.2117 -260036.9192      14.7074   303.4    3437.6692         1.08775         52.8        37.506
29.2300    -260021.6344 -260036.8587      15.2243   314.1    3459.3360         1.08094         52.8        37.506
29.2400    -260021.9764 -260037.5317      15.5554   320.9    3459.3360         1.08094         52.8        37.506
29.2500    -260021.9149 -260036.7465      14.8316   306.0    3459.3360         1.08094         52.7        37.506
29.2600    -260022.5897 -260036.5085      13.9189   287.2    3459.3360         1.08094         52.7        37.506
29.2700    -260022.3632 -260036.8421      14.4789   298.7    3463.0182         1.07979         52.8        37.506
29.2800    -260023.1502 -260037.9700      14.8198   305.7    3463.0182         1.07979         52.7        37.506
29.2900    -260022.8897 -260038.0335      15.1439   312.4    3466.3992         1.07874         52.8        37.506
29.3000    -260023.0675 -260037.3369      14.2694   294.4    3466.3992         1.07874         52.7        37.506
29.3100    -260022.9818 -260037.6500      14.6681   302.6    3466.3992         1.07874         52.7        37.506
29.3200    -260021.9966 -260036.8510      14.8544   306.5    3466.3992         1.07874         52.7        37.506
29.3300    -260021.8502 -260037.5768      15.7266   324.4    3457.1738         1.08161         52.7        37.506
29.3400    -260022.5022 -260037.1635      14.6613   302.5    3443.6730         1.08585         52.7        37.506
29.3500    -260022.0369 -260037.2888      15.2518   314.6    3443.6730         1.08585         52.7        37.506
29.3600    -260021.6715 -260037.1268      15.4553   318.8    3443.6730         1.08585         52.7        37.506
29.3700    -260022.0996 -260037.3649      15.2653   314.9    3457.1052         1.08164         52.7        37.506
29.3800    -260022.1911 -260037.3405      15.1495   312.5    3464.8717         1.07921         52.8        37.506
29.3900    -260022.6550 -260038.0336      15.3787   317.3    3436.6200         1.08808         52.8        37.506
29.4000    -260022.9149 -260037.7373      14.8224   305.8    3436.6200         1.08808         52.8        37.506
29.4100    -260022.5937 -260036.9329      14.3392   295.8    3436.6200         1.08808         52.8        37.506
29.4200    -260022.3508 -260037.2048      14.8540   306.4    3436.6200         1.08808         52.7        37.506
29.4300    -260022.4528 -260036.9379      14.4852   298.8    3429.8812         1.09022         52.8        37.506
29.4400    -260022.4797 -260037.6847      15.2049   313.7    3403.2241         1.09876         52.8        37.506
29.4500    -260022.7901 -260037.5910      14.8009   305.3    3403.2241         1.09876         52.8        37.506
29.4600    -260022.5933 -260036.9847      14.3913   296.9    3403.2241         1.09876         52.8        37.506
29.4700    -260022.4830 -260037.1988      14.7158   303.6    3412.2328         1.09586         52.8        37.506
29.4800    -260022.4105 -260037.9008      15.4903   319.6    3412.2328         1.09586         52.8        37.506
29.4900    -260022.2556 -260037.7263      15.4707   319.2    3405.3215         1.09808         52.8        37.506
29.5000    -260022.7675 -260037.3079      14.5404   300.0    3405.3215         1.09808         52.8        37.506
29.5100    -260023.2514 -260037.1725      13.9211   287.2    3405.3215         1.09808         52.8        37.506
29.5200    -260023.3151 -260037.9036      14.5885   301.0    3405.3215         1.09808         52.7        37.506
29.5300    -260023.5011 -260037.2012      13.7001   282.6    3430.1785         1.09013         52.8        37.506
29.5400    -260022.8977 -260036.6366      13.7388   283.4    3413.7831         1.09536         52.8        37.506
29.5500    -260022.7460 -260036.5678      13.8218   285.1    3413.7831         1.09536         52.7        37.506
29.5600    -260022.4005 -260036.9821      14.5817   300.8    3413.7831         1.09536         52.7        37.506
29.5700    -260022.1287 -260037.2393      15.1106   311.7    3424.1497         1.09205         52.8        37.506
29.5800    -260021.7446 -260036.8672      15.1226   312.0    3424.1497         1.09205         52.7        37.506
29.5900    -260021.6715 -260036.4861      14.8145   305.6    3434.3707         1.08880         52.8        37.506
29.6000    -260021.5447 -260036.9395      15.3949   317.6    3462.2681         1.08002         52.8        37.506
29.6100    -260021.3001 -260037.0657      15.7656   325.2    3462.2681         1.08002         52.8        37.506
29.6200    -260021.4189 -260036.8903      15.4714   319.2    3462.2681         1.08002         52.8        37.506
29.6300    -260021.5649 -260036.9059      15.3410   316.5    3482.1539         1.07385         52.8        37.506
29.6400    -260022.4186 -260037.1099      14.6913   303.1    3471.0920         1.07728         52.8        37.506
29.6500    -260022.4311 -260036.6157      14.1846   292.6    3471.0920         1.07728         52.8        37.506
29.6600    -260021.8921 -260036.5832      14.6911   303.1    3471.0920         1.07728         52.8        37.506
29.6700    -260021.4150 -260036.8915      15.4766   319.3    3467.9253         1.07826         52.8        37.506
29.6800    -260021.7966 -260036.8817      15.0852   311.2    3467.9253         1.07826         52.8        37.506
29.6900    -260021.6750 -260037.0086      15.3336   316.3    3460.4034         1.08060         52.8        37.506
29.7000    -260021.9004 -260036.5652      14.6648   302.5    3460.4034         1.08060         52.8        37.506
29.7100    -260021.2150 -260036.4732      15.2583   314.8    3460.4034         1.08060         52.8        37.506
29.7200    -260021.5147 -260036.2341      14.7194   303.7    3440.2063         1.08695         52.8        37.506
29.7300    -260021.8575 -260036.8690      15.0114   309.7    3445.2384         1.08536         52.8        37.506
29.7400    -260022.4427 -260036.5634      14.1208   291.3    3445.2384         1.08536         52.8        37.506
29.7500    -260022.2646 -260036.9427      14.6781   302.8    3427.5667         1.09096         52.8        37.506
29.7600    -260023.2316 -260037.8274      14.5958   301.1    3427.5667         1.09096         52.8        37.506
29.7700    -260023.3788 -260037.6336      14.2548   294.1    3423.9492         1.09211         52.8        37.506
29.7800    -260022.8492 -260037.7849      14.9357   308.1    3423.9492         1.09211         52.8        37.506
29.7900    -260023.0891 -260037.7329      14.6438   302.1    3423.9492         1.09211         52.8        37.506
29.8000    -260022.3086 -260037.3360      15.0274   310.0    3418.7781         1.09376         52.8        37.506
29.8100    -260022.7536 -260036.5213      13.7677   284.0    3418.7781         1.09376         52.8        37.506
29.8200    -260022.8228 -260036.8071      13.9843   288.5    3418.7781         1.09376         52.8        37.506
29.8300    -260022.7792 -260037.3425      14.5633   300.4    3409.9267         1.09660         52.8        37.506
29.8400    -260022.1848 -260037.8624      15.6775   323.4    3414.5787         1.09511         52.8        37.506
29.8500    -260022.1371 -260036.9794      14.8423   306.2    3414.5787         1.09511         52.8        37.506
29.8600    -260022.5718 -260037.2509      14.6791   302.8    3414.5787         1.09511         52.8        37.506
29.8700    -260022.1246 -260037.1395      15.0150   309.8    3414.5787         1.09511         52.8        37.506
29.8800    -260022.2932 -260037.0283      14.7351   304.0    3414.5787         1.09511         52.8        37.506
29.8900    -260022.4570 -260036.6141      14.1572   292.1    3408.5956         1.09703         52.8        37.506
29.9000    -260022.4758 -260037.3509      14.8751   306.9    3380.0657         1.10629         52.8        37.506
29.9100    -260022.4729 -260036.9618      14.4889   298.9    3380.0657         1.10629         52.8        37.506
29.9200    -260022.1694 -260037.1149      14.9454   308.3    3395.4059         1.10129         52.8        37.506
29.9300    -260022.3392 -260036.3535      14.0143   289.1    3395.4059         1.10129         52.8        37.506
29.9400    -260021.9175 -260036.6129      14.6954   303.2    3395.4059         1.10129         52.8        37.506
29.9500    -260021.5375 -260037.4386      15.9012   328.0    3395.4059         1.10129         52.8        37.506
29.9600    -260022.7455 -260036.8998      14.1543   292.0    3395.4059         1.10129         52.8        37.506
29.9700    -260022.0765 -260036.7080      14.6315   301.9    3395.4059         1.10129         52.7        37.506
29.9800    -260021.7314 -260036.4681      14.7366   304.0    3395.4059         1.10129         52.7        37.506
29.9900    -260021.1069 -260036.5243      15.4174   318.1    3395.4059         1.10129         52.7        37.506
30.0000    -260021.6192 -260036.7543      15.1350   312.2    3395.4059         1.10129         52.7        37.506
30.0100    -260021.7312 -260036.8798      15.1486   312.5    3395.4059         1.10129         52.7        37.506
30.0200    -260022.1327 -260037.5978      15.4652   319.1    3395.4059         1.10129         52.6        37.506
30.0300    -260022.2205 -260037.5321      15.3116   315.9    3408.6572         1.09701         52.7        37.506
30.0400    -260022.4839 -260037.3406      14.8566   306.5    3423.3800         1.09229         52.7        37.506
30.0500    -260022.0685 -260037.0979      15.0294   310.1    3424.3612         1.09198         52.7        37.506
30.0600    -260022.2366 -260036.8429      14.6063   301.3    3424.3612         1.09198         52.7        37.506
30.0700    -260022.0972 -260036.8318      14.7346   304.0    3406.4462         1.09772         52.7        37.506
30.0800    -260022.0155 -260037.2769      15.2614   314.8    3406.4462         1.09772         52.7        37.506
30.0900    -260022.0165 -260037.1394      15.1229   312.0    3406.4462         1.09772         52.7        37.506
30.1000    -260022.1262 -260035.9906      13.8644   286.0    3415.8135         1.09471         52.7        37.506
30.1100    -260021.9015 -260035.7646      13.8631   286.0    3415.8135         1.09471         52.7        37.506
30.1200    -260021.9616 -260036.7616      14.8000   305.3    3415.8135         1.09471         52.7        37.506
30.1300    -260022.6236 -260036.5046      13.8810   286.4    3378.3506         1.10685         52.7        37.506
30.1400    -260022.5921 -260036.7155      14.1234   291.4    3343.2001         1.11849         52.7        37.506
30.1500    -260022.1830 -260036.7544      14.5715   300.6    3324.1983         1.12488         52.7        37.506
30.1600    -260022.5322 -260037.6124      15.0801   311.1    3324.1983         1.12488         52.7        37.506
30.1700    -260022.1287 -260036.7950      14.6663   302.6    3335.7307         1.12099         52.8        37.506
30.1800    -260022.4694 -260037.5779      15.1085   311.7    3335.7307         1.12099         52.7        37.506
30.1900    -260022.7064 -260037.2098      14.5034   299.2    3359.9133         1.11292         52.8        37.506
30.2000    -260022.6440 -260037.8003      15.1563   312.7    3357.8693         1.11360         52.8        37.506
30.2100    -260022.7117 -260036.8685      14.1568   292.1    3357.8693         1.11360         52.8        37.506
30.2200    -260022.9904 -260037.2297      14.2393   293.8    3388.3562         1.10358         52.8        37.506
30.2300    -260023.2012 -260037.5668      14.3656   296.4    3390.0309         1.10304         52.8        37.506
30.2400    -260023.2751 -260037.5797      14.3045   295.1    3392.7304         1.10216         52.8        37.506
30.2500    -260023.5179 -260038.4253      14.9075   307.5    3384.1172         1.10496         52.9        37.506
30.2600    -260023.0746 -260037.5039      14.4293   297.7    3384.1172         1.10496         52.9        37.506
30.2700    -260023.0160 -260037.7655      14.7495   304.3    3388.3264         1.10359         52.9        37.506
30.2800    -260022.9570 -260037.2302      14.2732   294.5    3394.0442         1.10173         52.9        37.506
30.2900    -260023.2555 -260037.6682      14.4127   297.3    3378.2449         1.10688         52.9        37.506
30.3000    -260023.5280 -260038.4056      14.8776   306.9    3356.5191         1.11405         52.9        37.506
30.3100    -260022.7803 -260037.5188      14.7385   304.1    3356.5191         1.11405         52.9        37.506
30.3200    -260023.1469 -260037.3316      14.1847   292.6    3356.5191         1.11405         52.9        37.506
30.3300    -260022.7423 -260037.3549      14.6126   301.5    3356.5191         1.11405         52.9        37.506
30.3400    -260022.6875 -260037.4860      14.7986   305.3    3356.5191         1.11405         52.9        37.506
30.3500    -260023.1360 -260037.1164      13.9804   288.4    3339.9932         1.11956         52.9        37.506
30.3600    -260023.0875 -260037.4261      14.3386   295.8    3339.9932         1.11956         52.9        37.506
30.3700    -260022.7654 -260036.7711      14.0057   288.9    3339.9932         1.11956         52.9        37.506
30.3800    -260022.7365 -260037.1212      14.3847   296.8    3346.4217         1.11741         52.9        37.506
30.3900    -260022.6438 -260037.0975      14.4536   298.2    3346.4217         1.11741         52.9        37.506
30.4000    -260023.4491 -260037.4790      14.0299   289.4    3355.9607         1.11423         52.9        37.506
30.4100    -260023.2033 -260038.1298      14.9265   307.9    3355.9607         1.11423         52.9        37.506
30.4200    -260022.4663 -260037.6015      15.1352   312.2    3373.0718         1.10858         52.9        37.506
30.4300    -260022.8946 -260037.9325      15.0379   310.2    3373.0718         1.10858         52.9        37.506
30.4400    -260023.6531 -260038.7643      15.1111   311.7    3373.0718         1.10858         52.9        37.506
30.4500    -260023.8928 -260039.2889      15.3961   317.6    3373.0718         1.10858         52.8        37.506
30.4600    -260024.6625 -260040.0397      15.3772   317.2    3373.0718         1.10858         52.8        37.506
30.4700    -260025.1861 -260039.1852      13.9991   288.8    3358.4856         1.11340         52.9        37.506
30.4800    -260024.5436 -260039.2611      14.7175   303.6    3358.4856         1.11340         52.8        37.506
30.4900    -260024.1264 -260038.6777      14.5513   300.2    3358.4856         1.11340         52.8        37.506
30.5000    -260023.5156 -260039.0631      15.5475   320.7    3358.4856         1.11340         52.8        37.506
30.5100    -260023.7291 -260038.7462      15.0171   309.8    3358.4856         1.11340         52.8        37.506
30.5200    -260023.4212 -260038.8855      15.4643   319.0    3363.1790         1.11184         52.8        37.506
30.5300    -260023.6559 -260038.8548      15.1989   313.6    3365.7818         1.11098         52.8        37.506
30.5400    -260023.6295 -260038.6750      15.0455   310.4    3365.7818         1.11098         52.8        37.506
30.5500    -260023.9244 -260038.8552      14.9308   308.0    3365.7818         1.11098         52.8        37.506
30.5600    -260023.0044 -260037.6444      14.6400   302.0    3365.7818         1.11098         52.8        37.506
30.5700    -260022.9046 -260037.4291      14.5244   299.6    3365.7818         1.11098         52.8        37.506
30.5800    -260023.6888 -260037.6110      13.9222   287.2    3365.7818         1.11098         52.7        37.506
30.5900    -260023.8365 -260037.7760      13.9394   287.6    3365.7818         1.11098         52.7        37.506
30.6000    -260023.7192 -260038.3875      14.6683   302.6    3366.3756         1.11079         52.7        37.506
30.6100    -260023.6278 -260037.7555      14.1278   291.5    3366.3756         1.11079         52.7        37.506
30.6200    -260023.7537 -260038.2135      14.4597   298.3    3364.2941         1.11147         52.8        37.506
30.6300    -260024.4964 -260038.2059      13.7095   282.8    3364.2941         1.11147         52.7        37.506
30.6400    -260024.9003 -260038.5793      13.6790   282.2    3336.5672         1.12071         52.8        37.506
30.6500    -260024.5536 -260038.5953      14.0417   289.7    3336.5672         1.12071         52.7        37.506
30.6600    -260024.3285 -260038.1686      13.8401   285.5    3336.5672         1.12071         52.7        37.506
30.6700    -260024.3495 -260038.6836      14.3341   295.7    3342.3713         1.11876         52.8        37.506
30.6800    -260024.3256 -260038.9718      14.6461   302.2    3326.6529         1.12405         52.8        37.506
30.6900    -260023.8861 -260038.2184      14.3323   295.7    3324.7298         1.12470         52.8        37.506
30.7000    -260023.5026 -260037.8321      14.3295   295.6    3324.3862         1.12482         52.8        37.506
30.7100    -260022.7684 -260037.2903      14.5220   299.6    3324.3862         1.12482         52.8        37.506
30.7200    -260022.2654 -260037.9375      15.6721   323.3    3324.3862         1.12482         52.8        37.506
30.7300    -260023.0659 -260038.0725      15.0066   309.6    3358.8673         1.11327         52.8        37.506
30.7400    -260022.8400 -260037.4122      14.5722   300.6    3348.2225         1.11681         52.8        37.506
30.7500    -260022.6921 -260037.4950      14.8029   305.4    3383.3792         1.10520         52.8        37.506
30.7600    -260023.4749 -260037.8107      14.3358   295.8    3383.3792         1.10520         52.8        37.506
30.7700    -260023.9825 -260037.6101      13.6277   281.1    3391.8414         1.10245         52.9        37.506
30.7800    -260023.6673 -260037.7934      14.1261   291.4    3391.8414         1.10245         52.8        37.506
30.7900    -260023.5372 -260037.3541      13.8168   285.0    3392.5365         1.10222         52.9        37.506
30.8000    -260023.5044 -260037.8642      14.3597   296.2    3392.5365         1.10222         52.8        37.506
30.8100    -260023.3722 -260037.5753      14.2031   293.0    3392.5365         1.10222         52.8        37.506
30.8200    -260023.1153 -260037.5276      14.4123   297.3    3400.9470         1.09950         52.9        37.506
30.8300    -260022.2980 -260036.6320      14.3340   295.7    3400.9470         1.09950         52.8        37.506
30.8400    -260022.2835 -260036.9540      14.6705   302.7    3400.9470         1.09950         52.8        37.506
30.8500    -260021.9206 -260036.7471      14.8265   305.9    3405.7709         1.09794         52.8        37.506
30.8600    -260022.4410 -260037.0903      14.6494   302.2    3405.7709         1.09794         52.8        37.506
30.8700    -260022.3454 -260036.9246      14.5793   300.8    3405.7709         1.09794         52.8        37.506
30.8800    -260022.3271 -260036.6709      14.3439   295.9    3393.7210         1.10184         52.8        37.506
30.8900    -260022.6821 -260037.5806      14.8985   307.4    3392.6649         1.10218         52.9        37.506
30.9000    -260022.6157 -260036.9529      14.3373   295.8    3396.2788         1.10101         52.9        37.506
30.9100    -260021.9250 -260036.3326      14.4076   297.2    3396.2788         1.10101         52.9        37.506
30.9200    -260022.0425 -260036.4555      14.4130   297.3    3390.2123         1.10298         52.9        37.506
30.9300    -260022.6921 -260037.1376      14.4455   298.0    3388.8723         1.10341         52.9        37.506
30.9400    -260022.3682 -260036.7183      14.3501   296.0    3388.8723         1.10341         52.9        37.506
30.9500    -260022.6270 -260036.8799      14.2530   294.0    3383.7362         1.10509         52.9        37.506
30.9600    -260022.2498 -260036.6486      14.3988   297.1    3383.7362         1.10509         52.9        37.506
30.9700    -260021.9746 -260036.6111      14.6365   302.0    3383.7362         1.10509         52.9        37.506
30.9800    -260021.9800 -260036.2810      14.3010   295.0    3383.7362         1.10509         52.9        37.506
30.9900    -260022.1520 -260035.9699      13.8179   285.1    3383.7362         1.10509         52.8        37.506
31.0000    -260021.8906 -260035.6982      13.8076   284.9    3383.7362         1.10509         52.8        37.506
31.0100    -260021.4423 -260036.5348      15.0925   311.4    3383.7362         1.10509         52.8        37.506
31.0200    -260021.8389 -260036.9807      15.1418   312.4    3355.9790         1.11423         52.8        37.506
31.0300    -260022.1533 -260036.7679      14.6146   301.5    3355.9790         1.11423         52.8        37.506
31.0400    -260022.3079 -260037.1254      14.8175   305.7    3349.1767         1.11649         52.8        37.506
31.0500    -260022.6526 -260036.6725      14.0199   289.2    3349.1767         1.11649         52.8        37.506
31.0600    -260022.4066 -260037.2339      14.8273   305.9    3349.1767         1.11649         52.8        37.506
31.0700    -260022.3585 -260036.9401      14.5816   300.8    3349.1767         1.11649         52.8        37.506
31.0800    -260022.5021 -260037.0209      14.5188   299.5    3349.1767         1.11649         52.8        37.506
31.0900    -260022.5482 -260037.3202      14.7720   304.8    3345.0178         1.11788         52.8        37.506
31.1000    -260022.8281 -260037.1649      14.3368   295.8    3360.1366         1.11285         52.8        37.506
31.1100    -260022.7606 -260038.1964      15.4359   318.4    3360.1366         1.11285         52.8        37.506
31.1200    -260022.3716 -260037.1843      14.8128   305.6    3365.7853         1.11098         52.8        37.506
31.1300    -260022.5892 -260037.8542      15.2650   314.9    3332.0885         1.12222         52.9        37.506
31.1400    -260023.4506 -260037.6079      14.1573   292.1    3363.0182         1.11190         52.9        37.506
31.1500    -260023.7223 -260037.8721      14.1498   291.9    3363.0182         1.11190         52.8        37.506
31.1600    -260024.0769 -260038.2198      14.1429   291.8    3363.0182         1.11190         52.8        37.506
31.1700    -260024.6211 -260038.4456      13.8244   285.2    3398.6455         1.10024         52.9        37.506
31.1800    -260024.8052 -260037.5485      12.7432   262.9    3398.6455         1.10024         52.8        37.506
31.1900    -260024.8981 -260037.4423      12.5442   258.8    3411.1827         1.09620         52.9        37.506
31.2000    -260024.6684 -260037.6568      12.9884   268.0    3400.2423         1.09972         52.9        37.506
31.2100    -260024.2803 -260037.9208      13.6406   281.4    3400.2423         1.09972         52.9        37.506
31.2200    -260023.6438 -260037.4495      13.8056   284.8    3370.4892         1.10943         52.9        37.506
31.2300    -260023.4264 -260037.5620      14.1356   291.6    3370.4892         1.10943         52.9        37.506
31.2400    -260022.8110 -260037.6443      14.8333   306.0    3370.4892         1.10943         52.9        37.506
31.2500    -260023.6768 -260037.6635      13.9867   288.6    3370.4892         1.10943         52.8        37.506
31.2600    -260023.0789 -260037.6875      14.6086   301.4    3370.4892         1.10943         52.8        37.506
31.2700    -260022.3080 -260037.3533      15.0453   310.4    3385.3798         1.10455         52.9        37.506
31.2800    -260022.2970 -260037.5166      15.2196   314.0    3414.1590         1.09524         52.9        37.506
31.2900    -260022.1503 -260036.9605      14.8102   305.5    3419.2659         1.09361         52.9        37.506
31.3000    -260021.9872 -260037.9668      15.9795   329.7    3441.9002         1.08641         52.9        37.506
31.3100    -260021.9948 -260037.3954      15.4007   317.7    3441.9002         1.08641         52.9        37.506
31.3200    -260021.8279 -260036.4634      14.6355   301.9    3441.9002         1.08641         52.9        37.506
31.3300    -260021.8082 -260036.6064      14.7982   305.3    3441.9002         1.08641         52.9        37.506
31.3400    -260021.4845 -260036.7147      15.2303   314.2    3478.9582         1.07484         52.9        37.506
31.3500    -260020.9978 -260036.0755      15.0777   311.1    3473.6639         1.07648         52.9        37.506
31.3600    -260020.3668 -260035.3636      14.9968   309.4    3473.6639         1.07648         52.9        37.506
31.3700    -260020.9001 -260035.8613      14.9613   308.7    3473.6639         1.07648         52.9        37.506
31.3800    -260021.2492 -260035.2067      13.9575   287.9    3441.5731         1.08652         52.9        37.506
31.3900    -260021.9272 -260036.2258      14.2986   295.0    3421.4461         1.09291         52.9        37.506
31.4000    -260022.4858 -260036.0706      13.5848   280.3    3453.8205         1.08266         52.9        37.506
31.4100    -260022.6899 -260035.9838      13.2939   274.3    3453.8205         1.08266         52.9        37.506
31.4200    -260022.4067 -260036.5828      14.1761   292.5    3453.8205         1.08266         52.9        37.506
31.4300    -260022.3338 -260037.1363      14.8025   305.4    3453.8205         1.08266         52.9        37.506
31.4400    -260022.3885 -260036.5500      14.1615   292.2    3416.6594         1.09444         52.9        37.506
31.4500    -260022.9079 -260037.0853      14.1774   292.5    3411.2160         1.09619         52.9        37.506
31.4600    -260022.8465 -260037.6712      14.8248   305.8    3411.2160         1.09619         52.9        37.506
31.4700    -260022.7088 -260036.2646      13.5558   279.7    3411.2160         1.09619         52.9        37.506
31.4800    -260022.7732 -260036.8801      14.1070   291.0    3427.0944         1.09111         52.9        37.506
31.4900    -260022.4958 -260036.6295      14.1336   291.6    3427.0944         1.09111         52.9        37.506
31.5000    -260023.0005 -260037.4818      14.4813   298.8    3390.8462         1.10277         52.9        37.506
31.5100    -260023.2929 -260037.6938      14.4009   297.1    3390.8462         1.10277         52.9        37.506
31.5200    -260023.5999 -260037.8501      14.2502   294.0    3393.2865         1.10198         53.0        37.506
31.5300    -260023.7747 -260037.5874      13.8127   285.0    3393.2865         1.10198         52.9        37.506
31.5400    -260023.1612 -260037.6751      14.5138   299.4    3401.0802         1.09945         53.0        37.506
31.5500    -260023.4983 -260038.0499      14.5515   300.2    3401.0802         1.09945         52.9        37.506
31.5600    -260023.1535 -260037.2431      14.0896   290.7    3401.0802         1.09945         52.9        37.506
31.5700    -260022.9654 -260037.4526      14.4872   298.9    3401.0802         1.09945         52.9        37.506
31.5800    -260022.9977 -260036.9059      13.9082   286.9    3401.0802         1.09945         52.9        37.506
31.5900    -260023.0153 -260037.8086      14.7933   305.2    3401.0802         1.09945         52.9        37.506
31.6000    -260022.7996 -260037.2652      14.4657   298.4    3401.0802         1.09945         52.8        37.506
31.6100    -260023.0268 -260037.7686      14.7417   304.1    3401.0802         1.09945         52.8        37.506
31.6200    -260023.0910 -260037.3076      14.2167   293.3    3380.6849         1.10609         52.9        37.506
31.6300    -260023.1565 -260037.0724      13.9160   287.1    3361.9900         1.11224         52.9        37.506
31.6400    -260023.0850 -260037.5273      14.4423   297.9    3361.9900         1.11224         52.9        37.506
31.6500    -260023.0424 -260038.2445      15.2021   313.6    3341.3062         1.11912         52.9        37.506
31.6600    -260023.3411 -260038.7027      15.3616   316.9    3341.3062         1.11912         52.9        37.506
31.6700    -260023.4381 -260038.3822      14.9440   308.3    3343.3697         1.11843         52.9        37.506
31.6800    -260023.6942 -260038.1264      14.4322   297.7    3315.2572         1.12791         52.9        37.506
31.6900    -260023.3150 -260037.9749      14.6599   302.4    3315.2572         1.12791         52.9        37.506
31.7000    -260023.9684 -260038.5325      14.5641   300.5    3337.1662         1.12051         52.9        37.506
31.7100    -260024.3894 -260038.3525      13.9631   288.1    3337.1662         1.12051         52.9        37.506
31.7200    -260023.8991 -260038.1908      14.2917   294.8    3337.1662         1.12051         52.9        37.506
31.7300    -260024.7059 -260038.4448      13.7389   283.4    3369.9443         1.10961         52.9        37.506
31.7400    -260024.4009 -260038.9093      14.5084   299.3    3369.9443         1.10961         52.9        37.506
31.7500    -260024.0152 -260038.9259      14.9107   307.6    3369.9443         1.10961         52.9        37.506
31.7600    -260024.1932 -260039.0869      14.8937   307.3    3369.9443         1.10961         52.9        37.506
31.7700    -260024.3380 -260038.6467      14.3087   295.2    3357.5361         1.11371         52.9        37.506
31.7800    -260023.7227 -260037.6007      13.8780   286.3    3357.5361         1.11371         52.9        37.506
31.7900    -260023.9139 -260038.1882      14.2743   294.5    3357.5361         1.11371         52.9        37.506
31.8000    -260024.2603 -260037.7618      13.5015   278.5    3365.8000         1.11098         52.9        37.506
31.8100    -260023.3365 -260037.5094      14.1729   292.4    3365.8000         1.11098         52.9        37.506
31.8200    -260023.0013 -260037.1628      14.1615   292.2    3378.0126         1.10696         52.9        37.506
31.8300    -260023.7318 -260038.1420      14.4102   297.3    3378.0126         1.10696         52.9        37.506
31.8400    -260023.4458 -260038.2121      14.7663   304.6    3378.0126         1.10696         52.8        37.506
31.8500    -260022.7714 -260037.8135      15.0421   310.3    3378.0126         1.10696         52.8        37.506
31.8600    -260023.8420 -260037.8357      13.9937   288.7    3378.0126         1.10696         52.8        37.506
31.8700    -260022.8838 -260037.5651      14.6812   302.9    3378.0126         1.10696         52.8        37.506
31.8800    -260022.4449 -260037.7909      15.3460   316.6    3378.0126         1.10696         52.8        37.506
31.8900    -260023.2819 -260036.7874      13.5056   278.6    3378.0126         1.10696         52.8        37.506
31.9000    -260023.3948 -260038.2040      14.8092   305.5    3378.0126         1.10696         52.7        37.506
31.9100    -260023.4968 -260037.8564      14.3597   296.2    3378.0126         1.10696         52.7        37.506
31.9200    -260023.4520 -260037.6295      14.1775   292.5    3373.7355         1.10836         52.8        37.506
31.9300    -260023.2483 -260037.4387      14.1904   292.8    3368.5805         1.11006         52.8        37.506
31.9400    -260023.6580 -260037.9268      14.2688   294.4    3382.5815         1.10547         52.8        37.506
31.9500    -260023.5965 -260038.1622      14.5658   300.5    3353.0917         1.11519         52.8        37.506
31.9600    -260023.9620 -260037.9344      13.9724   288.3    3353.0917         1.11519         52.8        37.506
31.9700    -260023.9620 -260038.0122      14.0502   289.9    3353.0917         1.11519         52.8        37.506
31.9800    -260023.6078 -260038.0588      14.4510   298.1    3353.0917         1.11519         52.8        37.506
31.9900    -260023.5047 -260037.6845      14.1798   292.5    3357.9321         1.11358         52.8        37.506
32.0000    -260023.1184 -260037.4830      14.3645   296.3    3384.5987         1.10481         52.8        37.506
32.0100    -260022.7397 -260036.7477      14.0080   289.0    3384.5987         1.10481         52.8        37.506
32.0200    -260022.6600 -260038.2543      15.5943   321.7    3383.4412         1.10518         52.8        37.506
32.0300    -260022.8240 -260037.4846      14.6606   302.5    3388.7939         1.10344         52.8        37.506
32.0400    -260022.8671 -260037.2141      14.3470   296.0    3356.4868         1.11406         52.9        37.506
32.0500    -260022.7478 -260037.0665      14.3188   295.4    3356.4024         1.11409         52.9        37.506
32.0600    -260022.9559 -260037.8696      14.9138   307.7    3356.4024         1.11409         52.9        37.506
32.0700    -260023.1684 -260038.4496      15.2813   315.3    3356.4024         1.11409         52.9        37.506
32.0800    -260023.2758 -260038.2208      14.9450   308.3    3356.4024         1.11409         52.8        37.506
32.0900    -260023.5870 -260038.2890      14.7021   303.3    3354.8696         1.11460         52.9        37.506
32.1000    -260023.7677 -260038.2060      14.4383   297.9    3354.8696         1.11460         52.8        37.506
32.1100    -260023.8048 -260038.0093      14.2045   293.0    3354.8696         1.11460         52.8        37.506
32.1200    -260023.4156 -260037.9059      14.4903   298.9    3356.0697         1.11420         52.9        37.506
32.1300    -260023.4472 -260038.1031      14.6559   302.4    3368.3348         1.11014         52.9        37.506
32.1400    -260023.7403 -260038.1912      14.4509   298.1    3368.3348         1.11014         52.9        37.506
32.1500    -260023.7859 -260037.8961      14.1101   291.1    3368.3348         1.11014         52.8        37.506
32.1600    -260023.6608 -260038.1246      14.4638   298.4    3368.3348         1.11014         52.8        37.506
32.1700    -260023.9450 -260038.5366      14.5916   301.0    3381.7307         1.10574         52.9        37.506
32.1800    -260023.3453 -260038.4381      15.0928   311.4    3359.6979         1.11299         52.9        37.506
32.1900    -260023.0263 -260037.6684      14.6421   302.1    3367.4100         1.11045         52.9        37.506
32.2000    -260023.0139 -260037.5963      14.5824   300.8    3371.2102         1.10919         52.9        37.506
32.2100    -260022.7538 -260037.4152      14.6614   302.5    3371.2102         1.10919         52.9        37.506
32.2200    -260022.5607 -260037.3673      14.8066   305.5    3387.7014         1.10379         52.9        37.506
32.2300    -260023.0222 -260037.8982      14.8760   306.9    3381.9792         1.10566         52.9        37.506
32.2400    -260022.9281 -260038.2556      15.3274   316.2    3418.9437         1.09371         53.0        37.506
32.2500    -260022.9262 -260038.3182      15.3920   317.5    3392.2177         1.10233         53.0        37.506
32.2600    -260022.8864 -260036.9953      14.1089   291.1    3392.2177         1.10233         53.0        37.506
32.2700    -260022.7588 -260037.3579      14.5991   301.2    3392.2177         1.10233         53.0        37.506
32.2800    -260022.8144 -260037.6580      14.8436   306.2    3392.2177         1.10233         52.9        37.506
32.2900    -260023.0116 -260037.8851      14.8734   306.8    3392.2177         1.10233         52.9        37.506
32.3000    -260023.1910 -260037.7962      14.6051   301.3    3411.5120         1.09609         52.9        37.506
32.3100    -260023.5575 -260038.2652      14.7077   303.4    3411.5120         1.09609         52.9        37.506
32.3200    -260023.4816 -260037.5118      14.0303   289.4    3413.1880         1.09555         53.0        37.506
32.3300    -260023.0024 -260037.9837      14.9813   309.1    3436.8133         1.08802         53.0        37.506
32.3400    -260023.0333 -260037.9259      14.8926   307.2    3436.8133         1.08802         53.0        37.506
32.3500    -260022.7676 -260038.6382      15.8706   327.4    3426.6878         1.09124         53.0        37.506
32.3600    -260022.7755 -260037.9175      15.1419   312.4    3426.6878         1.09124         53.0        37.506
32.3700    -260023.3334 -260038.4412      15.1078   311.7    3426.6878         1.09124         53.0        37.506
32.3800    -260023.6363 -260038.3338      14.6975   303.2    3436.6999         1.08806         53.0        37.506
32.3900    -260023.5651 -260037.9132      14.3481   296.0    3440.0824         1.08699         53.0        37.506
32.4000    -260024.4426 -260038.2667      13.8241   285.2    3440.0824         1.08699         53.0        37.506
32.4100    -260024.1656 -260038.0379      13.8723   286.2    3440.0824         1.08699         53.0        37.506
32.4200    -260023.5581 -260037.5077      13.9496   287.8    3404.5887         1.09832         53.0        37.506
32.4300    -260024.3464 -260038.0873      13.7410   283.5    3404.5887         1.09832         53.0        37.506
32.4400    -260024.6108 -260039.1633      14.5525   300.2    3414.4175         1.09516         53.0        37.506
32.4500    -260024.4594 -260038.9448      14.4854   298.8    3414.4175         1.09516         53.0        37.506
32.4600    -260024.9134 -260038.3787      13.4653   277.8    3414.4175         1.09516         53.0        37.506
32.4700    -260025.0788 -260038.8501      13.7713   284.1    3414.4175         1.09516         52.9        37.506
32.4800    -260025.3878 -260039.1249      13.7370   283.4    3414.4175         1.09516         52.9        37.506
32.4900    -260025.9042 -260038.9758      13.0717   269.7    3414.4175         1.09516         52.9        37.506
32.5000    -260026.4952 -260039.4243      12.9291   266.7    3393.9198         1.10177         52.9        37.506
32.5100    -260026.4808 -260039.3899      12.9091   266.3    3393.9198         1.10177         52.9        37.506
32.5200    -260026.7560 -260039.6952      12.9392   266.9    3371.2838         1.10917         52.9        37.506
32.5300    -260025.8396 -260039.2985      13.4589   277.7    3374.9276         1.10797         53.0        37.506
32.5400    -260025.9372 -260040.0037      14.0665   290.2    3374.9276         1.10797         52.9        37.506
32.5500    -260026.2738 -260040.2983      14.0245   289.3    3374.9276         1.10797         52.9        37.506
32.5600    -260026.0648 -260040.2435      14.1786   292.5    3374.9276         1.10797         52.9        37.506
32.5700    -260025.7998 -260039.6265      13.8267   285.2    3374.9276         1.10797         52.9        37.506
32.5800    -260025.5692 -260038.7676      13.1983   272.3    3379.1163         1.10660         52.9        37.506
32.5900    -260024.8935 -260039.3537      14.4602   298.3    3410.8444         1.09631         52.9        37.506
32.6000    -260025.4008 -260039.7153      14.3145   295.3    3416.9224         1.09436         53.0        37.506
32.6100    -260025.4269 -260039.2106      13.7837   284.4    3416.9224         1.09436         53.0        37.506
32.6200    -260025.6916 -260039.0362      13.3446   275.3    3416.9224         1.09436         52.9        37.506
32.6300    -260025.1403 -260038.7639      13.6236   281.1    3416.9224         1.09436         52.9        37.506
32.6400    -260025.3547 -260039.1720      13.8174   285.1    3408.7242         1.09699         52.9        37.506
32.6500    -260025.1552 -260038.9299      13.7747   284.2    3415.9075         1.09468         52.9        37.506
32.6600    -260025.7225 -260039.3410      13.6186   281.0    3415.9075         1.09468         52.9        37.506
32.6700    -260025.9417 -260039.4641      13.5224   279.0    3391.2909         1.10263         53.0        37.506
32.6800    -260025.4773 -260038.8740      13.3966   276.4    3397.3526         1.10066         53.0        37.506
32.6900    -260024.4966 -260038.4326      13.9360   287.5    3392.1937         1.10233         53.0        37.506
32.7000    -260024.3766 -260038.7883      14.4117   297.3    3392.1937         1.10233         53.0        37.506
32.7100    -260024.6380 -260038.2426      13.6046   280.7    3392.1937         1.10233         53.0        37.506
32.7200    -260024.7293 -260039.3651      14.6359   301.9    3392.1937         1.10233         53.0        37.506
32.7300    -260024.9260 -260038.6227      13.6967   282.6    3371.1604         1.10921         53.0        37.506
32.7400    -260024.6350 -260038.5624      13.9274   287.3    3371.7665         1.10901         53.0        37.506
32.7500    -260024.3799 -260039.1358      14.7559   304.4    3371.7665         1.10901         53.0        37.506
32.7600    -260024.5608 -260039.4744      14.9137   307.7    3371.7665         1.10901         53.0        37.506
32.7700    -260024.2054 -260038.5436      14.3382   295.8    3371.7665         1.10901         53.0        37.506
32.7800    -260023.8914 -260038.4814      14.5900   301.0    3335.5339         1.12106         53.0        37.506
32.7900    -260024.3169 -260038.5887      14.2718   294.4    3335.5339         1.12106         53.0        37.506
32.8000    -260024.0861 -260038.9574      14.8713   306.8    3335.5339         1.12106         52.9        37.506
32.8100    -260024.1787 -260038.7411      14.5624   300.4    3335.5339         1.12106         52.9        37.506
32.8200    -260024.2791 -260037.9988      13.7197   283.0    3371.4387         1.10912         53.0        37.506
32.8300    -260023.9789 -260037.7243      13.7454   283.6    3371.4387         1.10912         52.9        37.506
32.8400    -260024.2925 -260038.4526      14.1600   292.1    3371.4387         1.10912         52.9        37.506
32.8500    -260024.1539 -260037.9969      13.8430   285.6    3346.7402         1.11730         52.9        37.506
32.8600    -260023.2402 -260037.6352      14.3950   297.0    3346.7402         1.11730         52.9        37.506
32.8700    -260022.5829 -260036.8122      14.2294   293.6    3346.7402         1.11730         52.9        37.506
32.8800    -260023.0857 -260037.2245      14.1387   291.7    3346.7402         1.11730         52.9        37.506
32.8900    -260022.5795 -260037.5574      14.9779   309.0    3357.4568         1.11374         52.9        37.506
32.9000    -260023.3128 -260037.8094      14.4966   299.1    3357.4568         1.11374         52.9        37.506
32.9100    -260023.6726 -260038.4279      14.7553   304.4    3357.4568         1.11374         52.9        37.506
32.9200    -260023.9699 -260038.2569      14.2870   294.7    3346.8159         1.11728         52.9        37.506
32.9300    -260024.1995 -260038.2369      14.0373   289.6    3346.8159         1.11728         52.9        37.506
32.9400    -260023.7007 -260037.5785      13.8778   286.3    3346.8159         1.11728         52.9        37.506
32.9500    -260023.3686 -260038.0201      14.6515   302.3    3346.8159         1.11728         52.8        37.506
32.9600    -260023.4272 -260037.9101      14.4829   298.8    3346.8159         1.11728         52.8        37.506
32.9700    -260023.5578 -260037.7095      14.1517   292.0    3340.7696         1.11930         52.9        37.506
32.9800    -260023.6977 -260037.5890      13.8914   286.6    3334.4516         1.12142         52.9        37.506
32.9900    -260023.7151 -260037.0101      13.2950   274.3    3330.5148         1.12275         52.9        37.506
33.0000    -260023.6516 -260037.3971      13.7455   283.6    3335.4895         1.12107         52.9        37.506
33.0100    -260023.4233 -260037.8524      14.4291   297.7    3335.4895         1.12107         52.9        37.506
33.0200    -260023.0728 -260037.9831      14.9103   307.6    3363.6336         1.11169         52.9        37.506
33.0300    -260023.0818 -260037.4813      14.3995   297.1    3340.0832         1.11953         53.0        37.506
33.0400    -260022.9461 -260037.5113      14.5653   300.5    3354.7417         1.11464         53.0        37.506
33.0500    -260022.4388 -260036.9592      14.5204   299.6    3354.7417         1.11464         53.0        37.506
33.0600    -260021.8936 -260037.1040      15.2104   313.8    3354.7417         1.11464         53.0        37.506
33.0700    -260022.4245 -260037.1902      14.7658   304.6    3354.7417         1.11464         52.9        37.506
33.0800    -260022.5428 -260036.8364      14.2936   294.9    3364.6206         1.11137         52.9        37.506
33.0900    -260022.9853 -260037.5136      14.5283   299.7    3362.7763         1.11198         53.0        37.506
33.1000    -260022.2021 -260037.3029      15.1008   311.5    3377.3306         1.10718         53.0        37.506
33.1100    -260022.1034 -260037.0584      14.9550   308.5    3377.3306         1.10718         53.0        37.506
33.1200    -260021.8108 -260036.7948      14.9840   309.1    3359.9292         1.11292         53.0        37.506
33.1300    -260021.8169 -260036.7330      14.9161   307.7    3367.5858         1.11039         53.0        37.506
33.1400    -260021.8749 -260037.0377      15.1628   312.8    3373.4717         1.10845         53.0        37.506
33.1500    -260021.5923 -260036.6777      15.0854   311.2    3367.9554         1.11027         53.1        37.506
33.1600    -260022.1001 -260036.6730      14.5729   300.6    3367.9554         1.11027         53.1        37.506
33.1700    -260022.2048 -260037.6195      15.4147   318.0    3367.9554         1.11027         53.0        37.506
33.1800    -260022.2948 -260037.5065      15.2117   313.8    3371.4789         1.10911         53.1        37.506
33.1900    -260022.3617 -260037.1436      14.7819   305.0    3371.4789         1.10911         53.0        37.506
33.2000    -260022.7449 -260037.3072      14.5623   300.4    3371.4789         1.10911         53.0        37.506
33.2100    -260022.0232 -260037.2662      15.2430   314.5    3371.4789         1.10911         53.0        37.506
33.2200    -260021.8969 -260036.9568      15.0599   310.7    3371.4789         1.10911         53.0        37.506
33.2300    -260021.7805 -260036.9513      15.1708   313.0    3380.8990         1.10602         53.0        37.506
33.2400    -260021.3698 -260036.9197      15.5499   320.8    3380.8990         1.10602         53.0        37.506
33.2500    -260022.1822 -260037.1392      14.9570   308.6    3380.8990         1.10602         53.0        37.506
33.2600    -260020.8408 -260036.6216      15.7808   325.6    3380.8990         1.10602         53.0        37.506
33.2700    -260020.7293 -260036.6115      15.8822   327.7    3380.8990         1.10602         53.0        37.506
33.2800    -260020.7402 -260036.2364      15.4962   319.7    3380.8990         1.10602         52.9        37.506
33.2900    -260020.6566 -260035.4379      14.7812   304.9    3388.4100         1.10356         52.9        37.506
33.3000    -260020.8910 -260036.0304      15.1394   312.3    3388.4100         1.10356         52.9        37.506
33.3100    -260020.8007 -260036.6546      15.8540   327.1    3388.4100         1.10356         52.9        37.506
33.3200    -260021.1744 -260036.8495      15.6751   323.4    3388.4100         1.10356         52.9        37.506
33.3300    -260021.0676 -260036.7249      15.6573   323.0    3407.3126         1.09744         52.9        37.506
33.3400    -260020.9812 -260036.2543      15.2731   315.1    3423.7131         1.09218         52.9        37.506
33.3500    -260021.0639 -260036.7079      15.6439   322.7    3423.7131         1.09218         52.9        37.506
33.3600    -260021.2495 -260036.8315      15.5820   321.5    3423.7131         1.09218         52.9        37.506
33.3700    -260021.4622 -260036.9975      15.5353   320.5    3400.2554         1.09972         52.9        37.506
33.3800    -260021.1850 -260035.5530      14.3680   296.4    3408.6440         1.09701         53.0        37.506
33.3900    -260021.3870 -260036.7602      15.3731   317.2    3408.6440         1.09701         52.9        37.506
33.4000    -260021.7127 -260036.8780      15.1653   312.9    3408.6440         1.09701         52.9        37.506
33.4100    -260021.7503 -260037.3934      15.6431   322.7    3408.6440         1.09701         52.9        37.506
33.4200    -260022.0045 -260037.3510      15.3466   316.6    3408.6440         1.09701         52.9        37.506
33.4300    -260022.4024 -260037.0706      14.6683   302.6    3408.6440         1.09701         52.9        37.506
33.4400    -260022.6763 -260037.7698      15.0936   311.4    3408.6440         1.09701         52.9        37.506
33.4500    -260022.3127 -260037.6800      15.3673   317.0    3396.1494         1.10105         52.9        37.506
33.4600    -260022.0435 -260037.1852      15.1417   312.4    3396.1494         1.10105         52.9        37.506
33.4700    -260022.5861 -260037.1200      14.5338   299.8    3396.1494         1.10105         52.9        37.506
33.4800    -260022.7531 -260036.8226      14.0695   290.3    3396.1494         1.10105         52.8        37.506
33.4900    -260022.9294 -260037.3400      14.4106   297.3    3415.8391         1.09470         52.9        37.506
33.5000    -260022.7276 -260037.5949      14.8673   306.7    3432.4490         1.08940         52.9        37.506
33.5100    -260022.1654 -260037.2148      15.0494   310.5    3432.4490         1.08940         52.9        37.506
33.5200    -260021.3991 -260036.7052      15.3062   315.8    3410.5104         1.09641         52.9        37.506
33.5300    -260021.0530 -260037.2629      16.2099   334.4    3406.5455         1.09769         52.9        37.506
33.5400    -260021.4586 -260037.1618      15.7032   324.0    3375.0992         1.10792         52.9        37.506
33.5500    -260021.6975 -260036.1240      14.4265   297.6    3390.4326         1.10291         52.9        37.506
33.5600    -260022.2551 -260036.4748      14.2198   293.4    3390.4326         1.10291         52.9        37.506
33.5700    -260021.9868 -260036.8400      14.8532   306.4    3390.4326         1.10291         52.9        37.506
33.5800    -260022.2645 -260037.4738      15.2093   313.8    3382.1398         1.10561         52.9        37.506
33.5900    -260021.6200 -260036.8387      15.2187   314.0    3382.1398         1.10561         52.9        37.506
33.6000    -260021.1579 -260036.5211      15.3632   316.9    3410.2907         1.09648         52.9        37.506
33.6100    -260021.9766 -260037.0982      15.1216   312.0    3410.2907         1.09648         52.9        37.506
33.6200    -260022.0526 -260037.4118      15.3591   316.9    3410.4505         1.09643         53.0        37.506
33.6300    -260022.6560 -260037.7869      15.1308   312.2    3426.9451         1.09115         53.0        37.506
33.6400    -260022.7238 -260037.3034      14.5796   300.8    3426.9451         1.09115         53.0        37.506
33.6500    -260023.2055 -260036.8740      13.6684   282.0    3434.2788         1.08882         53.0        37.506
33.6600    -260023.1082 -260037.9169      14.8087   305.5    3434.2788         1.08882         53.0        37.506
33.6700    -260023.0885 -260037.5501      14.4616   298.3    3434.2788         1.08882         53.0        37.506
33.6800    -260023.1047 -260037.5216      14.4169   297.4    3434.2788         1.08882         52.9        37.506
33.6900    -260023.0388 -260037.0757      14.0370   289.6    3434.2788         1.08882         52.9        37.506
33.7000    -260022.9369 -260036.7917      13.8547   285.8    3434.2788         1.08882         52.9        37.506
33.7100    -260023.2155 -260037.1353      13.9197   287.2    3434.2788         1.08882         52.9        37.506
33.7200    -260022.9323 -260036.9784      14.0461   289.8    3431.9822         1.08955         52.9        37.506
33.7300    -260022.6383 -260036.7348      14.0965   290.8    3451.7081         1.08333         52.9        37.506
33.7400    -260022.0022 -260037.2098      15.2075   313.7    3451.7081         1.08333         52.9        37.506
33.7500    -260021.9930 -260037.6106      15.6175   322.2    3451.7081         1.08333         52.9        37.506
33.7600    -260022.3256 -260037.4322      15.1066   311.7    3451.7081         1.08333         52.9        37.506
33.7700    -260022.4337 -260037.0684      14.6348   301.9    3438.8507         1.08738         52.9        37.506
33.7800    -260021.8583 -260036.6344      14.7761   304.8    3433.9070         1.08894         52.9        37.506
33.7900    -260021.2049 -260036.1133      14.9084   307.6    3431.6595         1.08966         52.9        37.506
33.8000    -260021.3705 -260036.9909      15.6204   322.3    3431.6595         1.08966         52.9        37.506
33.8100    -260021.2189 -260036.8709      15.6520   322.9    3431.6595         1.08966         52.9        37.506
33.8200    -260021.7555 -260036.0194      14.2638   294.3    3439.2268         1.08726         52.9        37.506
33.8300    -260022.2011 -260036.6601      14.4590   298.3    3439.2268         1.08726         52.9        37.506
33.8400    -260021.7861 -260036.8935      15.1074   311.7    3472.3636         1.07688         52.9        37.506
33.8500    -260021.5229 -260036.8655      15.3426   316.5    3472.3636         1.07688         52.9        37.506
33.8600    -260020.8014 -260036.2872      15.4858   319.5    3472.3636         1.07688         52.9        37.506
33.8700    -260021.2410 -260035.8315      14.5906   301.0    3472.3636         1.07688         52.9        37.506
33.8800    -260021.3563 -260036.3346      14.9782   309.0    3472.3636         1.07688         52.9        37.506
33.8900    -260022.1404 -260035.9713      13.8309   285.3    3472.3636         1.07688         52.9        37.506
33.9000    -260021.9982 -260036.2753      14.2771   294.5    3447.4397         1.08467         52.9        37.506
33.9100    -260021.7682 -260036.2723      14.5041   299.2    3447.4397         1.08467         52.9        37.506
33.9200    -260021.7747 -260036.5876      14.8129   305.6    3447.4397         1.08467         52.9        37.506
33.9300    -260022.6570 -260036.9713      14.3143   295.3    3447.4397         1.08467         52.8        37.506
33.9400    -260022.1086 -260036.6337      14.5251   299.7    3446.9142         1.08483         52.9        37.506
33.9500    -260021.7595 -260036.9803      15.2209   314.0    3446.9142         1.08483         52.8        37.506
33.9600    -260021.4573 -260037.5201      16.0628   331.4    3446.9142         1.08483         52.8        37.506
33.9700    -260021.8915 -260036.8299      14.9384   308.2    3446.9142         1.08483         52.8        37.506
33.9800    -260022.0353 -260037.5073      15.4720   319.2    3425.2540         1.09169         52.8        37.506
33.9900    -260022.0234 -260036.3793      14.3559   296.2    3425.2540         1.09169         52.8        37.506
34.0000    -260022.1436 -260036.3963      14.2527   294.0    3406.5229         1.09770         52.8        37.506
34.0100    -260022.4487 -260037.7612      15.3125   315.9    3406.5229         1.09770         52.8        37.506
34.0200    -260022.7200 -260038.2629      15.5429   320.7    3417.9652         1.09402         52.8        37.506
34.0300    -260022.1621 -260036.8655      14.7035   303.3    3417.9652         1.09402         52.8        37.506
34.0400    -260021.6814 -260036.6704      14.9890   309.2    3417.9652         1.09402         52.8        37.506
34.0500    -260021.8821 -260036.2817      14.3995   297.1    3417.9652         1.09402         52.8        37.506
34.0600    -260021.4473 -260035.5058      14.0585   290.0    3417.9652         1.09402         52.8        37.506
34.0700    -260021.4716 -260036.3789      14.9074   307.5    3417.9652         1.09402         52.8        37.506
34.0800    -260021.6823 -260036.2901      14.6078   301.4    3417.9652         1.09402         52.8        37.506
34.0900    -260022.1324 -260036.1514      14.0190   289.2    3412.3365         1.09583         52.8        37.506
34.1000    -260022.6262 -260036.4879      13.8617   286.0    3399.2865         1.10003         52.8        37.506
34.1100    -260023.3378 -260036.6959      13.3581   275.6    3399.2865         1.10003         52.8        37.506
34.1200    -260022.7115 -260037.3980      14.6865   303.0    3397.3280         1.10067         52.8        37.506
34.1300    -260023.0223 -260037.7531      14.7308   303.9    3412.1497         1.09589         52.8        37.506
34.1400    -260023.5222 -260038.1757      14.6535   302.3    3382.9108         1.10536         52.8        37.506
34.1500    -260023.5013 -260037.5170      14.0158   289.1    3370.3066         1.10949         52.9        37.506
34.1600    -260023.3953 -260037.3450      13.9497   287.8    3370.3066         1.10949         52.9        37.506
34.1700    -260023.2005 -260037.1732      13.9727   288.3    3344.0850         1.11819         52.9        37.506
34.1800    -260022.8181 -260037.6175      14.7994   305.3    3344.0850         1.11819         52.9        37.506
34.1900    -260022.5105 -260037.4303      14.9198   307.8    3344.0850         1.11819         52.8        37.506
34.2000    -260022.5063 -260037.2459      14.7396   304.1    3344.0850         1.11819         52.8        37.506
34.2100    -260022.1743 -260036.6319      14.4576   298.3    3344.0850         1.11819         52.8        37.506
34.2200    -260022.4288 -260036.6818      14.2530   294.0    3343.7820         1.11829         52.8        37.506
34.2300    -260021.9634 -260037.2046      15.2412   314.4    3343.7820         1.11829         52.8        37.506
34.2400    -260022.3363 -260037.0157      14.6794   302.8    3326.6510         1.12405         52.8        37.506
34.2500    -260022.4660 -260037.1402      14.6743   302.7    3321.0828         1.12594         52.8        37.506
34.2600    -260023.0475 -260036.6449      13.5974   280.5    3321.0828         1.12594         52.8        37.506
34.2700    -260022.9932 -260037.7950      14.8018   305.4    3321.0828         1.12594         52.8        37.506
34.2800    -260022.8329 -260036.9165      14.0836   290.5    3308.2320         1.13031         52.8        37.506
34.2900    -260022.6354 -260037.0057      14.3702   296.5    3309.3043         1.12994         52.9        37.506
34.3000    -260022.9425 -260036.6281      13.6856   282.3    3309.3043         1.12994         52.8        37.506
34.3100    -260022.6639 -260037.1289      14.4649   298.4    3309.3043         1.12994         52.8        37.506
34.3200    -260022.8023 -260037.2327      14.4304   297.7    3302.8257         1.13216         52.9        37.506
34.3300    -260022.2663 -260036.5879      14.3216   295.5    3310.2055         1.12964         52.9        37.506
34.3400    -260022.5249 -260037.4207      14.8958   307.3    3310.2055         1.12964         52.9        37.506
34.3500    -260022.0656 -260037.3209      15.2553   314.7    3310.2055         1.12964         52.8        37.506
34.3600    -260022.3353 -260037.6511      15.3158   316.0    3310.2055         1.12964         52.8        37.506
34.3700    -260021.3304 -260036.2889      14.9585   308.6    3310.2055         1.12964         52.8        37.506
34.3800    -260021.4405 -260036.4831      15.0426   310.3    3317.1141         1.12728         52.8        37.506
34.3900    -260021.4217 -260036.6410      15.2193   314.0    3317.1141         1.12728         52.8        37.506
34.4000    -260021.2558 -260036.5992      15.3434   316.5    3290.4884         1.13640         52.8        37.506
34.4100    -260021.6055 -260037.6097      16.0042   330.2    3290.4884         1.13640         52.8        37.506
34.4200    -260022.4754 -260036.7605      14.2851   294.7    3290.4884         1.13640         52.8        37.506
34.4300    -260022.2890 -260037.0851      14.7961   305.2    3290.4884         1.13640         52.8        37.506
34.4400    -260021.9765 -260037.0954      15.1190   311.9    3290.4884         1.13640         52.8        37.506
34.4500    -260022.1824 -260036.8960      14.7136   303.5    3289.7220         1.13667         52.8        37.506
34.4600    -260022.2534 -260036.7250      14.4716   298.6    3289.7220         1.13667         52.8        37.506
34.4700    -260022.5652 -260037.4282      14.8630   306.6    3293.6461         1.13532         52.8        37.506
34.4800    -260022.2005 -260037.6251      15.4246   318.2    3293.6461         1.13532         52.8        37.506
34.4900    -260022.5330 -260036.6828      14.1497   291.9    3293.6461         1.13532         52.8        37.506
34.5000    -260022.7837 -260037.2999      14.5162   299.5    3293.6461         1.13532         52.8        37.506
34.5100    -260022.4759 -260037.2573      14.7814   304.9    3293.6461         1.13532         52.8        37.506
34.5200    -260022.5015 -260036.6357      14.1342   291.6    3310.1227         1.12966         52.8        37.506
34.5300    -260022.5338 -260037.0950      14.5611   300.4    3310.1227         1.12966         52.8        37.506
34.5400    -260022.8663 -260037.3882      14.5219   299.6    3303.4704         1.13194         52.8        37.506
34.5500    -260022.8276 -260036.6326      13.8051   284.8    3303.4704         1.13194         52.7        37.506
34.5600    -260023.0266 -260036.7074      13.6808   282.2    3303.4704         1.13194         52.7        37.506
34.5700    -260022.7375 -260036.9517      14.2142   293.2    3303.4704         1.13194         52.7        37.506
34.5800    -260022.2836 -260037.0586      14.7750   304.8    3303.4704         1.13194         52.7        37.506
34.5900    -260022.4969 -260037.4787      14.9818   309.1    3303.4704         1.13194         52.7        37.506
34.6000    -260022.6767 -260037.7694      15.0927   311.4    3277.1159         1.14104         52.7        37.506
34.6100    -260022.9406 -260037.0428      14.1022   290.9    3277.1159         1.14104         52.7        37.506
34.6200    -260023.1640 -260037.4177      14.2537   294.1    3266.3985         1.14479         52.7        37.506
34.6300    -260023.4026 -260037.7275      14.3248   295.5    3266.3985         1.14479         52.7        37.506
34.6400    -260023.5090 -260037.1133      13.6043   280.7    3266.3985         1.14479         52.7        37.506
34.6500    -260023.6636 -260037.7879      14.1243   291.4    3266.3985         1.14479         52.7        37.506
34.6600    -260023.2635 -260037.9829      14.7194   303.7    3266.3985         1.14479         52.7        37.506
34.6700    -260022.4665 -260037.7969      15.3304   316.3    3298.7094         1.13357         52.7        37.506
34.6800    -260022.1806 -260037.5295      15.3489   316.7    3298.7094         1.13357         52.7        37.506
34.6900    -260021.8786 -260036.8472      14.9686   308.8    3298.7094         1.13357         52.6        37.506
34.7000    -260021.9466 -260037.6275      15.6809   323.5    3298.7094         1.13357         52.6        37.506
34.7100    -260022.1763 -260038.1181      15.9417   328.9    3298.7094         1.13357         52.6        37.506
34.7200    -260023.0838 -260037.6123      14.5285   299.7    3323.0438         1.12527         52.6        37.506
34.7300    -260022.9254 -260037.4750      14.5496   300.2    3312.6003         1.12882         52.7        37.506
34.7400    -260022.7881 -260037.3940      14.6059   301.3    3329.8139         1.12298         52.7        37.506
34.7500    -260023.0854 -260038.1267      15.0413   310.3    3329.8139         1.12298         52.7        37.506
34.7600    -260022.6771 -260038.0266      15.3495   316.7    3329.8139         1.12298         52.7        37.506
34.7700    -260023.0145 -260037.9608      14.9463   308.3    3329.8139         1.12298         52.6        37.506
34.7800    -260023.5187 -260037.4915      13.9728   288.3    3327.8622         1.12364         52.7        37.506
34.7900    -260023.2938 -260037.3321      14.0383   289.6    3327.8622         1.12364         52.6        37.506
34.8000    -260023.0176 -260037.5892      14.5716   300.6    3342.8752         1.11860         52.7        37.506
34.8100    -260023.2356 -260037.1830      13.9474   287.7    3342.8752         1.11860         52.7        37.506
34.8200    -260022.9627 -260037.4206      14.4580   298.3    3340.0907         1.11953         52.7        37.506
34.8300    -260022.5081 -260037.7321      15.2241   314.1    3371.7609         1.10901         52.7        37.506
34.8400    -260022.1280 -260037.0023      14.8742   306.9    3371.7609         1.10901         52.7        37.506
34.8500    -260022.7204 -260037.2649      14.5446   300.1    3396.5770         1.10091         52.7        37.506
34.8600    -260022.6947 -260037.8497      15.1550   312.7    3396.5770         1.10091         52.7        37.506
34.8700    -260023.0505 -260038.4282      15.3777   317.2    3386.2516         1.10427         52.7        37.506
34.8800    -260022.4412 -260037.9653      15.5242   320.3    3386.2516         1.10427         52.7        37.506
34.8900    -260022.4107 -260036.9536      14.5429   300.0    3386.6021         1.10415         52.7        37.506
34.9000    -260022.3733 -260037.3250      14.9517   308.5    3376.3518         1.10750         52.7        37.506
34.9100    -260023.1790 -260037.3508      14.1718   292.4    3376.3518         1.10750         52.7        37.506
34.9200    -260023.3192 -260037.7654      14.4462   298.0    3376.3518         1.10750         52.7        37.506
34.9300    -260023.3550 -260037.6939      14.3388   295.8    3376.3518         1.10750         52.7        37.506
34.9400    -260023.2436 -260038.5747      15.3311   316.3    3376.3518         1.10750         52.7        37.506
34.9500    -260023.8298 -260038.1094      14.2796   294.6    3357.2116         1.11382         52.7        37.506
34.9600    -260023.4725 -260038.5188      15.0463   310.4    3357.2116         1.11382         52.7        37.506
34.9700    -260023.2856 -260037.9760      14.6904   303.1    3357.1497         1.11384         52.7        37.506
34.9800    -260023.3594 -260038.1048      14.7453   304.2    3357.1497         1.11384         52.7        37.506
34.9900    -260023.7858 -260037.4770      13.6912   282.5    3360.9324         1.11259         52.7        37.506
35.0000    -260023.3835 -260037.3192      13.9357   287.5    3346.5935         1.11735         52.7        37.506
35.0100    -260023.7459 -260037.2937      13.5478   279.5    3346.5935         1.11735         52.7        37.506
35.0200    -260024.1794 -260038.0539      13.8744   286.2    3344.2661         1.11813         52.7        37.506
35.0300    -260023.8070 -260038.7611      14.9541   308.5    3345.3387         1.11777         52.7        37.506
35.0400    -260023.4567 -260037.8635      14.4068   297.2    3331.1932         1.12252         52.8        37.506
35.0500    -260023.2929 -260037.5190      14.2261   293.5    3339.2800         1.11980         52.8        37.506
35.0600    -260023.4684 -260037.5671      14.0987   290.9    3339.2800         1.11980         52.8        37.506
35.0700    -260023.2589 -260037.5262      14.2673   294.3    3339.2800         1.11980         52.8        37.506
35.0800    -260023.0619 -260037.3462      14.2843   294.7    3339.2800         1.11980         52.7        37.506
35.0900    -260023.0720 -260037.8455      14.7735   304.8    3341.5789         1.11903         52.8        37.506
35.1000    -260023.4099 -260038.0175      14.6076   301.4    3341.5789         1.11903         52.7        37.506
35.1100    -260023.3546 -260037.6298      14.2752   294.5    3341.5789         1.11903         52.7        37.506
35.1200    -260023.4099 -260037.0662      13.6563   281.7    3341.5789         1.11903         52.7        37.506
35.1300    -260023.4592 -260037.9985      14.5393   299.9    3344.8046         1.11795         52.7        37.506
35.1400    -260023.5381 -260038.0746      14.5364   299.9    3344.8046         1.11795         52.7        37.506
35.1500    -260023.5539 -260037.4457      13.8919   286.6    3330.6928         1.12269         52.7        37.506
35.1600    -260022.6249 -260037.2878      14.6629   302.5    3330.6928         1.12269         52.7        37.506
35.1700    -260022.7566 -260037.1237      14.3670   296.4    3296.3955         1.13437         52.8        37.506
35.1800    -260022.8483 -260037.0978      14.2495   294.0    3299.6575         1.13325         52.8        37.506
35.1900    -260022.5564 -260037.6277      15.0713   310.9    3291.3674         1.13610         52.8        37.506
35.2000    -260022.9222 -260037.4513      14.5292   299.7    3291.3674         1.13610         52.8        37.506
35.2100    -260022.7321 -260038.0390      15.3068   315.8    3291.3674         1.13610         52.8        37.506
35.2200    -260023.5590 -260038.2836      14.7247   303.8    3276.7353         1.14117         52.8        37.506
35.2300    -260023.2491 -260038.3538      15.1047   311.6    3306.8023         1.13080         52.8        37.506
35.2400    -260022.5903 -260038.0163      15.4260   318.2    3306.8023         1.13080         52.8        37.506
35.2500    -260022.9350 -260038.5534      15.6184   322.2    3308.6321         1.13017         52.8        37.506
35.2600    -260022.8867 -260037.5504      14.6637   302.5    3308.6321         1.13017         52.8        37.506
35.2700    -260022.9814 -260037.1782      14.1968   292.9    3308.6321         1.13017         52.8        37.506
35.2800    -260023.7289 -260037.3554      13.6265   281.1    3308.6321         1.13017         52.8        37.506
35.2900    -260023.5632 -260037.9321      14.3689   296.4    3308.6321         1.13017         52.7        37.506
35.3000    -260022.6417 -260036.6465      14.0048   288.9    3320.3411         1.12619         52.8        37.506
35.3100    -260022.3407 -260036.9419      14.6013   301.2    3320.3411         1.12619         52.8        37.506
35.3200    -260022.2803 -260037.1967      14.9164   307.7    3308.4682         1.13023         52.8        37.506
35.3300    -260022.4019 -260037.5720      15.1700   313.0    3308.4682         1.13023         52.8        37.506
35.3400    -260022.4200 -260036.7362      14.3162   295.3    3316.9975         1.12732         52.8        37.506
35.3500    -260022.2502 -260037.8512      15.6010   321.9    3327.7884         1.12367         52.8        37.506
35.3600    -260022.3458 -260037.6644      15.3187   316.0    3327.7884         1.12367         52.8        37.506
35.3700    -260022.9116 -260037.8755      14.9639   308.7    3327.2841         1.12384         52.8        37.506
35.3800    -260023.0654 -260037.7163      14.6509   302.3    3337.7581         1.12031         52.8        37.506
35.3900    -260023.3388 -260038.3895      15.0507   310.5    3349.6052         1.11635         52.8        37.506
35.4000    -260023.3654 -260037.8538      14.4883   298.9    3351.5781         1.11569         52.9        37.506
35.4100    -260023.2635 -260037.5859      14.3224   295.5    3351.5781         1.11569         52.9        37.506
35.4200    -260023.6535 -260037.9861      14.3326   295.7    3361.8766         1.11227         52.9        37.506
35.4300    -260023.9144 -260038.4615      14.5471   300.1    3361.8766         1.11227         52.9        37.506
35.4400    -260024.0406 -260038.9197      14.8791   307.0    3343.4151         1.11842         52.9        37.506
35.4500    -260024.5141 -260038.6218      14.1077   291.0    3332.2114         1.12218         52.9        37.506
35.4600    -260024.5321 -260038.4731      13.9410   287.6    3332.2114         1.12218         52.9        37.506
35.4700    -260024.4494 -260038.7535      14.3040   295.1    3298.0118         1.13381         52.9        37.506
35.4800    -260025.1030 -260039.2245      14.1215   291.3    3298.0118         1.13381         52.9        37.506
35.4900    -260024.9674 -260039.3623      14.3948   297.0    3298.0118         1.13381         52.9        37.506
35.5000    -260024.9414 -260039.3041      14.3628   296.3    3298.0118         1.13381         52.9        37.506
35.5100    -260024.4701 -260038.0473      13.5772   280.1    3298.0118         1.13381         52.9        37.506
35.5200    -260024.2783 -260038.4178      14.1394   291.7    3298.0118         1.13381         52.8        37.506
35.5300    -260024.0237 -260038.7609      14.7372   304.0    3298.0118         1.13381         52.8        37.506
35.5400    -260024.0159 -260038.2073      14.1914   292.8    3298.0118         1.13381         52.8        37.506
35.5500    -260023.6166 -260037.6440      14.0274   289.4    3326.1966         1.12420         52.8        37.506
35.5600    -260023.5774 -260038.0851      14.5077   299.3    3326.1966         1.12420         52.8        37.506
35.5700    -260023.1092 -260038.1844      15.0751   311.0    3330.5006         1.12275         52.8        37.506
35.5800    -260023.6952 -260038.0865      14.3913   296.9    3346.0310         1.11754         52.8        37.506
35.5900    -260024.0990 -260037.7553      13.6563   281.7    3346.0310         1.11754         52.8        37.506
35.6000    -260023.2863 -260038.0862      14.7999   305.3    3329.0518         1.12324         52.8        37.506
35.6100    -260022.9237 -260036.6391      13.7154   283.0    3329.0518         1.12324         52.8        37.506
35.6200    -260022.3829 -260036.8007      14.4178   297.4    3329.0518         1.12324         52.8        37.506
35.6300    -260022.2949 -260036.6523      14.3574   296.2    3300.4936         1.13296         52.8        37.506
35.6400    -260022.0054 -260037.1673      15.1619   312.8    3300.4936         1.13296         52.8        37.506
35.6500    -260022.0415 -260037.2778      15.2363   314.3    3263.9251         1.14565         52.8        37.506
35.6600    -260021.6991 -260037.3832      15.6841   323.6    3263.9251         1.14565         52.8        37.506
35.6700    -260021.7253 -260037.5208      15.7954   325.9    3268.0355         1.14421         52.9        37.506
35.6800    -260022.4013 -260037.7717      15.3704   317.1    3265.5802         1.14507         52.9        37.506
35.6900    -260022.6077 -260037.5422      14.9345   308.1    3292.7671         1.13562         52.9        37.506
35.7000    -260022.9520 -260037.6113      14.6592   302.4    3301.9629         1.13246         52.9        37.506
35.7100    -260022.7911 -260037.4977      14.7066   303.4    3301.9629         1.13246         52.9        37.506
35.7200    -260023.1101 -260038.1046      14.9944   309.3    3301.9629         1.13246         52.9        37.506
35.7300    -260023.3933 -260038.6418      15.2485   314.6    3301.9629         1.13246         52.9        37.506
35.7400    -260023.9539 -260038.8834      14.9295   308.0    3301.9629         1.13246         52.9        37.506
35.7500    -260023.9455 -260038.7697      14.8241   305.8    3303.0337         1.13209         52.9        37.506
35.7600    -260024.3609 -260038.6373      14.2765   294.5    3303.0337         1.13209         52.9        37.506
35.7700    -260024.8707 -260037.9547      13.0840   269.9    3308.3158         1.13028         52.9        37.506
35.7800    -260025.2666 -260038.1374      12.8708   265.5    3308.3158         1.13028         52.9        37.506
35.7900    -260025.1353 -260038.2770      13.1417   271.1    3307.9830         1.13039         52.9        37.506
35.8000    -260024.8911 -260038.7996      13.9085   286.9    3303.7786         1.13183         52.9        37.506
35.8100    -260024.8785 -260038.5524      13.6739   282.1    3303.7786         1.13183         52.9        37.506
35.8200    -260024.4758 -260038.7440      14.2682   294.4    3303.7786         1.13183         52.9        37.506
35.8300    -260024.4256 -260039.0832      14.6576   302.4    3285.0348         1.13829         52.9        37.506
35.8400    -260023.9993 -260038.9518      14.9524   308.5    3285.0348         1.13829         52.9        37.506
35.8500    -260023.4532 -260037.9057      14.4525   298.2    3257.2732         1.14799         52.9        37.506
35.8600    -260023.4565 -260038.1771      14.7207   303.7    3257.2732         1.14799         52.9        37.506
35.8700    -260023.1581 -260037.4208      14.2627   294.2    3254.0456         1.14913         52.9        37.506
35.8800    -260022.8738 -260038.1307      15.2569   314.8    3251.9508         1.14987         52.9        37.506
35.8900    -260022.9345 -260037.6466      14.7121   303.5    3251.9508         1.14987         52.9        37.506
35.9000    -260022.6190 -260037.7087      15.0897   311.3    3251.9508         1.14987         52.9        37.506
35.9100    -260023.2427 -260038.3673      15.1246   312.0    3251.9508         1.14987         52.9        37.506
35.9200    -260023.9897 -260038.2488      14.2592   294.2    3251.9508         1.14987         52.9        37.506
35.9300    -260023.6229 -260038.4802      14.8574   306.5    3251.9508         1.14987         52.9        37.506
35.9400    -260023.6882 -260038.3130      14.6248   301.7    3255.2605         1.14870         52.9        37.506
35.9500    -260023.7806 -260038.8009      15.0203   309.9    3237.5908         1.15497         52.9        37.506
35.9600    -260023.3419 -260037.8348      14.4928   299.0    3237.5908         1.15497         52.9        37.506
35.9700    -260022.9268 -260037.5484      14.6216   301.6    3237.5908         1.15497         52.9        37.506
35.9800    -260023.0367 -260037.2179      14.1813   292.6    3236.0056         1.15554         52.9        37.506
35.9900    -260022.8598 -260037.4831      14.6234   301.7    3236.0056         1.15554         52.9        37.506
36.0000    -260022.6334 -260037.4293      14.7959   305.2    3236.0056         1.15554         52.8        37.506
36.0100    -260023.0952 -260037.5242      14.4290   297.7    3236.0056         1.15554         52.8        37.506
36.0200    -260022.9306 -260037.6187      14.6882   303.0    3236.0056         1.15554         52.8        37.506
36.0300    -260023.6030 -260037.9013      14.2983   295.0    3236.0056         1.15554         52.8        37.506
36.0400    -260023.7544 -260038.7553      15.0009   309.5    3236.0056         1.15554         52.8        37.506
36.0500    -260022.8924 -260037.2639      14.3715   296.5    3236.0056         1.15554         52.8        37.506
36.0600    -260023.1514 -260037.4926      14.3412   295.9    3236.0056         1.15554         52.8        37.506
36.0700    -260023.4022 -260037.2159      13.8137   285.0    3236.0056         1.15554         52.8        37.506
36.0800    -260023.3003 -260037.5764      14.2761   294.5    3260.2211         1.14695         52.8        37.506
36.0900    -260022.6710 -260036.9722      14.3012   295.0    3279.2973         1.14028         52.8        37.506
36.1000    -260022.3818 -260037.7237      15.3419   316.5    3301.5345         1.13260         52.8        37.506
36.1100    -260022.4425 -260038.1185      15.6760   323.4    3301.5345         1.13260         52.8        37.506
36.1200    -260022.1279 -260037.6930      15.5651   321.1    3301.5345         1.13260         52.8        37.506
36.1300    -260022.3481 -260037.0681      14.7200   303.7    3301.5345         1.13260         52.8        37.506
36.1400    -260021.7371 -260036.7723      15.0353   310.2    3331.6880         1.12235         52.8        37.506
36.1500    -260021.5183 -260036.6189      15.1005   311.5    3331.6880         1.12235         52.8        37.506
36.1600    -260021.2456 -260037.1174      15.8718   327.4    3331.6880         1.12235         52.8        37.506
36.1700    -260021.1730 -260036.7030      15.5300   320.4    3339.9031         1.11959         52.8        37.506
36.1800    -260021.6508 -260036.7208      15.0700   310.9    3341.6150         1.11902         52.8        37.506
36.1900    -260022.2886 -260036.0925      13.8039   284.8    3341.6150         1.11902         52.8        37.506
36.2000    -260021.9697 -260037.0703      15.1007   311.5    3341.6150         1.11902         52.8        37.506
36.2100    -260022.3397 -260037.2718      14.9321   308.1    3341.6150         1.11902         52.8        37.506
36.2200    -260021.9288 -260036.8169      14.8881   307.1    3358.9915         1.11323         52.8        37.506
36.2300    -260021.8582 -260036.2739      14.4157   297.4    3358.9915         1.11323         52.8        37.506
36.2400    -260021.4291 -260036.4835      15.0544   310.6    3357.5574         1.11370         52.8        37.506
36.2500    -260021.4641 -260037.0101      15.5459   320.7    3357.5574         1.11370         52.8        37.506
36.2600    -260021.5765 -260036.5835      15.0070   309.6    3357.5574         1.11370         52.8        37.506
36.2700    -260022.1500 -260037.0937      14.9437   308.3    3342.6091         1.11868         52.8        37.506
36.2800    -260022.5690 -260036.9057      14.3368   295.8    3342.6091         1.11868         52.8        37.506
36.2900    -260022.5769 -260036.7938      14.2168   293.3    3352.1625         1.11550         52.8        37.506
36.3000    -260022.2736 -260036.7840      14.5104   299.4    3384.5232         1.10483         52.8        37.506
36.3100    -260022.3884 -260036.9149      14.5265   299.7    3384.5232         1.10483         52.8        37.506
36.3200    -260022.2408 -260037.0285      14.7877   305.1    3388.0782         1.10367         52.8        37.506
36.3300    -260021.8815 -260036.6792      14.7978   305.3    3388.0782         1.10367         52.8        37.506
36.3400    -260021.3887 -260036.0119      14.6232   301.7    3360.3247         1.11279         52.8        37.506
36.3500    -260020.6533 -260035.6366      14.9833   309.1    3360.3247         1.11279         52.8        37.506
36.3600    -260020.6431 -260036.2038      15.5606   321.0    3360.3247         1.11279         52.8        37.506
36.3700    -260020.4052 -260036.5778      16.1726   333.6    3360.3247         1.11279         52.8        37.506
36.3800    -260020.6350 -260036.0431      15.4081   317.9    3360.3247         1.11279         52.7        37.506
36.3900    -260020.9800 -260036.6293      15.6493   322.8    3331.3376         1.12247         52.8        37.506
36.4000    -260020.2993 -260036.1701      15.8707   327.4    3331.3376         1.12247         52.7        37.506
36.4100    -260020.2088 -260035.8124      15.6036   321.9    3331.3376         1.12247         52.7        37.506
36.4200    -260020.0206 -260036.6116      16.5909   342.3    3331.3376         1.12247         52.7        37.506
36.4300    -260019.6259 -260036.2767      16.6508   343.5    3331.3376         1.12247         52.7        37.506
36.4400    -260020.1690 -260036.2379      16.0690   331.5    3310.1141         1.12967         52.7        37.506
36.4500    -260020.2638 -260035.7276      15.4638   319.0    3310.1141         1.12967         52.7        37.506
36.4600    -260020.8029 -260035.4470      14.6442   302.1    3310.1141         1.12967         52.7        37.506
36.4700    -260020.8200 -260036.1074      15.2874   315.4    3342.1628         1.11883         52.7        37.506
36.4800    -260020.8948 -260036.4743      15.5796   321.4    3342.1628         1.11883         52.7        37.506
36.4900    -260020.7714 -260036.2314      15.4600   318.9    3342.1628         1.11883         52.7        37.506
36.5000    -260020.9499 -260035.6512      14.7013   303.3    3342.1628         1.11883         52.7        37.506
36.5100    -260021.0895 -260036.7181      15.6287   322.4    3342.1628         1.11883         52.7        37.506
36.5200    -260021.2307 -260036.0830      14.8523   306.4    3324.5286         1.12477         52.7        37.506
36.5300    -260021.5695 -260036.1327      14.5632   300.4    3324.5286         1.12477         52.7        37.506
36.5400    -260021.4074 -260036.1552      14.7477   304.2    3328.9802         1.12326         52.7        37.506
36.5500    -260021.5261 -260035.7891      14.2631   294.3    3328.9802         1.12326         52.7        37.506
36.5600    -260021.8679 -260037.0900      15.2221   314.0    3328.9802         1.12326         52.7        37.506
36.5700    -260021.9788 -260037.4319      15.4531   318.8    3328.9802         1.12326         52.6        37.506
36.5800    -260022.0208 -260036.4576      14.4369   297.8    3328.9802         1.12326         52.6        37.506
36.5900    -260022.1687 -260036.3807      14.2120   293.2    3341.0360         1.11921         52.6        37.506
36.6000    -260022.4714 -260037.3340      14.8627   306.6    3338.3797         1.12010         52.7        37.506
36.6100    -260023.0724 -260037.1717      14.0993   290.9    3338.3797         1.12010         52.7        37.506
36.6200    -260022.8819 -260037.4157      14.5338   299.8    3372.7849         1.10868         52.7        37.506
36.6300    -260022.6030 -260036.8956      14.2926   294.9    3372.7849         1.10868         52.7        37.506
36.6400    -260022.9589 -260037.4960      14.5371   299.9    3372.7849         1.10868         52.6        37.506
36.6500    -260022.5329 -260037.4047      14.8718   306.8    3356.0253         1.11421         52.7        37.506
36.6600    -260022.6904 -260036.9086      14.2182   293.3    3356.0253         1.11421         52.7        37.506
36.6700    -260022.6315 -260037.4202      14.7887   305.1    3351.0681         1.11586         52.7        37.506
36.6800    -260023.0828 -260037.4228      14.3400   295.8    3351.0681         1.11586         52.7        37.506
36.6900    -260022.8028 -260037.5564      14.7536   304.4    3376.8531         1.10734         52.7        37.506
36.7000    -260022.5244 -260038.2255      15.7011   323.9    3376.8531         1.10734         52.7        37.506
36.7100    -260022.9580 -260038.6478      15.6898   323.7    3376.8531         1.10734         52.7        37.506
36.7200    -260022.8488 -260037.4811      14.6323   301.9    3388.3164         1.10359         52.7        37.506
36.7300    -260022.6307 -260036.9556      14.3249   295.5    3388.3164         1.10359         52.7        37.506
36.7400    -260022.7859 -260037.3168      14.5309   299.8    3372.7638         1.10868         52.7        37.506
36.7500    -260023.0626 -260037.5038      14.4412   297.9    3372.7638         1.10868         52.7        37.506
36.7600    -260023.2770 -260037.5685      14.2914   294.8    3372.7638         1.10868         52.7        37.506
36.7700    -260023.5250 -260038.2828      14.7577   304.5    3374.0698         1.10825         52.7        37.506
36.7800    -260023.5093 -260038.6189      15.1097   311.7    3374.0698         1.10825         52.7        37.506
36.7900    -260023.3439 -260038.0116      14.6676   302.6    3374.0698         1.10825         52.6        37.506
36.8000    -260023.3262 -260037.2204      13.8942   286.6    3374.0698         1.10825         52.6        37.506
36.8100    -260022.9004 -260037.3875      14.4871   298.9    3374.0698         1.10825         52.6        37.506
36.8200    -260023.4620 -260037.3351      13.8731   286.2    3374.0698         1.10825         52.6        37.506
36.8300    -260023.7801 -260037.5675      13.7875   284.4    3381.7619         1.10573         52.6        37.506
36.8400    -260023.9726 -260038.0515      14.0789   290.5    3381.7619         1.10573         52.6        37.506
36.8500    -260024.1544 -260038.1272      13.9729   288.3    3381.3201         1.10588         52.6        37.506
36.8600    -260023.6728 -260039.0246      15.3518   316.7    3381.3201         1.10588         52.6        37.506
36.8700    -260023.3034 -260037.6489      14.3455   296.0    3384.8793         1.10471         52.6        37.506
36.8800    -260023.7537 -260037.2021      13.4484   277.4    3363.4908         1.11174         52.6        37.506
36.8900    -260023.6347 -260037.4870      13.8523   285.8    3363.4908         1.11174         52.6        37.506
36.9000    -260023.3147 -260037.5831      14.2684   294.4    3385.2498         1.10459         52.6        37.506
36.9100    -260023.1208 -260037.6516      14.5308   299.8    3385.2498         1.10459         52.6        37.506
36.9200    -260023.9314 -260037.4240      13.4926   278.4    3385.2498         1.10459         52.6        37.506
36.9300    -260023.8738 -260037.8456      13.9718   288.2    3385.2498         1.10459         52.6        37.506
36.9400    -260023.0881 -260037.3052      14.2171   293.3    3385.2498         1.10459         52.6        37.506
36.9500    -260023.0771 -260036.8557      13.7785   284.3    3376.6422         1.10741         52.6        37.506
36.9600    -260022.8540 -260037.6131      14.7591   304.5    3376.6422         1.10741         52.6        37.506
36.9700    -260022.6201 -260037.2400      14.6199   301.6    3398.4450         1.10031         52.6        37.506
36.9800    -260022.6700 -260037.7937      15.1237   312.0    3398.4450         1.10031         52.6        37.506
36.9900    -260022.5182 -260037.4460      14.9278   308.0    3398.4450         1.10031         52.6        37.506
37.0000    -260022.8077 -260036.8029      13.9952   288.7    3403.9348         1.09853         52.6        37.506
37.0100    -260022.6815 -260037.2418      14.5603   300.4    3403.9348         1.09853         52.6        37.506
37.0200    -260023.3911 -260036.6980      13.3070   274.5    3403.9348         1.09853         52.6        37.506
37.0300    -260023.3974 -260037.1052      13.7078   282.8    3389.3434         1.10326         52.6        37.506
37.0400    -260022.9014 -260037.8675      14.9662   308.8    3393.8878         1.10178         52.6        37.506
37.0500    -260023.2081 -260037.4127      14.2046   293.0    3371.5782         1.10907         52.6        37.506
37.0600    -260023.5024 -260036.8324      13.3300   275.0    3371.5782         1.10907         52.6        37.506
37.0700    -260023.1231 -260037.8140      14.6909   303.1    3388.7331         1.10346         52.6        37.506
37.0800    -260022.8323 -260037.6801      14.8478   306.3    3380.1981         1.10624         52.7        37.506
37.0900    -260022.8179 -260037.2862      14.4683   298.5    3380.1981         1.10624         52.6        37.506
37.1000    -260022.8365 -260037.2873      14.4508   298.1    3390.3906         1.10292         52.7        37.506
37.1100    -260023.0822 -260037.5938      14.5116   299.4    3390.3906         1.10292         52.7        37.506
37.1200    -260022.6653 -260037.4104      14.7451   304.2    3390.3906         1.10292         52.6        37.506
37.1300    -260022.1623 -260036.8134      14.6511   302.3    3423.6276         1.09221         52.7        37.506
37.1400    -260022.3845 -260037.0631      14.6786   302.8    3423.6276         1.09221         52.6        37.506
37.1500    -260022.4496 -260037.5572      15.1076   311.7    3460.2443         1.08065         52.7        37.506
37.1600    -260022.1726 -260037.6635      15.4908   319.6    3460.2443         1.08065         52.7        37.506
37.1700    -260022.8861 -260037.8266      14.9405   308.2    3435.7164         1.08837         52.7        37.506
37.1800    -260022.0018 -260037.2644      15.2626   314.9    3450.2312         1.08379         52.7        37.506
37.1900    -260021.6072 -260037.3865      15.7793   325.5    3450.2312         1.08379         52.7        37.506
37.2000    -260022.1185 -260037.1455      15.0271   310.0    3450.2312         1.08379         52.7        37.506
37.2100    -260021.5648 -260036.9229      15.3581   316.8    3450.2312         1.08379         52.7        37.506
37.2200    -260022.3862 -260037.2764      14.8902   307.2    3450.2312         1.08379         52.6        37.506
37.2300    -260023.6146 -260037.5108      13.8962   286.7    3447.7217         1.08458         52.7        37.506
37.2400    -260024.1061 -260038.2712      14.1651   292.2    3447.7217         1.08458         52.6        37.506
37.2500    -260024.0702 -260038.1241      14.0539   289.9    3447.7217         1.08458         52.6        37.506
37.2600    -260024.2906 -260038.1239      13.8333   285.4    3447.7217         1.08458         52.6        37.506
37.2700    -260024.3712 -260037.6769      13.3057   274.5    3447.7217         1.08458         52.6        37.506
37.2800    -260024.7134 -260037.8558      13.1424   271.1    3447.7217         1.08458         52.6        37.506
37.2900    -260024.0866 -260037.6595      13.5729   280.0    3441.4266         1.08656         52.6        37.506
37.3000    -260023.8779 -260037.7192      13.8413   285.5    3442.3435         1.08627         52.6        37.506
37.3100    -260023.6675 -260037.3071      13.6396   281.4    3442.3435         1.08627         52.6        37.506
37.3200    -260023.5546 -260037.7347      14.1801   292.5    3442.3435         1.08627         52.6        37.506
37.3300    -260023.8185 -260037.1659      13.3474   275.4    3423.2557         1.09233         52.6        37.506
37.3400    -260023.3143 -260037.1124      13.7981   284.7    3409.9445         1.09659         52.6        37.506
37.3500    -260023.5408 -260036.9941      13.4533   277.5    3409.9445         1.09659         52.6        37.506
37.3600    -260023.6186 -260036.8709      13.2523   273.4    3409.9445         1.09659         52.6        37.506
37.3700    -260023.4908 -260037.6126      14.1218   291.3    3398.9407         1.10014         52.6        37.506
37.3800    -260023.1215 -260037.8815      14.7600   304.5    3402.4822         1.09900         52.6        37.506
37.3900    -260023.0144 -260037.6088      14.5944   301.1    3402.4822         1.09900         52.6        37.506
37.4000    -260022.9600 -260037.6599      14.6998   303.3    3402.4822         1.09900         52.6        37.506
37.4100    -260022.8209 -260036.9023      14.0814   290.5    3402.4822         1.09900         52.6        37.506
37.4200    -260022.4533 -260036.5751      14.1218   291.3    3436.9960         1.08796         52.6        37.506
37.4300    -260022.8759 -260036.6091      13.7332   283.3    3436.9960         1.08796         52.6        37.506
37.4400    -260022.6116 -260037.5602      14.9486   308.4    3446.3263         1.08502         52.6        37.506
37.4500    -260022.5672 -260037.3051      14.7379   304.0    3438.4991         1.08749         52.6        37.506
37.4600    -260022.0563 -260037.5430      15.4867   319.5    3438.4991         1.08749         52.6        37.506
37.4700    -260022.2284 -260036.9152      14.6869   303.0    3412.2266         1.09586         52.7        37.506
37.4800    -260021.9215 -260036.8953      14.9737   308.9    3427.0860         1.09111         52.7        37.506
37.4900    -260021.3693 -260037.1731      15.8038   326.0    3434.2924         1.08882         52.7        37.506
37.5000    -260021.6139 -260037.8494      16.2355   334.9    3434.2924         1.08882         52.7        37.506
37.5100    -260021.8525 -260037.7904      15.9379   328.8    3434.2924         1.08882         52.7        37.506
37.5200    -260021.6607 -260037.5991      15.9384   328.8    3418.7915         1.09376         52.7        37.506
37.5300    -260022.0960 -260036.8967      14.8007   305.3    3418.7915         1.09376         52.7        37.506
37.5400    -260021.4831 -260037.3898      15.9066   328.2    3431.6845         1.08965         52.7        37.506
37.5500    -260022.2397 -260036.8260      14.5863   300.9    3431.6845         1.08965         52.7        37.506
37.5600    -260022.6795 -260037.6616      14.9821   309.1    3431.6845         1.08965         52.7        37.506
37.5700    -260023.3207 -260037.6039      14.2832   294.7    3431.6845         1.08965         52.6        37.506
37.5800    -260022.8331 -260037.8333      15.0001   309.5    3459.6871         1.08083         52.7        37.506
37.5900    -260022.8883 -260037.4661      14.5778   300.7    3461.1443         1.08037         52.7        37.506
37.6000    -260023.2764 -260036.8040      13.5276   279.1    3481.1015         1.07418         52.7        37.506
37.6100    -260023.7351 -260037.8138      14.0787   290.4    3481.1015         1.07418         52.7        37.506
37.6200    -260023.1512 -260037.5204      14.3692   296.4    3481.1015         1.07418         52.7        37.506
37.6300    -260023.7428 -260037.5667      13.8238   285.2    3465.6064         1.07898         52.7        37.506
37.6400    -260024.0354 -260038.0903      14.0549   290.0    3465.6064         1.07898         52.7        37.506
37.6500    -260023.9727 -260039.1770      15.2042   313.7    3465.6064         1.07898         52.7        37.506
37.6600    -260023.2660 -260037.9426      14.6766   302.8    3465.6064         1.07898         52.7        37.506
37.6700    -260022.9620 -260037.8082      14.8461   306.3    3457.1605         1.08162         52.7        37.506
37.6800    -260022.6616 -260036.7091      14.0475   289.8    3457.1605         1.08162         52.7        37.506
37.6900    -260022.3864 -260036.7408      14.3544   296.1    3458.0431         1.08134         52.7        37.506
37.7000    -260022.2060 -260036.6962      14.4902   298.9    3458.0431         1.08134         52.7        37.506
37.7100    -260023.1932 -260038.1886      14.9954   309.4    3458.0431         1.08134         52.7        37.506
37.7200    -260022.7418 -260037.9624      15.2205   314.0    3442.4832         1.08623         52.7        37.506
37.7300    -260022.9154 -260037.9229      15.0075   309.6    3442.4832         1.08623         52.7        37.506
37.7400    -260022.9366 -260037.5012      14.5645   300.5    3419.3283         1.09359         52.7        37.506
37.7500    -260023.0388 -260037.0763      14.0375   289.6    3419.4446         1.09355         52.7        37.506
37.7600    -260023.2862 -260038.4073      15.1211   312.0    3419.4446         1.09355         52.7        37.506
37.7700    -260023.7500 -260037.9462      14.1963   292.9    3419.4446         1.09355         52.7        37.506
37.7800    -260023.9905 -260038.5425      14.5520   300.2    3416.0300         1.09464         52.7        37.506
37.7900    -260024.1618 -260037.9304      13.7685   284.0    3416.0300         1.09464         52.7        37.506
37.8000    -260023.9349 -260037.8325      13.8976   286.7    3416.2020         1.09459         52.7        37.506
37.8100    -260023.8855 -260038.1991      14.3135   295.3    3416.2020         1.09459         52.7        37.506
37.8200    -260023.8806 -260038.3847      14.5042   299.2    3411.7353         1.09602         52.7        37.506
37.8300    -260024.1384 -260038.2603      14.1219   291.3    3411.7353         1.09602         52.7        37.506
37.8400    -260024.4467 -260038.3889      13.9422   287.6    3419.8342         1.09342         52.7        37.506
37.8500    -260024.5977 -260038.4494      13.8517   285.8    3430.8314         1.08992         52.7        37.506
37.8600    -260024.1110 -260037.8007      13.6897   282.4    3430.8314         1.08992         52.7        37.506
37.8700    -260023.9102 -260038.1450      14.2348   293.7    3430.8314         1.08992         52.7        37.506
37.8800    -260023.5304 -260037.7870      14.2566   294.1    3430.8314         1.08992         52.7        37.506
37.8900    -260023.5447 -260037.7180      14.1733   292.4    3419.3766         1.09357         52.7        37.506
37.9000    -260023.1548 -260037.2636      14.1088   291.1    3395.8677         1.10114         52.7        37.506
37.9100    -260023.7224 -260037.2753      13.5529   279.6    3395.8677         1.10114         52.7        37.506
37.9200    -260023.5049 -260038.0669      14.5620   300.4    3407.0707         1.09752         52.7        37.506
37.9300    -260023.8294 -260038.2726      14.4432   298.0    3393.1920         1.10201         52.7        37.506
37.9400    -260023.7412 -260038.1776      14.4365   297.8    3393.1920         1.10201         52.7        37.506
37.9500    -260023.4697 -260037.9486      14.4789   298.7    3373.4032         1.10847         52.7        37.506
37.9600    -260023.4070 -260037.4425      14.0355   289.6    3373.4032         1.10847         52.7        37.506
37.9700    -260023.7528 -260037.6966      13.9438   287.7    3380.3114         1.10621         52.7        37.506
37.9800    -260023.3542 -260037.3913      14.0372   289.6    3378.8341         1.10669         52.8        37.506
37.9900    -260022.6822 -260037.5325      14.8503   306.4    3385.4358         1.10453         52.8        37.506
38.0000    -260022.8749 -260037.5100      14.6351   301.9    3387.6352         1.10382         52.8        37.506
38.0100    -260023.1860 -260038.0062      14.8203   305.7    3387.6352         1.10382         52.8        37.506
38.0200    -260023.4771 -260037.3446      13.8675   286.1    3387.6352         1.10382         52.8        37.506
38.0300    -260023.8774 -260037.9292      14.0518   289.9    3382.0667         1.10563         52.8        37.506
38.0400    -260023.3207 -260038.1738      14.8531   306.4    3385.5505         1.10450         52.8        37.506
38.0500    -260022.9740 -260038.0371      15.0631   310.8    3385.5505         1.10450         52.8        37.506
38.0600    -260022.9531 -260037.4520      14.4990   299.1    3385.5505         1.10450         52.8        37.506
38.0700    -260023.1251 -260037.5198      14.3947   297.0    3385.5505         1.10450         52.8        37.506
38.0800    -260023.3912 -260038.3839      14.9927   309.3    3385.5505         1.10450         52.8        37.506
38.0900    -260023.9827 -260037.5249      13.5422   279.4    3385.5505         1.10450         52.7        37.506
38.1000    -260023.9713 -260037.5433      13.5719   280.0    3361.6310         1.11235         52.8        37.506
38.1100    -260023.6345 -260037.0350      13.4005   276.5    3361.6310         1.11235         52.8        37.506
38.1200    -260023.1641 -260037.5949      14.4308   297.7    3361.6310         1.11235         52.7        37.506
38.1300    -260022.6581 -260037.4014      14.7433   304.2    3367.9821         1.11026         52.8        37.506
38.1400    -260022.2426 -260037.5408      15.2982   315.6    3384.4164         1.10487         52.8        37.506
38.1500    -260022.4814 -260037.0604      14.5790   300.8    3384.4164         1.10487         52.8        37.506
38.1600    -260022.4039 -260037.3177      14.9138   307.7    3384.4164         1.10487         52.8        37.506
38.1700    -260021.9422 -260037.0140      15.0718   310.9    3374.6984         1.10805         52.8        37.506
38.1800    -260022.3263 -260036.8353      14.5090   299.3    3374.6984         1.10805         52.8        37.506
38.1900    -260022.1405 -260036.6421      14.5016   299.2    3374.6984         1.10805         52.7        37.506
38.2000    -260021.9415 -260037.4925      15.5510   320.8    3401.0283         1.09947         52.7        37.506
38.2100    -260022.2692 -260036.9110      14.6418   302.1    3401.0283         1.09947         52.7        37.506
38.2200    -260021.7574 -260036.1332      14.3757   296.6    3401.0283         1.09947         52.7        37.506
38.2300    -260021.5258 -260036.3717      14.8459   306.3    3401.0283         1.09947         52.7        37.506
38.2400    -260020.9142 -260036.4406      15.5264   320.3    3406.2276         1.09779         52.7        37.506
38.2500    -260021.6974 -260036.5161      14.8186   305.7    3406.2276         1.09779         52.7        37.506
38.2600    -260022.3132 -260036.3914      14.0782   290.4    3406.2276         1.09779         52.7        37.506
38.2700    -260022.6917 -260036.3388      13.6471   281.5    3396.9571         1.10079         52.7        37.506
38.2800    -260022.9526 -260037.4220      14.4695   298.5    3400.6615         1.09959         52.7        37.506
38.2900    -260023.0499 -260037.3732      14.3233   295.5    3366.4754         1.11075         52.8        37.506
38.3000    -260023.7010 -260036.9542      13.2532   273.4    3366.4754         1.11075         52.7        37.506
38.3100    -260023.8988 -260037.4185      13.5197   278.9    3366.4754         1.11075         52.7        37.506
38.3200    -260024.1060 -260037.6434      13.5374   279.3    3366.4754         1.11075         52.7        37.506
38.3300    -260024.2637 -260038.6438      14.3802   296.7    3368.2321         1.11017         52.7        37.506
38.3400    -260024.2657 -260038.2201      13.9544   287.9    3368.2321         1.11017         52.7        37.506
38.3500    -260024.6817 -260038.1182      13.4365   277.2    3399.0993         1.10009         52.7        37.506
38.3600    -260024.6645 -260039.3469      14.6824   302.9    3399.0993         1.10009         52.7        37.506
38.3700    -260024.1826 -260038.7709      14.5883   301.0    3399.0993         1.10009         52.7        37.506
38.3800    -260024.0991 -260038.0887      13.9896   288.6    3403.6350         1.09863         52.7        37.506
38.3900    -260023.7566 -260038.8787      15.1221   312.0    3403.6350         1.09863         52.7        37.506
38.4000    -260024.0719 -260038.8950      14.8231   305.8    3403.6350         1.09863         52.7        37.506
38.4100    -260024.2043 -260038.6993      14.4951   299.0    3403.6350         1.09863         52.7        37.506
38.4200    -260024.0671 -260037.6054      13.5383   279.3    3403.6350         1.09863         52.7        37.506
38.4300    -260023.9023 -260038.1802      14.2779   294.6    3403.6350         1.09863         52.7        37.506
38.4400    -260024.0225 -260038.6902      14.6677   302.6    3403.6350         1.09863         52.7        37.506
38.4500    -260024.0594 -260038.3912      14.3318   295.7    3403.6350         1.09863         52.6        37.506
38.4600    -260024.2138 -260038.3889      14.1751   292.4    3403.6350         1.09863         52.6        37.506
38.4700    -260024.4949 -260038.8531      14.3581   296.2    3412.8253         1.09567         52.6        37.506
38.4800    -260024.6472 -260038.9241      14.2769   294.5    3412.8253         1.09567         52.6        37.506
38.4900    -260024.7436 -260038.9713      14.2276   293.5    3412.8253         1.09567         52.6        37.506
38.5000    -260024.3525 -260038.4119      14.0594   290.0    3412.8253         1.09567         52.6        37.506
38.5100    -260024.5552 -260039.1414      14.5863   300.9    3412.8253         1.09567         52.6        37.506
38.5200    -260023.9283 -260038.3815      14.4532   298.2    3412.8253         1.09567         52.6        37.506
38.5300    -260024.1381 -260038.8786      14.7405   304.1    3412.8253         1.09567         52.6        37.506
38.5400    -260023.4680 -260038.4447      14.9767   309.0    3412.8253         1.09567         52.5        37.506
38.5500    -260023.3968 -260038.3810      14.9842   309.1    3412.8253         1.09567         52.5        37.506
38.5600    -260023.7571 -260037.4931      13.7360   283.4    3412.8253         1.09567         52.5        37.506
38.5700    -260023.6155 -260037.1920      13.5765   280.1    3395.3389         1.10131         52.5        37.506
38.5800    -260023.9022 -260037.2108      13.3086   274.6    3408.5010         1.09706         52.6        37.506
38.5900    -260024.2747 -260038.4277      14.1531   292.0    3408.5010         1.09706         52.5        37.506
38.6000    -260024.0502 -260038.6179      14.5677   300.5    3399.4469         1.09998         52.6        37.506
38.6100    -260023.9120 -260038.7023      14.7903   305.1    3399.4469         1.09998         52.6        37.506
38.6200    -260023.3381 -260038.6618      15.3237   316.1    3395.9237         1.10112         52.6        37.506
38.6300    -260023.8645 -260038.0620      14.1975   292.9    3377.2391         1.10721         52.6        37.506
38.6400    -260024.2885 -260037.8490      13.5605   279.8    3377.2391         1.10721         52.6        37.506
38.6500    -260024.6907 -260038.5821      13.8914   286.6    3380.5513         1.10613         52.6        37.506
38.6600    -260024.4325 -260038.0808      13.6482   281.6    3380.5513         1.10613         52.6        37.506
38.6700    -260024.4908 -260038.5931      14.1023   290.9    3354.6196         1.11468         52.6        37.506
38.6800    -260024.2277 -260039.0167      14.7890   305.1    3370.5086         1.10942         52.6        37.506
38.6900    -260024.0965 -260037.8868      13.7903   284.5    3370.5086         1.10942         52.6        37.506
38.7000    -260023.5248 -260038.1886      14.6638   302.5    3370.5086         1.10942         52.6        37.506
38.7100    -260023.3699 -260038.5786      15.2087   313.8    3370.5086         1.10942         52.6        37.506
38.7200    -260023.5488 -260038.9177      15.3689   317.1    3370.5086         1.10942         52.6        37.506
38.7300    -260023.4883 -260038.5253      15.0370   310.2    3356.7875         1.11396         52.6        37.506
38.7400    -260023.8044 -260038.4149      14.6104   301.4    3356.7875         1.11396         52.6        37.506
38.7500    -260023.5948 -260038.1053      14.5105   299.4    3356.7875         1.11396         52.5        37.506
38.7600    -260023.4914 -260037.5272      14.0358   289.6    3356.7875         1.11396         52.5        37.506
38.7700    -260023.1422 -260037.1552      14.0130   289.1    3356.7875         1.11396         52.5        37.506
38.7800    -260022.6694 -260037.4476      14.7781   304.9    3356.7875         1.11396         52.5        37.506
38.7900    -260022.3561 -260037.8958      15.5396   320.6    3373.3836         1.10848         52.5        37.506
38.8000    -260022.1278 -260037.3136      15.1858   313.3    3373.3836         1.10848         52.5        37.506
38.8100    -260022.5675 -260036.5267      13.9592   288.0    3373.3836         1.10848         52.5        37.506
38.8200    -260022.8559 -260037.8166      14.9607   308.6    3373.3836         1.10848         52.5        37.506
38.8300    -260023.7883 -260038.3456      14.5573   300.3    3364.9596         1.11125         52.5        37.506
38.8400    -260024.0823 -260038.5687      14.4864   298.9    3365.1677         1.11119         52.5        37.506
38.8500    -260024.5498 -260039.0112      14.4614   298.3    3365.1677         1.11119         52.5        37.506
38.8600    -260024.3781 -260038.4285      14.0505   289.9    3365.1677         1.11119         52.5        37.506
38.8700    -260024.0399 -260038.8867      14.8468   306.3    3386.8910         1.10406         52.5        37.506
38.8800    -260023.6634 -260038.4581      14.7948   305.2    3365.0695         1.11122         52.5        37.506
38.8900    -260023.2616 -260037.7016      14.4400   297.9    3388.0531         1.10368         52.6        37.506
38.9000    -260023.6703 -260037.7955      14.1252   291.4    3369.9711         1.10960         52.6        37.506
38.9100    -260023.5762 -260038.1024      14.5262   299.7    3369.9711         1.10960         52.6        37.506
38.9200    -260023.9575 -260038.4701      14.5126   299.4    3369.9711         1.10960         52.6        37.506
38.9300    -260024.2915 -260038.3494      14.0579   290.0    3369.9711         1.10960         52.5        37.506
38.9400    -260023.4698 -260037.9400      14.4701   298.5    3394.2768         1.10166         52.6        37.506
38.9500    -260024.0788 -260037.8623      13.7835   284.4    3394.2768         1.10166         52.5        37.506
38.9600    -260023.5416 -260038.1467      14.6051   301.3    3394.2768         1.10166         52.5        37.506
38.9700    -260023.6760 -260038.3806      14.7046   303.4    3394.2768         1.10166         52.5        37.506
38.9800    -260023.9649 -260038.3337      14.3688   296.4    3364.8018         1.11131         52.5        37.506
38.9900    -260023.6726 -260038.1238      14.4512   298.1    3368.1668         1.11020         52.5        37.506
39.0000    -260023.7215 -260037.6738      13.9523   287.8    3368.1668         1.11020         52.5        37.506
39.0100    -260024.0841 -260038.4562      14.3721   296.5    3368.1668         1.11020         52.5        37.506
39.0200    -260023.7744 -260038.1716      14.3972   297.0    3368.1668         1.11020         52.5        37.506
39.0300    -260023.6621 -260037.9279      14.2658   294.3    3352.3193         1.11544         52.5        37.506
39.0400    -260023.1617 -260037.1187      13.9571   287.9    3336.9373         1.12059         52.5        37.506
39.0500    -260023.2340 -260036.7174      13.4834   278.2    3336.9373         1.12059         52.5        37.506
39.0600    -260023.3876 -260037.2516      13.8640   286.0    3336.9373         1.12059         52.5        37.506
39.0700    -260023.2148 -260037.6266      14.4118   297.3    3335.5813         1.12104         52.5        37.506
39.0800    -260023.1816 -260037.7584      14.5769   300.7    3335.5813         1.12104         52.5        37.506
39.0900    -260023.2403 -260037.7687      14.5283   299.7    3331.6455         1.12237         52.5        37.506
39.1000    -260022.8723 -260037.4140      14.5417   300.0    3350.8209         1.11594         52.6        37.506
39.1100    -260022.6336 -260037.7085      15.0749   311.0    3350.8209         1.11594         52.6        37.506
39.1200    -260022.7956 -260037.9830      15.1875   313.3    3350.8209         1.11594         52.5        37.506
39.1300    -260023.2110 -260037.2138      14.0028   288.9    3350.8209         1.11594         52.5        37.506
39.1400    -260023.9455 -260037.5549      13.6094   280.8    3314.1348         1.12830         52.5        37.506
39.1500    -260023.7771 -260038.1069      14.3299   295.6    3298.3493         1.13370         52.6        37.506
39.1600    -260023.7006 -260038.5590      14.8584   306.5    3298.3493         1.13370         52.6        37.506
39.1700    -260023.6173 -260038.9429      15.3255   316.2    3298.3493         1.13370         52.5        37.506
39.1800    -260024.2544 -260038.5413      14.2870   294.7    3310.4770         1.12954         52.6        37.506
39.1900    -260024.4135 -260038.4526      14.0391   289.6    3310.4770         1.12954         52.5        37.506
39.2000    -260025.0641 -260038.8385      13.7744   284.2    3310.4770         1.12954         52.5        37.506
39.2100    -260024.7977 -260038.8417      14.0439   289.7    3310.4770         1.12954         52.5        37.506
39.2200    -260024.2076 -260038.5979      14.3903   296.9    3310.4770         1.12954         52.5        37.506
39.2300    -260024.2770 -260038.6614      14.3844   296.8    3310.4770         1.12954         52.5        37.506
39.2400    -260024.4481 -260038.3907      13.9425   287.6    3314.3000         1.12824         52.5        37.506
39.2500    -260023.8454 -260038.5832      14.7378   304.0    3314.3000         1.12824         52.5        37.506
39.2600    -260023.9977 -260038.2516      14.2539   294.1    3314.3000         1.12824         52.5        37.506
39.2700    -260024.3770 -260039.1894      14.8124   305.6    3314.3000         1.12824         52.5        37.506
39.2800    -260024.7126 -260038.6899      13.9773   288.4    3314.3000         1.12824         52.5        37.506
39.2900    -260024.8814 -260039.0992      14.2178   293.3    3314.3000         1.12824         52.4        37.506
39.3000    -260024.6802 -260038.8280      14.1478   291.9    3314.3000         1.12824         52.4        37.506
39.3100    -260024.7614 -260039.8518      15.0904   311.3    3314.3000         1.12824         52.4        37.506
39.3200    -260024.7344 -260038.8603      14.1259   291.4    3291.5426         1.13604         52.4        37.506
39.3300    -260024.5606 -260038.4746      13.9140   287.0    3275.6660         1.14155         52.4        37.506
39.3400    -260024.7023 -260038.3561      13.6538   281.7    3275.6660         1.14155         52.4        37.506
39.3500    -260024.6641 -260038.7636      14.0995   290.9    3302.9927         1.13210         52.4        37.506
39.3600    -260024.8862 -260038.6387      13.7526   283.7    3302.9927         1.13210         52.4        37.506
39.3700    -260024.9046 -260038.5944      13.6899   282.4    3302.9927         1.13210         52.4        37.506
39.3800    -260024.7052 -260038.5146      13.8094   284.9    3302.9927         1.13210         52.4        37.506
39.3900    -260024.5942 -260038.9577      14.3635   296.3    3305.2120         1.13134         52.4        37.506
39.4000    -260024.5538 -260038.7502      14.1964   292.9    3305.9046         1.13111         52.4        37.506
39.4100    -260024.7847 -260038.7675      13.9829   288.5    3305.9046         1.13111         52.4        37.506
39.4200    -260024.2036 -260039.0131      14.8094   305.5    3311.5622         1.12917         52.5        37.506
39.4300    -260024.0859 -260039.5208      15.4349   318.4    3314.0489         1.12833         52.5        37.506
39.4400    -260024.7777 -260038.9305      14.1527   292.0    3314.0489         1.12833         52.5        37.506
39.4500    -260024.1739 -260038.6494      14.4755   298.6    3314.0489         1.12833         52.4        37.506
39.4600    -260024.0296 -260038.0957      14.0661   290.2    3314.0489         1.12833         52.4        37.506
39.4700    -260024.2647 -260037.4342      13.1695   271.7    3339.8207         1.11962         52.5        37.506
39.4800    -260024.0381 -260037.0674      13.0293   268.8    3339.8207         1.11962         52.4        37.506
39.4900    -260024.4588 -260037.6976      13.2389   273.1    3316.5906         1.12746         52.5        37.506
39.5000    -260023.9335 -260038.7087      14.7752   304.8    3316.5906         1.12746         52.4        37.506
39.5100    -260024.2517 -260039.0111      14.7594   304.5    3316.5906         1.12746         52.4        37.506
39.5200    -260024.5772 -260037.8365      13.2593   273.5    3343.3316         1.11844         52.5        37.506
39.5300    -260024.8862 -260038.0415      13.1554   271.4    3343.3316         1.11844         52.4        37.506
39.5400    -260024.7691 -260038.2342      13.4651   277.8    3339.6244         1.11968         52.5        37.506
39.5500    -260024.2467 -260038.4640      14.2173   293.3    3322.5022         1.12545         52.5        37.506
39.5600    -260023.4034 -260038.0174      14.6140   301.5    3322.5022         1.12545         52.5        37.506
39.5700    -260022.7442 -260037.0324      14.2882   294.8    3322.5022         1.12545         52.4        37.506
39.5800    -260022.3744 -260037.1256      14.7512   304.3    3322.5022         1.12545         52.4        37.506
39.5900    -260022.6220 -260037.6463      15.0243   310.0    3322.5022         1.12545         52.4        37.506
39.6000    -260022.6437 -260037.8533      15.2097   313.8    3322.5022         1.12545         52.4        37.506
39.6100    -260022.8074 -260037.3081      14.5007   299.2    3322.5022         1.12545         52.4        37.506
39.6200    -260022.7154 -260038.3191      15.6037   321.9    3334.8155         1.12130         52.4        37.506
39.6300    -260023.5510 -260038.4057      14.8547   306.5    3334.8155         1.12130         52.4        37.506
39.6400    -260023.4020 -260037.9498      14.5478   300.1    3351.9917         1.11555         52.4        37.506
39.6500    -260022.9881 -260037.6921      14.7039   303.3    3357.5391         1.11371         52.4        37.506
39.6600    -260023.2366 -260037.6838      14.4472   298.0    3357.5391         1.11371         52.4        37.506
39.6700    -260023.4217 -260038.4921      15.0703   310.9    3331.9416         1.12227         52.4        37.506
39.6800    -260022.9216 -260038.6454      15.7238   324.4    3353.2883         1.11512         52.5        37.506
39.6900    -260023.5382 -260038.3589      14.8207   305.8    3353.2883         1.11512         52.4        37.506
39.7000    -260023.7118 -260038.5648      14.8530   306.4    3353.2883         1.11512         52.4        37.506
39.7100    -260023.1695 -260038.0314      14.8618   306.6    3353.2883         1.11512         52.4        37.506
39.7200    -260023.3620 -260038.4152      15.0532   310.6    3353.2883         1.11512         52.4        37.506
39.7300    -260023.6704 -260038.5378      14.8674   306.7    3353.2883         1.11512         52.4        37.506
39.7400    -260023.4949 -260038.6769      15.1820   313.2    3355.6824         1.11433         52.4        37.506
39.7500    -260023.0678 -260037.3818      14.3140   295.3    3355.6824         1.11433         52.4        37.506
39.7600    -260022.7838 -260037.1226      14.3388   295.8    3355.6824         1.11433         52.4        37.506
39.7700    -260022.6926 -260038.4047      15.7121   324.1    3355.6824         1.11433         52.4        37.506
39.7800    -260022.4251 -260037.9197      15.4945   319.7    3355.6824         1.11433         52.4        37.506
39.7900    -260023.0973 -260039.0665      15.9692   329.4    3369.2562         1.10984         52.4        37.506
39.8000    -260023.0721 -260038.7743      15.7022   323.9    3354.2067         1.11482         52.4        37.506
39.8100    -260022.8827 -260037.8320      14.9493   308.4    3354.2067         1.11482         52.4        37.506
39.8200    -260023.0721 -260037.9385      14.8665   306.7    3365.6074         1.11104         52.4        37.506
39.8300    -260022.7331 -260037.9501      15.2170   313.9    3366.1438         1.11086         52.4        37.506
39.8400    -260023.1726 -260037.7052      14.5326   299.8    3378.0838         1.10694         52.4        37.506
39.8500    -260023.5249 -260038.1291      14.6042   301.3    3378.0838         1.10694         52.4        37.506
39.8600    -260023.4657 -260037.6131      14.1475   291.9    3378.0838         1.10694         52.4        37.506
39.8700    -260023.7680 -260037.7315      13.9635   288.1    3387.6975         1.10380         52.4        37.506
39.8800    -260023.5273 -260038.1294      14.6021   301.2    3387.6975         1.10380         52.4        37.506
39.8900    -260023.7142 -260038.1583      14.4442   298.0    3387.6975         1.10380         52.4        37.506
39.9000    -260023.8538 -260038.2051      14.3513   296.1    3379.8529         1.10636         52.4        37.506
39.9100    -260023.7189 -260038.6295      14.9106   307.6    3379.8529         1.10636         52.4        37.506
39.9200    -260024.2557 -260037.7739      13.5182   278.9    3382.8512         1.10538         52.4        37.506
39.9300    -260023.7242 -260037.6662      13.9420   287.6    3382.8512         1.10538         52.4        37.506
39.9400    -260023.7114 -260037.4403      13.7289   283.2    3371.3638         1.10914         52.4        37.506
39.9500    -260023.3854 -260037.6379      14.2525   294.0    3372.0350         1.10892         52.4        37.506
39.9600    -260023.6708 -260038.2542      14.5834   300.9    3372.0350         1.10892         52.4        37.506
39.9700    -260023.2300 -260038.1050      14.8750   306.9    3378.9098         1.10667         52.5        37.506
39.9800    -260023.7543 -260037.7846      14.0303   289.4    3365.6257         1.11103         52.5        37.506
39.9900    -260023.9890 -260038.6198      14.6308   301.8    3372.2716         1.10884         52.5        37.506
40.0000    -260024.6344 -260038.8047      14.1703   292.3    3372.2716         1.10884         52.5        37.506
40.0100    -260024.5152 -260038.6778      14.1626   292.2    3372.2716         1.10884         52.5        37.506
40.0200    -260024.3236 -260038.1187      13.7951   284.6    3384.3976         1.10487         52.5        37.506
40.0300    -260024.4119 -260038.6322      14.2203   293.4    3384.3976         1.10487         52.5        37.506
40.0400    -260025.0344 -260039.6963      14.6618   302.5    3384.3976         1.10487         52.5        37.506
40.0500    -260024.5687 -260039.6695      15.1007   311.5    3397.6442         1.10056         52.5        37.506
40.0600    -260024.2120 -260039.2243      15.0123   309.7    3397.6442         1.10056         52.5        37.506
40.0700    -260023.9638 -260038.7037      14.7399   304.1    3397.3810         1.10065         52.5        37.506
40.0800    -260023.5341 -260037.9559      14.4218   297.5    3397.3810         1.10065         52.5        37.506
40.0900    -260023.7507 -260038.2454      14.4948   299.0    3397.3810         1.10065         52.4        37.506
40.1000    -260023.2119 -260037.2261      14.0142   289.1    3397.3810         1.10065         52.4        37.506
40.1100    -260023.2899 -260037.9573      14.6674   302.6    3397.3810         1.10065         52.4        37.506
40.1200    -260022.9984 -260037.7599      14.7614   304.5    3379.6823         1.10641         52.4        37.506
40.1300    -260022.9089 -260037.6851      14.7762   304.8    3414.4144         1.09516         52.5        37.506
40.1400    -260024.2322 -260039.0184      14.7862   305.0    3414.4144         1.09516         52.4        37.506
40.1500    -260024.6794 -260038.9226      14.2432   293.8    3414.4144         1.09516         52.4        37.506
40.1600    -260025.1542 -260039.5950      14.4408   297.9    3414.4144         1.09516         52.4        37.506
40.1700    -260025.4993 -260039.3536      13.8543   285.8    3414.4144         1.09516         52.4        37.506
40.1800    -260025.0638 -260039.5658      14.5020   299.2    3414.4144         1.09516         52.4        37.506
40.1900    -260025.2910 -260039.4598      14.1688   292.3    3414.4144         1.09516         52.4        37.506
40.2000    -260024.8432 -260039.5956      14.7524   304.3    3428.2430         1.09074         52.4        37.506
40.2100    -260024.7385 -260039.2169      14.4784   298.7    3428.2430         1.09074         52.4        37.506
40.2200    -260025.1895 -260038.2885      13.0990   270.2    3428.2430         1.09074         52.4        37.506
40.2300    -260025.1982 -260038.7120      13.5138   278.8    3394.5188         1.10158         52.4        37.506
40.2400    -260025.8287 -260039.9562      14.1275   291.5    3394.5188         1.10158         52.4        37.506
40.2500    -260025.9994 -260039.5766      13.5771   280.1    3371.8326         1.10899         52.4        37.506
40.2600    -260026.0833 -260040.1028      14.0195   289.2    3371.8326         1.10899         52.4        37.506
40.2700    -260026.0943 -260040.1965      14.1022   290.9    3371.8326         1.10899         52.4        37.506
40.2800    -260025.9539 -260039.8995      13.9456   287.7    3371.8326         1.10899         52.4        37.506
40.2900    -260025.7574 -260039.8395      14.0821   290.5    3377.8586         1.10701         52.4        37.506
40.3000    -260025.6086 -260039.4197      13.8111   284.9    3353.0564         1.11520         52.4        37.506
40.3100    -260025.6702 -260039.6106      13.9404   287.6    3353.0564         1.11520         52.4        37.506
40.3200    -260026.2724 -260039.5315      13.2591   273.5    3353.0564         1.11520         52.4        37.506
40.3300    -260025.8236 -260040.1847      14.3611   296.3    3353.0564         1.11520         52.4        37.506
40.3400    -260025.6122 -260040.3190      14.7068   303.4    3382.9835         1.10533         52.4        37.506
40.3500    -260025.1200 -260039.4059      14.2860   294.7    3387.6608         1.10381         52.4        37.506
40.3600    -260024.9795 -260038.8997      13.9202   287.2    3387.6608         1.10381         52.4        37.506
40.3700    -260024.1386 -260037.8412      13.7026   282.7    3387.6608         1.10381         52.4        37.506
40.3800    -260024.1823 -260038.4957      14.3134   295.3    3387.6608         1.10381         52.4        37.506
40.3900    -260024.0425 -260037.9837      13.9412   287.6    3387.6608         1.10381         52.3        37.506
40.4000    -260023.3807 -260038.1549      14.7743   304.8    3387.6608         1.10381         52.3        37.506
40.4100    -260023.2159 -260037.8899      14.6740   302.7    3387.6608         1.10381         52.3        37.506
40.4200    -260023.9721 -260038.1633      14.1912   292.8    3391.3796         1.10260         52.3        37.506
40.4300    -260023.9811 -260038.7467      14.7656   304.6    3391.3796         1.10260         52.3        37.506
40.4400    -260023.9978 -260037.9836      13.9858   288.5    3391.3796         1.10260         52.3        37.506
40.4500    -260023.8386 -260038.1011      14.2625   294.2    3394.2279         1.10167         52.3        37.506
40.4600    -260023.4870 -260036.7904      13.3033   274.5    3394.2279         1.10167         52.3        37.506
40.4700    -260023.4777 -260037.1516      13.6739   282.1    3411.2390         1.09618         52.3        37.506
40.4800    -260022.7117 -260037.0021      14.2904   294.8    3405.8866         1.09790         52.3        37.506
40.4900    -260023.0356 -260036.5975      13.5619   279.8    3389.7936         1.10311         52.4        37.506
40.5000    -260022.9034 -260037.6852      14.7817   305.0    3386.8780         1.10406         52.4        37.506
40.5100    -260023.7554 -260038.3903      14.6349   301.9    3386.8780         1.10406         52.4        37.506
40.5200    -260024.2550 -260038.3192      14.0642   290.1    3386.8780         1.10406         52.4        37.506
40.5300    -260024.4524 -260038.9900      14.5376   299.9    3386.8780         1.10406         52.3        37.506
40.5400    -260024.8727 -260039.2161      14.3435   295.9    3386.8780         1.10406         52.3        37.506
40.5500    -260024.4552 -260038.5006      14.0455   289.8    3400.9319         1.09950         52.3        37.506
40.5600    -260024.4559 -260038.6066      14.1506   291.9    3400.9319         1.09950         52.3        37.506
40.5700    -260024.0147 -260038.3491      14.3343   295.7    3400.9319         1.09950         52.3        37.506
40.5800    -260023.8605 -260038.1418      14.2814   294.6    3400.9319         1.09950         52.3        37.506
40.5900    -260024.3245 -260037.8750      13.5506   279.6    3400.9319         1.09950         52.3        37.506
40.6000    -260023.9145 -260037.7430      13.8285   285.3    3425.8986         1.09149         52.3        37.506
40.6100    -260023.7270 -260037.3149      13.5879   280.3    3425.8986         1.09149         52.3        37.506
40.6200    -260023.6109 -260038.4713      14.8604   306.6    3425.8986         1.09149         52.3        37.506
40.6300    -260023.9486 -260038.5719      14.6233   301.7    3436.9065         1.08799         52.3        37.506
40.6400    -260023.7515 -260038.2529      14.5015   299.2    3471.4724         1.07716         52.3        37.506
40.6500    -260024.2657 -260037.6809      13.4151   276.8    3443.5061         1.08591         52.3        37.506
40.6600    -260023.9692 -260037.8818      13.9127   287.0    3443.5061         1.08591         52.3        37.506
40.6700    -260023.8141 -260037.2856      13.4715   277.9    3443.5061         1.08591         52.3        37.506
40.6800    -260024.0302 -260037.6106      13.5804   280.2    3443.5061         1.08591         52.3        37.506
40.6900    -260024.1892 -260037.4153      13.2262   272.9    3440.2139         1.08695         52.3        37.506
40.7000    -260023.7991 -260037.9705      14.1714   292.4    3440.2139         1.08695         52.3        37.506
40.7100    -260024.0613 -260037.1623      13.1010   270.3    3440.2139         1.08695         52.3        37.506
40.7200    -260023.2973 -260037.2406      13.9433   287.7    3440.2139         1.08695         52.3        37.506
40.7300    -260023.2013 -260037.4595      14.2582   294.1    3429.2013         1.09044         52.3        37.506
40.7400    -260022.7570 -260036.8144      14.0573   290.0    3445.8728         1.08516         52.3        37.506
40.7500    -260022.0459 -260036.7296      14.6837   302.9    3445.8728         1.08516         52.3        37.506
40.7600    -260022.2147 -260037.2323      15.0176   309.8    3445.8728         1.08516         52.3        37.506
40.7700    -260021.8363 -260036.7540      14.9177   307.8    3448.6478         1.08429         52.3        37.506
40.7800    -260021.8582 -260036.4976      14.6393   302.0    3448.6478         1.08429         52.3        37.506
40.7900    -260022.6056 -260036.7724      14.1668   292.3    3448.6478         1.08429         52.3        37.506
40.8000    -260022.8844 -260036.8015      13.9171   287.1    3448.6478         1.08429         52.3        37.506
40.8100    -260022.9979 -260037.4720      14.4741   298.6    3448.6478         1.08429         52.3        37.506
40.8200    -260022.4775 -260037.8572      15.3797   317.3    3453.0734         1.08290         52.3        37.506
40.8300    -260023.1331 -260036.8798      13.7466   283.6    3445.7007         1.08522         52.3        37.506
40.8400    -260022.6424 -260036.9713      14.3289   295.6    3430.3852         1.09006         52.3        37.506
40.8500    -260022.8834 -260038.0399      15.1565   312.7    3444.5411         1.08558         52.3        37.506
40.8600    -260022.9047 -260038.1128      15.2081   313.7    3444.5411         1.08558         52.3        37.506
40.8700    -260023.5287 -260038.0994      14.5707   300.6    3428.0162         1.09081         52.3        37.506
40.8800    -260023.2089 -260038.4638      15.2549   314.7    3428.0162         1.09081         52.3        37.506
40.8900    -260023.8358 -260037.3768      13.5410   279.4    3428.0162         1.09081         52.3        37.506
40.9000    -260023.4056 -260037.3556      13.9500   287.8    3428.0162         1.09081         52.3        37.506
40.9100    -260024.3024 -260038.1803      13.8779   286.3    3428.0162         1.09081         52.3        37.506
40.9200    -260023.7078 -260038.4139      14.7061   303.4    3428.0162         1.09081         52.3        37.506
40.9300    -260024.0362 -260038.2167      14.1806   292.5    3428.0162         1.09081         52.3        37.506
40.9400    -260024.2106 -260038.5762      14.3656   296.4    3428.0162         1.09081         52.2        37.506
40.9500    -260024.5509 -260038.8241      14.2733   294.5    3428.0162         1.09081         52.2        37.506
40.9600    -260024.5147 -260038.2991      13.7844   284.4    3428.0162         1.09081         52.2        37.506
40.9700    -260024.4596 -260037.6247      13.1650   271.6    3432.9659         1.08924         52.2        37.506
40.9800    -260024.0454 -260038.1844      14.1391   291.7    3432.9659         1.08924         52.2        37.506
40.9900    -260024.0458 -260038.2414      14.1956   292.9    3432.9659         1.08924         52.2        37.506
41.0000    -260024.1261 -260038.1849      14.0588   290.0    3448.4540         1.08435         52.2        37.506
41.0100    -260024.5436 -260037.9258      13.3823   276.1    3448.4540         1.08435         52.2        37.506
41.0200    -260023.6813 -260038.9676      15.2863   315.4    3448.4540         1.08435         52.2        37.506
41.0300    -260023.9879 -260038.6215      14.6336   301.9    3445.8728         1.08516         52.2        37.506
41.0400    -260023.5130 -260038.2430      14.7300   303.9    3435.9617         1.08829         52.2        37.506
41.0500    -260023.3739 -260037.7782      14.4043   297.2    3437.7599         1.08772         52.3        37.506
41.0600    -260023.7416 -260037.7068      13.9652   288.1    3437.7599         1.08772         52.3        37.506
41.0700    -260023.5406 -260038.2969      14.7563   304.4    3437.7599         1.08772         52.2        37.506
41.0800    -260023.7646 -260038.2479      14.4833   298.8    3428.5119         1.09066         52.3        37.506
41.0900    -260023.2736 -260037.3414      14.0677   290.2    3411.7810         1.09600         52.3        37.506
41.1000    -260023.0934 -260037.8389      14.7454   304.2    3408.2140         1.09715         52.3        37.506
41.1100    -260022.9586 -260038.3685      15.4099   317.9    3408.2140         1.09715         52.3        37.506
41.1200    -260022.5986 -260037.8099      15.2113   313.8    3408.2140         1.09715         52.3        37.506
41.1300    -260022.6771 -260037.4273      14.7502   304.3    3385.3067         1.10458         52.3        37.506
41.1400    -260022.0935 -260037.3831      15.2896   315.4    3385.3067         1.10458         52.3        37.506
41.1500    -260021.8403 -260037.4450      15.6047   321.9    3387.3933         1.10389         52.3        37.506
41.1600    -260022.0578 -260037.7344      15.6766   323.4    3387.3933         1.10389         52.3        37.506
41.1700    -260022.2851 -260036.9310      14.6459   302.1    3399.0716         1.10010         52.3        37.506
41.1800    -260021.9341 -260037.9186      15.9845   329.8    3399.0716         1.10010         52.3        37.506
41.1900    -260022.0246 -260037.1880      15.1634   312.8    3375.8005         1.10769         52.3        37.506
41.2000    -260021.5830 -260037.4311      15.8481   327.0    3393.3145         1.10197         52.3        37.506
41.2100    -260022.1688 -260037.5511      15.3822   317.3    3393.3145         1.10197         52.3        37.506
41.2200    -260022.2647 -260038.2460      15.9813   329.7    3416.8831         1.09437         52.3        37.506
41.2300    -260022.9814 -260038.0736      15.0922   311.4    3416.8831         1.09437         52.3        37.506
41.2400    -260022.6201 -260037.8440      15.2240   314.1    3446.8158         1.08486         52.3        37.506
41.2500    -260022.5715 -260037.0842      14.5126   299.4    3446.8158         1.08486         52.3        37.506
41.2600    -260022.3495 -260037.5846      15.2351   314.3    3446.8158         1.08486         52.3        37.506
41.2700    -260022.3039 -260037.6519      15.3480   316.6    3453.0715         1.08290         52.3        37.506
41.2800    -260022.3785 -260037.7981      15.4196   318.1    3429.2831         1.09041         52.3        37.506
41.2900    -260022.6871 -260037.5845      14.8974   307.3    3429.2831         1.09041         52.3        37.506
41.3000    -260022.3156 -260037.6277      15.3121   315.9    3451.7287         1.08332         52.3        37.506
41.3100    -260022.5117 -260037.7143      15.2026   313.6    3451.7287         1.08332         52.3        37.506
41.3200    -260021.6874 -260037.6498      15.9624   329.3    3451.7287         1.08332         52.3        37.506
41.3300    -260021.5077 -260037.1946      15.6870   323.6    3445.1436         1.08539         52.3        37.506
41.3400    -260021.7546 -260036.9275      15.1729   313.0    3437.4396         1.08782         52.3        37.506
41.3500    -260022.2695 -260037.7347      15.4653   319.1    3446.2734         1.08503         52.4        37.506
41.3600    -260022.2451 -260038.1925      15.9475   329.0    3446.2734         1.08503         52.4        37.506
41.3700    -260022.1601 -260038.0365      15.8764   327.5    3446.2734         1.08503         52.3        37.506
41.3800    -260021.8919 -260037.5412      15.6493   322.8    3446.2734         1.08503         52.3        37.506
41.3900    -260022.3001 -260037.9167      15.6166   322.2    3417.9919         1.09401         52.3        37.506
41.4000    -260022.6924 -260038.0520      15.3596   316.9    3414.6880         1.09507         52.4        37.506
41.4100    -260023.5227 -260038.1286      14.6058   301.3    3414.6880         1.09507         52.4        37.506
41.4200    -260023.6160 -260037.6404      14.0243   289.3    3414.6880         1.09507         52.3        37.506
41.4300    -260024.4063 -260038.6062      14.1999   292.9    3414.6880         1.09507         52.3        37.506
41.4400    -260024.4136 -260038.5168      14.1032   291.0    3414.6880         1.09507         52.3        37.506
41.4500    -260024.0798 -260038.2885      14.2087   293.1    3397.9121         1.10048         52.3        37.506
41.4600    -260023.6298 -260038.3618      14.7320   303.9    3397.9121         1.10048         52.3        37.506
41.4700    -260023.3624 -260038.0526      14.6902   303.1    3373.4405         1.10846         52.3        37.506
41.4800    -260023.7699 -260037.8512      14.0813   290.5    3355.0661         1.11453         52.4        37.506
41.4900    -260023.7118 -260037.8680      14.1562   292.0    3355.0661         1.11453         52.3        37.506
41.5000    -260023.6217 -260037.7647      14.1429   291.8    3355.0661         1.11453         52.3        37.506
41.5100    -260023.7278 -260037.2966      13.5688   279.9    3355.0661         1.11453         52.3        37.506
41.5200    -260023.6653 -260037.8464      14.1811   292.6    3343.7841         1.11829         52.3        37.506
41.5300    -260023.8928 -260037.5556      13.6628   281.9    3327.8213         1.12366         52.3        37.506
41.5400    -260023.3518 -260038.5418      15.1901   313.4    3354.0205         1.11488         52.4        37.506
41.5500    -260023.7130 -260037.4203      13.7073   282.8    3367.1483         1.11053         52.4        37.506
41.5600    -260023.8407 -260038.1055      14.2648   294.3    3367.1483         1.11053         52.4        37.506
41.5700    -260024.0053 -260038.7737      14.7684   304.7    3367.1483         1.11053         52.4        37.506
41.5800    -260023.9641 -260039.3685      15.4045   317.8    3345.5823         1.11769         52.4        37.506
41.5900    -260024.8453 -260039.0575      14.2122   293.2    3345.5823         1.11769         52.4        37.506
41.6000    -260024.8972 -260039.0994      14.2023   293.0    3345.5823         1.11769         52.3        37.506
41.6100    -260024.1802 -260038.5308      14.3506   296.1    3345.5823         1.11769         52.3        37.506
41.6200    -260023.8275 -260038.0414      14.2139   293.2    3345.5823         1.11769         52.3        37.506
41.6300    -260023.4096 -260038.3627      14.9530   308.5    3345.5823         1.11769         52.3        37.506
41.6400    -260023.1291 -260038.1345      15.0054   309.6    3345.5823         1.11769         52.3        37.506
41.6500    -260023.5211 -260038.2261      14.7050   303.4    3336.5706         1.12071         52.3        37.506
41.6600    -260023.7405 -260038.9722      15.2316   314.2    3336.5706         1.12071         52.3        37.506
41.6700    -260023.7805 -260039.0235      15.2430   314.5    3332.1878         1.12218         52.3        37.506
41.6800    -260024.5801 -260038.7649      14.1848   292.6    3332.1878         1.12218         52.3        37.506
41.6900    -260024.4301 -260039.5708      15.1407   312.4    3357.8611         1.11360         52.3        37.506
41.7000    -260024.2105 -260037.8388      13.6283   281.2    3383.8932         1.10504         52.3        37.506
41.7100    -260023.7007 -260038.0579      14.3572   296.2    3383.8932         1.10504         52.3        37.506
41.7200    -260023.7597 -260038.5227      14.7629   304.6    3382.2924         1.10556         52.4        37.506
41.7300    -260023.3825 -260037.8744      14.4919   299.0    3385.9901         1.10435         52.4        37.506
41.7400    -260023.2660 -260038.1743      14.9083   307.6    3385.9901         1.10435         52.4        37.506
41.7500    -260023.5627 -260038.1542      14.5915   301.0    3385.9901         1.10435         52.3        37.506
41.7600    -260023.8358 -260038.0868      14.2509   294.0    3385.9901         1.10435         52.3        37.506
41.7700    -260024.1773 -260037.6746      13.4972   278.5    3385.9901         1.10435         52.3        37.506
41.7800    -260023.9710 -260037.3845      13.4135   276.7    3395.2633         1.10134         52.3        37.506
41.7900    -260024.1219 -260037.6636      13.5417   279.4    3395.2633         1.10134         52.3        37.506
41.8000    -260024.0397 -260038.2735      14.2338   293.6    3387.8480         1.10375         52.3        37.506
41.8100    -260023.8975 -260037.6459      13.7484   283.6    3387.8480         1.10375         52.3        37.506
41.8200    -260023.6615 -260037.0885      13.4270   277.0    3389.8753         1.10309         52.3        37.506
41.8300    -260023.3636 -260037.1023      13.7387   283.4    3401.3565         1.09936         52.4        37.506
41.8400    -260022.6193 -260037.6253      15.0060   309.6    3396.5367         1.10092         52.4        37.506
41.8500    -260022.7771 -260037.3828      14.6056   301.3    3396.5367         1.10092         52.4        37.506
41.8600    -260022.8100 -260036.9370      14.1270   291.4    3396.5367         1.10092         52.4        37.506
41.8700    -260023.3891 -260036.9545      13.5654   279.9    3396.5367         1.10092         52.3        37.506
41.8800    -260023.0077 -260038.1156      15.1079   311.7    3385.1528         1.10463         52.4        37.506
41.8900    -260023.0290 -260038.5201      15.4911   319.6    3385.1528         1.10463         52.3        37.506
41.9000    -260023.6989 -260038.7100      15.0111   309.7    3385.1528         1.10463         52.3        37.506
41.9100    -260023.6564 -260038.9388      15.2823   315.3    3385.1528         1.10463         52.3        37.506
41.9200    -260023.4440 -260039.0197      15.5757   321.3    3394.7295         1.10151         52.3        37.506
41.9300    -260023.4160 -260038.3991      14.9831   309.1    3414.9200         1.09500         52.4        37.506
41.9400    -260023.0689 -260037.6884      14.6195   301.6    3414.9200         1.09500         52.3        37.506
41.9500    -260023.3181 -260038.2708      14.9527   308.5    3386.0729         1.10433         52.4        37.506
41.9600    -260023.8696 -260038.4928      14.6232   301.7    3386.0729         1.10433         52.4        37.506
41.9700    -260023.8581 -260038.2032      14.3451   295.9    3384.2524         1.10492         52.4        37.506
41.9800    -260023.9707 -260038.0765      14.1059   291.0    3398.0921         1.10042         52.4        37.506
41.9900    -260023.8918 -260038.5614      14.6696   302.6    3411.1468         1.09621         52.4        37.506
42.0000    -260023.8333 -260038.6176      14.7843   305.0    3409.9900         1.09658         52.4        37.506
42.0100    -260024.0982 -260037.7299      13.6317   281.2    3409.9900         1.09658         52.4        37.506
42.0200    -260024.0174 -260038.3972      14.3797   296.7    3409.9900         1.09658         52.4        37.506
42.0300    -260023.8820 -260038.0330      14.1510   291.9    3409.9900         1.09658         52.4        37.506
42.0400    -260024.7338 -260038.4341      13.7003   282.6    3392.6669         1.10218         52.4        37.506
42.0500    -260024.7088 -260038.4712      13.7624   283.9    3392.6669         1.10218         52.4        37.506
42.0600    -260024.9160 -260039.0640      14.1480   291.9    3392.6669         1.10218         52.4        37.506
42.0700    -260025.0349 -260039.3773      14.3424   295.9    3392.6669         1.10218         52.4        37.506
42.0800    -260024.6964 -260039.4408      14.7444   304.2    3392.6669         1.10218         52.3        37.506
42.0900    -260024.4255 -260038.6835      14.2579   294.1    3409.6699         1.09668         52.4        37.506
42.1000    -260024.9631 -260039.1073      14.1442   291.8    3409.6699         1.09668         52.3        37.506
42.1100    -260024.9484 -260039.1906      14.2422   293.8    3409.6699         1.09668         52.3        37.506
42.1200    -260025.1198 -260039.2680      14.1482   291.9    3418.9154         1.09372         52.4        37.506
42.1300    -260025.9309 -260039.2354      13.3045   274.5    3417.6084         1.09414         52.4        37.506
42.1400    -260025.7538 -260038.9829      13.2291   272.9    3404.5133         1.09834         52.4        37.506
42.1500    -260026.0779 -260039.6467      13.5688   279.9    3404.5133         1.09834         52.4        37.506
42.1600    -260025.9996 -260040.0570      14.0575   290.0    3404.5133         1.09834         52.4        37.506
42.1700    -260026.5239 -260039.7619      13.2379   273.1    3388.4932         1.10354         52.4        37.506
42.1800    -260026.2159 -260038.8740      12.6581   261.1    3388.4932         1.10354         52.4        37.506
42.1900    -260026.5212 -260040.0072      13.4861   278.2    3388.4932         1.10354         52.4        37.506
42.2000    -260026.1427 -260039.4349      13.2922   274.2    3357.7871         1.11363         52.4        37.506
42.2100    -260025.9302 -260039.6924      13.7622   283.9    3357.7871         1.11363         52.4        37.506
42.2200    -260026.0762 -260040.3851      14.3089   295.2    3357.7871         1.11363         52.4        37.506
42.2300    -260025.8070 -260039.7669      13.9599   288.0    3357.7871         1.11363         52.3        37.506
42.2400    -260025.9740 -260040.2319      14.2579   294.1    3371.0770         1.10924         52.4        37.506
42.2500    -260026.0966 -260040.2094      14.1128   291.2    3371.0770         1.10924         52.3        37.506
42.2600    -260026.0491 -260039.4552      13.4061   276.6    3371.0770         1.10924         52.3        37.506
42.2700    -260025.7304 -260039.9689      14.2385   293.7    3406.6098         1.09767         52.4        37.506
42.2800    -260025.8817 -260039.7692      13.8875   286.5    3406.6098         1.09767         52.3        37.506
42.2900    -260026.0725 -260039.6953      13.6227   281.0    3373.3196         1.10850         52.3        37.506
42.3000    -260025.7037 -260039.0361      13.3324   275.1    3373.3196         1.10850         52.3        37.506
42.3100    -260025.3418 -260039.1828      13.8410   285.5    3373.3196         1.10850         52.3        37.506
42.3200    -260024.9907 -260038.7764      13.7857   284.4    3373.3196         1.10850         52.3        37.506
42.3300    -260024.9988 -260039.0265      14.0277   289.4    3373.3196         1.10850         52.3        37.506
42.3400    -260024.3588 -260038.7576      14.3988   297.1    3377.3001         1.10719         52.3        37.506
42.3500    -260024.2019 -260039.2731      15.0711   310.9    3377.3001         1.10719         52.3        37.506
42.3600    -260023.9007 -260038.8246      14.9239   307.9    3377.3001         1.10719         52.3        37.506
42.3700    -260024.2412 -260038.4311      14.1900   292.7    3386.3783         1.10423         52.3        37.506
42.3800    -260024.7155 -260038.7141      13.9985   288.8    3387.4960         1.10386         52.3        37.506
42.3900    -260024.6551 -260038.6118      13.9567   287.9    3387.4960         1.10386         52.3        37.506
42.4000    -260024.1751 -260038.1593      13.9842   288.5    3396.5264         1.10093         52.3        37.506
42.4100    -260024.1751 -260038.1088      13.9337   287.5    3396.5264         1.10093         52.3        37.506
42.4200    -260024.0952 -260038.7792      14.6840   302.9    3396.5264         1.10093         52.3        37.506
42.4300    -260024.2928 -260039.0226      14.7298   303.9    3417.1522         1.09428         52.3        37.506
42.4400    -260024.0654 -260037.1630      13.0976   270.2    3417.1522         1.09428         52.3        37.506
42.4500    -260024.0658 -260037.5189      13.4531   277.5    3417.1522         1.09428         52.3        37.506
42.4600    -260024.2593 -260037.4800      13.2207   272.7    3417.1522         1.09428         52.3        37.506
42.4700    -260023.8839 -260038.1769      14.2929   294.9    3428.0376         1.09081         52.3        37.506
42.4800    -260024.0271 -260037.8262      13.7991   284.7    3428.0376         1.09081         52.3        37.506
42.4900    -260023.9902 -260037.3282      13.3380   275.2    3428.0376         1.09081         52.3        37.506
42.5000    -260023.8441 -260037.6550      13.8109   284.9    3415.3097         1.09487         52.3        37.506
42.5100    -260023.9509 -260038.4777      14.5268   299.7    3415.3097         1.09487         52.3        37.506
42.5200    -260023.1805 -260038.4124      15.2320   314.2    3424.2964         1.09200         52.3        37.506
42.5300    -260023.7525 -260038.6174      14.8648   306.7    3424.2964         1.09200         52.3        37.506
42.5400    -260023.7023 -260038.8490      15.1468   312.5    3424.2964         1.09200         52.3        37.506
42.5500    -260023.4528 -260038.0804      14.6276   301.8    3414.2080         1.09523         52.3        37.506
42.5600    -260022.4494 -260037.6744      15.2251   314.1    3414.2080         1.09523         52.3        37.506
42.5700    -260022.9407 -260037.1859      14.2452   293.9    3414.2080         1.09523         52.3        37.506
42.5800    -260022.5391 -260036.6657      14.1266   291.4    3414.2080         1.09523         52.3        37.506
42.5900    -260022.1616 -260037.0871      14.9255   307.9    3426.3120         1.09136         52.3        37.506
42.6000    -260022.2987 -260037.7270      15.4283   318.3    3426.3120         1.09136         52.3        37.506
42.6100    -260022.6204 -260037.3666      14.7462   304.2    3426.3120         1.09136         52.3        37.506
42.6200    -260023.0736 -260036.9952      13.9216   287.2    3458.6880         1.08114         52.3        37.506
42.6300    -260023.0290 -260037.1351      14.1061   291.0    3448.1814         1.08443         52.3        37.506
42.6400    -260022.8063 -260036.9566      14.1503   291.9    3465.1834         1.07911         52.3        37.506
42.6500    -260022.7819 -260037.4502      14.6683   302.6    3451.9998         1.08323         52.3        37.506
42.6600    -260022.7161 -260036.8777      14.1616   292.2    3451.9998         1.08323         52.3        37.506
42.6700    -260022.3016 -260036.7837      14.4821   298.8    3451.9998         1.08323         52.3        37.506
42.6800    -260022.1280 -260036.6625      14.5345   299.9    3428.8086         1.09056         52.3        37.506
42.6900    -260022.2718 -260036.2569      13.9851   288.5    3444.3429         1.08564         52.3        37.506
42.7000    -260022.1656 -260035.9778      13.8121   284.9    3427.5812         1.09095         52.3        37.506
42.7100    -260021.5338 -260036.2957      14.7618   304.5    3427.5812         1.09095         52.3        37.506
42.7200    -260021.4962 -260035.7319      14.2358   293.7    3416.9555         1.09434         52.4        37.506
42.7300    -260021.8294 -260035.9008      14.0714   290.3    3423.2064         1.09235         52.4        37.506
42.7400    -260022.1631 -260036.5057      14.3426   295.9    3423.2064         1.09235         52.4        37.506
42.7500    -260022.9938 -260036.5730      13.5792   280.1    3402.0438         1.09914         52.4        37.506
42.7600    -260023.4786 -260037.3496      13.8709   286.2    3402.0438         1.09914         52.4        37.506
42.7700    -260022.9164 -260036.7354      13.8190   285.1    3402.0438         1.09914         52.4        37.506
42.7800    -260023.2040 -260036.9990      13.7949   284.6    3398.4442         1.10031         52.4        37.506
42.7900    -260022.9641 -260036.6492      13.6851   282.3    3419.6377         1.09349         52.4        37.506
42.8000    -260023.4777 -260037.6931      14.2153   293.3    3418.9158         1.09372         52.4        37.506
42.8100    -260023.3323 -260037.7430      14.4107   297.3    3418.9158         1.09372         52.4        37.506
42.8200    -260023.2943 -260037.5808      14.2865   294.7    3420.0318         1.09336         52.4        37.506
42.8300    -260022.9508 -260037.1401      14.1894   292.7    3420.0318         1.09336         52.4        37.506
42.8400    -260022.9885 -260037.6841      14.6956   303.2    3383.3899         1.10520         52.4        37.506
42.8500    -260022.7700 -260037.2914      14.5214   299.6    3383.3899         1.10520         52.4        37.506
42.8600    -260022.6375 -260037.2385      14.6010   301.2    3383.3899         1.10520         52.4        37.506
42.8700    -260022.9635 -260037.3686      14.4051   297.2    3383.3899         1.10520         52.4        37.506
42.8800    -260023.1567 -260037.1981      14.0413   289.7    3383.3899         1.10520         52.4        37.506
42.8900    -260023.2743 -260037.2871      14.0128   289.1    3411.7960         1.09600         52.4        37.506
42.9000    -260022.9400 -260036.9076      13.9676   288.2    3411.7960         1.09600         52.4        37.506
42.9100    -260023.1060 -260037.3419      14.2359   293.7    3411.7960         1.09600         52.4        37.506
42.9200    -260023.0500 -260037.5033      14.4533   298.2    3411.4967         1.09610         52.4        37.506
42.9300    -260022.4420 -260037.3258      14.8838   307.1    3395.3814         1.10130         52.4        37.506
42.9400    -260023.2010 -260037.5149      14.3139   295.3    3395.3814         1.10130         52.4        37.506
42.9500    -260023.1221 -260037.5363      14.4142   297.4    3395.3814         1.10130         52.4        37.506
42.9600    -260022.9166 -260036.9820      14.0654   290.2    3395.3814         1.10130         52.4        37.506
42.9700    -260022.8331 -260037.5341      14.7010   303.3    3385.0166         1.10467         52.4        37.506
42.9800    -260022.7126 -260037.3270      14.6144   301.5    3380.6074         1.10611         52.4        37.506
42.9900    -260022.3422 -260037.4295      15.0873   311.3    3380.6074         1.10611         52.4        37.506
43.0000    -260022.4847 -260036.7312      14.2465   293.9    3370.0732         1.10957         52.4        37.506
43.0100    -260023.0978 -260037.4706      14.3728   296.5    3370.0732         1.10957         52.4        37.506
43.0200    -260023.2090 -260038.1255      14.9165   307.7    3370.0732         1.10957         52.4        37.506
43.0300    -260023.3200 -260038.2185      14.8984   307.4    3370.0732         1.10957         52.4        37.506
43.0400    -260023.3133 -260038.3020      14.9887   309.2    3370.0732         1.10957         52.3        37.506
43.0500    -260023.4441 -260038.2566      14.8125   305.6    3370.0732         1.10957         52.3        37.506
43.0600    -260023.7222 -260037.6937      13.9715   288.2    3370.0732         1.10957         52.3        37.506
43.0700    -260023.8911 -260038.1919      14.3008   295.0    3375.7865         1.10769         52.3        37.506
43.0800    -260024.0528 -260037.9183      13.8656   286.1    3375.7865         1.10769         52.3        37.506
43.0900    -260023.5430 -260037.8315      14.2885   294.8    3375.7865         1.10769         52.3        37.506
43.1000    -260023.0751 -260038.2305      15.1554   312.7    3400.3248         1.09970         52.3        37.506
43.1100    -260023.7784 -260037.8300      14.0516   289.9    3400.3248         1.09970         52.3        37.506
43.1200    -260023.2743 -260037.6427      14.3685   296.4    3400.3248         1.09970         52.3        37.506
43.1300    -260023.1988 -260038.2631      15.0643   310.8    3405.2166         1.09812         52.3        37.506
43.1400    -260022.6287 -260037.9084      15.2797   315.2    3405.2166         1.09812         52.3        37.506
43.1500    -260023.0141 -260037.9628      14.9487   308.4    3381.9515         1.10567         52.3        37.506
43.1600    -260022.8106 -260037.1735      14.3628   296.3    3381.9515         1.10567         52.3        37.506
43.1700    -260023.0142 -260037.3595      14.3453   295.9    3381.9515         1.10567         52.3        37.506
43.1800    -260023.0425 -260037.6726      14.6301   301.8    3360.5419         1.11272         52.3        37.506
43.1900    -260022.8022 -260037.4852      14.6831   302.9    3360.5419         1.11272         52.3        37.506
43.2000    -260022.2923 -260037.6601      15.3678   317.0    3360.5419         1.11272         52.3        37.506
43.2100    -260022.1847 -260037.2482      15.0635   310.8    3360.5419         1.11272         52.3        37.506
43.2200    -260022.3423 -260036.9793      14.6370   302.0    3383.8102         1.10506         52.3        37.506
43.2300    -260022.3513 -260036.8521      14.5008   299.2    3383.8102         1.10506         52.3        37.506
43.2400    -260022.1827 -260037.2854      15.1027   311.6    3383.8102         1.10506         52.3        37.506
43.2500    -260022.8105 -260037.1241      14.3136   295.3    3383.8102         1.10506         52.3        37.506
43.2600    -260022.4454 -260037.2646      14.8192   305.7    3383.8102         1.10506         52.3        37.506
43.2700    -260022.6169 -260037.6221      15.0053   309.6    3405.4408         1.09804         52.3        37.506
43.2800    -260022.9558 -260037.4663      14.5105   299.4    3401.8599         1.09920         52.3        37.506
43.2900    -260023.2213 -260037.8050      14.5837   300.9    3401.8599         1.09920         52.3        37.506
43.3000    -260023.0649 -260037.0650      14.0000   288.8    3395.8990         1.10113         52.3        37.506
43.3100    -260022.8543 -260037.7006      14.8463   306.3    3395.8990         1.10113         52.3        37.506
43.3200    -260022.8377 -260037.8457      15.0080   309.6    3395.8990         1.10113         52.3        37.506
43.3300    -260022.6489 -260037.3853      14.7364   304.0    3390.9706         1.10273         52.3        37.506
43.3400    -260022.6035 -260037.4613      14.8578   306.5    3390.9706         1.10273         52.3        37.506
43.3500    -260023.0625 -260037.7147      14.6523   302.3    3396.4909         1.10094         52.3        37.506
43.3600    -260023.3809 -260037.9525      14.5716   300.6    3396.4909         1.10094         52.3        37.506
43.3700    -260023.6863 -260037.9069      14.2205   293.4    3396.4909         1.10094         52.3        37.506
43.3800    -260023.8844 -260038.0858      14.2014   293.0    3372.7020         1.10870         52.3        37.506
43.3900    -260023.6637 -260038.1388      14.4751   298.6    3376.9685         1.10730         52.3        37.506
43.4000    -260024.2208 -260038.2639      14.0431   289.7    3376.9685         1.10730         52.3        37.506
43.4100    -260024.3508 -260038.2951      13.9443   287.7    3376.9685         1.10730         52.3        37.506
43.4200    -260024.1651 -260038.6176      14.4526   298.2    3376.9685         1.10730         52.3        37.506
43.4300    -260024.4727 -260038.6520      14.1794   292.5    3367.1347         1.11054         52.3        37.506
43.4400    -260024.1993 -260039.0722      14.8728   306.8    3388.7110         1.10347         52.3        37.506
43.4500    -260024.2749 -260038.6489      14.3740   296.5    3396.8319         1.10083         52.3        37.506
43.4600    -260024.2671 -260038.9411      14.6741   302.7    3396.8319         1.10083         52.3        37.506
43.4700    -260024.3942 -260038.7943      14.4001   297.1    3393.1335         1.10203         52.3        37.506
43.4800    -260024.3081 -260038.4407      14.1325   291.6    3395.7554         1.10118         52.3        37.506
43.4900    -260023.9324 -260038.6215      14.6890   303.0    3385.4883         1.10452         52.3        37.506
43.5000    -260024.3293 -260038.2652      13.9359   287.5    3353.6835         1.11499         52.4        37.506
43.5100    -260023.9085 -260038.7488      14.8403   306.2    3353.6835         1.11499         52.4        37.506
43.5200    -260023.6931 -260038.6575      14.9645   308.7    3353.6835         1.11499         52.3        37.506
43.5300    -260023.5080 -260037.8788      14.3708   296.5    3343.6146         1.11835         52.4        37.506
43.5400    -260023.6641 -260038.3360      14.6718   302.7    3343.6146         1.11835         52.3        37.506
43.5500    -260023.1698 -260038.8881      15.7184   324.3    3323.6789         1.12506         52.4        37.506
43.5600    -260023.3927 -260037.6947      14.3020   295.1    3323.6789         1.12506         52.4        37.506
43.5700    -260023.7453 -260038.4054      14.6600   302.4    3356.3479         1.11411         52.4        37.506
43.5800    -260024.3981 -260038.2384      13.8403   285.5    3360.9101         1.11259         52.4        37.506
43.5900    -260024.5637 -260038.4504      13.8866   286.5    3360.9101         1.11259         52.4        37.506
43.6000    -260025.3215 -260038.7536      13.4322   277.1    3339.5372         1.11971         52.4        37.506
43.6100    -260024.6271 -260037.9910      13.3639   275.7    3339.5372         1.11971         52.4        37.506
43.6200    -260024.4822 -260038.1153      13.6330   281.3    3320.4600         1.12615         52.4        37.506
43.6300    -260023.9955 -260038.5919      14.5963   301.1    3294.6498         1.13497         52.4        37.506
43.6400    -260024.3443 -260038.5958      14.2515   294.0    3289.4413         1.13677         52.4        37.506
43.6500    -260024.8390 -260038.7817      13.9426   287.6    3300.4824         1.13296         52.4        37.506
43.6600    -260024.4551 -260038.4088      13.9537   287.9    3300.4824         1.13296         52.4        37.506
43.6700    -260024.4433 -260038.6327      14.1894   292.7    3300.4824         1.13296         52.4        37.506
43.6800    -260024.8969 -260039.7742      14.8772   306.9    3317.8925         1.12702         52.4        37.506
43.6900    -260024.6618 -260038.8613      14.1995   292.9    3317.8925         1.12702         52.4        37.506
43.7000    -260024.5658 -260039.2798      14.7139   303.6    3317.8925         1.12702         52.4        37.506
43.7100    -260024.1292 -260038.8642      14.7350   304.0    3317.8925         1.12702         52.4        37.506
43.7200    -260024.6308 -260037.7668      13.1360   271.0    3317.8925         1.12702         52.4        37.506
43.7300    -260024.7075 -260038.8155      14.1080   291.1    3331.9303         1.12227         52.4        37.506
43.7400    -260024.5892 -260039.3465      14.7574   304.4    3315.6363         1.12779         52.4        37.506
43.7500    -260025.3244 -260039.6650      14.3406   295.9    3315.6363         1.12779         52.4        37.506
43.7600    -260024.8561 -260038.8455      13.9894   288.6    3315.6363         1.12779         52.4        37.506
43.7700    -260024.5533 -260038.6209      14.0676   290.2    3334.7506         1.12132         52.4        37.506
43.7800    -260024.5871 -260038.6072      14.0201   289.2    3327.4631         1.12378         52.4        37.506
43.7900    -260024.1806 -260037.8975      13.7168   283.0    3327.4631         1.12378         52.4        37.506
43.8000    -260024.3669 -260038.1812      13.8143   285.0    3327.4631         1.12378         52.4        37.506
43.8100    -260024.1531 -260039.0419      14.8888   307.2    3327.4631         1.12378         52.4        37.506
43.8200    -260023.9805 -260038.5862      14.6057   301.3    3305.4709         1.13125         52.4        37.506
43.8300    -260024.3917 -260037.9828      13.5911   280.4    3305.4709         1.13125         52.4        37.506
43.8400    -260023.9919 -260037.8023      13.8104   284.9    3305.4709         1.13125         52.4        37.506
43.8500    -260023.5290 -260037.8825      14.3535   296.1    3305.4709         1.13125         52.4        37.506
43.8600    -260023.2475 -260037.6993      14.4518   298.1    3305.4709         1.13125         52.4        37.506
43.8700    -260023.3143 -260038.9128      15.5985   321.8    3296.5397         1.13432         52.4        37.506
43.8800    -260023.2178 -260039.0097      15.7920   325.8    3294.8278         1.13491         52.4        37.506
43.8900    -260023.3785 -260038.1543      14.7758   304.8    3294.8278         1.13491         52.4        37.506
43.9000    -260022.9055 -260037.4230      14.5175   299.5    3331.3622         1.12246         52.4        37.506
43.9100    -260023.4656 -260037.6082      14.1426   291.8    3331.3622         1.12246         52.4        37.506
43.9200    -260023.7257 -260037.3665      13.6409   281.4    3331.3622         1.12246         52.4        37.506
43.9300    -260023.5358 -260037.0128      13.4770   278.0    3331.3622         1.12246         52.4        37.506
43.9400    -260022.7151 -260037.7579      15.0429   310.3    3319.2692         1.12655         52.4        37.506
43.9500    -260022.5677 -260037.8238      15.2561   314.7    3327.5097         1.12376         52.4        37.506
43.9600    -260023.4848 -260037.6506      14.1657   292.2    3327.5097         1.12376         52.4        37.506
43.9700    -260024.0795 -260037.9937      13.9142   287.1    3320.0233         1.12630         52.4        37.506
43.9800    -260023.8222 -260038.4488      14.6266   301.8    3336.4135         1.12076         52.4        37.506
43.9900    -260024.1331 -260036.8110      12.6779   261.5    3336.4135         1.12076         52.4        37.506
44.0000    -260023.3435 -260037.5802      14.2367   293.7    3343.6477         1.11834         52.4        37.506
44.0100    -260023.2228 -260038.1023      14.8795   307.0    3343.6477         1.11834         52.4        37.506
44.0200    -260023.3350 -260038.2020      14.8669   306.7    3343.6477         1.11834         52.4        37.506
44.0300    -260023.2115 -260037.1207      13.9092   287.0    3335.3885         1.12111         52.4        37.506
44.0400    -260023.4003 -260038.1457      14.7453   304.2    3303.2159         1.13203         52.4        37.506
44.0500    -260023.3284 -260037.7835      14.4551   298.2    3303.2159         1.13203         52.4        37.506
44.0600    -260023.4524 -260037.9539      14.5015   299.2    3303.2159         1.13203         52.4        37.506
44.0700    -260022.9988 -260038.3547      15.3559   316.8    3289.1609         1.13686         52.4        37.506
44.0800    -260022.5118 -260037.4069      14.8950   307.3    3289.1609         1.13686         52.4        37.506
44.0900    -260022.6705 -260037.6912      15.0207   309.9    3311.5429         1.12918         52.4        37.506
44.1000    -260023.2252 -260038.0132      14.7880   305.1    3311.5429         1.12918         52.4        37.506
44.1100    -260022.5630 -260038.4524      15.8894   327.8    3311.5429         1.12918         52.4        37.506
44.1200    -260022.4988 -260037.3729      14.8740   306.9    3313.8312         1.12840         52.4        37.506
44.1300    -260023.2418 -260038.0240      14.7822   305.0    3332.7365         1.12200         52.4        37.506
44.1400    -260023.1339 -260038.3215      15.1876   313.3    3332.7365         1.12200         52.4        37.506
44.1500    -260023.5835 -260038.8008      15.2173   313.9    3332.7365         1.12200         52.4        37.506
44.1600    -260024.8226 -260038.4536      13.6310   281.2    3332.7365         1.12200         52.4        37.506
44.1700    -260025.0316 -260039.3213      14.2897   294.8    3332.7365         1.12200         52.4        37.506
44.1800    -260024.9070 -260039.1259      14.2190   293.3    3333.1882         1.12185         52.4        37.506
44.1900    -260023.8715 -260038.8962      15.0247   310.0    3320.1270         1.12626         52.4        37.506
44.2000    -260024.0463 -260037.8518      13.8055   284.8    3320.1270         1.12626         52.4        37.506
44.2100    -260024.2855 -260038.1028      13.8174   285.1    3320.1270         1.12626         52.4        37.506
44.2200    -260023.8905 -260038.0195      14.1290   291.5    3320.1270         1.12626         52.4        37.506
44.2300    -260024.5679 -260038.3669      13.7990   284.7    3320.1270         1.12626         52.4        37.506
44.2400    -260024.2197 -260038.5983      14.3785   296.6    3320.2024         1.12623         52.4        37.506
44.2500    -260024.0083 -260038.1033      14.0950   290.8    3323.4710         1.12513         52.4        37.506
44.2600    -260024.4540 -260038.6589      14.2049   293.1    3323.4710         1.12513         52.4        37.506
44.2700    -260024.7147 -260038.5096      13.7949   284.6    3321.7932         1.12570         52.4        37.506
44.2800    -260024.5220 -260038.3861      13.8641   286.0    3327.3487         1.12382         52.4        37.506
44.2900    -260024.0611 -260037.2557      13.1946   272.2    3337.9946         1.12023         52.4        37.506
44.3000    -260024.3039 -260037.9671      13.6632   281.9    3343.7678         1.11830         52.5        37.506
44.3100    -260023.6256 -260038.2990      14.6734   302.7    3343.7678         1.11830         52.5        37.506
44.3200    -260023.9807 -260038.3137      14.3329   295.7    3351.5870         1.11569         52.5        37.506
44.3300    -260024.0763 -260038.3408      14.2645   294.3    3350.0721         1.11619         52.5        37.506
44.3400    -260024.5736 -260038.1147      13.5411   279.4    3350.0721         1.11619         52.5        37.506
44.3500    -260024.4654 -260038.2343      13.7690   284.1    3350.0721         1.11619         52.5        37.506
44.3600    -260024.5658 -260039.0418      14.4760   298.6    3350.0721         1.11619         52.5        37.506
44.3700    -260024.5457 -260038.9236      14.3778   296.6    3340.6229         1.11935         52.5        37.506
44.3800    -260024.6597 -260038.8846      14.2250   293.5    3340.6229         1.11935         52.5        37.506
44.3900    -260024.0555 -260038.2985      14.2430   293.8    3340.6229         1.11935         52.4        37.506
44.4000    -260024.0226 -260038.1598      14.1373   291.7    3365.7867         1.11098         52.4        37.506
44.4100    -260024.7567 -260038.0233      13.2666   273.7    3365.7867         1.11098         52.4        37.506
44.4200    -260023.5958 -260038.1129      14.5171   299.5    3365.7867         1.11098         52.4        37.506
44.4300    -260023.3550 -260037.5648      14.2098   293.2    3365.7867         1.11098         52.4        37.506
44.4400    -260022.9861 -260037.7316      14.7454   304.2    3345.8437         1.11760         52.4        37.506
44.4500    -260022.6637 -260037.4720      14.8084   305.5    3345.8437         1.11760         52.4        37.506
44.4600    -260023.5105 -260038.1841      14.6736   302.7    3345.8437         1.11760         52.4        37.506
44.4700    -260023.8483 -260037.5776      13.7294   283.2    3345.8437         1.11760         52.4        37.506
44.4800    -260024.1128 -260037.9785      13.8657   286.1    3338.2537         1.12014         52.4        37.506
44.4900    -260023.8160 -260038.4467      14.6307   301.8    3328.8278         1.12332         52.4        37.506
44.5000    -260023.5371 -260038.4761      14.9390   308.2    3328.8278         1.12332         52.4        37.506
44.5100    -260023.4377 -260038.1605      14.7228   303.7    3328.8278         1.12332         52.4        37.506
44.5200    -260023.6032 -260038.0120      14.4088   297.3    3330.8121         1.12265         52.4        37.506
44.5300    -260023.1948 -260038.1693      14.9746   308.9    3330.8121         1.12265         52.4        37.506
44.5400    -260022.7334 -260037.8460      15.1126   311.8    3335.5209         1.12106         52.4        37.506
44.5500    -260022.9115 -260037.9178      15.0063   309.6    3335.8902         1.12094         52.4        37.506
44.5600    -260023.2044 -260038.0577      14.8534   306.4    3335.8902         1.12094         52.4        37.506
44.5700    -260023.1394 -260038.0467      14.9073   307.5    3345.7522         1.11763         52.5        37.506
44.5800    -260023.1885 -260038.5418      15.3533   316.7    3383.0919         1.10530         52.5        37.506
44.5900    -260023.4515 -260037.6331      14.1816   292.6    3383.0919         1.10530         52.5        37.506
44.6000    -260023.0618 -260037.2408      14.1789   292.5    3383.0919         1.10530         52.4        37.506
44.6100    -260022.9591 -260037.5174      14.5583   300.3    3383.0919         1.10530         52.4        37.506
44.6200    -260022.6166 -260037.9684      15.3518   316.7    3383.0919         1.10530         52.4        37.506
44.6300    -260022.8731 -260038.0424      15.1693   312.9    3383.0919         1.10530         52.4        37.506
44.6400    -260023.0399 -260038.0415      15.0016   309.5    3358.6754         1.11333         52.4        37.506
44.6500    -260023.5322 -260038.6293      15.0971   311.5    3358.6754         1.11333         52.4        37.506
44.6600    -260024.0350 -260038.1453      14.1104   291.1    3358.6754         1.11333         52.4        37.506
44.6700    -260023.8765 -260038.6203      14.7437   304.2    3381.0516         1.10597         52.4        37.506
44.6800    -260023.1207 -260037.1816      14.0609   290.1    3367.5128         1.11041         52.4        37.506
44.6900    -260022.6876 -260037.0187      14.3311   295.7    3367.5128         1.11041         52.4        37.506
44.7000    -260022.6943 -260037.2168      14.5225   299.6    3367.5128         1.11041         52.4        37.506
44.7100    -260022.5909 -260037.2245      14.6336   301.9    3367.5128         1.11041         52.4        37.506
44.7200    -260022.0152 -260036.8809      14.8657   306.7    3403.2250         1.09876         52.4        37.506
44.7300    -260021.8948 -260036.9189      15.0241   310.0    3403.2250         1.09876         52.4        37.506
44.7400    -260022.8144 -260036.2013      13.3869   276.2    3401.1752         1.09942         52.4        37.506
44.7500    -260023.3925 -260037.2749      13.8824   286.4    3384.2727         1.10491         52.4        37.506
44.7600    -260023.4364 -260037.2269      13.7905   284.5    3384.2727         1.10491         52.4        37.506
44.7700    -260024.3443 -260037.6436      13.2993   274.4    3384.2727         1.10491         52.4        37.506
44.7800    -260023.8633 -260037.8917      14.0284   289.4    3384.2727         1.10491         52.4        37.506
44.7900    -260023.4989 -260038.2406      14.7417   304.1    3363.9887         1.11158         52.4        37.506
44.8000    -260023.0015 -260037.8075      14.8060   305.5    3372.7947         1.10867         52.4        37.506
44.8100    -260023.3053 -260037.6288      14.3234   295.5    3372.7947         1.10867         52.4        37.506
44.8200    -260023.3039 -260037.6200      14.3161   295.3    3372.7947         1.10867         52.4        37.506
44.8300    -260023.2326 -260037.3774      14.1448   291.8    3383.5896         1.10514         52.4        37.506
44.8400    -260023.2370 -260037.0271      13.7901   284.5    3391.5616         1.10254         52.4        37.506
44.8500    -260023.4742 -260037.6085      14.1343   291.6    3391.5616         1.10254         52.4        37.506
44.8600    -260023.3023 -260038.0781      14.7758   304.8    3391.5616         1.10254         52.4        37.506
44.8700    -260024.0347 -260038.2562      14.2215   293.4    3391.5616         1.10254         52.4        37.506
44.8800    -260023.9622 -260038.4914      14.5291   299.7    3393.5367         1.10190         52.4        37.506
44.8900    -260023.8111 -260038.0479      14.2367   293.7    3393.5367         1.10190         52.4        37.506
44.9000    -260023.8498 -260037.8344      13.9846   288.5    3393.5367         1.10190         52.4        37.506
44.9100    -260023.4191 -260037.7566      14.3375   295.8    3393.5367         1.10190         52.4        37.506
44.9200    -260023.2620 -260037.9020      14.6400   302.0    3379.6686         1.10642         52.4        37.506
44.9300    -260023.5503 -260037.8467      14.2964   294.9    3376.4538         1.10747         52.4        37.506
44.9400    -260023.2599 -260037.8529      14.5930   301.1    3376.4538         1.10747         52.4        37.506
44.9500    -260023.0118 -260037.5743      14.5625   300.4    3376.4538         1.10747         52.4        37.506
44.9600    -260023.2936 -260037.6231      14.3295   295.6    3376.4538         1.10747         52.4        37.506
44.9700    -260024.0786 -260038.7497      14.6711   302.7    3368.2538         1.11017         52.4        37.506
44.9800    -260024.2264 -260038.0760      13.8496   285.7    3368.2538         1.11017         52.4        37.506
44.9900    -260024.2788 -260037.6622      13.3834   276.1    3364.3860         1.11144         52.4        37.506
45.0000    -260024.0696 -260038.4452      14.3756   296.6    3353.8950         1.11492         52.4        37.506
45.0100    -260024.0059 -260038.3156      14.3097   295.2    3353.8950         1.11492         52.4        37.506
45.0200    -260024.1575 -260038.5750      14.4174   297.4    3353.8950         1.11492         52.4        37.506
45.0300    -260024.0913 -260037.8718      13.7805   284.3    3353.8950         1.11492         52.4        37.506
45.0400    -260024.3341 -260038.6196      14.2855   294.7    3322.0152         1.12562         52.4        37.506
45.0500    -260024.2430 -260038.0380      13.7950   284.6    3322.0152         1.12562         52.4        37.506
45.0600    -260024.0944 -260038.0805      13.9861   288.5    3322.0152         1.12562         52.4        37.506
45.0700    -260023.4969 -260038.4778      14.9809   309.1    3322.0152         1.12562         52.4        37.506
45.0800    -260023.4642 -260037.3382      13.8740   286.2    3322.0152         1.12562         52.4        37.506
45.0900    -260023.4510 -260038.4487      14.9976   309.4    3315.0435         1.12799         52.4        37.506
45.1000    -260023.3128 -260037.6367      14.3239   295.5    3315.0435         1.12799         52.4        37.506
45.1100    -260022.8786 -260037.6924      14.8139   305.6    3315.0435         1.12799         52.4        37.506
45.1200    -260022.6964 -260038.1784      15.4820   319.4    3305.9334         1.13110         52.4        37.506
45.1300    -260022.6087 -260037.7373      15.1287   312.1    3321.1840         1.12590         52.4        37.506
45.1400    -260022.4808 -260037.3044      14.8236   305.8    3318.9227         1.12667         52.4        37.506
45.1500    -260022.5016 -260037.9168      15.4152   318.0    3318.9227         1.12667         52.4        37.506
45.1600    -260022.9298 -260038.1061      15.1763   313.1    3318.9227         1.12667         52.4        37.506
45.1700    -260023.0287 -260038.3346      15.3060   315.8    3318.9227         1.12667         52.4        37.506
45.1800    -260022.9100 -260037.8279      14.9179   307.8    3320.0974         1.12627         52.4        37.506
45.1900    -260022.4210 -260037.5649      15.1439   312.4    3349.9601         1.11623         52.4        37.506
45.2000    -260022.7332 -260037.6477      14.9145   307.7    3324.3322         1.12484         52.4        37.506
45.2100    -260022.8988 -260037.3537      14.4549   298.2    3324.3322         1.12484         52.4        37.506
45.2200    -260023.3206 -260038.0904      14.7698   304.7    3324.3322         1.12484         52.4        37.506
45.2300    -260023.1705 -260037.5440      14.3735   296.5    3289.4811         1.13675         52.4        37.506
45.2400    -260023.0151 -260037.5252      14.5102   299.3    3289.4811         1.13675         52.4        37.506
45.2500    -260023.2673 -260038.2739      15.0066   309.6    3289.4811         1.13675         52.4        37.506
45.2600    -260023.6234 -260038.4632      14.8398   306.1    3289.4811         1.13675         52.4        37.506
45.2700    -260023.7180 -260038.1967      14.4787   298.7    3280.5146         1.13986         52.4        37.506
45.2800    -260023.6890 -260037.8913      14.2023   293.0    3277.2078         1.14101         52.4        37.506
45.2900    -260023.5292 -260039.1870      15.6578   323.0    3277.2078         1.14101         52.4        37.506
45.3000    -260023.0802 -260038.5231      15.4429   318.6    3289.3139         1.13681         52.4        37.506
45.3100    -260023.3982 -260038.3957      14.9976   309.4    3289.3139         1.13681         52.4        37.506
45.3200    -260024.0778 -260038.1257      14.0479   289.8    3289.3139         1.13681         52.4        37.506
45.3300    -260023.6853 -260038.1397      14.4545   298.2    3304.3972         1.13162         52.4        37.506
45.3400    -260023.8383 -260037.3320      13.4937   278.4    3314.0486         1.12833         52.4        37.506
45.3500    -260024.3460 -260037.8771      13.5311   279.1    3292.1098         1.13584         52.4        37.506
45.3600    -260023.8767 -260038.2672      14.3905   296.9    3292.1098         1.13584         52.4        37.506
45.3700    -260023.7289 -260038.1520      14.4231   297.6    3292.1098         1.13584         52.4        37.506
45.3800    -260023.4025 -260037.5365      14.1339   291.6    3292.1098         1.13584         52.4        37.506
45.3900    -260023.3776 -260037.7557      14.3780   296.6    3290.1660         1.13652         52.4        37.506
45.4000    -260023.2413 -260037.8712      14.6298   301.8    3278.9209         1.14041         52.4        37.506
45.4100    -260023.4892 -260038.0779      14.5887   301.0    3278.9209         1.14041         52.4        37.506
45.4200    -260023.4458 -260038.3621      14.9163   307.7    3278.9209         1.14041         52.4        37.506
45.4300    -260022.9855 -260037.9090      14.9235   307.9    3278.9209         1.14041         52.4        37.506
45.4400    -260023.3901 -260037.9280      14.5379   299.9    3278.9209         1.14041         52.4        37.506
45.4500    -260022.8897 -260037.9726      15.0829   311.2    3312.3129         1.12892         52.4        37.506
45.4600    -260022.9107 -260037.8021      14.8914   307.2    3312.3129         1.12892         52.4        37.506
45.4700    -260022.8763 -260037.6044      14.7281   303.8    3312.3129         1.12892         52.4        37.506
45.4800    -260022.6385 -260037.0777      14.4393   297.9    3312.3129         1.12892         52.4        37.506
45.4900    -260022.3269 -260037.2129      14.8860   307.1    3275.4286         1.14163         52.4        37.506
45.5000    -260021.9421 -260036.9085      14.9664   308.8    3275.4286         1.14163         52.4        37.506
45.5100    -260021.7950 -260037.2722      15.4772   319.3    3275.4286         1.14163         52.4        37.506
45.5200    -260021.4355 -260036.9780      15.5425   320.6    3291.2473         1.13614         52.4        37.506
45.5300    -260020.8002 -260037.6197      16.8195   347.0    3291.2473         1.13614         52.4        37.506
45.5400    -260021.2409 -260036.0894      14.8485   306.3    3291.2473         1.13614         52.3        37.506
45.5500    -260021.1256 -260035.0100      13.8844   286.4    3307.9526         1.13041         52.4        37.506
45.5600    -260021.2656 -260036.2355      14.9698   308.8    3307.9526         1.13041         52.4        37.506
45.5700    -260021.7924 -260036.4943      14.7019   303.3    3307.9526         1.13041         52.3        37.506
45.5800    -260021.5418 -260035.9786      14.4368   297.8    3325.8247         1.12433         52.4        37.506
45.5900    -260022.0298 -260036.7908      14.7610   304.5    3325.8247         1.12433         52.3        37.506
45.6000    -260021.8529 -260037.2472      15.3943   317.6    3325.8247         1.12433         52.3        37.506
45.6100    -260021.7108 -260037.4746      15.7638   325.2    3325.8247         1.12433         52.3        37.506
45.6200    -260021.7674 -260037.4723      15.7049   324.0    3325.8247         1.12433         52.3        37.506
45.6300    -260022.1954 -260038.2602      16.0649   331.4    3325.8247         1.12433         52.3        37.506
45.6400    -260023.2342 -260037.1061      13.8720   286.2    3331.1998         1.12252         52.3        37.506
45.6500    -260022.9620 -260037.6108      14.6487   302.2    3331.1998         1.12252         52.3        37.506
45.6600    -260023.1024 -260038.1079      15.0054   309.6    3331.1998         1.12252         52.3        37.506
45.6700    -260022.7636 -260038.1497      15.3861   317.4    3348.6641         1.11666         52.3        37.506
45.6800    -260023.4651 -260037.3020      13.8368   285.5    3314.1022         1.12831         52.3        37.506
45.6900    -260024.1553 -260037.8786      13.7234   283.1    3314.1022         1.12831         52.3        37.506
45.7000    -260024.0293 -260037.7016      13.6723   282.1    3314.1022         1.12831         52.3        37.506
45.7100    -260023.7118 -260037.6686      13.9568   287.9    3314.1022         1.12831         52.3        37.506
45.7200    -260023.2744 -260037.1738      13.8993   286.7    3326.5315         1.12409         52.3        37.506
45.7300    -260022.8694 -260037.1785      14.3091   295.2    3326.5315         1.12409         52.3        37.506
45.7400    -260023.1436 -260037.3021      14.1585   292.1    3317.7861         1.12705         52.3        37.506
45.7500    -260023.0874 -260037.0116      13.9242   287.3    3314.7269         1.12809         52.3        37.506
45.7600    -260023.9364 -260037.8973      13.9609   288.0    3314.7269         1.12809         52.3        37.506
45.7700    -260023.9170 -260038.0958      14.1788   292.5    3344.2198         1.11815         52.3        37.506
45.7800    -260024.3311 -260038.0476      13.7166   283.0    3359.5014         1.11306         52.3        37.506
45.7900    -260024.2314 -260038.1350      13.9036   286.8    3349.5364         1.11637         52.4        37.506
45.8000    -260024.8582 -260038.3691      13.5108   278.7    3353.2842         1.11512         52.4        37.506
45.8100    -260024.7275 -260038.0184      13.2909   274.2    3353.2842         1.11512         52.4        37.506
45.8200    -260024.3308 -260038.0075      13.6767   282.2    3354.8876         1.11459         52.4        37.506
45.8300    -260024.3170 -260038.1735      13.8565   285.9    3353.6108         1.11502         52.4        37.506
45.8400    -260023.4456 -260037.9340      14.4883   298.9    3353.6108         1.11502         52.4        37.506
45.8500    -260023.0838 -260037.3031      14.2193   293.3    3353.6108         1.11502         52.4        37.506
45.8600    -260022.8058 -260037.2341      14.4282   297.7    3353.6108         1.11502         52.4        37.506
45.8700    -260023.1825 -260037.7072      14.5247   299.6    3353.6108         1.11502         52.4        37.506
45.8800    -260022.6451 -260038.5099      15.8648   327.3    3353.6108         1.11502         52.3        37.506
45.8900    -260022.0925 -260037.1644      15.0719   310.9    3353.0583         1.11520         52.4        37.506
45.9000    -260022.3073 -260037.2842      14.9769   309.0    3353.0583         1.11520         52.3        37.506
45.9100    -260022.5893 -260037.3796      14.7903   305.1    3353.0583         1.11520         52.3        37.506
45.9200    -260022.4987 -260038.1132      15.6144   322.1    3356.7741         1.11396         52.4        37.506
45.9300    -260022.6829 -260037.9069      15.2240   314.1    3368.4308         1.11011         52.4        37.506
45.9400    -260023.0305 -260037.9884      14.9579   308.6    3368.4308         1.11011         52.4        37.506
45.9500    -260023.1515 -260037.2067      14.0552   290.0    3368.4308         1.11011         52.3        37.506
45.9600    -260022.9510 -260038.1948      15.2438   314.5    3368.4308         1.11011         52.3        37.506
45.9700    -260023.6489 -260037.7253      14.0764   290.4    3368.4308         1.11011         52.3        37.506
45.9800    -260024.0980 -260038.4985      14.4004   297.1    3368.4308         1.11011         52.3        37.506
45.9900    -260023.2510 -260037.6239      14.3729   296.5    3380.3430         1.10620         52.3        37.506
46.0000    -260022.7975 -260037.3274      14.5299   299.8    3380.3430         1.10620         52.3        37.506
46.0100    -260022.6556 -260037.7514      15.0957   311.4    3380.3430         1.10620         52.3        37.506
46.0200    -260023.2122 -260037.6533      14.4411   297.9    3382.9103         1.10536         52.3        37.506
46.0300    -260023.4987 -260038.1253      14.6267   301.8    3382.9103         1.10536         52.3        37.506
46.0400    -260023.1152 -260037.6940      14.5788   300.8    3390.5178         1.10288         52.3        37.506
46.0500    -260022.9715 -260037.7469      14.7754   304.8    3390.5178         1.10288         52.3        37.506
46.0600    -260022.4829 -260037.7966      15.3137   315.9    3390.5178         1.10288         52.3        37.506
46.0700    -260022.1225 -260036.3921      14.2696   294.4    3390.5178         1.10288         52.3        37.506
46.0800    -260021.8320 -260037.5837      15.7517   325.0    3390.5178         1.10288         52.3        37.506
46.0900    -260021.9107 -260036.9889      15.0782   311.1    3392.8818         1.10211         52.3        37.506
46.1000    -260022.6390 -260037.1139      14.4749   298.6    3392.8818         1.10211         52.3        37.506
46.1100    -260022.6750 -260037.4725      14.7976   305.3    3392.8818         1.10211         52.3        37.506
46.1200    -260023.0540 -260037.0327      13.9788   288.4    3392.8818         1.10211         52.3        37.506
46.1300    -260023.6933 -260037.4025      13.7092   282.8    3392.8818         1.10211         52.2        37.506
46.1400    -260024.0736 -260038.2902      14.2166   293.3    3380.2059         1.10624         52.3        37.506
46.1500    -260023.6978 -260037.9156      14.2179   293.3    3380.2059         1.10624         52.2        37.506
46.1600    -260023.0029 -260038.1009      15.0979   311.5    3380.2059         1.10624         52.2        37.506
46.1700    -260022.8162 -260037.5287      14.7125   303.5    3343.4857         1.11839         52.3        37.506
46.1800    -260023.7216 -260038.2029      14.4813   298.8    3337.3607         1.12044         52.3        37.506
46.1900    -260024.1391 -260037.8393      13.7003   282.6    3337.3607         1.12044         52.3        37.506
46.2000    -260023.4038 -260037.5013      14.0974   290.8    3343.2522         1.11847         52.3        37.506
46.2100    -260023.2286 -260037.8046      14.5760   300.7    3343.2522         1.11847         52.3        37.506
46.2200    -260023.8421 -260037.5388      13.6967   282.6    3331.8529         1.12230         52.3        37.506
46.2300    -260024.4542 -260037.9465      13.4923   278.3    3340.3759         1.11943         52.3        37.506
46.2400    -260024.4103 -260038.4351      14.0248   289.3    3344.3027         1.11812         52.3        37.506
46.2500    -260024.0499 -260038.4219      14.3720   296.5    3368.1799         1.11019         52.3        37.506
46.2600    -260023.7045 -260037.7859      14.0814   290.5    3368.1799         1.11019         52.3        37.506
46.2700    -260023.0706 -260038.1685      15.0979   311.5    3397.6953         1.10055         52.3        37.506
46.2800    -260023.6577 -260037.4966      13.8388   285.5    3397.6953         1.10055         52.3        37.506
46.2900    -260023.4417 -260037.5570      14.1153   291.2    3397.6953         1.10055         52.3        37.506
46.3000    -260023.7246 -260038.7841      15.0594   310.7    3397.6953         1.10055         52.3        37.506
46.3100    -260024.4729 -260038.8573      14.3845   296.8    3397.6953         1.10055         52.3        37.506
46.3200    -260023.7622 -260037.5687      13.8065   284.8    3397.6953         1.10055         52.3        37.506
46.3300    -260023.8317 -260037.6749      13.8432   285.6    3397.6953         1.10055         52.3        37.506
46.3400    -260024.4410 -260038.4341      13.9931   288.7    3397.6953         1.10055         52.3        37.506
46.3500    -260024.5058 -260038.0333      13.5275   279.1    3388.1323         1.10365         52.3        37.506
46.3600    -260024.1696 -260037.4660      13.2965   274.3    3388.1323         1.10365         52.3        37.506
46.3700    -260023.8270 -260038.1933      14.3664   296.4    3351.1368         1.11584         52.3        37.506
46.3800    -260023.7548 -260037.5547      13.7998   284.7    3351.1368         1.11584         52.3        37.506
46.3900    -260023.8108 -260038.4202      14.6094   301.4    3351.1368         1.11584         52.3        37.506
46.4000    -260023.8677 -260038.3922      14.5245   299.6    3343.6379         1.11834         52.3        37.506
46.4100    -260024.3277 -260038.6877      14.3601   296.3    3343.6379         1.11834         52.3        37.506
46.4200    -260024.2674 -260038.4001      14.1326   291.6    3343.6379         1.11834         52.2        37.506
46.4300    -260024.5792 -260038.2476      13.6684   282.0    3317.4972         1.12715         52.3        37.506
46.4400    -260024.7592 -260038.6781      13.9190   287.2    3290.2422         1.13649         52.3        37.506
46.4500    -260025.1395 -260038.2214      13.0819   269.9    3303.3021         1.13200         52.3        37.506
46.4600    -260025.2551 -260038.7571      13.5020   278.5    3303.3021         1.13200         52.3        37.506
46.4700    -260025.0505 -260039.4033      14.3528   296.1    3303.3021         1.13200         52.3        37.506
46.4800    -260024.8844 -260039.9506      15.0662   310.8    3325.8810         1.12431         52.3        37.506
46.4900    -260024.8334 -260039.3050      14.4716   298.6    3320.8295         1.12602         52.3        37.506
46.5000    -260025.1112 -260038.9471      13.8359   285.4    3320.8295         1.12602         52.3        37.506
46.5100    -260025.2334 -260039.4170      14.1836   292.6    3320.8295         1.12602         52.3        37.506
46.5200    -260025.1782 -260039.6402      14.4620   298.4    3320.8295         1.12602         52.3        37.506
46.5300    -260025.0622 -260039.0343      13.9721   288.2    3320.8295         1.12602         52.3        37.506
46.5400    -260024.8776 -260038.7018      13.8242   285.2    3320.8295         1.12602         52.2        37.506
46.5500    -260024.6932 -260039.0240      14.3309   295.6    3320.8295         1.12602         52.2        37.506
46.5600    -260024.3352 -260038.5613      14.2261   293.5    3320.8295         1.12602         52.2        37.506
46.5700    -260024.9436 -260038.8465      13.9029   286.8    3342.3868         1.11876         52.2        37.506
46.5800    -260025.8435 -260039.0501      13.2066   272.5    3342.3868         1.11876         52.2        37.506
46.5900    -260025.2705 -260038.8137      13.5432   279.4    3342.3868         1.11876         52.2        37.506
46.6000    -260024.8569 -260039.6398      14.7829   305.0    3342.3868         1.11876         52.2        37.506
46.6100    -260025.2482 -260039.3520      14.1038   291.0    3342.3868         1.11876         52.2        37.506
46.6200    -260024.5342 -260039.0611      14.5269   299.7    3342.3868         1.11876         52.2        37.506
46.6300    -260024.4392 -260039.4580      15.0188   309.8    3334.8603         1.12128         52.2        37.506
46.6400    -260025.3368 -260038.8216      13.4847   278.2    3367.1073         1.11055         52.2        37.506
46.6500    -260025.2515 -260038.8546      13.6030   280.6    3367.1073         1.11055         52.2        37.506
46.6600    -260025.4161 -260040.1561      14.7400   304.1    3367.1073         1.11055         52.2        37.506
46.6700    -260025.4359 -260039.2304      13.7945   284.6    3367.1073         1.11055         52.2        37.506
46.6800    -260025.5245 -260039.0120      13.4875   278.3    3367.1073         1.11055         52.2        37.506
46.6900    -260024.6583 -260038.1236      13.4653   277.8    3378.0312         1.10695         52.2        37.506
46.7000    -260024.2707 -260038.6488      14.3781   296.6    3358.0128         1.11355         52.2        37.506
46.7100    -260024.5979 -260038.6405      14.0426   289.7    3358.0128         1.11355         52.2        37.506
46.7200    -260024.4936 -260038.8910      14.3975   297.0    3333.4333         1.12176         52.2        37.506
46.7300    -260024.1468 -260038.7485      14.6017   301.2    3347.2698         1.11713         52.2        37.506
46.7400    -260024.2463 -260038.1890      13.9427   287.6    3347.2698         1.11713         52.2        37.506
46.7500    -260024.6680 -260038.5513      13.8832   286.4    3347.2698         1.11713         52.2        37.506
46.7600    -260023.8281 -260039.0861      15.2580   314.8    3347.2698         1.11713         52.2        37.506
46.7700    -260023.6636 -260039.0271      15.3635   317.0    3355.6984         1.11432         52.2        37.506
46.7800    -260023.9042 -260037.8585      13.9543   287.9    3377.1092         1.10726         52.2        37.506
46.7900    -260023.6773 -260038.1815      14.5042   299.2    3377.1092         1.10726         52.2        37.506
46.8000    -260023.8217 -260038.3001      14.4783   298.7    3377.1092         1.10726         52.2        37.506
46.8100    -260023.9691 -260038.5258      14.5567   300.3    3377.1092         1.10726         52.2        37.506
46.8200    -260023.5896 -260038.1816      14.5919   301.0    3377.1092         1.10726         52.2        37.506
46.8300    -260023.6868 -260038.6952      15.0085   309.6    3393.8250         1.10180         52.2        37.506
46.8400    -260023.7947 -260039.6112      15.8165   326.3    3396.3395         1.10099         52.2        37.506
46.8500    -260023.4083 -260039.3443      15.9361   328.8    3405.9654         1.09788         52.2        37.506
46.8600    -260024.1834 -260038.4561      14.2727   294.4    3405.9654         1.09788         52.2        37.506
46.8700    -260024.0608 -260037.9981      13.9373   287.5    3405.9654         1.09788         52.2        37.506
46.8800    -260024.2247 -260038.4138      14.1891   292.7    3405.9654         1.09788         52.2        37.506
46.8900    -260024.1659 -260038.7006      14.5347   299.9    3405.9654         1.09788         52.2        37.506
46.9000    -260024.4328 -260039.0536      14.6207   301.6    3405.9654         1.09788         52.2        37.506
46.9100    -260024.5544 -260038.3524      13.7979   284.7    3405.9654         1.09788         52.2        37.506
46.9200    -260024.3876 -260039.0705      14.6829   302.9    3392.5606         1.10221         52.2        37.506
46.9300    -260023.9519 -260038.2748      14.3229   295.5    3392.5606         1.10221         52.2        37.506
46.9400    -260023.7839 -260038.8241      15.0402   310.3    3392.5606         1.10221         52.1        37.506
46.9500    -260023.7811 -260038.6559      14.8748   306.9    3363.6674         1.11168         52.2        37.506
46.9600    -260024.0411 -260038.6861      14.6450   302.1    3363.6674         1.11168         52.2        37.506
46.9700    -260023.8322 -260038.0508      14.2186   293.3    3359.1754         1.11317         52.2        37.506
46.9800    -260024.0010 -260038.7367      14.7357   304.0    3359.1754         1.11317         52.2        37.506
46.9900    -260023.8771 -260038.4142      14.5371   299.9    3392.0869         1.10237         52.2        37.506
47.0000    -260023.9685 -260038.5284      14.5599   300.4    3378.8771         1.10668         52.2        37.506
47.0100    -260023.5887 -260038.5122      14.9235   307.9    3378.8771         1.10668         52.2        37.506
47.0200    -260023.4806 -260039.5149      16.0343   330.8    3378.8771         1.10668         52.2        37.506
47.0300    -260023.5294 -260038.8290      15.2996   315.6    3384.4558         1.10485         52.2        37.506
47.0400    -260023.5060 -260038.2907      14.7847   305.0    3384.4558         1.10485         52.2        37.506
47.0500    -260023.2152 -260038.1477      14.9325   308.1    3384.4558         1.10485         52.2        37.506
47.0600    -260023.0938 -260037.2704      14.1766   292.5    3384.4558         1.10485         52.2        37.506
47.0700    -260022.7682 -260036.5739      13.8057   284.8    3384.4558         1.10485         52.1        37.506
47.0800    -260023.0082 -260037.7181      14.7099   303.5    3384.4558         1.10485         52.1        37.506
47.0900    -260023.2792 -260037.6869      14.4077   297.2    3387.9076         1.10373         52.1        37.506
47.1000    -260023.2237 -260037.8104      14.5867   300.9    3387.9076         1.10373         52.1        37.506
47.1100    -260023.3409 -260038.2366      14.8957   307.3    3387.9076         1.10373         52.1        37.506
47.1200    -260023.0595 -260037.5609      14.5015   299.2    3391.5552         1.10254         52.1        37.506
47.1300    -260022.8128 -260037.3247      14.5118   299.4    3391.5552         1.10254         52.1        37.506
47.1400    -260022.1853 -260037.1076      14.9223   307.9    3378.8871         1.10667         52.1        37.506
47.1500    -260022.2621 -260036.6949      14.4328   297.8    3379.8847         1.10635         52.1        37.506
47.1600    -260022.4258 -260036.6815      14.2557   294.1    3379.8847         1.10635         52.1        37.506
47.1700    -260022.7629 -260037.1547      14.3918   296.9    3372.2529         1.10885         52.2        37.506
47.1800    -260022.4234 -260037.3831      14.9597   308.6    3372.2529         1.10885         52.1        37.506
47.1900    -260023.1138 -260037.9930      14.8792   307.0    3378.6630         1.10675         52.2        37.506
47.2000    -260022.4010 -260037.5744      15.1733   313.0    3352.8568         1.11527         52.2        37.506
47.2100    -260022.6499 -260037.8846      15.2347   314.3    3352.8568         1.11527         52.2        37.506
47.2200    -260022.3867 -260038.2364      15.8497   327.0    3352.8568         1.11527         52.2        37.506
47.2300    -260022.5328 -260038.2850      15.7522   325.0    3381.6458         1.10577         52.2        37.506
47.2400    -260022.7966 -260038.2267      15.4301   318.3    3374.6992         1.10805         52.2        37.506
47.2500    -260023.2806 -260037.8080      14.5274   299.7    3374.6992         1.10805         52.2        37.506
47.2600    -260022.8668 -260037.8071      14.9403   308.2    3374.6992         1.10805         52.2        37.506
47.2700    -260022.8359 -260038.4908      15.6549   323.0    3349.4151         1.11641         52.2        37.506
47.2800    -260022.4332 -260037.6499      15.2167   313.9    3349.4151         1.11641         52.2        37.506
47.2900    -260021.7932 -260037.5833      15.7901   325.8    3356.7951         1.11396         52.2        37.506
47.3000    -260021.3818 -260036.9477      15.5659   321.1    3394.0810         1.10172         52.2        37.506
47.3100    -260020.8758 -260036.1638      15.2879   315.4    3394.0810         1.10172         52.2        37.506
47.3200    -260020.8708 -260036.1909      15.3200   316.1    3394.0810         1.10172         52.2        37.506
47.3300    -260021.4304 -260037.2566      15.8262   326.5    3412.0934         1.09590         52.2        37.506
47.3400    -260021.2385 -260036.6220      15.3834   317.4    3412.0934         1.09590         52.2        37.506
47.3500    -260021.1391 -260035.7387      14.5996   301.2    3412.0934         1.09590         52.2        37.506
47.3600    -260020.6770 -260035.9090      15.2319   314.2    3412.0934         1.09590         52.2        37.506
47.3700    -260020.8650 -260036.2017      15.3368   316.4    3412.0934         1.09590         52.2        37.506
47.3800    -260020.8837 -260037.1806      16.2969   336.2    3412.0934         1.09590         52.1        37.506
47.3900    -260021.1902 -260036.8058      15.6156   322.2    3412.0934         1.09590         52.1        37.506
47.4000    -260021.7256 -260035.9513      14.2257   293.5    3408.4667         1.09707         52.1        37.506
47.4100    -260021.8877 -260036.7977      14.9100   307.6    3408.4667         1.09707         52.1        37.506
47.4200    -260022.0965 -260036.2665      14.1699   292.3    3399.9332         1.09982         52.1        37.506
47.4300    -260022.0672 -260036.6333      14.5661   300.5    3399.9332         1.09982         52.1        37.506
47.4400    -260021.9278 -260037.0712      15.1434   312.4    3399.0568         1.10011         52.1        37.506
47.4500    -260021.2393 -260036.5024      15.2631   314.9    3412.6616         1.09572         52.2        37.506
47.4600    -260020.3251 -260035.9525      15.6274   322.4    3412.6616         1.09572         52.2        37.506
47.4700    -260020.3786 -260036.6755      16.2969   336.2    3412.6616         1.09572         52.1        37.506
47.4800    -260019.7369 -260035.2101      15.4733   319.2    3412.6616         1.09572         52.1        37.506
47.4900    -260019.9281 -260035.7452      15.8171   326.3    3405.6383         1.09798         52.1        37.506
47.5000    -260020.2285 -260036.1476      15.9190   328.4    3411.9557         1.09595         52.2        37.506
47.5100    -260020.9210 -260036.7594      15.8384   326.7    3411.9557         1.09595         52.2        37.506
47.5200    -260021.6335 -260037.2493      15.6158   322.2    3414.2194         1.09522         52.2        37.506
47.5300    -260021.6440 -260036.3189      14.6749   302.7    3414.2194         1.09522         52.2        37.506
47.5400    -260022.4385 -260037.0447      14.6061   301.3    3414.2194         1.09522         52.1        37.506
47.5500    -260022.1458 -260037.2006      15.0547   310.6    3414.7958         1.09504         52.2        37.506
47.5600    -260021.8614 -260036.7164      14.8550   306.5    3414.7958         1.09504         52.2        37.506
47.5700    -260021.9394 -260036.3644      14.4250   297.6    3405.2469         1.09811         52.2        37.506
47.5800    -260021.7577 -260035.5253      13.7676   284.0    3413.8626         1.09534         52.2        37.506
47.5900    -260021.5660 -260036.9334      15.3674   317.0    3380.0489         1.10629         52.2        37.506
47.6000    -260021.9948 -260037.1843      15.1895   313.4    3393.2669         1.10198         52.2        37.506
47.6100    -260022.3802 -260037.8980      15.5178   320.1    3393.2669         1.10198         52.2        37.506
47.6200    -260022.4641 -260037.3910      14.9269   307.9    3412.8367         1.09567         52.2        37.506
47.6300    -260022.0255 -260036.8810      14.8554   306.5    3408.2054         1.09715         52.2        37.506
47.6400    -260022.6184 -260036.7010      14.0826   290.5    3384.8722         1.10472         52.2        37.506
47.6500    -260022.2660 -260037.0615      14.7955   305.2    3368.3345         1.11014         52.3        37.506
47.6600    -260022.4817 -260036.8390      14.3573   296.2    3368.3345         1.11014         52.3        37.506
47.6700    -260022.6390 -260036.7993      14.1603   292.1    3368.3345         1.11014         52.2        37.506
47.6800    -260022.9015 -260037.7481      14.8467   306.3    3367.4658         1.11043         52.3        37.506
47.6900    -260022.6362 -260037.5576      14.9214   307.8    3382.0280         1.10565         52.3        37.506
47.7000    -260022.4115 -260037.1715      14.7601   304.5    3364.0588         1.11155         52.3        37.506
47.7100    -260022.4677 -260037.4547      14.9870   309.2    3364.0588         1.11155         52.3        37.506
47.7200    -260022.0377 -260037.3044      15.2667   315.0    3364.0588         1.11155         52.3        37.506
47.7300    -260022.1917 -260037.4257      15.2340   314.3    3364.4429         1.11143         52.3        37.506
47.7400    -260022.4781 -260037.9001      15.4220   318.2    3365.5394         1.11106         52.3        37.506
47.7500    -260023.1610 -260037.8751      14.7141   303.6    3365.5394         1.11106         52.3        37.506
47.7600    -260023.4601 -260038.2823      14.8221   305.8    3365.5394         1.11106         52.3        37.506
47.7700    -260023.3335 -260037.2948      13.9613   288.0    3374.4849         1.10812         52.3        37.506
47.7800    -260023.1615 -260036.9506      13.7892   284.5    3351.9812         1.11556         52.3        37.506
47.7900    -260023.4570 -260037.6290      14.1720   292.4    3351.9812         1.11556         52.3        37.506
47.8000    -260023.0267 -260037.5649      14.5382   299.9    3351.9812         1.11556         52.3        37.506
47.8100    -260022.7316 -260037.1533      14.4218   297.5    3351.9812         1.11556         52.3        37.506
47.8200    -260022.3808 -260036.7249      14.3441   295.9    3354.5905         1.11469         52.3        37.506
47.8300    -260022.6347 -260037.0424      14.4078   297.2    3354.5905         1.11469         52.3        37.506
47.8400    -260022.7287 -260037.5931      14.8644   306.7    3354.5905         1.11469         52.3        37.506
47.8500    -260022.9159 -260037.5863      14.6704   302.7    3354.5905         1.11469         52.2        37.506
47.8600    -260023.3216 -260037.3205      13.9988   288.8    3354.5905         1.11469         52.2        37.506
47.8700    -260023.6557 -260037.5638      13.9081   286.9    3354.5905         1.11469         52.2        37.506
47.8800    -260023.3768 -260038.0418      14.6650   302.5    3354.5905         1.11469         52.2        37.506
47.8900    -260023.1395 -260037.6062      14.4666   298.5    3354.5905         1.11469         52.2        37.506
47.9000    -260022.9485 -260036.8120      13.8635   286.0    3354.5905         1.11469         52.2        37.506
47.9100    -260022.9088 -260037.8558      14.9470   308.4    3354.5905         1.11469         52.2        37.506
47.9200    -260022.8882 -260038.3141      15.4259   318.2    3330.4852         1.12276         52.2        37.506
47.9300    -260023.2332 -260038.2600      15.0268   310.0    3315.7407         1.12775         52.2        37.506
47.9400    -260024.0136 -260038.4979      14.4844   298.8    3313.0582         1.12866         52.2        37.506
47.9500    -260023.5340 -260038.4994      14.9654   308.7    3324.9324         1.12463         52.2        37.506
47.9600    -260023.2775 -260037.7011      14.4236   297.6    3324.9324         1.12463         52.2        37.506
47.9700    -260023.1836 -260037.8025      14.6189   301.6    3351.8537         1.11560         52.3        37.506
47.9800    -260023.3821 -260038.3257      14.9436   308.3    3325.5646         1.12442         52.3        37.506
47.9900    -260023.3766 -260038.4785      15.1019   311.6    3356.9880         1.11389         52.3        37.506
48.0000    -260023.1632 -260038.4197      15.2565   314.7    3356.9880         1.11389         52.3        37.506
48.0100    -260023.0829 -260037.8230      14.7401   304.1    3356.9880         1.11389         52.3        37.506
48.0200    -260023.2606 -260038.0494      14.7887   305.1    3367.5050         1.11041         52.3        37.506
48.0300    -260024.0593 -260038.1317      14.0724   290.3    3367.5050         1.11041         52.3        37.506
48.0400    -260024.1867 -260037.9913      13.8046   284.8    3330.7623         1.12266         52.3        37.506
48.0500    -260024.4490 -260037.9442      13.4952   278.4    3330.7623         1.12266         52.3        37.506
48.0600    -260024.2277 -260038.2986      14.0708   290.3    3330.7623         1.12266         52.3        37.506
48.0700    -260023.7799 -260038.2649      14.4850   298.8    3336.5467         1.12072         52.3        37.506
48.0800    -260023.3965 -260038.0970      14.7005   303.3    3336.5467         1.12072         52.3        37.506
48.0900    -260023.1772 -260038.3730      15.1958   313.5    3354.9021         1.11459         52.3        37.506
48.1000    -260023.6089 -260038.1178      14.5089   299.3    3354.9021         1.11459         52.3        37.506
48.1100    -260024.0926 -260038.6158      14.5232   299.6    3354.9021         1.11459         52.3        37.506
48.1200    -260024.6481 -260037.6872      13.0390   269.0    3354.9021         1.11459         52.2        37.506
48.1300    -260024.3399 -260037.4744      13.1344   271.0    3354.9021         1.11459         52.2        37.506
48.1400    -260023.9884 -260037.9655      13.9771   288.4    3354.9021         1.11459         52.2        37.506
48.1500    -260024.4989 -260038.3092      13.8104   284.9    3354.9021         1.11459         52.2        37.506
48.1600    -260024.1210 -260038.0986      13.9776   288.4    3354.9021         1.11459         52.2        37.506
48.1700    -260023.6682 -260037.5136      13.8453   285.6    3354.7333         1.11464         52.2        37.506
48.1800    -260023.1853 -260037.9968      14.8114   305.6    3354.7333         1.11464         52.2        37.506
48.1900    -260023.5402 -260036.7591      13.2189   272.7    3354.7333         1.11464         52.2        37.506
48.2000    -260023.2924 -260037.4483      14.1560   292.0    3354.7333         1.11464         52.2        37.506
48.2100    -260023.5281 -260038.0656      14.5375   299.9    3354.7333         1.11464         52.2        37.506
48.2200    -260022.8816 -260037.7364      14.8548   306.5    3354.7333         1.11464         52.2        37.506
48.2300    -260022.4878 -260037.1908      14.7029   303.3    3337.9901         1.12023         52.2        37.506
48.2400    -260023.0255 -260037.0709      14.0454   289.8    3337.9901         1.12023         52.2        37.506
48.2500    -260022.5533 -260036.6412      14.0878   290.6    3347.3252         1.11711         52.2        37.506
48.2600    -260022.3326 -260036.5332      14.2005   293.0    3347.3252         1.11711         52.2        37.506
48.2700    -260022.7214 -260037.1995      14.4782   298.7    3342.6482         1.11867         52.2        37.506
48.2800    -260022.8960 -260037.8782      14.9822   309.1    3343.8593         1.11827         52.2        37.506
48.2900    -260022.6124 -260036.8122      14.1997   292.9    3343.8593         1.11827         52.2        37.506
48.3000    -260022.0277 -260036.5118      14.4841   298.8    3343.8593         1.11827         52.2        37.506
48.3100    -260022.3972 -260037.1982      14.8010   305.3    3343.8593         1.11827         52.2        37.506
48.3200    -260022.7696 -260037.1913      14.4217   297.5    3341.2210         1.11915         52.2        37.506
48.3300    -260022.3899 -260037.0538      14.6638   302.5    3314.6148         1.12813         52.2        37.506
48.3400    -260022.0712 -260036.5767      14.5055   299.3    3314.6148         1.12813         52.2        37.506
48.3500    -260022.2286 -260036.7740      14.5455   300.1    3314.6148         1.12813         52.2        37.506
48.3600    -260022.4209 -260037.0544      14.6336   301.9    3314.6148         1.12813         52.2        37.506
48.3700    -260022.1147 -260036.5815      14.4668   298.5    3338.7366         1.11998         52.2        37.506
48.3800    -260021.9203 -260036.3704      14.4501   298.1    3338.7366         1.11998         52.2        37.506
48.3900    -260020.9355 -260036.7553      15.8198   326.4    3338.7366         1.11998         52.2        37.506
48.4000    -260021.1385 -260036.4400      15.3015   315.7    3301.2960         1.13268         52.2        37.506
48.4100    -260020.6250 -260036.2599      15.6349   322.6    3301.2960         1.13268         52.2        37.506
48.4200    -260020.9776 -260035.8254      14.8478   306.3    3284.1226         1.13861         52.2        37.506
48.4300    -260020.8878 -260036.5281      15.6404   322.7    3281.0498         1.13967         52.2        37.506
48.4400    -260020.9011 -260035.9256      15.0245   310.0    3281.0498         1.13967         52.2        37.506
48.4500    -260021.5242 -260036.2859      14.7616   304.5    3266.6975         1.14468         52.2        37.506
48.4600    -260022.0297 -260036.8833      14.8535   306.4    3266.6975         1.14468         52.2        37.506
48.4700    -260022.0540 -260036.4879      14.4339   297.8    3294.9897         1.13485         52.2        37.506
48.4800    -260022.1279 -260036.8266      14.6987   303.2    3294.4178         1.13505         52.2        37.506
48.4900    -260021.9157 -260036.6506      14.7349   304.0    3294.4178         1.13505         52.2        37.506
48.5000    -260022.0139 -260036.6687      14.6547   302.3    3294.4178         1.13505         52.2        37.506
48.5100    -260021.7222 -260036.7280      15.0058   309.6    3294.4178         1.13505         52.2        37.506
48.5200    -260021.5016 -260036.9372      15.4357   318.4    3294.7209         1.13494         52.2        37.506
48.5300    -260021.8305 -260036.6905      14.8600   306.6    3284.1132         1.13861         52.2        37.506
48.5400    -260022.2809 -260036.7419      14.4611   298.3    3282.7731         1.13908         52.2        37.506
48.5500    -260022.2404 -260036.5407      14.3004   295.0    3291.1546         1.13617         52.2        37.506
48.5600    -260022.0643 -260036.8409      14.7766   304.8    3291.1546         1.13617         52.2        37.506
48.5700    -260021.7109 -260035.7017      13.9908   288.6    3308.4206         1.13025         52.3        37.506
48.5800    -260021.6288 -260035.9947      14.3659   296.4    3339.7154         1.11965         52.3        37.506
48.5900    -260021.8022 -260037.1163      15.3141   315.9    3339.7154         1.11965         52.3        37.506
48.6000    -260022.2816 -260037.0126      14.7310   303.9    3304.5213         1.13158         52.3        37.506
48.6100    -260022.0691 -260036.7882      14.7191   303.7    3304.5213         1.13158         52.3        37.506
48.6200    -260021.9687 -260036.6580      14.6893   303.0    3304.5213         1.13158         52.2        37.506
48.6300    -260022.0503 -260037.2476      15.1973   313.5    3304.5213         1.13158         52.2        37.506
48.6400    -260022.4515 -260036.4630      14.0115   289.1    3304.5213         1.13158         52.2        37.506
48.6500    -260022.8297 -260037.2848      14.4551   298.2    3304.5213         1.13158         52.2        37.506
48.6600    -260022.2609 -260036.9844      14.7236   303.8    3304.5213         1.13158         52.2        37.506
48.6700    -260021.3132 -260036.2308      14.9176   307.8    3304.5213         1.13158         52.2        37.506
48.6800    -260021.6242 -260036.7189      15.0947   311.4    3304.5213         1.13158         52.2        37.506
48.6900    -260021.3706 -260037.0900      15.7194   324.3    3331.2360         1.12250         52.2        37.506
48.7000    -260021.5459 -260035.8528      14.3069   295.2    3356.0261         1.11421         52.2        37.506
48.7100    -260020.8789 -260035.8680      14.9891   309.2    3356.0261         1.11421         52.2        37.506
48.7200    -260021.1919 -260036.1996      15.0076   309.6    3352.1409         1.11550         52.2        37.506
48.7300    -260020.9938 -260036.8667      15.8729   327.5    3352.1409         1.11550         52.2        37.506
48.7400    -260020.3979 -260036.4988      16.1009   332.2    3352.1409         1.11550         52.2        37.506
48.7500    -260020.6230 -260036.0986      15.4755   319.3    3352.1409         1.11550         52.2        37.506
48.7600    -260020.3247 -260036.5651      16.2404   335.0    3352.1409         1.11550         52.2        37.506
48.7700    -260020.8722 -260036.5988      15.7265   324.4    3320.2030         1.12623         52.2        37.506
48.7800    -260020.8857 -260036.7393      15.8536   327.1    3305.3995         1.13128         52.2        37.506
48.7900    -260021.0512 -260035.4774      14.4262   297.6    3329.1220         1.12322         52.2        37.506
48.8000    -260021.3482 -260036.3640      15.0159   309.8    3329.1220         1.12322         52.2        37.506
48.8100    -260021.8808 -260037.2205      15.3397   316.5    3329.1220         1.12322         52.2        37.506
48.8200    -260021.3411 -260037.2072      15.8661   327.3    3327.1862         1.12387         52.2        37.506
48.8300    -260021.9065 -260036.9051      14.9986   309.4    3335.9324         1.12092         52.2        37.506
48.8400    -260021.7081 -260037.5634      15.8553   327.1    3347.4836         1.11706         52.2        37.506
48.8500    -260021.1534 -260036.5558      15.4024   317.8    3347.4836         1.11706         52.2        37.506
48.8600    -260021.0684 -260035.8573      14.7889   305.1    3347.4836         1.11706         52.2        37.506
48.8700    -260021.7129 -260036.5148      14.8019   305.4    3345.8624         1.11760         52.2        37.506
48.8800    -260021.4506 -260036.1413      14.6907   303.1    3345.8624         1.11760         52.2        37.506
48.8900    -260021.1391 -260036.4878      15.3487   316.6    3328.1949         1.12353         52.2        37.506
48.9000    -260020.7368 -260035.8658      15.1290   312.1    3328.1949         1.12353         52.2        37.506
48.9100    -260020.4126 -260036.3159      15.9033   328.1    3328.1949         1.12353         52.2        37.506
48.9200    -260020.4189 -260035.3933      14.9744   308.9    3328.1949         1.12353         52.2        37.506
48.9300    -260020.6695 -260036.0154      15.3459   316.6    3341.6239         1.11901         52.2        37.506
48.9400    -260020.5965 -260035.1426      14.5460   300.1    3377.3348         1.10718         52.2        37.506
48.9500    -260020.9773 -260035.7341      14.7568   304.4    3377.3348         1.10718         52.2        37.506
48.9600    -260021.2286 -260035.9938      14.7651   304.6    3377.3348         1.10718         52.2        37.506
48.9700    -260020.9150 -260036.0746      15.1596   312.7    3377.3348         1.10718         52.2        37.506
48.9800    -260021.1855 -260035.9050      14.7195   303.7    3346.3613         1.11743         52.2        37.506
48.9900    -260021.1000 -260035.4707      14.3708   296.5    3346.3613         1.11743         52.2        37.506
49.0000    -260020.8722 -260035.6547      14.7825   305.0    3308.9070         1.13008         52.2        37.506
49.0100    -260021.5557 -260036.0146      14.4589   298.3    3308.9070         1.13008         52.2        37.506
49.0200    -260021.6311 -260037.3372      15.7061   324.0    3307.0396         1.13072         52.2        37.506
49.0300    -260021.9257 -260036.8928      14.9671   308.8    3311.1060         1.12933         52.2        37.506
49.0400    -260021.6418 -260036.4372      14.7953   305.2    3338.6957         1.12000         52.3        37.506
49.0500    -260021.7356 -260036.4387      14.7031   303.3    3338.6957         1.12000         52.2        37.506
49.0600    -260020.9979 -260036.4560      15.4581   318.9    3338.6957         1.12000         52.2        37.506
49.0700    -260021.0913 -260036.7363      15.6451   322.8    3352.6762         1.11533         52.3        37.506
49.0800    -260021.4107 -260036.1993      14.7886   305.1    3352.6762         1.11533         52.2        37.506
49.0900    -260021.3642 -260036.6575      15.2934   315.5    3352.6762         1.11533         52.2        37.506
49.1000    -260022.0522 -260036.8866      14.8344   306.0    3348.0066         1.11688         52.2        37.506
49.1100    -260021.9232 -260037.2304      15.3072   315.8    3348.0066         1.11688         52.2        37.506
49.1200    -260022.5873 -260036.4090      13.8217   285.1    3349.1302         1.11651         52.3        37.506
49.1300    -260022.1824 -260036.8353      14.6528   302.3    3349.1302         1.11651         52.2        37.506
49.1400    -260023.4025 -260036.5635      13.1610   271.5    3357.2850         1.11379         52.3        37.506
49.1500    -260023.1652 -260036.8452      13.6800   282.2    3361.0406         1.11255         52.3        37.506
49.1600    -260023.2550 -260037.6138      14.3588   296.2    3361.0406         1.11255         52.3        37.506
49.1700    -260023.5098 -260037.7705      14.2607   294.2    3361.0406         1.11255         52.3        37.506
49.1800    -260024.3540 -260037.6619      13.3079   274.5    3361.3554         1.11245         52.3        37.506
49.1900    -260024.0374 -260037.9184      13.8810   286.4    3361.3554         1.11245         52.2        37.506
49.2000    -260024.3250 -260037.7776      13.4526   277.5    3361.3554         1.11245         52.2        37.506
49.2100    -260023.9175 -260037.6402      13.7227   283.1    3361.3554         1.11245         52.2        37.506
49.2200    -260023.9519 -260038.2190      14.2672   294.3    3371.4645         1.10911         52.2        37.506
49.2300    -260024.0055 -260038.0500      14.0445   289.7    3371.4645         1.10911         52.2        37.506
49.2400    -260024.1516 -260037.3552      13.2036   272.4    3401.3332         1.09937         52.2        37.506
49.2500    -260024.1195 -260037.5895      13.4699   277.9    3401.3332         1.09937         52.2        37.506
49.2600    -260023.8283 -260038.5494      14.7211   303.7    3401.3332         1.09937         52.2        37.506
49.2700    -260023.3610 -260037.3051      13.9441   287.7    3414.4999         1.09513         52.2        37.506
49.2800    -260023.0675 -260037.3200      14.2525   294.0    3414.4999         1.09513         52.2        37.506
49.2900    -260022.4679 -260037.2532      14.7853   305.0    3414.4999         1.09513         52.2        37.506
49.3000    -260022.8690 -260037.3223      14.4533   298.2    3425.7786         1.09153         52.2        37.506
49.3100    -260022.8224 -260037.8924      15.0700   310.9    3425.7786         1.09153         52.2        37.506
49.3200    -260022.7939 -260038.2868      15.4929   319.6    3389.2481         1.10329         52.2        37.506
49.3300    -260023.1114 -260037.6621      14.5507   300.2    3389.2624         1.10329         52.3        37.506
49.3400    -260022.9347 -260037.0923      14.1576   292.1    3375.1187         1.10791         52.3        37.506
49.3500    -260023.1626 -260037.5736      14.4110   297.3    3375.1187         1.10791         52.3        37.506
49.3600    -260023.4290 -260038.2506      14.8216   305.8    3375.1187         1.10791         52.3        37.506
49.3700    -260023.4398 -260038.0718      14.6320   301.9    3354.4832         1.11473         52.3        37.506
49.3800    -260023.7361 -260038.2671      14.5310   299.8    3354.4832         1.11473         52.3        37.506
49.3900    -260024.2276 -260038.5636      14.3361   295.8    3354.4832         1.11473         52.2        37.506
49.4000    -260023.7536 -260038.6930      14.9394   308.2    3362.5913         1.11204         52.3        37.506
49.4100    -260024.1867 -260038.5442      14.3575   296.2    3362.5913         1.11204         52.3        37.506
49.4200    -260023.8701 -260038.2962      14.4260   297.6    3362.5913         1.11204         52.2        37.506
49.4300    -260024.3399 -260038.2562      13.9164   287.1    3350.9360         1.11591         52.3        37.506
49.4400    -260024.5071 -260038.8130      14.3058   295.1    3339.2678         1.11980         52.3        37.506
49.4500    -260024.4208 -260038.1084      13.6876   282.4    3355.2131         1.11448         52.3        37.506
49.4600    -260024.4348 -260038.3727      13.9379   287.5    3355.2131         1.11448         52.3        37.506
49.4700    -260024.6769 -260038.0645      13.3876   276.2    3355.2131         1.11448         52.3        37.506
49.4800    -260024.7497 -260038.0849      13.3353   275.1    3355.2131         1.11448         52.2        37.506
49.4900    -260024.5272 -260038.5831      14.0559   290.0    3337.6534         1.12035         52.3        37.506
49.5000    -260024.3498 -260037.9328      13.5830   280.2    3336.0614         1.12088         52.3        37.506
49.5100    -260024.0109 -260038.6182      14.6072   301.4    3336.0614         1.12088         52.3        37.506
49.5200    -260024.1259 -260038.2488      14.1229   291.4    3333.8132         1.12164         52.3        37.506
49.5300    -260023.3720 -260038.5422      15.1702   313.0    3330.9557         1.12260         52.3        37.506
49.5400    -260023.6136 -260038.0918      14.4782   298.7    3330.9557         1.12260         52.3        37.506
49.5500    -260023.6557 -260038.3348      14.6791   302.8    3330.9557         1.12260         52.3        37.506
49.5600    -260023.8493 -260038.3986      14.5494   300.2    3330.9557         1.12260         52.3        37.506
49.5700    -260023.6952 -260038.7908      15.0955   311.4    3330.9557         1.12260         52.3        37.506
49.5800    -260023.3673 -260038.8579      15.4905   319.6    3347.6444         1.11700         52.3        37.506
49.5900    -260023.3817 -260039.0480      15.6662   323.2    3333.5160         1.12174         52.3        37.506
49.6000    -260023.8946 -260037.5278      13.6332   281.3    3332.3544         1.12213         52.3        37.506
49.6100    -260024.0363 -260038.6052      14.5690   300.6    3332.3544         1.12213         52.3        37.506
49.6200    -260024.5696 -260038.0710      13.5014   278.5    3336.8299         1.12062         52.3        37.506
49.6300    -260024.9220 -260038.9315      14.0096   289.0    3331.3536         1.12246         52.3        37.506
49.6400    -260025.1144 -260038.1737      13.0593   269.4    3331.3536         1.12246         52.3        37.506
49.6500    -260025.5327 -260038.8921      13.3593   275.6    3331.3536         1.12246         52.3        37.506
49.6600    -260025.3299 -260039.1417      13.8118   284.9    3331.3536         1.12246         52.3        37.506
49.6700    -260025.6880 -260039.4007      13.7127   282.9    3361.9637         1.11224         52.3        37.506
49.6800    -260025.8616 -260038.4342      12.5727   259.4    3361.9637         1.11224         52.3        37.506
49.6900    -260025.0126 -260039.4199      14.4073   297.2    3364.6509         1.11136         52.3        37.506
49.7000    -260024.5247 -260038.3798      13.8551   285.8    3373.1708         1.10855         52.3        37.506
49.7100    -260024.3584 -260037.9864      13.6280   281.1    3373.1708         1.10855         52.3        37.506
49.7200    -260024.0623 -260037.5039      13.4416   277.3    3362.8820         1.11194         52.3        37.506
49.7300    -260024.5029 -260037.5565      13.0536   269.3    3362.8820         1.11194         52.3        37.506
49.7400    -260024.0020 -260037.8398      13.8378   285.5    3362.8820         1.11194         52.3        37.506
49.7500    -260023.6660 -260037.7658      14.0998   290.9    3362.8820         1.11194         52.3        37.506
49.7600    -260023.5375 -260038.1124      14.5749   300.7    3362.8820         1.11194         52.3        37.506
49.7700    -260023.4686 -260038.4132      14.9447   308.3    3362.8820         1.11194         52.3        37.506
49.7800    -260023.2731 -260037.8893      14.6161   301.5    3362.8820         1.11194         52.3        37.506
49.7900    -260023.0212 -260037.2144      14.1932   292.8    3387.2102         1.10395         52.3        37.506
49.8000    -260022.8785 -260038.1230      15.2445   314.5    3387.2102         1.10395         52.3        37.506
49.8100    -260023.1505 -260038.0755      14.9250   307.9    3387.2102         1.10395         52.3        37.506
49.8200    -260023.2895 -260037.8829      14.5933   301.1    3387.2102         1.10395         52.2        37.506
49.8300    -260023.4254 -260036.9763      13.5509   279.6    3365.3134         1.11114         52.3        37.506
49.8400    -260023.7801 -260037.6544      13.8743   286.2    3365.3134         1.11114         52.2        37.506
49.8500    -260023.4645 -260036.8805      13.4159   276.8    3373.5182         1.10844         52.3        37.506
49.8600    -260023.6122 -260037.6348      14.0226   289.3    3373.5182         1.10844         52.3        37.506
49.8700    -260023.3048 -260037.6723      14.3675   296.4    3368.3712         1.11013         52.3        37.506
49.8800    -260023.1258 -260037.2467      14.1210   291.3    3354.4798         1.11473         52.3        37.506
49.8900    -260022.9393 -260037.9155      14.9762   309.0    3345.5994         1.11769         52.3        37.506
49.9000    -260022.8681 -260037.4550      14.5869   300.9    3347.7193         1.11698         52.3        37.506
49.9100    -260022.7778 -260037.6614      14.8836   307.1    3347.7193         1.11698         52.3        37.506
49.9200    -260022.7472 -260036.7666      14.0194   289.2    3363.3472         1.11179         52.3        37.506
49.9300    -260022.5871 -260037.2058      14.6188   301.6    3363.3472         1.11179         52.3        37.506
49.9400    -260022.6271 -260037.5387      14.9116   307.6    3363.3472         1.11179         52.3        37.506
49.9500    -260022.2910 -260037.4226      15.1316   312.2    3363.3472         1.11179         52.3        37.506
49.9600    -260022.0515 -260036.9451      14.8936   307.3    3363.3472         1.11179         52.3        37.506
49.9700    -260021.7113 -260037.1434      15.4321   318.4    3363.3472         1.11179         52.3        37.506
49.9800    -260022.2799 -260037.1751      14.8953   307.3    3363.3472         1.11179         52.3        37.506
49.9900    -260022.4832 -260037.5046      15.0214   309.9    3363.3472         1.11179         52.2        37.506
50.0000    -260022.3511 -260037.4213      15.0702   310.9    3380.3272         1.10620         52.2        37.506
50.0100    -260022.7480 -260036.9033      14.1552   292.0    3380.3272         1.10620         52.2        37.506
50.0200    -260023.3390 -260037.0974      13.7584   283.8    3389.7023         1.10314         52.3        37.506
50.0300    -260023.5730 -260037.0902      13.5172   278.9    3389.7023         1.10314         52.2        37.506
50.0400    -260023.5894 -260037.3473      13.7578   283.8    3359.7348         1.11298         52.3        37.506
50.0500    -260023.0207 -260037.9002      14.8795   307.0    3362.1572         1.11218         52.3        37.506
50.0600    -260022.9874 -260038.1797      15.1924   313.4    3362.1572         1.11218         52.3        37.506
50.0700    -260022.8695 -260037.2115      14.3419   295.9    3349.2783         1.11646         52.3        37.506
50.0800    -260022.3710 -260037.0879      14.7169   303.6    3349.2783         1.11646         52.3        37.506
50.0900    -260022.6427 -260037.2428      14.6001   301.2    3375.7042         1.10772         52.3        37.506
50.1000    -260023.3671 -260038.5973      15.2302   314.2    3375.7042         1.10772         52.3        37.506
50.1100    -260023.6856 -260038.0850      14.3994   297.1    3375.7042         1.10772         52.3        37.506
50.1200    -260023.8601 -260038.3970      14.5369   299.9    3379.4312         1.10650         52.3        37.506
50.1300    -260023.7450 -260038.2565      14.5115   299.4    3379.4312         1.10650         52.3        37.506
50.1400    -260023.4543 -260037.5087      14.0544   289.9    3379.5319         1.10646         52.3        37.506
50.1500    -260023.6063 -260037.5838      13.9775   288.4    3371.2853         1.10917         52.3        37.506
50.1600    -260023.7276 -260037.7955      14.0679   290.2    3371.2853         1.10917         52.3        37.506
50.1700    -260023.0289 -260037.3028      14.2739   294.5    3364.7108         1.11134         52.3        37.506
50.1800    -260022.9866 -260036.9351      13.9485   287.8    3364.7108         1.11134         52.3        37.506
50.1900    -260023.1006 -260037.5434      14.4428   298.0    3362.7793         1.11197         52.3        37.506
50.2000    -260023.2909 -260037.6630      14.3721   296.5    3364.3873         1.11144         52.3        37.506
50.2100    -260023.5204 -260037.4961      13.9757   288.3    3364.3873         1.11144         52.3        37.506
50.2200    -260023.3572 -260037.5385      14.1813   292.6    3399.2754         1.10004         52.3        37.506
50.2300    -260022.6550 -260037.9018      15.2468   314.5    3393.1816         1.10201         52.3        37.506
50.2400    -260022.3143 -260037.8722      15.5579   321.0    3426.1480         1.09141         52.4        37.506
50.2500    -260023.2552 -260038.0991      14.8439   306.2    3426.8794         1.09118         52.4        37.506
50.2600    -260023.7329 -260038.5877      14.8548   306.5    3426.8794         1.09118         52.4        37.506
50.2700    -260023.9205 -260037.9296      14.0091   289.0    3426.8794         1.09118         52.4        37.506
50.2800    -260023.7776 -260037.4745      13.6969   282.6    3426.8794         1.09118         52.3        37.506
50.2900    -260024.3809 -260038.5248      14.1439   291.8    3429.0239         1.09049         52.3        37.506
50.3000    -260024.4112 -260038.2265      13.8153   285.0    3408.6317         1.09702         52.4        37.506
50.3100    -260024.0542 -260038.6190      14.5648   300.5    3408.6317         1.09702         52.4        37.506
50.3200    -260023.8220 -260038.2938      14.4718   298.6    3408.6317         1.09702         52.3        37.506
50.3300    -260024.1296 -260037.8469      13.7173   283.0    3408.6317         1.09702         52.3        37.506
50.3400    -260024.4423 -260038.3470      13.9047   286.9    3408.6317         1.09702         52.3        37.506
50.3500    -260023.8784 -260038.4008      14.5224   299.6    3376.3680         1.10750         52.3        37.506
50.3600    -260024.5037 -260038.8889      14.3852   296.8    3376.3680         1.10750         52.3        37.506
50.3700    -260024.2744 -260038.9643      14.6899   303.1    3360.8871         1.11260         52.3        37.506
50.3800    -260024.1328 -260038.2867      14.1539   292.0    3360.8871         1.11260         52.3        37.506
50.3900    -260024.0703 -260038.1270      14.0567   290.0    3357.1449         1.11384         52.3        37.506
50.4000    -260024.1875 -260038.4259      14.2385   293.7    3331.9326         1.12227         52.4        37.506
50.4100    -260023.5746 -260037.9923      14.4177   297.4    3331.9326         1.12227         52.4        37.506
50.4200    -260024.0409 -260038.1995      14.1586   292.1    3317.6682         1.12709         52.4        37.506
50.4300    -260024.0831 -260038.0086      13.9255   287.3    3317.6682         1.12709         52.4        37.506
50.4400    -260023.6011 -260037.8953      14.2942   294.9    3317.6682         1.12709         52.3        37.506
50.4500    -260023.9548 -260037.8843      13.9296   287.4    3317.6682         1.12709         52.3        37.506
50.4600    -260023.9143 -260037.5813      13.6670   282.0    3317.6682         1.12709         52.3        37.506
50.4700    -260023.2433 -260037.9052      14.6619   302.5    3324.3913         1.12482         52.3        37.506
50.4800    -260023.8365 -260037.9900      14.1534   292.0    3305.8685         1.13112         52.4        37.506
50.4900    -260024.2828 -260037.2338      12.9510   267.2    3305.8685         1.13112         52.3        37.506
50.5000    -260024.2194 -260037.1664      12.9470   267.1    3305.8685         1.13112         52.3        37.506
50.5100    -260023.8734 -260038.0821      14.2087   293.1    3305.8685         1.13112         52.3        37.506
50.5200    -260023.6601 -260037.6298      13.9697   288.2    3330.6912         1.12269         52.3        37.506
50.5300    -260023.3069 -260038.2289      14.9220   307.8    3330.6912         1.12269         52.3        37.506
50.5400    -260023.2940 -260038.2181      14.9241   307.9    3352.1214         1.11551         52.3        37.506
50.5500    -260023.0613 -260037.9431      14.8819   307.0    3362.1852         1.11217         52.3        37.506
50.5600    -260022.8756 -260037.1208      14.2452   293.9    3362.1852         1.11217         52.3        37.506
50.5700    -260022.7915 -260037.1506      14.3591   296.2    3325.6417         1.12439         52.4        37.506
50.5800    -260022.5924 -260037.9602      15.3678   317.0    3320.2455         1.12622         52.4        37.506
50.5900    -260023.3188 -260038.4842      15.1654   312.9    3330.6427         1.12270         52.4        37.506
50.6000    -260022.8762 -260038.1517      15.2755   315.1    3330.6427         1.12270         52.4        37.506
50.6100    -260023.3916 -260038.0031      14.6116   301.4    3330.6427         1.12270         52.4        37.506
50.6200    -260023.5827 -260038.1680      14.5853   300.9    3330.6427         1.12270         52.4        37.506
50.6300    -260023.7531 -260038.5702      14.8171   305.7    3312.5036         1.12885         52.4        37.506
50.6400    -260023.8624 -260038.3670      14.5046   299.2    3312.5036         1.12885         52.4        37.506
50.6500    -260023.7066 -260038.1419      14.4352   297.8    3292.3440         1.13576         52.4        37.506
50.6600    -260023.2430 -260037.8289      14.5859   300.9    3292.3440         1.13576         52.4        37.506
50.6700    -260023.0763 -260037.7140      14.6378   302.0    3287.8138         1.13733         52.4        37.506
50.6800    -260022.8193 -260037.9566      15.1373   312.3    3287.8138         1.13733         52.4        37.506
50.6900    -260022.4980 -260038.5126      16.0146   330.4    3287.8138         1.13733         52.4        37.506
50.7000    -260022.7059 -260038.9111      16.2052   334.3    3287.8138         1.13733         52.3        37.506
50.7100    -260022.8194 -260037.9016      15.0822   311.1    3287.8138         1.13733         52.3        37.506
50.7200    -260022.7524 -260037.4944      14.7419   304.1    3282.0804         1.13932         52.4        37.506
50.7300    -260022.9351 -260037.3616      14.4265   297.6    3282.0804         1.13932         52.3        37.506
50.7400    -260022.5244 -260037.8925      15.3681   317.0    3282.0804         1.13932         52.3        37.506
50.7500    -260022.5237 -260038.0089      15.4852   319.5    3282.0804         1.13932         52.3        37.506
50.7600    -260022.5839 -260037.2495      14.6656   302.6    3282.0804         1.13932         52.3        37.506
50.7700    -260023.1482 -260037.6775      14.5294   299.7    3282.0804         1.13932         52.3        37.506
50.7800    -260023.0716 -260038.5519      15.4803   319.4    3282.0804         1.13932         52.3        37.506
50.7900    -260023.0535 -260038.4339      15.3803   317.3    3282.0804         1.13932         52.3        37.506
50.8000    -260023.1056 -260038.3842      15.2786   315.2    3282.0804         1.13932         52.3        37.506
50.8100    -260022.8593 -260038.3142      15.4548   318.8    3282.0804         1.13932         52.3        37.506
50.8200    -260023.4802 -260037.6175      14.1374   291.7    3283.0937         1.13896         52.3        37.506
50.8300    -260023.5869 -260038.1074      14.5205   299.6    3283.0937         1.13896         52.3        37.506
50.8400    -260023.0689 -260038.2918      15.2229   314.1    3283.0937         1.13896         52.2        37.506
50.8500    -260023.1093 -260037.9360      14.8267   305.9    3291.2658         1.13614         52.3        37.506
50.8600    -260022.7676 -260037.4614      14.6938   303.1    3291.2658         1.13614         52.3        37.506
50.8700    -260023.6107 -260038.1857      14.5750   300.7    3294.7915         1.13492         52.3        37.506
50.8800    -260023.9007 -260038.4438      14.5431   300.0    3271.6569         1.14295         52.3        37.506
50.8900    -260024.2391 -260038.7393      14.5001   299.1    3271.6569         1.14295         52.3        37.506
50.9000    -260023.9234 -260038.1630      14.2397   293.8    3271.6569         1.14295         52.3        37.506
50.9100    -260023.8457 -260037.2781      13.4324   277.1    3271.6569         1.14295         52.3        37.506
50.9200    -260023.9032 -260037.4118      13.5086   278.7    3253.3127         1.14939         52.3        37.506
50.9300    -260024.4992 -260038.3906      13.8914   286.6    3253.3127         1.14939         52.3        37.506
50.9400    -260024.4432 -260038.6569      14.2137   293.2    3271.0654         1.14315         52.3        37.506
50.9500    -260024.1213 -260038.3137      14.1924   292.8    3271.0654         1.14315         52.3        37.506
50.9600    -260023.8917 -260038.7142      14.8225   305.8    3271.0654         1.14315         52.3        37.506
50.9700    -260023.1007 -260038.9193      15.8186   326.3    3287.7292         1.13736         52.3        37.506
50.9800    -260022.6424 -260037.3121      14.6697   302.6    3287.7292         1.13736         52.3        37.506
50.9900    -260021.9021 -260037.1872      15.2851   315.3    3299.1843         1.13341         52.3        37.506
51.0000    -260022.1841 -260037.5651      15.3810   317.3    3290.4204         1.13643         52.3        37.506
51.0100    -260022.1892 -260036.7729      14.5837   300.9    3290.4204         1.13643         52.3        37.506
51.0200    -260021.3177 -260036.5607      15.2430   314.5    3290.4204         1.13643         52.3        37.506
51.0300    -260021.4250 -260036.0541      14.6291   301.8    3290.4204         1.13643         52.3        37.506
51.0400    -260021.1749 -260036.7976      15.6227   322.3    3290.4204         1.13643         52.2        37.506
51.0500    -260022.0656 -260036.9993      14.9337   308.1    3290.4204         1.13643         52.2        37.506
51.0600    -260022.1623 -260037.5817      15.4194   318.1    3290.4204         1.13643         52.2        37.506
51.0700    -260022.1986 -260037.4696      15.2710   315.0    3299.1322         1.13343         52.2        37.506
51.0800    -260022.4581 -260037.8605      15.4024   317.8    3299.1322         1.13343         52.2        37.506
51.0900    -260023.5338 -260037.5561      14.0223   289.3    3299.1322         1.13343         52.2        37.506
51.1000    -260022.7361 -260037.0229      14.2868   294.7    3299.1322         1.13343         52.2        37.506
51.1100    -260023.0627 -260037.1837      14.1210   291.3    3299.1322         1.13343         52.2        37.506
51.1200    -260023.4685 -260037.6510      14.1825   292.6    3299.1322         1.13343         52.2        37.506
51.1300    -260023.9225 -260037.9481      14.0256   289.4    3299.1322         1.13343         52.2        37.506
51.1400    -260024.0489 -260038.3168      14.2679   294.3    3299.1322         1.13343         52.2        37.506
51.1500    -260023.8354 -260037.9560      14.1206   291.3    3295.8956         1.13454         52.2        37.506
51.1600    -260023.5478 -260037.5470      13.9992   288.8    3295.8956         1.13454         52.2        37.506
51.1700    -260023.5227 -260037.4065      13.8838   286.4    3295.8956         1.13454         52.2        37.506
51.1800    -260023.1913 -260037.2955      14.1042   291.0    3325.1213         1.12457         52.2        37.506
51.1900    -260022.6947 -260037.3015      14.6067   301.3    3336.7315         1.12066         52.2        37.506
51.2000    -260023.0753 -260036.8398      13.7646   284.0    3368.6132         1.11005         52.2        37.506
51.2100    -260023.4600 -260038.0577      14.5977   301.2    3368.6132         1.11005         52.2        37.506
51.2200    -260023.5483 -260037.1753      13.6270   281.1    3372.1507         1.10888         52.2        37.506
51.2300    -260022.9872 -260037.1947      14.2075   293.1    3363.3409         1.11179         52.2        37.506
51.2400    -260022.4712 -260036.4989      14.0277   289.4    3363.3409         1.11179         52.2        37.506
51.2500    -260022.4128 -260035.9792      13.5664   279.9    3389.8063         1.10311         52.2        37.506
51.2600    -260022.3911 -260036.9753      14.5842   300.9    3389.8063         1.10311         52.2        37.506
51.2700    -260022.8436 -260036.6498      13.8062   284.8    3416.5107         1.09449         52.2        37.506
51.2800    -260022.6491 -260036.9952      14.3461   296.0    3425.5815         1.09159         52.2        37.506
51.2900    -260023.0071 -260036.4947      13.4876   278.3    3433.3876         1.08911         52.3        37.506
51.3000    -260022.8972 -260037.3614      14.4642   298.4    3417.3837         1.09421         52.3        37.506
51.3100    -260022.3654 -260037.1151      14.7497   304.3    3417.3837         1.09421         52.3        37.506
51.3200    -260022.4217 -260035.9169      13.4952   278.4    3413.6065         1.09542         52.3        37.506
51.3300    -260022.0774 -260037.1272      15.0497   310.5    3402.3703         1.09904         52.3        37.506
51.3400    -260022.1575 -260037.4795      15.3220   316.1    3400.9229         1.09950         52.3        37.506
51.3500    -260022.5249 -260037.2311      14.7063   303.4    3437.0256         1.08795         52.3        37.506
51.3600    -260022.5369 -260037.0884      14.5515   300.2    3437.0256         1.08795         52.3        37.506
51.3700    -260022.1513 -260037.3612      15.2100   313.8    3437.0256         1.08795         52.3        37.506
51.3800    -260022.5635 -260037.2074      14.6439   302.1    3417.7480         1.09409         52.3        37.506
51.3900    -260022.5910 -260036.6629      14.0719   290.3    3417.7480         1.09409         52.3        37.506
51.4000    -260022.2172 -260036.6259      14.4088   297.3    3417.7480         1.09409         52.3        37.506
51.4100    -260022.2169 -260037.0301      14.8132   305.6    3417.7480         1.09409         52.3        37.506
51.4200    -260022.1650 -260036.8045      14.6394   302.0    3441.3939         1.08657         52.3        37.506
51.4300    -260022.2336 -260036.3321      14.0985   290.9    3441.3939         1.08657         52.3        37.506
51.4400    -260022.5940 -260036.6912      14.0972   290.8    3441.3939         1.08657         52.3        37.506
51.4500    -260022.8499 -260036.5179      13.6680   282.0    3413.4804         1.09546         52.3        37.506
51.4600    -260022.4505 -260036.6756      14.2251   293.5    3413.4804         1.09546         52.3        37.506
51.4700    -260022.7931 -260036.9298      14.1367   291.6    3401.7684         1.09923         52.3        37.506
51.4800    -260022.8569 -260036.3961      13.5392   279.3    3372.2259         1.10886         52.3        37.506
51.4900    -260023.3014 -260036.4430      13.1416   271.1    3372.2259         1.10886         52.3        37.506
51.5000    -260023.0600 -260036.5574      13.4974   278.5    3342.1876         1.11883         52.3        37.506
51.5100    -260021.8673 -260037.0710      15.2038   313.7    3342.1876         1.11883         52.3        37.506
51.5200    -260021.6569 -260037.1345      15.4776   319.3    3342.1876         1.11883         52.3        37.506
51.5300    -260021.9915 -260036.3385      14.3470   296.0    3339.8897         1.11960         52.3        37.506
51.5400    -260022.1391 -260036.9602      14.8211   305.8    3364.7886         1.11131         52.3        37.506
51.5500    -260021.8826 -260036.5521      14.6695   302.6    3364.7886         1.11131         52.3        37.506
51.5600    -260022.3109 -260036.1156      13.8047   284.8    3364.7886         1.11131         52.3        37.506
51.5700    -260022.4511 -260037.0118      14.5607   300.4    3362.5073         1.11206         52.3        37.506
51.5800    -260022.4826 -260037.5493      15.0666   310.8    3390.7309         1.10281         52.3        37.506
51.5900    -260021.9511 -260036.0926      14.1415   291.7    3390.7309         1.10281         52.3        37.506
51.6000    -260021.9482 -260036.0773      14.1291   291.5    3364.1588         1.11152         52.3        37.506
51.6100    -260022.3995 -260036.3982      13.9987   288.8    3364.1588         1.11152         52.3        37.506
51.6200    -260023.3750 -260036.8737      13.4987   278.5    3364.1588         1.11152         52.3        37.506
51.6300    -260023.4587 -260036.8348      13.3761   276.0    3364.1588         1.11152         52.3        37.506
51.6400    -260023.4933 -260036.3947      12.9014   266.2    3364.1588         1.11152         52.3        37.506
51.6500    -260022.9591 -260037.3763      14.4172   297.4    3355.9163         1.11425         52.3        37.506
51.6600    -260022.6578 -260037.5660      14.9083   307.6    3355.9163         1.11425         52.3        37.506
51.6700    -260021.9024 -260037.0242      15.1218   312.0    3355.9163         1.11425         52.3        37.506
51.6800    -260022.3174 -260036.8816      14.5642   300.5    3355.9163         1.11425         52.3        37.506
51.6900    -260022.0313 -260036.1756      14.1443   291.8    3355.9163         1.11425         52.3        37.506
51.7000    -260022.1537 -260036.5927      14.4390   297.9    3346.6178         1.11734         52.3        37.506
51.7100    -260021.9896 -260036.5498      14.5602   300.4    3346.6178         1.11734         52.3        37.506
51.7200    -260021.6182 -260035.7921      14.1739   292.4    3346.6178         1.11734         52.3        37.506
51.7300    -260021.4475 -260036.3012      14.8538   306.4    3365.3568         1.11112         52.3        37.506
51.7400    -260021.2434 -260036.2903      15.0470   310.4    3365.3568         1.11112         52.3        37.506
51.7500    -260021.3939 -260036.1788      14.7849   305.0    3365.3568         1.11112         52.2        37.506
51.7600    -260021.0476 -260036.1094      15.0618   310.7    3365.3568         1.11112         52.2        37.506
51.7700    -260021.3897 -260036.9144      15.5247   320.3    3375.6155         1.10775         52.3        37.506
51.7800    -260021.8415 -260036.9446      15.1031   311.6    3404.8522         1.09823         52.3        37.506
51.7900    -260021.4703 -260036.5011      15.0309   310.1    3404.8522         1.09823         52.3        37.506
51.8000    -260021.9006 -260035.6564      13.7558   283.8    3404.8522         1.09823         52.2        37.506
51.8100    -260022.2611 -260036.3280      14.0669   290.2    3404.8522         1.09823         52.2        37.506
51.8200    -260022.4501 -260036.9848      14.5347   299.9    3393.0648         1.10205         52.3        37.506
51.8300    -260022.3194 -260037.1923      14.8730   306.8    3369.1630         1.10987         52.3        37.506
51.8400    -260022.4943 -260036.7855      14.2913   294.8    3371.7037         1.10903         52.3        37.506
51.8500    -260023.5395 -260037.1083      13.5689   279.9    3371.7037         1.10903         52.3        37.506
51.8600    -260024.1942 -260038.3072      14.1130   291.2    3371.7037         1.10903         52.3        37.506
51.8700    -260024.1286 -260038.3367      14.2080   293.1    3379.3697         1.10652         52.3        37.506
51.8800    -260023.9821 -260038.5906      14.6085   301.4    3396.5454         1.10092         52.3        37.506
51.8900    -260023.4127 -260037.5115      14.0989   290.9    3380.2795         1.10622         52.3        37.506
51.9000    -260023.3074 -260037.9903      14.6829   302.9    3361.2516         1.11248         52.3        37.506
51.9100    -260023.3204 -260038.2427      14.9223   307.9    3361.2516         1.11248         52.3        37.506
51.9200    -260023.2630 -260037.5826      14.3196   295.4    3361.2516         1.11248         52.3        37.506
51.9300    -260022.7136 -260037.8973      15.1837   313.2    3353.0021         1.11522         52.3        37.506
51.9400    -260023.1320 -260037.4387      14.3067   295.2    3353.0021         1.11522         52.3        37.506
51.9500    -260022.6833 -260037.3143      14.6310   301.8    3326.2534         1.12419         52.3        37.506
51.9600    -260022.2729 -260037.0717      14.7988   305.3    3326.2534         1.12419         52.3        37.506
51.9700    -260022.3810 -260036.5551      14.1740   292.4    3326.2534         1.12419         52.3        37.506
51.9800    -260022.4479 -260037.0681      14.6202   301.6    3307.2894         1.13063         52.3        37.506
51.9900    -260022.8233 -260037.3851      14.5618   300.4    3328.9951         1.12326         52.3        37.506
52.0000    -260022.9173 -260036.9478      14.0306   289.5    3333.3309         1.12180         52.3        37.506
52.0100    -260024.0212 -260037.5120      13.4908   278.3    3333.3309         1.12180         52.3        37.506
52.0200    -260024.0807 -260037.3327      13.2520   273.4    3333.3309         1.12180         52.3        37.506
52.0300    -260024.0152 -260037.9139      13.8987   286.7    3333.3309         1.12180         52.3        37.506
52.0400    -260024.0714 -260038.0060      13.9346   287.5    3333.3309         1.12180         52.3        37.506
52.0500    -260024.3203 -260038.3377      14.0174   289.2    3333.3309         1.12180         52.3        37.506
52.0600    -260023.9963 -260037.7318      13.7355   283.4    3333.3309         1.12180         52.3        37.506
52.0700    -260023.9043 -260037.4687      13.5643   279.8    3344.5535         1.11803         52.3        37.506
52.0800    -260023.8138 -260037.1698      13.3560   275.5    3344.5535         1.11803         52.3        37.506
52.0900    -260023.1479 -260038.1186      14.9707   308.9    3344.5535         1.11803         52.3        37.506
52.1000    -260022.5149 -260036.9711      14.4563   298.2    3344.5535         1.11803         52.3        37.506
52.1100    -260023.0356 -260037.9456      14.9100   307.6    3344.5535         1.11803         52.3        37.506
52.1200    -260022.8604 -260037.5452      14.6847   302.9    3344.5535         1.11803         52.2        37.506
52.1300    -260022.4015 -260037.3595      14.9581   308.6    3344.5535         1.11803         52.2        37.506
52.1400    -260023.4835 -260037.6023      14.1188   291.3    3345.3113         1.11778         52.2        37.506
52.1500    -260023.4047 -260037.0119      13.6072   280.7    3378.0818         1.10694         52.3        37.506
52.1600    -260023.1022 -260037.0895      13.9873   288.6    3378.0818         1.10694         52.3        37.506
52.1700    -260022.8439 -260037.2466      14.4026   297.1    3378.0818         1.10694         52.2        37.506
52.1800    -260023.0918 -260037.3001      14.2083   293.1    3378.0818         1.10694         52.2        37.506
52.1900    -260023.6195 -260037.5940      13.9746   288.3    3378.0818         1.10694         52.2        37.506
52.2000    -260023.9060 -260038.6485      14.7426   304.1    3378.0818         1.10694         52.2        37.506
52.2100    -260023.6054 -260038.2212      14.6158   301.5    3378.0818         1.10694         52.2        37.506
52.2200    -260023.5673 -260038.1462      14.5789   300.8    3395.2505         1.10134         52.2        37.506
52.2300    -260023.5307 -260038.1635      14.6328   301.9    3416.0834         1.09462         52.2        37.506
52.2400    -260023.6206 -260037.1824      13.5618   279.8    3436.5994         1.08809         52.2        37.506
52.2500    -260023.5772 -260037.3840      13.8067   284.8    3436.5994         1.08809         52.2        37.506
52.2600    -260023.2475 -260037.3580      14.1106   291.1    3436.5994         1.08809         52.2        37.506
52.2700    -260022.8343 -260036.4928      13.6585   281.8    3430.1864         1.09012         52.2        37.506
52.2800    -260023.1454 -260036.6137      13.4683   277.9    3430.1864         1.09012         52.2        37.506
52.2900    -260022.9914 -260037.1473      14.1558   292.0    3430.1864         1.09012         52.2        37.506
52.3000    -260023.1961 -260037.1199      13.9238   287.3    3430.1864         1.09012         52.2        37.506
52.3100    -260023.1239 -260037.0565      13.9326   287.4    3430.1864         1.09012         52.2        37.506
52.3200    -260023.0902 -260037.3240      14.2339   293.6    3432.9625         1.08924         52.2        37.506
52.3300    -260022.5038 -260036.8518      14.3480   296.0    3432.9625         1.08924         52.2        37.506
52.3400    -260022.0790 -260037.7429      15.6639   323.2    3432.9625         1.08924         52.2        37.506
52.3500    -260021.9429 -260036.7509      14.8080   305.5    3456.9246         1.08169         52.2        37.506
52.3600    -260022.0174 -260036.4725      14.4550   298.2    3456.9246         1.08169         52.2        37.506
52.3700    -260021.8440 -260036.8650      15.0209   309.9    3456.9246         1.08169         52.2        37.506
52.3800    -260022.1007 -260037.1477      15.0471   310.4    3456.9246         1.08169         52.2        37.506
52.3900    -260022.8972 -260036.9519      14.0547   290.0    3456.9246         1.08169         52.2        37.506
52.4000    -260023.1484 -260037.3876      14.2392   293.8    3458.0885         1.08133         52.2        37.506
52.4100    -260022.8085 -260036.6992      13.8906   286.6    3458.0885         1.08133         52.2        37.506
52.4200    -260023.2356 -260037.2180      13.9825   288.5    3458.0885         1.08133         52.2        37.506
52.4300    -260023.1337 -260036.7974      13.6637   281.9    3458.0885         1.08133         52.1        37.506
52.4400    -260022.8379 -260037.8219      14.9840   309.1    3458.0885         1.08133         52.1        37.506
52.4500    -260022.7732 -260037.0445      14.2713   294.4    3439.4083         1.08720         52.1        37.506
52.4600    -260022.5104 -260037.4539      14.9436   308.3    3439.4083         1.08720         52.1        37.506
52.4700    -260022.9728 -260037.0600      14.0871   290.6    3422.9852         1.09242         52.2        37.506
52.4800    -260022.5484 -260037.7520      15.2036   313.7    3424.0712         1.09207         52.2        37.506
52.4900    -260022.5471 -260036.6784      14.1313   291.5    3401.5463         1.09930         52.2        37.506
52.5000    -260022.7553 -260037.0988      14.3435   295.9    3402.1836         1.09910         52.2        37.506
52.5100    -260023.4240 -260037.0089      13.5849   280.3    3402.1836         1.09910         52.2        37.506
52.5200    -260023.1111 -260037.8622      14.7511   304.3    3404.4755         1.09836         52.2        37.506
52.5300    -260023.4294 -260037.5231      14.0936   290.8    3398.8044         1.10019         52.2        37.506
52.5400    -260023.5020 -260036.8390      13.3371   275.1    3391.5431         1.10254         52.2        37.506
52.5500    -260023.5291 -260037.9266      14.3975   297.0    3357.5411         1.11371         52.2        37.506
52.5600    -260023.5999 -260038.5987      14.9988   309.4    3357.5411         1.11371         52.2        37.506
52.5700    -260023.0857 -260038.1174      15.0317   310.1    3342.7151         1.11865         52.2        37.506
52.5800    -260023.9942 -260038.2023      14.2082   293.1    3363.6313         1.11169         52.3        37.506
52.5900    -260024.1518 -260038.1780      14.0262   289.4    3363.6313         1.11169         52.2        37.506
52.6000    -260024.3088 -260038.2537      13.9448   287.7    3363.6313         1.11169         52.2        37.506
52.6100    -260023.9100 -260037.9810      14.0710   290.3    3363.6313         1.11169         52.2        37.506
52.6200    -260023.5557 -260038.0894      14.5336   299.8    3365.4236         1.11110         52.2        37.506
52.6300    -260023.8811 -260038.0442      14.1632   292.2    3365.4236         1.11110         52.2        37.506
52.6400    -260024.6550 -260038.4874      13.8324   285.4    3334.6244         1.12136         52.2        37.506
52.6500    -260024.4885 -260037.4549      12.9664   267.5    3329.3287         1.12315         52.3        37.506
52.6600    -260023.8149 -260038.1984      14.3835   296.7    3329.3287         1.12315         52.3        37.506
52.6700    -260023.5630 -260037.5705      14.0074   289.0    3329.3287         1.12315         52.2        37.506
52.6800    -260023.0518 -260037.0531      14.0012   288.8    3360.3314         1.11279         52.3        37.506
52.6900    -260023.2511 -260037.1494      13.8983   286.7    3360.3314         1.11279         52.2        37.506
52.7000    -260023.4642 -260037.9486      14.4844   298.8    3360.3314         1.11279         52.2        37.506
52.7100    -260023.5302 -260037.7814      14.2512   294.0    3360.3314         1.11279         52.2        37.506
52.7200    -260023.8946 -260037.9576      14.0630   290.1    3360.3314         1.11279         52.2        37.506
52.7300    -260024.2213 -260037.4074      13.1861   272.0    3392.3603         1.10228         52.2        37.506
52.7400    -260024.0927 -260038.1597      14.0669   290.2    3392.3603         1.10228         52.2        37.506
52.7500    -260024.0402 -260037.9327      13.8925   286.6    3397.9232         1.10047         52.2        37.506
52.7600    -260023.5959 -260038.1348      14.5389   299.9    3397.9232         1.10047         52.2        37.506
52.7700    -260023.8538 -260037.7758      13.9220   287.2    3377.9358         1.10699         52.2        37.506
52.7800    -260023.3230 -260038.5784      15.2553   314.7    3361.2455         1.11248         52.3        37.506
52.7900    -260023.3202 -260037.6506      14.3304   295.6    3353.7470         1.11497         52.3        37.506
52.8000    -260023.1627 -260037.7882      14.6254   301.7    3353.7470         1.11497         52.2        37.506
52.8100    -260023.6936 -260038.1627      14.4692   298.5    3353.7470         1.11497         52.2        37.506
52.8200    -260023.6222 -260037.3915      13.7693   284.1    3374.6503         1.10806         52.3        37.506
52.8300    -260023.4715 -260037.9478      14.4763   298.6    3388.4656         1.10355         52.3        37.506
52.8400    -260022.9476 -260037.9055      14.9579   308.6    3421.7237         1.09282         52.3        37.506
52.8500    -260023.3062 -260037.7787      14.4725   298.6    3421.7237         1.09282         52.3        37.506
52.8600    -260023.0333 -260038.5231      15.4899   319.6    3421.7237         1.09282         52.3        37.506
52.8700    -260022.6722 -260038.6294      15.9572   329.2    3422.7701         1.09249         52.3        37.506
52.8800    -260023.3652 -260038.1701      14.8049   305.4    3414.9629         1.09498         52.3        37.506
52.8900    -260023.2482 -260038.2705      15.0224   309.9    3414.9629         1.09498         52.3        37.506
52.9000    -260023.3006 -260038.1973      14.8967   307.3    3414.9629         1.09498         52.3        37.506
52.9100    -260022.5630 -260038.3045      15.7415   324.8    3414.9629         1.09498         52.3        37.506
52.9200    -260022.3118 -260036.9594      14.6475   302.2    3417.2692         1.09424         52.3        37.506
52.9300    -260022.1466 -260037.0177      14.8711   306.8    3417.2692         1.09424         52.3        37.506
52.9400    -260022.0937 -260037.4821      15.3884   317.5    3417.2692         1.09424         52.3        37.506
52.9500    -260022.2657 -260037.0067      14.7410   304.1    3389.4318         1.10323         52.3        37.506
52.9600    -260022.2890 -260036.7839      14.4949   299.0    3389.4318         1.10323         52.3        37.506
52.9700    -260022.7214 -260037.3107      14.5893   301.0    3388.0347         1.10369         52.3        37.506
52.9800    -260023.2996 -260037.1563      13.8567   285.9    3389.2419         1.10329         52.3        37.506
52.9900    -260023.2897 -260038.0321      14.7425   304.1    3399.7470         1.09988         52.3        37.506
53.0000    -260023.7609 -260038.3563      14.5954   301.1    3399.7470         1.09988         52.3        37.506
53.0100    -260024.6348 -260038.3667      13.7318   283.3    3399.7470         1.09988         52.3        37.506
53.0200    -260024.1565 -260038.1259      13.9695   288.2    3399.7470         1.09988         52.3        37.506
53.0300    -260023.5186 -260038.4586      14.9400   308.2    3399.7470         1.09988         52.3        37.506
53.0400    -260023.4977 -260037.6184      14.1207   291.3    3422.5640         1.09255         52.3        37.506
53.0500    -260023.8563 -260037.7143      13.8580   285.9    3422.5640         1.09255         52.3        37.506
53.0600    -260023.4488 -260037.7802      14.3314   295.7    3422.5640         1.09255         52.3        37.506
53.0700    -260023.7364 -260037.9149      14.1785   292.5    3422.5640         1.09255         52.2        37.506
53.0800    -260023.9459 -260038.4434      14.4976   299.1    3402.2176         1.09909         52.3        37.506
53.0900    -260023.6656 -260037.8951      14.2295   293.6    3380.6877         1.10608         52.3        37.506
53.1000    -260023.7301 -260037.9554      14.2253   293.5    3344.7851         1.11796         52.3        37.506
53.1100    -260023.9847 -260037.9563      13.9716   288.2    3344.7851         1.11796         52.3        37.506
53.1200    -260023.8387 -260038.3974      14.5587   300.4    3344.7851         1.11796         52.3        37.506
53.1300    -260023.9744 -260038.5603      14.5859   300.9    3344.7851         1.11796         52.3        37.506
53.1400    -260023.9047 -260038.2462      14.3415   295.9    3342.5476         1.11871         52.3        37.506
53.1500    -260023.8555 -260038.6492      14.7938   305.2    3337.0390         1.12055         52.3        37.506
53.1600    -260023.1341 -260038.1025      14.9684   308.8    3337.0390         1.12055         52.3        37.506
53.1700    -260023.2469 -260038.0314      14.7845   305.0    3352.0578         1.11553         52.3        37.506
53.1800    -260023.4440 -260038.5258      15.0818   311.1    3386.7478         1.10411         52.3        37.506
53.1900    -260023.5023 -260037.7404      14.2381   293.7    3379.7580         1.10639         52.3        37.506
53.2000    -260023.9905 -260037.4463      13.4559   277.6    3379.7580         1.10639         52.3        37.506
53.2100    -260024.1712 -260038.1227      13.9515   287.8    3379.7580         1.10639         52.3        37.506
53.2200    -260024.0161 -260037.1392      13.1231   270.7    3379.7580         1.10639         52.3        37.506
53.2300    -260023.1416 -260037.3538      14.2121   293.2    3379.7580         1.10639         52.3        37.506
53.2400    -260022.5996 -260036.9970      14.3974   297.0    3416.6500         1.09444         52.3        37.506
53.2500    -260022.3808 -260036.4875      14.1067   291.0    3434.0410         1.08890         52.3        37.506
53.2600    -260022.3647 -260036.2408      13.8762   286.3    3434.0410         1.08890         52.3        37.506
53.2700    -260023.0909 -260037.3649      14.2740   294.5    3434.0410         1.08890         52.3        37.506
53.2800    -260022.9422 -260037.1604      14.2182   293.3    3406.1558         1.09781         52.3        37.506
53.2900    -260021.9627 -260036.4095      14.4468   298.0    3387.1986         1.10396         52.3        37.506
53.3000    -260021.6856 -260036.4210      14.7354   304.0    3387.1986         1.10396         52.3        37.506
53.3100    -260021.8922 -260036.3256      14.4334   297.8    3387.1986         1.10396         52.3        37.506
53.3200    -260022.1351 -260036.7123      14.5772   300.7    3383.0604         1.10531         52.3        37.506
53.3300    -260022.2628 -260038.0577      15.7949   325.9    3400.9930         1.09948         52.3        37.506
53.3400    -260022.4877 -260038.0784      15.5907   321.6    3400.9930         1.09948         52.3        37.506
53.3500    -260022.4811 -260037.1758      14.6947   303.2    3400.9930         1.09948         52.3        37.506
53.3600    -260022.4515 -260037.0416      14.5902   301.0    3400.9930         1.09948         52.3        37.506
53.3700    -260022.2613 -260037.2850      15.0237   309.9    3400.9930         1.09948         52.3        37.506
53.3800    -260022.5379 -260036.8042      14.2663   294.3    3367.7610         1.11033         52.3        37.506
53.3900    -260022.3154 -260037.4034      15.0880   311.3    3367.7610         1.11033         52.3        37.506
53.4000    -260022.2455 -260038.2852      16.0397   330.9    3353.9601         1.11490         52.3        37.506
53.4100    -260023.2325 -260038.0279      14.7954   305.2    3353.9601         1.11490         52.3        37.506
53.4200    -260022.9166 -260038.0619      15.1453   312.5    3353.9601         1.11490         52.3        37.506
53.4300    -260022.9128 -260037.8047      14.8919   307.2    3353.9601         1.11490         52.3        37.506
53.4400    -260023.0625 -260037.1662      14.1037   291.0    3353.9601         1.11490         52.3        37.506
53.4500    -260022.2894 -260037.4326      15.1432   312.4    3338.0035         1.12023         52.3        37.506
53.4600    -260022.9182 -260037.3589      14.4407   297.9    3338.0035         1.12023         52.3        37.506
53.4700    -260023.4280 -260037.9484      14.5205   299.6    3338.0035         1.12023         52.3        37.506
53.4800    -260023.3623 -260037.9474      14.5852   300.9    3338.0035         1.12023         52.2        37.506
53.4900    -260023.5637 -260038.0521      14.4883   298.9    3338.0035         1.12023         52.2        37.506
53.5000    -260023.4357 -260037.8488      14.4131   297.3    3338.0035         1.12023         52.2        37.506
53.5100    -260023.5565 -260037.8097      14.2532   294.0    3338.0035         1.12023         52.2        37.506
53.5200    -260023.4577 -260037.2442      13.7865   284.4    3374.6276         1.10807         52.2        37.506
53.5300    -260023.5875 -260037.5897      14.0022   288.9    3374.6276         1.10807         52.2        37.506
53.5400    -260023.3421 -260037.5973      14.2552   294.1    3369.6700         1.10970         52.2        37.506
53.5500    -260023.3768 -260037.3822      14.0054   288.9    3370.5562         1.10941         52.2        37.506
53.5600    -260023.0668 -260036.9871      13.9202   287.2    3370.5562         1.10941         52.2        37.506
53.5700    -260023.1098 -260037.4544      14.3446   295.9    3383.9411         1.10502         52.3        37.506
53.5800    -260022.9870 -260037.2815      14.2945   294.9    3383.9411         1.10502         52.2        37.506
53.5900    -260022.5967 -260036.8789      14.2822   294.6    3383.9411         1.10502         52.2        37.506
53.6000    -260023.4141 -260037.4336      14.0195   289.2    3371.8690         1.10898         52.2        37.506
53.6100    -260023.7064 -260037.4068      13.7004   282.6    3371.8690         1.10898         52.2        37.506
53.6200    -260023.2049 -260037.6742      14.4693   298.5    3404.0119         1.09851         52.2        37.506
53.6300    -260022.8287 -260037.5397      14.7110   303.5    3404.0119         1.09851         52.2        37.506
53.6400    -260023.4974 -260037.5027      14.0053   288.9    3404.0119         1.09851         52.2        37.506
53.6500    -260023.2363 -260037.1084      13.8721   286.2    3404.0119         1.09851         52.2        37.506
53.6600    -260023.7730 -260037.5509      13.7779   284.2    3404.0119         1.09851         52.2        37.506
53.6700    -260024.0730 -260038.6811      14.6081   301.4    3376.4260         1.10748         52.2        37.506
53.6800    -260024.2982 -260038.8993      14.6011   301.2    3379.1026         1.10660         52.2        37.506
53.6900    -260024.8694 -260039.3376      14.4682   298.5    3379.1026         1.10660         52.2        37.506
53.7000    -260025.2307 -260038.3097      13.0791   269.8    3379.1026         1.10660         52.2        37.506
53.7100    -260025.3242 -260039.1142      13.7900   284.5    3379.1026         1.10660         52.2        37.506
53.7200    -260025.3984 -260039.6376      14.2392   293.8    3363.8011         1.11164         52.2        37.506
53.7300    -260024.7801 -260038.6419      13.8618   286.0    3363.8011         1.11164         52.2        37.506
53.7400    -260024.1871 -260037.9408      13.7537   283.7    3373.3420         1.10849         52.2        37.506
53.7500    -260024.0091 -260037.8451      13.8359   285.4    3383.9269         1.10503         52.2        37.506
53.7600    -260023.6620 -260037.4496      13.7876   284.4    3383.9269         1.10503         52.2        37.506
53.7700    -260023.8593 -260037.5758      13.7165   283.0    3390.7894         1.10279         52.2        37.506
53.7800    -260023.3789 -260038.1158      14.7369   304.0    3375.8434         1.10767         52.3        37.506
53.7900    -260023.5572 -260037.8356      14.2784   294.6    3379.6751         1.10642         52.3        37.506
53.8000    -260023.7329 -260038.0428      14.3099   295.2    3379.6751         1.10642         52.3        37.506
53.8100    -260023.2898 -260037.4282      14.1384   291.7    3379.6751         1.10642         52.3        37.506
53.8200    -260023.6186 -260037.5931      13.9745   288.3    3379.6751         1.10642         52.2        37.506
53.8300    -260023.4359 -260037.8846      14.4487   298.1    3379.6751         1.10642         52.2        37.506
53.8400    -260023.4298 -260039.0255      15.5957   321.7    3355.0820         1.11453         52.2        37.506
53.8500    -260023.5534 -260038.4804      14.9270   307.9    3383.0370         1.10532         52.3        37.506
53.8600    -260024.0804 -260038.6206      14.5401   300.0    3383.0370         1.10532         52.3        37.506
53.8700    -260024.1035 -260038.8183      14.7148   303.6    3383.0370         1.10532         52.2        37.506
53.8800    -260024.0622 -260039.2857      15.2236   314.1    3387.0632         1.10400         52.3        37.506
53.8900    -260024.1103 -260038.2833      14.1730   292.4    3369.9456         1.10961         52.3        37.506
53.9000    -260023.9363 -260038.6106      14.6743   302.7    3360.8215         1.11262         52.3        37.506
53.9100    -260024.2063 -260038.4321      14.2257   293.5    3360.8215         1.11262         52.3        37.506
53.9200    -260023.8686 -260038.4083      14.5397   300.0    3360.8215         1.11262         52.3        37.506
53.9300    -260023.6675 -260038.7548      15.0873   311.3    3341.2643         1.11914         52.3        37.506
53.9400    -260024.2368 -260039.1364      14.8995   307.4    3365.3631         1.11112         52.3        37.506
53.9500    -260024.5665 -260038.9565      14.3900   296.9    3362.7502         1.11198         52.3        37.506
53.9600    -260023.8840 -260038.1900      14.3061   295.1    3362.7502         1.11198         52.3        37.506
53.9700    -260023.1810 -260037.8480      14.6670   302.6    3362.7502         1.11198         52.3        37.506
53.9800    -260023.3164 -260038.6362      15.3198   316.1    3362.7502         1.11198         52.3        37.506
53.9900    -260023.0489 -260037.7769      14.7280   303.8    3362.7502         1.11198         52.3        37.506
54.0000    -260023.2464 -260037.2493      14.0030   288.9    3372.7072         1.10870         52.3        37.506
54.0100    -260023.2003 -260037.2288      14.0285   289.4    3372.7072         1.10870         52.3        37.506
54.0200    -260023.1974 -260038.0915      14.8941   307.3    3375.6645         1.10773         52.3        37.506
54.0300    -260023.2388 -260037.6538      14.4150   297.4    3375.6645         1.10773         52.3        37.506
54.0400    -260023.8096 -260037.9772      14.1676   292.3    3359.8713         1.11294         52.3        37.506
54.0500    -260023.6271 -260038.3293      14.7022   303.3    3347.1562         1.11717         52.3        37.506
54.0600    -260023.2029 -260038.3135      15.1106   311.7    3347.1562         1.11717         52.3        37.506
54.0700    -260022.6981 -260037.2822      14.5841   300.9    3347.1562         1.11717         52.3        37.506
54.0800    -260022.4620 -260037.6768      15.2148   313.9    3374.9292         1.10797         52.3        37.506
54.0900    -260022.6207 -260037.7967      15.1760   313.1    3374.9292         1.10797         52.3        37.506
54.1000    -260023.1007 -260037.8216      14.7209   303.7    3374.9292         1.10797         52.3        37.506
54.1100    -260022.8108 -260037.9229      15.1121   311.8    3374.9292         1.10797         52.3        37.506
54.1200    -260022.1024 -260037.1155      15.0131   309.7    3374.9292         1.10797         52.3        37.506
54.1300    -260021.8755 -260036.3625      14.4870   298.9    3369.6221         1.10972         52.3        37.506
54.1400    -260021.6971 -260036.9697      15.2726   315.1    3369.6221         1.10972         52.3        37.506
54.1500    -260022.3026 -260036.6643      14.3617   296.3    3369.6221         1.10972         52.2        37.506
54.1600    -260022.6284 -260037.4629      14.8345   306.0    3369.6221         1.10972         52.2        37.506
54.1700    -260022.8650 -260037.9412      15.0762   311.0    3389.7555         1.10313         52.3        37.506
54.1800    -260023.1447 -260037.1971      14.0524   289.9    3366.6789         1.11069         52.3        37.506
54.1900    -260023.6279 -260037.6571      14.0292   289.4    3366.6789         1.11069         52.2        37.506
54.2000    -260023.5292 -260037.2097      13.6804   282.2    3358.9989         1.11323         52.3        37.506
54.2100    -260023.4286 -260037.6007      14.1721   292.4    3358.9989         1.11323         52.3        37.506
54.2200    -260023.5165 -260038.2098      14.6933   303.1    3358.9989         1.11323         52.2        37.506
54.2300    -260024.2214 -260038.4745      14.2531   294.0    3382.4478         1.10551         52.3        37.506
54.2400    -260023.3248 -260038.4798      15.1550   312.7    3382.4478         1.10551         52.2        37.506
54.2500    -260023.5835 -260037.8653      14.2819   294.6    3382.4478         1.10551         52.2        37.506
54.2600    -260023.9309 -260037.6512      13.7204   283.1    3382.4478         1.10551         52.2        37.506
54.2700    -260023.9042 -260037.7447      13.8405   285.5    3349.6812         1.11632         52.2        37.506
54.2800    -260024.4191 -260039.3892      14.9701   308.8    3333.8559         1.12162         52.3        37.506
54.2900    -260024.5238 -260039.4350      14.9111   307.6    3333.8559         1.12162         52.2        37.506
54.3000    -260024.2968 -260038.6776      14.3808   296.7    3357.6422         1.11368         52.3        37.506
54.3100    -260024.4123 -260037.8473      13.4351   277.2    3357.6422         1.11368         52.3        37.506
54.3200    -260024.0607 -260037.9419      13.8812   286.4    3357.6422         1.11368         52.2        37.506
54.3300    -260023.8912 -260038.2604      14.3692   296.4    3357.6422         1.11368         52.2        37.506
54.3400    -260023.8793 -260037.6781      13.7987   284.7    3357.3453         1.11377         52.2        37.506
54.3500    -260024.1820 -260037.9541      13.7721   284.1    3357.3453         1.11377         52.2        37.506
54.3600    -260024.3399 -260037.9704      13.6304   281.2    3357.3453         1.11377         52.2        37.506
54.3700    -260024.6064 -260038.0429      13.4364   277.2    3338.5016         1.12006         52.2        37.506
54.3800    -260024.4856 -260038.4290      13.9434   287.7    3338.5016         1.12006         52.2        37.506
54.3900    -260024.2178 -260038.4177      14.2000   292.9    3320.3454         1.12619         52.2        37.506
54.4000    -260023.7901 -260038.1059      14.3158   295.3    3351.9644         1.11556         52.3        37.506
54.4100    -260023.9486 -260037.7023      13.7537   283.7    3351.9644         1.11556         52.3        37.506
54.4200    -260023.6425 -260038.2506      14.6081   301.4    3355.9533         1.11424         52.3        37.506
54.4300    -260023.1596 -260038.3260      15.1663   312.9    3355.9533         1.11424         52.3        37.506
54.4400    -260022.9567 -260037.6549      14.6982   303.2    3355.9533         1.11424         52.2        37.506
54.4500    -260022.5750 -260038.0795      15.5045   319.9    3386.6390         1.10414         52.2        37.506
54.4600    -260022.5549 -260037.6767      15.1217   312.0    3386.6390         1.10414         52.2        37.506
54.4700    -260022.9486 -260037.1588      14.2101   293.2    3397.9390         1.10047         52.3        37.506
54.4800    -260023.0282 -260036.6452      13.6169   280.9    3397.9390         1.10047         52.2        37.506
54.4900    -260023.2070 -260038.0891      14.8821   307.0    3368.8485         1.10997         52.3        37.506
54.5000    -260023.2300 -260037.3552      14.1251   291.4    3387.7549         1.10378         52.3        37.506
54.5100    -260023.1348 -260037.8263      14.6915   303.1    3387.7549         1.10378         52.3        37.506
54.5200    -260023.6584 -260038.1948      14.5364   299.9    3392.7942         1.10214         52.3        37.506
54.5300    -260023.6681 -260038.5016      14.8335   306.0    3385.7433         1.10443         52.3        37.506
54.5400    -260023.5740 -260037.9091      14.3351   295.7    3388.4657         1.10355         52.3        37.506
54.5500    -260023.7062 -260038.0581      14.3519   296.1    3388.4657         1.10355         52.3        37.506
54.5600    -260023.4586 -260037.9558      14.4972   299.1    3388.4657         1.10355         52.3        37.506
54.5700    -260023.3376 -260038.6563      15.3186   316.0    3383.8304         1.10506         52.3        37.506
54.5800    -260023.0268 -260038.5136      15.4867   319.5    3383.8304         1.10506         52.3        37.506
54.5900    -260022.2285 -260037.5167      15.2881   315.4    3383.8304         1.10506         52.3        37.506
54.6000    -260021.9368 -260037.1327      15.1959   313.5    3383.8304         1.10506         52.3        37.506
54.6100    -260022.3973 -260037.7869      15.3896   317.5    3383.8304         1.10506         52.3        37.506
54.6200    -260021.9953 -260037.6155      15.6202   322.2    3383.8304         1.10506         52.3        37.506
54.6300    -260022.5915 -260038.2011      15.6096   322.0    3383.8304         1.10506         52.2        37.506
54.6400    -260023.0130 -260038.3266      15.3136   315.9    3406.8458         1.09759         52.3        37.506
54.6500    -260023.3367 -260038.3371      15.0004   309.5    3406.8458         1.09759         52.2        37.506
54.6600    -260023.4160 -260038.0568      14.6407   302.0    3406.8458         1.09759         52.2        37.506
54.6700    -260023.1173 -260037.5844      14.4671   298.5    3398.1767         1.10039         52.3        37.506
54.6800    -260023.1189 -260037.7659      14.6469   302.2    3398.1767         1.10039         52.2        37.506
54.6900    -260023.2737 -260037.9046      14.6309   301.8    3425.5857         1.09159         52.3        37.506
54.7000    -260023.5604 -260037.5906      14.0302   289.4    3425.5857         1.09159         52.2        37.506
54.7100    -260024.0145 -260038.2260      14.2115   293.2    3425.5857         1.09159         52.2        37.506
54.7200    -260023.9335 -260038.2795      14.3460   296.0    3425.5857         1.09159         52.2        37.506
54.7300    -260023.7595 -260038.7205      14.9609   308.6    3412.5322         1.09576         52.2        37.506
54.7400    -260023.5551 -260037.9523      14.3973   297.0    3412.5322         1.09576         52.2        37.506
54.7500    -260023.5578 -260037.4637      13.9059   286.9    3381.0860         1.10595         52.2        37.506
54.7600    -260023.2072 -260037.6649      14.4577   298.3    3381.0860         1.10595         52.2        37.506
54.7700    -260023.0014 -260038.0053      15.0038   309.5    3377.7765         1.10704         52.2        37.506
54.7800    -260022.7848 -260037.6593      14.8745   306.9    3363.7470         1.11166         52.3        37.506
54.7900    -260022.8306 -260037.9422      15.1116   311.8    3363.7470         1.11166         52.2        37.506
54.8000    -260022.7820 -260037.0226      14.2406   293.8    3376.8792         1.10733         52.3        37.506
54.8100    -260023.1191 -260037.5555      14.4364   297.8    3376.8792         1.10733         52.3        37.506
54.8200    -260022.6607 -260037.0439      14.3832   296.7    3359.1538         1.11318         52.3        37.506
54.8300    -260022.5318 -260036.6993      14.1674   292.3    3385.3748         1.10455         52.3        37.506
54.8400    -260022.0823 -260037.7332      15.6509   322.9    3385.3748         1.10455         52.3        37.506
54.8500    -260022.1481 -260037.5084      15.3603   316.9    3401.5014         1.09932         52.3        37.506
54.8600    -260022.4691 -260037.5890      15.1200   311.9    3401.5014         1.09932         52.3        37.506
54.8700    -260022.5532 -260037.3341      14.7809   304.9    3403.3116         1.09873         52.3        37.506
54.8800    -260022.6670 -260037.5787      14.9117   307.6    3403.3116         1.09873         52.3        37.506
54.8900    -260022.5403 -260037.8339      15.2936   315.5    3403.3116         1.09873         52.3        37.506
54.9000    -260021.9502 -260037.1037      15.1535   312.6    3404.9125         1.09822         52.3        37.506
54.9100    -260022.5115 -260037.0188      14.5073   299.3    3404.9125         1.09822         52.3        37.506
54.9200    -260022.1577 -260036.6099      14.4523   298.2    3381.2368         1.10590         52.3        37.506
54.9300    -260021.9330 -260036.6498      14.7168   303.6    3381.2368         1.10590         52.3        37.506
54.9400    -260021.9312 -260036.6866      14.7554   304.4    3381.2368         1.10590         52.3        37.506
54.9500    -260021.6911 -260036.2198      14.5288   299.7    3381.2368         1.10590         52.3        37.506
54.9600    -260021.7191 -260037.1234      15.4043   317.8    3381.2368         1.10590         52.3        37.506
54.9700    -260021.7494 -260036.9530      15.2036   313.7    3398.1929         1.10039         52.3        37.506
54.9800    -260021.2667 -260036.7924      15.5257   320.3    3398.1929         1.10039         52.3        37.506
54.9900    -260021.4471 -260036.0646      14.6174   301.6    3398.1929         1.10039         52.2        37.506
55.0000    -260021.0307 -260035.6921      14.6614   302.5    3403.6605         1.09862         52.2        37.506
55.0100    -260020.6048 -260036.3067      15.7019   323.9    3403.6605         1.09862         52.2        37.506
55.0200    -260021.0404 -260036.1264      15.0860   311.2    3403.6605         1.09862         52.2        37.506
55.0300    -260020.5398 -260035.9584      15.4186   318.1    3427.7277         1.09091         52.2        37.506
55.0400    -260020.4647 -260036.0293      15.5645   321.1    3446.3788         1.08500         52.3        37.506
55.0500    -260019.9796 -260036.2183      16.2387   335.0    3461.3049         1.08032         52.3        37.506
55.0600    -260020.4306 -260035.7726      15.3420   316.5    3461.3049         1.08032         52.3        37.506
55.0700    -260020.3168 -260035.7912      15.4744   319.2    3461.3049         1.08032         52.3        37.506
55.0800    -260020.0604 -260034.9685      14.9080   307.6    3449.2322         1.08410         52.3        37.506
55.0900    -260019.8675 -260035.2756      15.4081   317.9    3445.5882         1.08525         52.3        37.506
55.1000    -260020.1396 -260036.1869      16.0472   331.1    3433.5083         1.08907         52.3        37.506
55.1100    -260019.9750 -260035.1258      15.1508   312.6    3433.5083         1.08907         52.3        37.506
55.1200    -260020.4734 -260035.4805      15.0071   309.6    3433.5083         1.08907         52.3        37.506
55.1300    -260021.0814 -260036.5967      15.5152   320.1    3433.5083         1.08907         52.3        37.506
55.1400    -260021.4845 -260036.5987      15.1143   311.8    3416.9068         1.09436         52.3        37.506
55.1500    -260021.7849 -260036.3059      14.5209   299.6    3416.9068         1.09436         52.3        37.506
55.1600    -260022.4842 -260036.9251      14.4409   297.9    3416.9068         1.09436         52.3        37.506
55.1700    -260022.9108 -260037.4211      14.5103   299.4    3416.9068         1.09436         52.3        37.506
55.1800    -260022.7979 -260037.5374      14.7395   304.1    3406.8664         1.09759         52.3        37.506
55.1900    -260022.6063 -260037.0018      14.3955   297.0    3422.8502         1.09246         52.3        37.506
55.2000    -260022.5327 -260037.8518      15.3191   316.0    3397.9336         1.10047         52.3        37.506
55.2100    -260023.1265 -260037.9495      14.8230   305.8    3397.9336         1.10047         52.3        37.506
55.2200    -260023.5562 -260037.9185      14.3623   296.3    3413.1093         1.09558         52.3        37.506
55.2300    -260023.6426 -260038.1913      14.5488   300.1    3413.1093         1.09558         52.3        37.506
55.2400    -260023.4666 -260038.1406      14.6740   302.7    3413.1093         1.09558         52.3        37.506
55.2500    -260023.6789 -260038.1102      14.4314   297.7    3413.1093         1.09558         52.3        37.506
55.2600    -260023.9693 -260037.8878      13.9186   287.1    3413.1093         1.09558         52.3        37.506
55.2700    -260023.7073 -260038.3759      14.6686   302.6    3413.1093         1.09558         52.3        37.506
55.2800    -260023.8086 -260038.2284      14.4198   297.5    3413.1093         1.09558         52.2        37.506
55.2900    -260023.5813 -260037.9634      14.3821   296.7    3413.1093         1.09558         52.2        37.506
55.3000    -260023.5394 -260038.0497      14.5103   299.4    3377.6905         1.10707         52.2        37.506
55.3100    -260023.6718 -260038.7202      15.0484   310.5    3377.6905         1.10707         52.2        37.506
55.3200    -260024.2088 -260037.7581      13.5493   279.5    3377.6905         1.10707         52.2        37.506
55.3300    -260023.8509 -260038.1895      14.3387   295.8    3377.6905         1.10707         52.2        37.506
55.3400    -260023.5056 -260038.1197      14.6141   301.5    3377.6905         1.10707         52.2        37.506
55.3500    -260023.1876 -260038.0051      14.8175   305.7    3358.5708         1.11337         52.2        37.506
55.3600    -260023.2788 -260037.4489      14.1701   292.3    3358.5708         1.11337         52.2        37.506
55.3700    -260022.6290 -260036.8090      14.1800   292.5    3358.7022         1.11332         52.2        37.506
55.3800    -260022.6484 -260036.9566      14.3082   295.2    3358.7022         1.11332         52.2        37.506
55.3900    -260022.4794 -260037.5352      15.0557   310.6    3377.9615         1.10698         52.2        37.506
55.4000    -260022.8173 -260038.6893      15.8720   327.4    3385.4422         1.10453         52.2        37.506
55.4100    -260023.4708 -260037.4328      13.9620   288.0    3385.4422         1.10453         52.2        37.506
55.4200    -260023.4125 -260037.5749      14.1623   292.2    3413.8868         1.09533         52.2        37.506
55.4300    -260023.5911 -260037.5794      13.9883   288.6    3413.8868         1.09533         52.2        37.506
55.4400    -260023.3358 -260037.6656      14.3298   295.6    3413.8868         1.09533         52.2        37.506
55.4500    -260023.2884 -260037.1967      13.9083   286.9    3409.3363         1.09679         52.2        37.506
55.4600    -260023.4073 -260037.6423      14.2350   293.7    3409.3363         1.09679         52.2        37.506
55.4700    -260023.4160 -260037.7920      14.3759   296.6    3392.7558         1.10215         52.2        37.506
55.4800    -260023.6350 -260037.4925      13.8574   285.9    3408.1499         1.09717         52.3        37.506
55.4900    -260024.0589 -260037.5883      13.5294   279.1    3408.1499         1.09717         52.2        37.506
55.5000    -260023.4097 -260037.4769      14.0672   290.2    3398.3101         1.10035         52.3        37.506
55.5100    -260023.1469 -260037.6517      14.5048   299.2    3398.3101         1.10035         52.3        37.506
55.5200    -260023.4799 -260037.6561      14.1763   292.5    3377.1141         1.10725         52.3        37.506
55.5300    -260022.7580 -260037.1818      14.4238   297.6    3377.1141         1.10725         52.3        37.506
55.5400    -260023.3389 -260037.5940      14.2551   294.1    3377.1141         1.10725         52.2        37.506
55.5500    -260023.5875 -260037.7033      14.1158   291.2    3377.0551         1.10727         52.3        37.506
55.5600    -260023.0073 -260037.8956      14.8883   307.1    3377.0551         1.10727         52.3        37.506
55.5700    -260022.8010 -260037.5829      14.7819   305.0    3377.0551         1.10727         52.2        37.506
55.5800    -260022.8501 -260037.8602      15.0101   309.7    3377.0551         1.10727         52.2        37.506
55.5900    -260023.6432 -260038.3995      14.7563   304.4    3377.0551         1.10727         52.2        37.506
55.6000    -260023.2175 -260038.4477      15.2302   314.2    3409.8579         1.09662         52.2        37.506
55.6100    -260023.2104 -260038.1996      14.9892   309.2    3409.8579         1.09662         52.2        37.506
55.6200    -260022.7621 -260037.8002      15.0382   310.2    3425.8220         1.09151         52.2        37.506
55.6300    -260023.0793 -260037.3742      14.2950   294.9    3425.8220         1.09151         52.2        37.506
55.6400    -260022.7622 -260037.8330      15.0709   310.9    3426.6103         1.09126         52.2        37.506
55.6500    -260023.7239 -260038.2534      14.5295   299.7    3426.6103         1.09126         52.2        37.506
55.6600    -260023.7236 -260038.1582      14.4346   297.8    3426.6103         1.09126         52.2        37.506
55.6700    -260023.7489 -260038.2765      14.5275   299.7    3441.6000         1.08651         52.2        37.506
55.6800    -260023.3845 -260037.5673      14.1829   292.6    3441.6000         1.08651         52.2        37.506
55.6900    -260022.9321 -260037.9549      15.0228   309.9    3437.3630         1.08785         52.2        37.506
55.7000    -260022.8267 -260037.6392      14.8125   305.6    3437.3630         1.08785         52.2        37.506
55.7100    -260022.9793 -260038.1082      15.1288   312.1    3437.3630         1.08785         52.2        37.506
55.7200    -260023.2663 -260038.3283      15.0620   310.7    3437.3630         1.08785         52.2        37.506
55.7300    -260023.6433 -260038.5145      14.8712   306.8    3437.3630         1.08785         52.2        37.506
55.7400    -260023.5689 -260039.5728      16.0040   330.2    3437.3630         1.08785         52.2        37.506
55.7500    -260023.7711 -260038.0949      14.3238   295.5    3437.3630         1.08785         52.2        37.506
55.7600    -260023.3019 -260037.0852      13.7833   284.4    3437.3630         1.08785         52.2        37.506
55.7700    -260024.0438 -260037.6557      13.6119   280.8    3437.3630         1.08785         52.2        37.506
55.7800    -260023.8046 -260037.9282      14.1236   291.4    3445.1686         1.08538         52.2        37.506
55.7900    -260024.0564 -260037.8994      13.8429   285.6    3445.1686         1.08538         52.2        37.506
55.8000    -260023.9312 -260037.1971      13.2659   273.7    3445.1686         1.08538         52.2        37.506
55.8100    -260023.6697 -260037.5517      13.8820   286.4    3445.1686         1.08538         52.2        37.506
55.8200    -260023.4578 -260037.6850      14.2272   293.5    3439.5734         1.08715         52.2        37.506
55.8300    -260023.4053 -260037.6757      14.2704   294.4    3462.6331         1.07991         52.2        37.506
55.8400    -260023.4567 -260037.7011      14.2444   293.9    3484.9334         1.07300         52.2        37.506
55.8500    -260023.7858 -260037.5081      13.7223   283.1    3473.3914         1.07656         52.2        37.506
55.8600    -260023.2954 -260037.2441      13.9487   287.8    3473.3914         1.07656         52.2        37.506
55.8700    -260023.1283 -260036.8912      13.7628   283.9    3471.2162         1.07724         52.2        37.506
55.8800    -260022.7390 -260036.9556      14.2166   293.3    3471.2162         1.07724         52.2        37.506
55.8900    -260022.8693 -260037.2470      14.3777   296.6    3479.1463         1.07478         52.2        37.506
55.9000    -260022.7992 -260037.7873      14.9882   309.2    3479.1463         1.07478         52.2        37.506
55.9100    -260022.4954 -260037.4772      14.9819   309.1    3479.1463         1.07478         52.2        37.506
55.9200    -260022.3210 -260037.0741      14.7532   304.4    3479.1463         1.07478         52.2        37.506
55.9300    -260022.9118 -260037.1181      14.2062   293.1    3479.1463         1.07478         52.2        37.506
55.9400    -260022.7445 -260037.0268      14.2823   294.6    3479.1463         1.07478         52.2        37.506
55.9500    -260022.4197 -260036.9780      14.5583   300.3    3482.6209         1.07371         52.2        37.506
55.9600    -260022.5496 -260038.4874      15.9379   328.8    3482.6209         1.07371         52.2        37.506
55.9700    -260022.5339 -260037.8827      15.3489   316.7    3482.6209         1.07371         52.2        37.506
55.9800    -260022.3078 -260037.2973      14.9895   309.2    3469.0258         1.07792         52.2        37.506
55.9900    -260022.7664 -260037.1131      14.3467   296.0    3469.0258         1.07792         52.2        37.506
56.0000    -260023.0924 -260037.4217      14.3293   295.6    3469.0258         1.07792         52.1        37.506
56.0100    -260023.4415 -260037.5997      14.1582   292.1    3469.0258         1.07792         52.1        37.506
56.0200    -260023.4524 -260038.0006      14.5482   300.1    3469.0258         1.07792         52.1        37.506
56.0300    -260023.8181 -260038.3399      14.5218   299.6    3469.0258         1.07792         52.1        37.506
56.0400    -260023.7636 -260037.9538      14.1903   292.7    3472.3520         1.07689         52.1        37.506
56.0500    -260023.6417 -260037.6798      14.0381   289.6    3472.3520         1.07689         52.1        37.506
56.0600    -260023.4268 -260037.7485      14.3217   295.5    3472.3520         1.07689         52.1        37.506
56.0700    -260023.0079 -260038.0036      14.9957   309.4    3455.1511         1.08225         52.1        37.506
56.0800    -260023.2981 -260037.4242      14.1260   291.4    3455.1511         1.08225         52.1        37.506
56.0900    -260022.9204 -260037.8016      14.8812   307.0    3445.7492         1.08520         52.1        37.506
56.1000    -260022.6938 -260037.7731      15.0793   311.1    3445.7492         1.08520         52.1        37.506
56.1100    -260022.5916 -260037.6269      15.0353   310.2    3445.7492         1.08520         52.1        37.506
56.1200    -260022.6131 -260037.4732      14.8601   306.6    3478.7165         1.07492         52.1        37.506
56.1300    -260022.9727 -260037.1511      14.1784   292.5    3501.1454         1.06803         52.1        37.506
56.1400    -260023.2972 -260037.7165      14.4193   297.5    3529.2843         1.05951         52.1        37.506
56.1500    -260023.4306 -260037.2132      13.7826   284.3    3529.8084         1.05936         52.2        37.506
56.1600    -260023.2101 -260037.5780      14.3679   296.4    3529.8084         1.05936         52.2        37.506
56.1700    -260023.1093 -260037.3401      14.2309   293.6    3529.8084         1.05936         52.1        37.506
56.1800    -260023.5662 -260037.5348      13.9686   288.2    3529.8084         1.05936         52.1        37.506
56.1900    -260023.8432 -260037.7836      13.9404   287.6    3527.1032         1.06017         52.1        37.506
56.2000    -260023.2369 -260036.9952      13.7582   283.8    3527.1032         1.06017         52.1        37.506
56.2100    -260023.2539 -260036.4496      13.1957   272.2    3527.1032         1.06017         52.1        37.506
56.2200    -260023.3104 -260037.3724      14.0620   290.1    3514.7242         1.06390         52.1        37.506
56.2300    -260023.7045 -260037.8873      14.1828   292.6    3524.2771         1.06102         52.2        37.506
56.2400    -260023.7935 -260037.8704      14.0769   290.4    3533.7560         1.05817         52.2        37.506
56.2500    -260023.3838 -260037.2779      13.8942   286.6    3533.7560         1.05817         52.2        37.506
56.2600    -260022.9483 -260036.7901      13.8419   285.6    3533.7560         1.05817         52.2        37.506
56.2700    -260022.2074 -260036.7317      14.5243   299.6    3533.7560         1.05817         52.1        37.506
56.2800    -260022.2056 -260036.5651      14.3595   296.2    3523.4738         1.06126         52.2        37.506
56.2900    -260022.6809 -260037.3380      14.6572   302.4    3523.4738         1.06126         52.1        37.506
56.3000    -260022.6873 -260037.3542      14.6669   302.6    3523.4738         1.06126         52.1        37.506
56.3100    -260022.3327 -260036.2823      13.9496   287.8    3523.4738         1.06126         52.1        37.506
56.3200    -260022.2292 -260035.7195      13.4903   278.3    3497.2698         1.06921         52.1        37.506
56.3300    -260022.4508 -260036.4944      14.0436   289.7    3481.7889         1.07397         52.2        37.506
56.3400    -260022.1709 -260037.2053      15.0344   310.2    3459.9789         1.08074         52.2        37.506
56.3500    -260022.7650 -260036.6135      13.8485   285.7    3459.9789         1.08074         52.2        37.506
56.3600    -260022.1932 -260035.8017      13.6085   280.7    3459.9789         1.08074         52.2        37.506
56.3700    -260022.5885 -260035.9893      13.4008   276.5    3466.2810         1.07877         52.2        37.506
56.3800    -260022.2857 -260036.7253      14.4396   297.9    3466.2810         1.07877         52.2        37.506
56.3900    -260022.3473 -260037.2372      14.8898   307.2    3439.5270         1.08716         52.2        37.506
56.4000    -260022.4781 -260037.5723      15.0942   311.4    3439.5270         1.08716         52.1        37.506
56.4100    -260022.8968 -260037.6234      14.7266   303.8    3439.5270         1.08716         52.1        37.506
56.4200    -260023.3197 -260037.2322      13.9125   287.0    3439.5270         1.08716         52.1        37.506
56.4300    -260022.8620 -260037.7730      14.9111   307.6    3439.5270         1.08716         52.1        37.506
56.4400    -260023.2863 -260037.2773      13.9910   288.6    3412.8021         1.09568         52.1        37.506
56.4500    -260022.9766 -260037.4558      14.4793   298.7    3412.8021         1.09568         52.1        37.506
56.4600    -260022.8838 -260037.7418      14.8579   306.5    3412.8021         1.09568         52.1        37.506
56.4700    -260023.5418 -260038.5263      14.9845   309.1    3395.8413         1.10115         52.1        37.506
56.4800    -260023.2703 -260037.8564      14.5861   300.9    3395.8413         1.10115         52.1        37.506
56.4900    -260023.2728 -260037.9945      14.7217   303.7    3395.8413         1.10115         52.1        37.506
56.5000    -260024.1235 -260038.4263      14.3028   295.1    3395.8413         1.10115         52.1        37.506
56.5100    -260023.6529 -260038.7322      15.0793   311.1    3395.8413         1.10115         52.1        37.506
56.5200    -260023.6482 -260038.6888      15.0407   310.3    3416.9165         1.09436         52.1        37.506
56.5300    -260023.6451 -260038.7222      15.0770   311.0    3436.0105         1.08828         52.1        37.506
56.5400    -260023.2385 -260037.9792      14.7408   304.1    3462.3074         1.08001         52.1        37.506
56.5500    -260023.7809 -260037.7755      13.9946   288.7    3453.5295         1.08276         52.1        37.506
56.5600    -260023.3174 -260037.9827      14.6653   302.5    3453.5295         1.08276         52.1        37.506
56.5700    -260023.1106 -260038.4471      15.3365   316.4    3466.9926         1.07855         52.2        37.506
56.5800    -260023.7451 -260037.9402      14.1951   292.8    3481.4663         1.07407         52.2        37.506
56.5900    -260024.0109 -260038.3316      14.3207   295.4    3465.3721         1.07905         52.2        37.506
56.6000    -260024.3152 -260038.2725      13.9574   287.9    3491.4450         1.07100         52.2        37.506
56.6100    -260024.4556 -260038.0156      13.5600   279.7    3491.4450         1.07100         52.2        37.506
56.6200    -260024.4131 -260038.3768      13.9637   288.1    3491.4450         1.07100         52.2        37.506
56.6300    -260024.6638 -260038.6696      14.0058   288.9    3491.4450         1.07100         52.2        37.506
56.6400    -260024.5960 -260038.1404      13.5444   279.4    3491.4450         1.07100         52.2        37.506
56.6500    -260024.2747 -260038.7128      14.4381   297.9    3491.4450         1.07100         52.1        37.506
56.6600    -260024.5819 -260038.2681      13.6862   282.4    3491.4450         1.07100         52.1        37.506
56.6700    -260024.3903 -260038.5777      14.1874   292.7    3472.3193         1.07690         52.2        37.506
56.6800    -260024.2348 -260038.6457      14.4109   297.3    3457.4053         1.08154         52.2        37.506
56.6900    -260024.2292 -260039.2552      15.0260   310.0    3450.5438         1.08369         52.2        37.506
56.7000    -260024.0812 -260038.7550      14.6738   302.7    3450.5438         1.08369         52.2        37.506
56.7100    -260024.2343 -260038.8555      14.6212   301.6    3450.5438         1.08369         52.2        37.506
56.7200    -260024.1043 -260039.0233      14.9190   307.8    3429.9199         1.09021         52.2        37.506
56.7300    -260024.7684 -260037.7801      13.0117   268.4    3426.5763         1.09127         52.2        37.506
56.7400    -260024.7697 -260038.5580      13.7883   284.5    3427.7308         1.09090         52.2        37.506
56.7500    -260024.9583 -260039.0448      14.0865   290.6    3445.1545         1.08539         52.2        37.506
56.7600    -260024.4588 -260038.5176      14.0588   290.0    3445.1545         1.08539         52.2        37.506
56.7700    -260025.0558 -260039.6984      14.6427   302.1    3445.1545         1.08539         52.2        37.506
56.7800    -260024.4465 -260039.2111      14.7646   304.6    3441.7115         1.08647         52.2        37.506
56.7900    -260024.4209 -260039.0530      14.6321   301.9    3435.0342         1.08858         52.2        37.506
56.8000    -260024.7448 -260039.0351      14.2903   294.8    3423.8396         1.09214         52.2        37.506
56.8100    -260025.2647 -260039.2482      13.9835   288.5    3423.8396         1.09214         52.2        37.506
56.8200    -260025.1516 -260039.0235      13.8719   286.2    3432.3621         1.08943         52.2        37.506
56.8300    -260024.9383 -260038.6577      13.7193   283.0    3432.3621         1.08943         52.2        37.506
56.8400    -260024.9990 -260038.6749      13.6759   282.1    3432.3621         1.08943         52.2        37.506
56.8500    -260025.0783 -260038.2881      13.2098   272.5    3408.1191         1.09718         52.2        37.506
56.8600    -260025.2816 -260039.0506      13.7690   284.1    3408.1191         1.09718         52.2        37.506
56.8700    -260025.2709 -260038.7283      13.4574   277.6    3383.6839         1.10511         52.2        37.506
56.8800    -260024.7847 -260038.2624      13.4777   278.0    3390.7690         1.10280         52.2        37.506
56.8900    -260024.6679 -260038.2566      13.5887   280.3    3390.7690         1.10280         52.2        37.506
56.9000    -260024.1594 -260038.0786      13.9192   287.2    3390.7690         1.10280         52.2        37.506
56.9100    -260024.4202 -260038.0809      13.6607   281.8    3390.7690         1.10280         52.2        37.506
56.9200    -260024.2594 -260038.9051      14.6457   302.1    3417.2208         1.09426         52.2        37.506
56.9300    -260024.6327 -260037.6262      12.9935   268.1    3417.2208         1.09426         52.2        37.506
56.9400    -260023.6037 -260038.8550      15.2513   314.6    3416.6365         1.09445         52.2        37.506
56.9500    -260023.7694 -260037.8347      14.0652   290.2    3381.5394         1.10581         52.2        37.506
56.9600    -260023.5465 -260037.8919      14.3454   296.0    3381.5394         1.10581         52.2        37.506
56.9700    -260023.6194 -260038.8614      15.2420   314.4    3381.5394         1.10581         52.2        37.506
56.9800    -260024.4593 -260039.1596      14.7004   303.3    3381.5394         1.10581         52.2        37.506
56.9900    -260024.8145 -260038.8356      14.0211   289.3    3381.5394         1.10581         52.2        37.506
57.0000    -260024.7962 -260038.6295      13.8333   285.4    3381.5394         1.10581         52.2        37.506
57.0100    -260024.6620 -260038.5952      13.9331   287.4    3381.5394         1.10581         52.2        37.506
57.0200    -260024.2010 -260038.6019      14.4009   297.1    3357.1974         1.11382         52.2        37.506
57.0300    -260023.6863 -260038.6732      14.9870   309.2    3343.0767         1.11853         52.2        37.506
57.0400    -260023.5682 -260038.1150      14.5469   300.1    3343.0767         1.11853         52.2        37.506
57.0500    -260023.5725 -260037.8131      14.2406   293.8    3343.0767         1.11853         52.2        37.506
57.0600    -260023.6197 -260037.4037      13.7841   284.4    3343.0767         1.11853         52.2        37.506
57.0700    -260023.6962 -260037.9756      14.2794   294.6    3330.6253         1.12271         52.2        37.506
57.0800    -260023.9673 -260037.8489      13.8816   286.4    3330.6253         1.12271         52.2        37.506
57.0900    -260023.5914 -260038.2948      14.7034   303.3    3356.0470         1.11421         52.2        37.506
57.1000    -260022.7883 -260037.5485      14.7602   304.5    3356.0470         1.11421         52.2        37.506
57.1100    -260022.4579 -260037.0700      14.6121   301.5    3356.0470         1.11421         52.2        37.506
57.1200    -260023.1504 -260037.8851      14.7346   304.0    3356.0470         1.11421         52.2        37.506
57.1300    -260023.9670 -260038.5148      14.5478   300.1    3340.6220         1.11935         52.2        37.506
57.1400    -260023.8739 -260037.7504      13.8765   286.3    3340.6220         1.11935         52.2        37.506
57.1500    -260023.8013 -260037.2504      13.4492   277.5    3359.9903         1.11290         52.2        37.506
57.1600    -260023.6908 -260037.8392      14.1485   291.9    3359.9903         1.11290         52.2        37.506
57.1700    -260023.5967 -260038.5531      14.9564   308.6    3369.3670         1.10980         52.2        37.506
57.1800    -260023.9206 -260038.2710      14.3504   296.1    3369.3670         1.10980         52.2        37.506
57.1900    -260023.8532 -260037.5377      13.6845   282.3    3368.7095         1.11002         52.2        37.506
57.2000    -260023.1489 -260037.2762      14.1273   291.5    3368.7095         1.11002         52.2        37.506
57.2100    -260023.6585 -260038.1049      14.4464   298.0    3368.7095         1.11002         52.2        37.506
57.2200    -260023.4327 -260038.4749      15.0423   310.3    3351.9258         1.11558         52.2        37.506
57.2300    -260023.4093 -260037.6604      14.2512   294.0    3355.6705         1.11433         52.2        37.506
57.2400    -260023.9335 -260038.9405      15.0071   309.6    3355.6705         1.11433         52.2        37.506
57.2500    -260024.2297 -260037.8512      13.6216   281.0    3361.7157         1.11233         52.2        37.506
57.2600    -260024.2006 -260038.3020      14.1015   290.9    3361.7157         1.11233         52.2        37.506
57.2700    -260023.5910 -260037.8492      14.2582   294.2    3361.7157         1.11233         52.2        37.506
57.2800    -260023.0684 -260037.8161      14.7477   304.2    3377.7029         1.10706         52.2        37.506
57.2900    -260022.9268 -260037.5327      14.6059   301.3    3377.7029         1.10706         52.2        37.506
57.3000    -260022.9179 -260038.4050      15.4871   319.5    3366.8372         1.11063         52.2        37.506
57.3100    -260023.5605 -260038.5799      15.0194   309.9    3366.8372         1.11063         52.2        37.506
57.3200    -260023.6960 -260038.0755      14.3796   296.7    3360.9686         1.11257         52.2        37.506
57.3300    -260023.4973 -260037.9355      14.4382   297.9    3353.0625         1.11520         52.2        37.506
57.3400    -260023.9405 -260038.1940      14.2535   294.1    3357.8802         1.11360         52.2        37.506
57.3500    -260023.8985 -260038.0852      14.1867   292.7    3367.3877         1.11045         52.2        37.506
57.3600    -260024.2650 -260038.4147      14.1497   291.9    3367.3877         1.11045         52.2        37.506
57.3700    -260023.8983 -260038.5882      14.6899   303.1    3367.3877         1.11045         52.2        37.506
57.3800    -260023.6903 -260038.1154      14.4250   297.6    3367.3877         1.11045         52.2        37.506
57.3900    -260023.9206 -260038.2454      14.3248   295.5    3360.6163         1.11269         52.2        37.506
57.4000    -260023.8070 -260038.2420      14.4350   297.8    3390.6335         1.10284         52.2        37.506
57.4100    -260024.0771 -260038.5691      14.4920   299.0    3390.6335         1.10284         52.2        37.506
57.4200    -260023.6478 -260038.2425      14.5948   301.1    3385.4211         1.10454         52.3        37.506
57.4300    -260023.7843 -260038.5247      14.7404   304.1    3385.4211         1.10454         52.2        37.506
57.4400    -260024.0971 -260038.6581      14.5610   300.4    3385.4211         1.10454         52.2        37.506
57.4500    -260024.2665 -260038.3840      14.1175   291.2    3385.4211         1.10454         52.2        37.506
57.4600    -260024.1492 -260037.7622      13.6130   280.8    3385.4211         1.10454         52.2        37.506
57.4700    -260023.4212 -260038.2296      14.8084   305.5    3400.2813         1.09971         52.2        37.506
57.4800    -260023.1072 -260039.2077      16.1005   332.2    3422.4711         1.09258         52.2        37.506
57.4900    -260022.9099 -260038.6348      15.7249   324.4    3412.7351         1.09570         52.3        37.506
57.5000    -260023.4533 -260037.8566      14.4033   297.1    3412.7351         1.09570         52.2        37.506
57.5100    -260023.3511 -260037.9074      14.5563   300.3    3412.7351         1.09570         52.2        37.506
57.5200    -260023.4983 -260038.6342      15.1359   312.3    3403.4030         1.09870         52.2        37.506
57.5300    -260023.3366 -260037.8179      14.4813   298.8    3422.9751         1.09242         52.3        37.506
57.5400    -260023.3575 -260038.8158      15.4582   318.9    3420.4002         1.09324         52.3        37.506
57.5500    -260022.8116 -260038.3782      15.5666   321.1    3394.1574         1.10170         52.3        37.506
57.5600    -260023.0313 -260038.0577      15.0264   310.0    3394.1574         1.10170         52.3        37.506
57.5700    -260023.1863 -260039.3880      16.2018   334.2    3394.1574         1.10170         52.3        37.506
57.5800    -260023.8623 -260038.3803      14.5180   299.5    3394.1574         1.10170         52.3        37.506
57.5900    -260024.4555 -260038.4812      14.0257   289.4    3394.1574         1.10170         52.2        37.506
57.6000    -260024.9978 -260038.4178      13.4201   276.9    3379.0576         1.10662         52.3        37.506
57.6100    -260024.8512 -260038.3326      13.4814   278.1    3379.0576         1.10662         52.3        37.506
57.6200    -260024.9808 -260038.7805      13.7998   284.7    3379.0576         1.10662         52.2        37.506
57.6300    -260024.9792 -260038.7581      13.7790   284.3    3385.8258         1.10441         52.3        37.506
57.6400    -260024.4295 -260038.2140      13.7845   284.4    3385.8258         1.10441         52.2        37.506
57.6500    -260024.4551 -260038.4126      13.9575   287.9    3406.0392         1.09785         52.3        37.506
57.6600    -260024.1456 -260038.5661      14.4205   297.5    3406.0392         1.09785         52.3        37.506
57.6700    -260024.3126 -260038.0186      13.7059   282.8    3376.2702         1.10753         52.3        37.506
57.6800    -260023.8227 -260037.5780      13.7553   283.8    3381.0891         1.10595         52.3        37.506
57.6900    -260023.4079 -260037.4070      13.9990   288.8    3381.0891         1.10595         52.3        37.506
57.7000    -260023.3639 -260037.9184      14.5545   300.3    3381.0891         1.10595         52.3        37.506
57.7100    -260022.9834 -260037.9108      14.9274   308.0    3381.0891         1.10595         52.3        37.506
57.7200    -260022.2601 -260037.7439      15.4838   319.4    3380.6536         1.10610         52.3        37.506
57.7300    -260023.1523 -260038.0287      14.8764   306.9    3380.6536         1.10610         52.3        37.506
57.7400    -260022.7243 -260037.4396      14.7152   303.6    3380.6536         1.10610         52.2        37.506
57.7500    -260023.1477 -260037.7097      14.5620   300.4    3380.6536         1.10610         52.2        37.506
57.7600    -260023.3431 -260038.0795      14.7364   304.0    3380.6536         1.10610         52.2        37.506
57.7700    -260023.3918 -260037.5280      14.1361   291.6    3380.6536         1.10610         52.2        37.506
57.7800    -260023.9857 -260038.4745      14.4888   298.9    3370.8103         1.10933         52.2        37.506
57.7900    -260024.0117 -260038.5085      14.4968   299.1    3370.8103         1.10933         52.2        37.506
57.8000    -260024.4873 -260038.1217      13.6344   281.3    3371.2072         1.10920         52.2        37.506
57.8100    -260024.4298 -260038.0953      13.6655   281.9    3371.2072         1.10920         52.2        37.506
57.8200    -260024.5008 -260038.0097      13.5090   278.7    3371.2072         1.10920         52.2        37.506
57.8300    -260024.4684 -260037.8493      13.3809   276.1    3371.2072         1.10920         52.2        37.506
57.8400    -260024.2323 -260038.1305      13.8982   286.7    3385.0978         1.10464         52.2        37.506
57.8500    -260024.2014 -260037.8955      13.6941   282.5    3391.8487         1.10244         52.2        37.506
57.8600    -260024.6248 -260038.0591      13.4343   277.2    3391.8487         1.10244         52.2        37.506
57.8700    -260024.5386 -260038.4777      13.9391   287.6    3391.8487         1.10244         52.2        37.506
57.8800    -260024.4811 -260038.9081      14.4270   297.6    3391.8487         1.10244         52.2        37.506
57.8900    -260023.9520 -260038.7087      14.7568   304.4    3356.7151         1.11398         52.2        37.506
57.9000    -260023.6488 -260038.3914      14.7426   304.1    3364.6765         1.11135         52.2        37.506
57.9100    -260023.4279 -260038.3273      14.8994   307.4    3364.6765         1.11135         52.2        37.506
57.9200    -260023.9011 -260038.5477      14.6466   302.2    3364.6765         1.11135         52.2        37.506
57.9300    -260023.7973 -260039.0311      15.2338   314.3    3401.2987         1.09938         52.2        37.506
57.9400    -260023.7948 -260039.1749      15.3801   317.3    3392.9651         1.10208         52.2        37.506
57.9500    -260023.9615 -260038.8817      14.9202   307.8    3392.9651         1.10208         52.2        37.506
57.9600    -260024.0014 -260037.8231      13.8216   285.1    3392.9651         1.10208         52.2        37.506
57.9700    -260023.8143 -260037.6456      13.8313   285.3    3388.8909         1.10341         52.2        37.506
57.9800    -260023.9576 -260038.6572      14.6996   303.3    3371.9968         1.10894         52.2        37.506
57.9900    -260023.3613 -260038.3016      14.9403   308.2    3371.9968         1.10894         52.2        37.506
58.0000    -260023.3507 -260038.4275      15.0767   311.0    3377.9815         1.10697         52.2        37.506
58.0100    -260022.9374 -260037.8142      14.8768   306.9    3377.9815         1.10697         52.2        37.506
58.0200    -260023.5249 -260038.1919      14.6670   302.6    3377.9815         1.10697         52.2        37.506
58.0300    -260023.3726 -260037.4115      14.0389   289.6    3377.9815         1.10697         52.2        37.506
58.0400    -260023.3138 -260037.7449      14.4311   297.7    3386.2189         1.10428         52.2        37.506
58.0500    -260023.3483 -260038.2299      14.8816   307.0    3419.6140         1.09349         52.2        37.506
58.0600    -260024.1021 -260038.4725      14.3703   296.5    3419.6140         1.09349         52.2        37.506
58.0700    -260024.7873 -260038.7781      13.9908   288.6    3419.7497         1.09345         52.2        37.506
58.0800    -260024.4435 -260038.1429      13.6995   282.6    3419.7497         1.09345         52.2        37.506
58.0900    -260024.1593 -260038.4511      14.2918   294.8    3406.7253         1.09763         52.2        37.506
58.1000    -260023.8874 -260038.2381      14.3508   296.1    3406.7253         1.09763         52.2        37.506
58.1100    -260023.5374 -260037.9441      14.4067   297.2    3406.7253         1.09763         52.2        37.506
58.1200    -260022.8236 -260037.5459      14.7223   303.7    3406.7253         1.09763         52.2        37.506
58.1300    -260022.6447 -260037.5145      14.8698   306.8    3406.7253         1.09763         52.2        37.506
58.1400    -260023.5601 -260038.4914      14.9313   308.0    3406.7253         1.09763         52.2        37.506
58.1500    -260024.0227 -260038.9210      14.8983   307.4    3428.7352         1.09058         52.2        37.506
58.1600    -260023.9845 -260038.2423      14.2578   294.1    3428.7352         1.09058         52.2        37.506
58.1700    -260023.7031 -260038.7000      14.9968   309.4    3428.7352         1.09058         52.2        37.506
58.1800    -260023.8324 -260037.9356      14.1032   291.0    3439.0112         1.08733         52.2        37.506
58.1900    -260024.1329 -260038.1296      13.9967   288.8    3450.6182         1.08367         52.2        37.506
58.2000    -260024.1775 -260037.9822      13.8047   284.8    3479.8837         1.07455         52.2        37.506
58.2100    -260024.6695 -260038.7503      14.0809   290.5    3479.8837         1.07455         52.2        37.506
58.2200    -260024.9602 -260038.2647      13.3045   274.5    3474.8107         1.07612         52.2        37.506
58.2300    -260024.8832 -260038.7845      13.9013   286.8    3474.8107         1.07612         52.2        37.506
58.2400    -260025.0676 -260038.6032      13.5356   279.2    3461.0093         1.08042         52.2        37.506
58.2500    -260025.0103 -260038.7382      13.7279   283.2    3466.7154         1.07864         52.3        37.506
58.2600    -260024.7009 -260039.0184      14.3175   295.4    3466.7154         1.07864         52.3        37.506
58.2700    -260024.9682 -260039.7881      14.8199   305.7    3466.7154         1.07864         52.2        37.506
58.2800    -260025.2726 -260038.9883      13.7157   283.0    3472.7524         1.07676         52.3        37.506
58.2900    -260024.8077 -260039.5587      14.7510   304.3    3472.7524         1.07676         52.2        37.506
58.3000    -260025.4070 -260039.2043      13.7974   284.6    3469.5748         1.07775         52.3        37.506
58.3100    -260026.3569 -260039.8431      13.4862   278.2    3469.5748         1.07775         52.3        37.506
58.3200    -260025.9625 -260039.5537      13.5913   280.4    3469.5748         1.07775         52.2        37.506
58.3300    -260026.0471 -260039.3600      13.3129   274.6    3469.5748         1.07775         52.2        37.506
58.3400    -260025.6158 -260039.5025      13.8866   286.5    3469.5748         1.07775         52.2        37.506
58.3500    -260025.4778 -260039.1378      13.6600   281.8    3460.8785         1.08046         52.2        37.506
58.3600    -260025.2520 -260039.0955      13.8435   285.6    3460.8785         1.08046         52.2        37.506
58.3700    -260025.3878 -260038.8870      13.4992   278.5    3473.1791         1.07663         52.2        37.506
58.3800    -260025.4804 -260038.9300      13.4496   277.5    3452.4815         1.08308         52.2        37.506
58.3900    -260025.7553 -260039.4281      13.6728   282.1    3448.7069         1.08427         52.3        37.506
58.4000    -260025.7892 -260039.3619      13.5726   280.0    3448.7069         1.08427         52.2        37.506
58.4100    -260025.3527 -260039.0208      13.6682   282.0    3448.7069         1.08427         52.2        37.506
58.4200    -260025.1075 -260039.8084      14.7008   303.3    3449.8275         1.08392         52.3        37.506
58.4300    -260025.6934 -260039.3878      13.6944   282.5    3449.8275         1.08392         52.2        37.506
58.4400    -260025.4920 -260039.2242      13.7322   283.3    3420.2353         1.09330         52.3        37.506
58.4500    -260025.0612 -260039.2228      14.1615   292.2    3410.1215         1.09654         52.3        37.506
58.4600    -260025.0369 -260038.5204      13.4834   278.2    3410.1215         1.09654         52.3        37.506
58.4700    -260024.8463 -260039.0547      14.2084   293.1    3410.1215         1.09654         52.3        37.506
58.4800    -260025.0291 -260039.1580      14.1289   291.5    3410.1215         1.09654         52.2        37.506
58.4900    -260024.6576 -260038.8288      14.1712   292.4    3410.1215         1.09654         52.2        37.506
58.5000    -260024.9010 -260039.0440      14.1431   291.8    3410.1215         1.09654         52.2        37.506
58.5100    -260025.2244 -260039.2205      13.9961   288.7    3410.1215         1.09654         52.2        37.506
58.5200    -260025.1796 -260039.2282      14.0486   289.8    3415.3254         1.09487         52.2        37.506
58.5300    -260025.3270 -260039.1547      13.8278   285.3    3401.5988         1.09928         52.2        37.506
58.5400    -260025.1517 -260039.1796      14.0279   289.4    3418.7161         1.09378         52.3        37.506
58.5500    -260025.2242 -260039.3081      14.0839   290.6    3418.7161         1.09378         52.2        37.506
58.5600    -260025.2144 -260038.4748      13.2604   273.6    3418.7161         1.09378         52.2        37.506
58.5700    -260024.8282 -260038.1197      13.2915   274.2    3418.7161         1.09378         52.2        37.506
58.5800    -260024.2022 -260038.4397      14.2375   293.7    3432.9715         1.08924         52.2        37.506
58.5900    -260023.6022 -260038.4311      14.8289   305.9    3432.9715         1.08924         52.2        37.506
58.6000    -260023.8827 -260038.0613      14.1787   292.5    3432.9715         1.08924         52.2        37.506
58.6100    -260023.8399 -260038.6233      14.7833   305.0    3432.9715         1.08924         52.2        37.506
58.6200    -260023.1261 -260037.9772      14.8511   306.4    3432.9715         1.08924         52.2        37.506
58.6300    -260023.1752 -260038.0289      14.8537   306.4    3454.1020         1.08258         52.2        37.506
58.6400    -260023.0699 -260037.7135      14.6436   302.1    3454.1020         1.08258         52.2        37.506
58.6500    -260023.5879 -260037.1335      13.5456   279.4    3469.8033         1.07768         52.2        37.506
58.6600    -260023.3464 -260036.7992      13.4528   277.5    3469.8033         1.07768         52.2        37.506
58.6700    -260022.8344 -260037.7779      14.9435   308.3    3469.8033         1.07768         52.2        37.506
58.6800    -260023.8657 -260038.3480      14.4823   298.8    3454.9290         1.08232         52.2        37.506
58.6900    -260023.6275 -260038.1490      14.5215   299.6    3466.9067         1.07858         52.2        37.506
58.7000    -260023.3220 -260038.3306      15.0086   309.6    3466.9067         1.07858         52.2        37.506
58.7100    -260023.4806 -260038.0227      14.5421   300.0    3466.9067         1.07858         52.2        37.506
58.7200    -260022.9256 -260037.7451      14.8195   305.7    3466.9067         1.07858         52.2        37.506
58.7300    -260022.4488 -260037.5191      15.0703   310.9    3468.4865         1.07809         52.2        37.506
58.7400    -260022.9187 -260037.0607      14.1420   291.8    3471.3498         1.07720         52.2        37.506
58.7500    -260023.4946 -260037.3999      13.9053   286.9    3490.8410         1.07118         52.2        37.506
58.7600    -260023.2648 -260037.2611      13.9963   288.7    3490.8410         1.07118         52.2        37.506
58.7700    -260022.9349 -260037.7939      14.8590   306.5    3481.7484         1.07398         52.2        37.506
58.7800    -260023.0506 -260038.0127      14.9621   308.7    3447.2557         1.08473         52.3        37.506
58.7900    -260023.0129 -260037.4869      14.4741   298.6    3428.2870         1.09073         52.3        37.506
58.8000    -260023.7165 -260037.4977      13.7812   284.3    3437.0774         1.08794         52.3        37.506
58.8100    -260023.9632 -260037.5157      13.5526   279.6    3437.0774         1.08794         52.3        37.506
58.8200    -260023.7398 -260037.8363      14.0965   290.8    3436.6872         1.08806         52.3        37.506
58.8300    -260024.0331 -260037.4546      13.4215   276.9    3440.7111         1.08679         52.3        37.506
58.8400    -260024.1093 -260037.5068      13.3975   276.4    3440.7111         1.08679         52.3        37.506
58.8500    -260023.6114 -260036.9978      13.3864   276.2    3440.7111         1.08679         52.3        37.506
58.8600    -260023.8965 -260037.6128      13.7164   283.0    3440.7111         1.08679         52.3        37.506
58.8700    -260023.0434 -260037.1156      14.0722   290.3    3440.7111         1.08679         52.3        37.506
58.8800    -260022.8259 -260036.5415      13.7157   283.0    3448.9188         1.08420         52.3        37.506
58.8900    -260021.7826 -260035.8395      14.0569   290.0    3474.1268         1.07634         52.3        37.506
58.9000    -260021.9979 -260036.6243      14.6264   301.7    3474.1268         1.07634         52.3        37.506
58.9100    -260022.6451 -260036.9175      14.2723   294.4    3474.1268         1.07634         52.3        37.506
58.9200    -260022.2791 -260037.0942      14.8151   305.6    3474.8368         1.07612         52.3        37.506
58.9300    -260021.8415 -260035.9392      14.0977   290.8    3451.9942         1.08324         52.3        37.506
58.9400    -260021.7110 -260036.1780      14.4670   298.5    3451.9942         1.08324         52.3        37.506
58.9500    -260022.1543 -260037.0725      14.9182   307.8    3451.9942         1.08324         52.3        37.506
58.9600    -260022.1520 -260038.1208      15.9688   329.4    3451.9942         1.08324         52.3        37.506
58.9700    -260022.5804 -260036.9533      14.3729   296.5    3460.9693         1.08043         52.3        37.506
58.9800    -260022.6835 -260037.6870      15.0035   309.5    3482.9872         1.07360         52.3        37.506
58.9900    -260022.9932 -260038.0993      15.1062   311.6    3482.9872         1.07360         52.3        37.506
59.0000    -260022.8916 -260037.7787      14.8871   307.1    3467.7151         1.07833         52.3        37.506
59.0100    -260023.0538 -260037.3476      14.2938   294.9    3467.7151         1.07833         52.3        37.506
59.0200    -260023.4228 -260037.5184      14.0956   290.8    3467.7151         1.07833         52.3        37.506
59.0300    -260023.2480 -260038.1261      14.8781   306.9    3467.7151         1.07833         52.3        37.506
59.0400    -260022.9842 -260037.7817      14.7974   305.3    3467.7151         1.07833         52.3        37.506
59.0500    -260023.4800 -260037.5617      14.0817   290.5    3467.7151         1.07833         52.2        37.506
59.0600    -260024.0273 -260038.5432      14.5160   299.5    3467.7151         1.07833         52.2        37.506
59.0700    -260023.5778 -260038.1557      14.5779   300.7    3471.8771         1.07703         52.3        37.506
59.0800    -260023.2028 -260037.2083      14.0054   288.9    3476.7595         1.07552         52.3        37.506
59.0900    -260023.1367 -260037.0316      13.8950   286.7    3468.5866         1.07805         52.3        37.506
59.1000    -260023.3211 -260037.7037      14.3826   296.7    3468.5866         1.07805         52.3        37.506
59.1100    -260022.9059 -260038.0986      15.1927   313.4    3468.5866         1.07805         52.3        37.506
59.1200    -260022.8126 -260036.5627      13.7501   283.7    3497.6613         1.06909         52.3        37.506
59.1300    -260022.8861 -260036.7403      13.8542   285.8    3501.6480         1.06788         52.3        37.506
59.1400    -260022.5821 -260037.6801      15.0981   311.5    3504.8198         1.06691         52.3        37.506
59.1500    -260022.8048 -260037.2501      14.4453   298.0    3503.0099         1.06746         52.3        37.506
59.1600    -260023.0654 -260037.9118      14.8463   306.3    3503.0099         1.06746         52.3        37.506
59.1700    -260023.3021 -260037.8385      14.5364   299.9    3506.1613         1.06650         52.3        37.506
59.1800    -260023.4309 -260038.2036      14.7727   304.8    3487.5550         1.07219         52.3        37.506
59.1900    -260023.7063 -260037.6733      13.9670   288.1    3504.2291         1.06709         52.3        37.506
59.2000    -260023.3783 -260037.4664      14.0881   290.6    3504.2291         1.06709         52.3        37.506
59.2100    -260023.4167 -260038.2874      14.8706   306.8    3504.2291         1.06709         52.3        37.506
59.2200    -260023.4763 -260038.4761      14.9998   309.4    3504.2291         1.06709         52.3        37.506
59.2300    -260023.5099 -260037.5575      14.0476   289.8    3523.1369         1.06136         52.3        37.506
59.2400    -260022.9332 -260037.6064      14.6732   302.7    3520.9445         1.06202         52.3        37.506
59.2500    -260022.4212 -260037.3586      14.9374   308.2    3503.0770         1.06744         52.3        37.506
59.2600    -260022.9489 -260037.4176      14.4687   298.5    3503.0770         1.06744         52.3        37.506
59.2700    -260022.7656 -260037.7261      14.9605   308.6    3503.0770         1.06744         52.3        37.506
59.2800    -260022.8499 -260037.8846      15.0347   310.2    3479.4090         1.07470         52.3        37.506
59.2900    -260022.0410 -260037.8176      15.7766   325.5    3479.4090         1.07470         52.3        37.506
59.3000    -260022.1573 -260037.3605      15.2031   313.6    3479.4090         1.07470         52.3        37.506
59.3100    -260021.5954 -260037.2064      15.6109   322.1    3479.4090         1.07470         52.3        37.506
59.3200    -260022.8884 -260037.6430      14.7546   304.4    3479.4090         1.07470         52.3        37.506
59.3300    -260022.3773 -260037.5506      15.1734   313.0    3479.4090         1.07470         52.3        37.506
59.3400    -260022.4422 -260037.9073      15.4651   319.0    3476.9954         1.07545         52.3        37.506
59.3500    -260022.4158 -260037.8224      15.4066   317.8    3476.9954         1.07545         52.3        37.506
59.3600    -260022.6296 -260036.9253      14.2957   294.9    3476.9954         1.07545         52.3        37.506
59.3700    -260022.8382 -260037.2731      14.4350   297.8    3482.2983         1.07381         52.3        37.506
59.3800    -260022.3967 -260037.0193      14.6227   301.7    3483.6860         1.07338         52.3        37.506
59.3900    -260022.4820 -260037.6436      15.1616   312.8    3483.6860         1.07338         52.3        37.506
59.4000    -260022.9841 -260037.5857      14.6016   301.2    3470.2448         1.07754         52.3        37.506
59.4100    -260022.4835 -260037.1050      14.6214   301.6    3470.2448         1.07754         52.3        37.506
59.4200    -260022.2357 -260038.2405      16.0049   330.2    3453.5586         1.08275         52.3        37.506
59.4300    -260022.0218 -260036.9132      14.8914   307.2    3430.3031         1.09009         52.3        37.506
59.4400    -260021.8821 -260037.7950      15.9129   328.3    3430.3031         1.09009         52.3        37.506
59.4500    -260022.4176 -260037.3387      14.9211   307.8    3419.4613         1.09354         52.3        37.506
59.4600    -260022.5679 -260037.5459      14.9780   309.0    3419.4613         1.09354         52.3        37.506
59.4700    -260022.5483 -260037.3774      14.8290   305.9    3417.7271         1.09410         52.3        37.506
59.4800    -260022.6647 -260037.6343      14.9696   308.8    3441.1201         1.08666         52.4        37.506
59.4900    -260023.1387 -260037.7256      14.5869   300.9    3464.6864         1.07927         52.4        37.506
59.5000    -260023.8519 -260037.6368      13.7849   284.4    3464.6864         1.07927         52.4        37.506
59.5100    -260023.6803 -260037.7815      14.1012   290.9    3464.6864         1.07927         52.4        37.506
59.5200    -260023.8961 -260038.0178      14.1218   291.3    3463.5286         1.07963         52.4        37.506
59.5300    -260023.6798 -260038.2471      14.5673   300.5    3463.5286         1.07963         52.4        37.506
59.5400    -260022.8406 -260037.8779      15.0373   310.2    3463.5286         1.07963         52.3        37.506
59.5500    -260022.7636 -260037.7790      15.0154   309.8    3483.1462         1.07355         52.4        37.506
59.5600    -260022.9740 -260037.5942      14.6202   301.6    3483.1462         1.07355         52.4        37.506
59.5700    -260022.5029 -260037.1399      14.6370   302.0    3483.1462         1.07355         52.3        37.506
59.5800    -260022.0756 -260037.4052      15.3296   316.3    3469.4837         1.07778         52.3        37.506
59.5900    -260022.3467 -260036.6664      14.3196   295.4    3469.4837         1.07778         52.3        37.506
59.6000    -260022.1823 -260035.8227      13.6404   281.4    3483.5342         1.07343         52.3        37.506
59.6100    -260021.9992 -260036.8242      14.8251   305.8    3483.5342         1.07343         52.3        37.506
59.6200    -260022.5469 -260037.5510      15.0040   309.5    3483.5342         1.07343         52.3        37.506
59.6300    -260022.0718 -260037.5095      15.4377   318.5    3498.5594         1.06882         52.3        37.506
59.6400    -260022.1138 -260038.2803      16.1665   333.5    3498.5594         1.06882         52.3        37.506
59.6500    -260021.6961 -260037.1745      15.4784   319.3    3503.5275         1.06730         52.3        37.506
59.6600    -260021.5586 -260037.7215      16.1629   333.4    3503.5275         1.06730         52.3        37.506
59.6700    -260022.3917 -260037.1377      14.7461   304.2    3509.1652         1.06559         52.4        37.506
59.6800    -260022.3860 -260037.6470      15.2610   314.8    3534.4126         1.05798         52.4        37.506
59.6900    -260022.7342 -260037.7057      14.9716   308.9    3534.4126         1.05798         52.4        37.506
59.7000    -260022.3031 -260037.7971      15.4940   319.6    3534.4126         1.05798         52.3        37.506
59.7100    -260021.8514 -260036.8439      14.9925   309.3    3534.4126         1.05798         52.3        37.506
59.7200    -260022.0507 -260036.5839      14.5332   299.8    3532.4151         1.05858         52.4        37.506
59.7300    -260022.3052 -260037.1077      14.8025   305.4    3532.4151         1.05858         52.3        37.506
59.7400    -260022.4318 -260037.4612      15.0294   310.1    3562.9808         1.04949         52.4        37.506
59.7500    -260022.9217 -260037.7382      14.8165   305.7    3556.4352         1.05143         52.4        37.506
59.7600    -260023.1725 -260037.7293      14.5568   300.3    3556.4352         1.05143         52.4        37.506
59.7700    -260023.3591 -260036.6025      13.2433   273.2    3556.4352         1.05143         52.4        37.506
59.7800    -260023.6208 -260037.2977      13.6769   282.2    3556.4352         1.05143         52.3        37.506
59.7900    -260023.2174 -260037.3734      14.1560   292.0    3556.4352         1.05143         52.3        37.506
59.8000    -260023.0627 -260037.7265      14.6639   302.5    3556.4352         1.05143         52.3        37.506
59.8100    -260023.1174 -260037.9577      14.8404   306.2    3556.4352         1.05143         52.3        37.506
59.8200    -260023.4325 -260038.4953      15.0628   310.7    3534.1152         1.05807         52.3        37.506
59.8300    -260023.3294 -260037.5705      14.2411   293.8    3534.1152         1.05807         52.3        37.506
59.8400    -260023.3466 -260037.2484      13.9018   286.8    3550.3640         1.05322         52.3        37.506
59.8500    -260022.3176 -260037.3663      15.0486   310.5    3525.4175         1.06068         52.3        37.506
59.8600    -260021.9244 -260036.3315      14.4070   297.2    3525.4175         1.06068         52.3        37.506
59.8700    -260022.0968 -260036.8439      14.7470   304.2    3525.4175         1.06068         52.3        37.506
59.8800    -260021.8334 -260036.6375      14.8042   305.4    3501.0354         1.06806         52.3        37.506
59.8900    -260022.1248 -260037.5654      15.4406   318.5    3501.0354         1.06806         52.3        37.506
59.9000    -260022.3317 -260037.2763      14.9446   308.3    3509.1954         1.06558         52.3        37.506
59.9100    -260022.1657 -260037.2475      15.0818   311.1    3509.1954         1.06558         52.3        37.506
59.9200    -260022.3573 -260036.7505      14.3931   296.9    3513.3198         1.06433         52.3        37.506
59.9300    -260022.1428 -260036.3122      14.1694   292.3    3534.1650         1.05805         52.4        37.506
59.9400    -260022.1184 -260037.3608      15.2424   314.5    3514.6643         1.06392         52.4        37.506
59.9500    -260022.6951 -260037.9641      15.2689   315.0    3514.6643         1.06392         52.4        37.506
59.9600    -260022.8793 -260037.1123      14.2330   293.6    3514.6643         1.06392         52.4        37.506
59.9700    -260023.0256 -260037.7741      14.7485   304.3    3534.4705         1.05796         52.4        37.506
59.9800    -260023.2249 -260036.7962      13.5714   280.0    3534.4705         1.05796         52.4        37.506
59.9900    -260022.9279 -260037.0349      14.1071   291.0    3551.5116         1.05288         52.4        37.506
60.0000    -260022.6168 -260036.8209      14.2040   293.0    3561.6819         1.04988         52.4        37.506
60.0100    -260022.0585 -260036.4240      14.3655   296.4    3561.6819         1.04988         52.4        37.506
60.0200    -260022.2074 -260037.1247      14.9173   307.7    3554.8501         1.05189         52.4        37.506
60.0300    -260022.1373 -260036.6191      14.4818   298.8    3545.5948         1.05464         52.4        37.506
60.0400    -260022.0470 -260036.6922      14.6452   302.1    3545.5948         1.05464         52.4        37.506
60.0500    -260022.0283 -260036.7152      14.6869   303.0    3513.2075         1.06436         52.4        37.506
60.0600    -260022.0066 -260036.4293      14.4227   297.5    3513.2075         1.06436         52.4        37.506
60.0700    -260022.2989 -260036.8946      14.5958   301.1    3536.8030         1.05726         52.4        37.506
60.0800    -260022.3751 -260036.3629      13.9877   288.6    3517.1358         1.06317         52.4        37.506
60.0900    -260022.2535 -260036.2774      14.0239   289.3    3501.3259         1.06797         52.4        37.506
60.1000    -260022.2225 -260036.3367      14.1142   291.2    3492.3938         1.07071         52.4        37.506
60.1100    -260021.5952 -260036.7554      15.1602   312.8    3492.3938         1.07071         52.4        37.506
60.1200    -260021.6637 -260037.0784      15.4147   318.0    3492.3938         1.07071         52.4        37.506
60.1300    -260021.7234 -260036.5572      14.8338   306.0    3478.1393         1.07509         52.4        37.506
60.1400    -260021.6258 -260036.7757      15.1499   312.5    3478.1393         1.07509         52.4        37.506
60.1500    -260022.2516 -260036.0461      13.7945   284.6    3478.1393         1.07509         52.4        37.506
60.1600    -260021.6671 -260036.5650      14.8979   307.3    3478.1393         1.07509         52.4        37.506
60.1700    -260021.2969 -260036.8071      15.5102   320.0    3454.8481         1.08234         52.4        37.506
60.1800    -260021.4241 -260036.7742      15.3501   316.7    3454.8481         1.08234         52.4        37.506
60.1900    -260021.7594 -260036.7102      14.9508   308.4    3444.0413         1.08574         52.4        37.506
60.2000    -260021.3485 -260037.7396      16.3911   338.2    3412.8511         1.09566         52.4        37.506
60.2100    -260021.8025 -260037.0806      15.2781   315.2    3412.8511         1.09566         52.4        37.506
60.2200    -260021.8714 -260037.3695      15.4981   319.7    3412.8511         1.09566         52.4        37.506
60.2300    -260021.6013 -260037.5844      15.9831   329.7    3407.2625         1.09746         52.4        37.506
60.2400    -260021.5051 -260037.0565      15.5514   320.8    3442.0106         1.08638         52.4        37.506
60.2500    -260022.1061 -260037.1944      15.0882   311.3    3446.3040         1.08503         52.4        37.506
60.2600    -260022.6482 -260038.2080      15.5598   321.0    3446.3040         1.08503         52.4        37.506
60.2700    -260022.2637 -260037.6560      15.3923   317.5    3446.3040         1.08503         52.4        37.506
60.2800    -260022.6588 -260036.9958      14.3370   295.8    3440.9963         1.08670         52.4        37.506
60.2900    -260022.9534 -260036.9627      14.0093   289.0    3440.9963         1.08670         52.4        37.506
60.3000    -260022.9250 -260037.6529      14.7278   303.8    3440.9963         1.08670         52.4        37.506
60.3100    -260023.5376 -260037.1529      13.6153   280.9    3440.9963         1.08670         52.4        37.506
60.3200    -260023.0950 -260036.7969      13.7019   282.7    3440.9963         1.08670         52.4        37.506
60.3300    -260023.1244 -260036.3519      13.2275   272.9    3449.7841         1.08393         52.4        37.506
60.3400    -260022.8752 -260037.2711      14.3959   297.0    3449.7841         1.08393         52.4        37.506
60.3500    -260022.5311 -260037.1639      14.6328   301.9    3430.9292         1.08989         52.4        37.506
60.3600    -260022.5938 -260037.6907      15.0969   311.5    3430.9292         1.08989         52.4        37.506
60.3700    -260022.6944 -260037.1704      14.4760   298.6    3430.9292         1.08989         52.4        37.506
60.3800    -260022.2167 -260037.1447      14.9280   308.0    3409.6388         1.09669         52.4        37.506
60.3900    -260022.6402 -260037.0030      14.3627   296.3    3409.6388         1.09669         52.4        37.506
60.4000    -260022.8231 -260036.9251      14.1020   290.9    3409.6388         1.09669         52.4        37.506
60.4100    -260022.9770 -260037.3900      14.4130   297.3    3409.6388         1.09669         52.4        37.506
60.4200    -260022.8518 -260037.8140      14.9622   308.7    3409.6388         1.09669         52.4        37.506
60.4300    -260023.0800 -260038.2268      15.1468   312.5    3423.7991         1.09216         52.4        37.506
60.4400    -260023.0783 -260038.0562      14.9779   309.0    3412.1860         1.09587         52.4        37.506
60.4500    -260022.9380 -260037.0684      14.1303   291.5    3384.9014         1.10471         52.4        37.506
60.4600    -260023.2952 -260037.6555      14.3602   296.3    3384.9014         1.10471         52.4        37.506
60.4700    -260023.3623 -260037.9825      14.6202   301.6    3408.7060         1.09699         52.4        37.506
60.4800    -260023.9505 -260037.7868      13.8363   285.4    3408.7060         1.09699         52.4        37.506
60.4900    -260023.9758 -260037.8619      13.8860   286.5    3408.7060         1.09699         52.4        37.506
60.5000    -260023.5280 -260038.3133      14.7853   305.0    3410.2128         1.09651         52.4        37.506
60.5100    -260023.2482 -260037.9946      14.7463   304.2    3410.2128         1.09651         52.4        37.506
60.5200    -260023.6518 -260037.5618      13.9100   287.0    3410.2128         1.09651         52.4        37.506
60.5300    -260023.9944 -260038.1162      14.1218   291.3    3410.2128         1.09651         52.4        37.506
60.5400    -260023.4718 -260036.8927      13.4209   276.9    3411.3294         1.09615         52.4        37.506
60.5500    -260023.7138 -260037.8550      14.1412   291.7    3411.3294         1.09615         52.4        37.506
60.5600    -260023.4857 -260037.3369      13.8512   285.8    3411.3294         1.09615         52.4        37.506
60.5700    -260024.6747 -260037.3246      12.6499   261.0    3411.3294         1.09615         52.4        37.506
60.5800    -260024.4511 -260038.4777      14.0266   289.4    3415.3690         1.09485         52.4        37.506
60.5900    -260023.9573 -260038.6446      14.6873   303.0    3452.1584         1.08319         52.4        37.506
60.6000    -260023.3569 -260037.8689      14.5120   299.4    3489.6481         1.07155         52.4        37.506
60.6100    -260023.3734 -260038.1267      14.7533   304.4    3489.6481         1.07155         52.4        37.506
60.6200    -260023.3225 -260037.5725      14.2500   294.0    3489.6481         1.07155         52.4        37.506
60.6300    -260023.2367 -260037.0442      13.8075   284.9    3489.6481         1.07155         52.4        37.506
60.6400    -260023.2546 -260037.3949      14.1403   291.7    3491.2096         1.07107         52.4        37.506
60.6500    -260022.2835 -260036.7630      14.4795   298.7    3491.2096         1.07107         52.4        37.506
60.6600    -260022.4783 -260036.9164      14.4380   297.9    3491.2096         1.07107         52.4        37.506
60.6700    -260021.7031 -260037.1072      15.4041   317.8    3504.3195         1.06706         52.4        37.506
60.6800    -260022.1465 -260037.0772      14.9307   308.0    3504.3195         1.06706         52.4        37.506
60.6900    -260022.3577 -260036.9992      14.6415   302.1    3522.0051         1.06170         52.4        37.506
60.7000    -260022.8867 -260036.3736      13.4869   278.2    3522.0051         1.06170         52.4        37.506
60.7100    -260022.2628 -260036.6077      14.3449   295.9    3522.0051         1.06170         52.4        37.506
60.7200    -260022.2139 -260036.6937      14.4799   298.7    3498.3977         1.06887         52.4        37.506
60.7300    -260022.7479 -260036.6621      13.9142   287.1    3498.8049         1.06874         52.4        37.506
60.7400    -260022.8090 -260036.3538      13.5449   279.4    3498.8049         1.06874         52.4        37.506
60.7500    -260022.2501 -260036.1422      13.8921   286.6    3497.2028         1.06923         52.4        37.506
60.7600    -260022.8699 -260036.4870      13.6171   280.9    3497.2028         1.06923         52.4        37.506
60.7700    -260022.5666 -260037.1080      14.5414   300.0    3495.6147         1.06972         52.4        37.506
60.7800    -260022.9489 -260037.0310      14.0821   290.5    3495.6147         1.06972         52.4        37.506
60.7900    -260022.8428 -260037.1814      14.3386   295.8    3504.6747         1.06695         52.4        37.506
60.8000    -260022.7032 -260037.0227      14.3195   295.4    3489.4606         1.07161         52.4        37.506
60.8100    -260022.4273 -260037.2559      14.8287   305.9    3489.4606         1.07161         52.4        37.506
60.8200    -260022.2586 -260036.8828      14.6243   301.7    3489.4606         1.07161         52.4        37.506
60.8300    -260021.8344 -260036.1400      14.3056   295.1    3489.4606         1.07161         52.4        37.506
60.8400    -260021.6333 -260036.0725      14.4391   297.9    3492.2661         1.07074         52.4        37.506
60.8500    -260021.3360 -260035.5258      14.1898   292.7    3474.0879         1.07635         52.4        37.506
60.8600    -260021.6648 -260036.2298      14.5649   300.5    3474.0879         1.07635         52.4        37.506
60.8700    -260022.3013 -260036.6148      14.3135   295.3    3474.0879         1.07635         52.4        37.506
60.8800    -260021.8960 -260036.5339      14.6379   302.0    3474.0879         1.07635         52.4        37.506
60.8900    -260021.2249 -260036.1922      14.9673   308.8    3474.0879         1.07635         52.4        37.506
60.9000    -260021.0756 -260036.0434      14.9679   308.8    3474.0879         1.07635         52.4        37.506
60.9100    -260021.0284 -260036.3196      15.2912   315.5    3474.0879         1.07635         52.4        37.506
60.9200    -260021.2806 -260036.0997      14.8191   305.7    3470.9164         1.07733         52.4        37.506
60.9300    -260021.7365 -260036.8711      15.1346   312.2    3470.9164         1.07733         52.4        37.506
60.9400    -260021.6611 -260036.0244      14.3633   296.3    3470.9164         1.07733         52.4        37.506
60.9500    -260021.1227 -260035.6986      14.5759   300.7    3443.5121         1.08590         52.4        37.506
60.9600    -260021.4126 -260036.4711      15.0586   310.7    3443.5121         1.08590         52.4        37.506
60.9700    -260021.3797 -260036.1644      14.7846   305.0    3443.5121         1.08590         52.4        37.506
60.9800    -260021.1057 -260036.5409      15.4352   318.4    3428.7677         1.09057         52.4        37.506
60.9900    -260021.4610 -260037.5359      16.0749   331.6    3428.7677         1.09057         52.4        37.506
61.0000    -260021.9469 -260037.1793      15.2324   314.2    3428.7677         1.09057         52.4        37.506
61.0100    -260020.9367 -260036.3405      15.4037   317.8    3428.7677         1.09057         52.4        37.506
61.0200    -260021.5224 -260036.2866      14.7642   304.6    3428.7677         1.09057         52.3        37.506
61.0300    -260021.5902 -260036.5669      14.9767   309.0    3428.7677         1.09057         52.3        37.506
61.0400    -260021.7615 -260036.2405      14.4790   298.7    3428.7677         1.09057         52.3        37.506
61.0500    -260021.8581 -260036.9433      15.0852   311.2    3403.7552         1.09859         52.3        37.506
61.0600    -260021.4700 -260036.9468      15.4768   319.3    3403.7552         1.09859         52.3        37.506
61.0700    -260021.6747 -260037.1740      15.4994   319.8    3403.7552         1.09859         52.3        37.506
61.0800    -260022.3971 -260037.5485      15.1514   312.6    3407.3256         1.09744         52.3        37.506
61.0900    -260022.5654 -260036.9592      14.3938   296.9    3407.3256         1.09744         52.3        37.506
61.1000    -260021.9852 -260036.3992      14.4140   297.4    3423.9679         1.09210         52.3        37.506
61.1100    -260022.0834 -260037.1374      15.0540   310.6    3423.9679         1.09210         52.3        37.506
61.1200    -260022.0623 -260037.0666      15.0043   309.5    3423.9679         1.09210         52.3        37.506
61.1300    -260021.3965 -260035.9830      14.5866   300.9    3402.8253         1.09889         52.3        37.506
61.1400    -260021.1118 -260035.7312      14.6193   301.6    3414.2913         1.09520         52.3        37.506
61.1500    -260021.4430 -260036.6843      15.2412   314.4    3414.2913         1.09520         52.3        37.506
61.1600    -260021.2266 -260036.3405      15.1139   311.8    3414.2913         1.09520         52.3        37.506
61.1700    -260021.4078 -260037.0424      15.6346   322.5    3415.4745         1.09482         52.3        37.506
61.1800    -260022.1226 -260037.7013      15.5787   321.4    3380.8282         1.10604         52.3        37.506
61.1900    -260022.1945 -260036.4842      14.2897   294.8    3380.8282         1.10604         52.3        37.506
61.2000    -260021.3928 -260036.5039      15.1111   311.7    3380.8282         1.10604         52.3        37.506
61.2100    -260021.5654 -260037.0007      15.4352   318.4    3380.8282         1.10604         52.3        37.506
61.2200    -260022.0250 -260037.7879      15.7629   325.2    3380.8282         1.10604         52.3        37.506
61.2300    -260021.8206 -260037.3244      15.5039   319.8    3380.8282         1.10604         52.3        37.506
61.2400    -260022.0660 -260037.7276      15.6616   323.1    3380.8282         1.10604         52.3        37.506
61.2500    -260022.2516 -260036.9252      14.6736   302.7    3380.8282         1.10604         52.3        37.506
61.2600    -260022.8244 -260037.3177      14.4934   299.0    3380.8282         1.10604         52.3        37.506
61.2700    -260023.1704 -260037.7145      14.5441   300.0    3380.8282         1.10604         52.3        37.506
61.2800    -260023.5021 -260037.7244      14.2223   293.4    3380.8282         1.10604         52.3        37.506
61.2900    -260023.2266 -260038.8824      15.6558   323.0    3394.0260         1.10174         52.3        37.506
61.3000    -260023.6172 -260038.4025      14.7853   305.0    3394.0260         1.10174         52.3        37.506
61.3100    -260023.9318 -260038.6203      14.6885   303.0    3394.0260         1.10174         52.3        37.506
61.3200    -260023.4021 -260037.9396      14.5376   299.9    3388.5650         1.10351         52.3        37.506
61.3300    -260022.9480 -260038.6043      15.6563   323.0    3388.5650         1.10351         52.3        37.506
61.3400    -260023.0672 -260038.0905      15.0233   309.9    3371.2036         1.10920         52.3        37.506
61.3500    -260023.1246 -260038.4856      15.3610   316.9    3371.2036         1.10920         52.3        37.506
61.3600    -260022.8567 -260037.3185      14.4619   298.4    3371.2036         1.10920         52.3        37.506
61.3700    -260022.1343 -260037.2058      15.0715   310.9    3373.2802         1.10851         52.3        37.506
61.3800    -260022.0269 -260037.1739      15.1470   312.5    3372.9291         1.10863         52.3        37.506
61.3900    -260022.7633 -260038.3453      15.5820   321.5    3372.9291         1.10863         52.3        37.506
61.4000    -260023.2668 -260037.3565      14.0897   290.7    3360.3305         1.11279         52.3        37.506
61.4100    -260023.0797 -260037.3213      14.2416   293.8    3360.3305         1.11279         52.3        37.506
61.4200    -260023.2720 -260037.7493      14.4773   298.7    3360.3305         1.11279         52.3        37.506
61.4300    -260023.4746 -260038.1029      14.6283   301.8    3360.3305         1.11279         52.3        37.506
61.4400    -260023.3904 -260038.8454      15.4549   318.8    3360.3305         1.11279         52.2        37.506
61.4500    -260023.2475 -260037.7067      14.4592   298.3    3360.3305         1.11279         52.2        37.506
61.4600    -260023.3476 -260037.2579      13.9102   287.0    3360.3305         1.11279         52.2        37.506
61.4700    -260023.1174 -260038.0183      14.9008   307.4    3350.4839         1.11606         52.2        37.506
61.4800    -260023.3313 -260037.5698      14.2385   293.7    3350.4839         1.11606         52.2        37.506
61.4900    -260023.0415 -260037.7109      14.6693   302.6    3350.4839         1.11606         52.2        37.506
61.5000    -260023.1693 -260038.0101      14.8409   306.2    3350.4839         1.11606         52.2        37.506
61.5100    -260023.5673 -260038.1456      14.5783   300.8    3350.4839         1.11606         52.2        37.506
61.5200    -260023.4570 -260038.6773      15.2204   314.0    3354.7577         1.11463         52.2        37.506
61.5300    -260022.8423 -260037.9288      15.0865   311.2    3354.7577         1.11463         52.2        37.506
61.5400    -260022.7223 -260038.1820      15.4597   318.9    3387.3135         1.10392         52.2        37.506
61.5500    -260022.9668 -260036.8795      13.9127   287.0    3393.9331         1.10177         52.2        37.506
61.5600    -260022.9223 -260037.6808      14.7585   304.5    3393.9331         1.10177         52.2        37.506
61.5700    -260023.4113 -260037.5418      14.1304   291.5    3403.7411         1.09859         52.2        37.506
61.5800    -260023.4754 -260037.6666      14.1912   292.8    3403.7411         1.09859         52.2        37.506
61.5900    -260023.0436 -260036.7748      13.7312   283.3    3396.3795         1.10097         52.2        37.506
61.6000    -260023.5534 -260038.1829      14.6295   301.8    3396.3795         1.10097         52.2        37.506
61.6100    -260023.0984 -260038.3196      15.2211   314.0    3396.3795         1.10097         52.2        37.506
61.6200    -260023.4096 -260037.6574      14.2478   293.9    3396.3795         1.10097         52.2        37.506
61.6300    -260023.2256 -260037.4973      14.2716   294.4    3400.1884         1.09974         52.2        37.506
61.6400    -260022.5639 -260037.2598      14.6958   303.2    3404.8399         1.09824         52.2        37.506
61.6500    -260022.5714 -260036.8543      14.2829   294.7    3435.7556         1.08836         52.3        37.506
61.6600    -260022.5320 -260037.5204      14.9884   309.2    3435.7556         1.08836         52.3        37.506
61.6700    -260023.1103 -260037.6038      14.4935   299.0    3431.8260         1.08960         52.3        37.506
61.6800    -260023.0916 -260038.3368      15.2452   314.5    3431.8260         1.08960         52.2        37.506
61.6900    -260022.8493 -260037.5920      14.7427   304.1    3429.8820         1.09022         52.3        37.506
61.7000    -260022.8564 -260036.8415      13.9851   288.5    3395.9541         1.10111         52.3        37.506
61.7100    -260022.7987 -260037.3978      14.5991   301.2    3395.9541         1.10111         52.3        37.506
61.7200    -260022.6432 -260038.1171      15.4739   319.2    3415.6008         1.09478         52.3        37.506
61.7300    -260023.0136 -260037.6157      14.6021   301.2    3400.9180         1.09951         52.3        37.506
61.7400    -260023.1122 -260037.7661      14.6538   302.3    3400.9180         1.09951         52.3        37.506
61.7500    -260023.0760 -260037.3937      14.3177   295.4    3404.1828         1.09845         52.3        37.506
61.7600    -260023.5290 -260037.5375      14.0085   289.0    3404.1828         1.09845         52.3        37.506
61.7700    -260023.5679 -260037.8028      14.2349   293.7    3409.3142         1.09680         52.3        37.506
61.7800    -260024.0524 -260038.4116      14.3592   296.2    3409.3142         1.09680         52.3        37.506
61.7900    -260024.5608 -260037.7807      13.2199   272.7    3409.3142         1.09680         52.3        37.506
61.8000    -260024.4438 -260037.6714      13.2277   272.9    3377.2355         1.10722         52.3        37.506
61.8100    -260025.1963 -260038.0779      12.8817   265.8    3377.2355         1.10722         52.3        37.506
61.8200    -260024.8998 -260038.7839      13.8840   286.4    3377.2355         1.10722         52.3        37.506
61.8300    -260024.5581 -260039.0794      14.5214   299.6    3377.2355         1.10722         52.3        37.506
61.8400    -260024.6302 -260037.9559      13.3257   274.9    3385.9611         1.10436         52.3        37.506
61.8500    -260024.4514 -260038.1606      13.7092   282.8    3395.4617         1.10127         52.3        37.506
61.8600    -260023.9952 -260038.2186      14.2235   293.4    3395.4617         1.10127         52.3        37.506
61.8700    -260024.0273 -260038.7013      14.6740   302.7    3395.4617         1.10127         52.3        37.506
61.8800    -260023.7842 -260038.5866      14.8024   305.4    3395.4617         1.10127         52.3        37.506
61.8900    -260023.9084 -260038.0437      14.1354   291.6    3395.4617         1.10127         52.3        37.506
61.9000    -260023.6279 -260037.6669      14.0389   289.6    3395.4617         1.10127         52.2        37.506
61.9100    -260023.6350 -260038.0961      14.4611   298.3    3395.4617         1.10127         52.2        37.506
61.9200    -260023.3828 -260037.3782      13.9954   288.7    3412.2311         1.09586         52.3        37.506
61.9300    -260024.0531 -260037.7229      13.6697   282.0    3439.3052         1.08723         52.3        37.506
61.9400    -260023.9944 -260037.8464      13.8520   285.8    3456.9660         1.08168         52.3        37.506
61.9500    -260023.4798 -260036.7618      13.2819   274.0    3457.0687         1.08165         52.3        37.506
61.9600    -260023.0729 -260037.3015      14.2287   293.5    3457.0687         1.08165         52.3        37.506
61.9700    -260023.0507 -260037.4831      14.4324   297.7    3457.0687         1.08165         52.3        37.506
61.9800    -260022.4762 -260036.8795      14.4033   297.1    3464.4074         1.07936         52.3        37.506
61.9900    -260021.9039 -260037.1819      15.2780   315.2    3464.4074         1.07936         52.3        37.506
62.0000    -260021.8517 -260036.5950      14.7433   304.2    3464.4074         1.07936         52.3        37.506
62.0100    -260022.2549 -260036.7668      14.5119   299.4    3464.4074         1.07936         52.3        37.506
62.0200    -260022.6560 -260036.7435      14.0874   290.6    3439.3586         1.08722         52.3        37.506
62.0300    -260022.3350 -260036.6044      14.2694   294.4    3453.7854         1.08267         52.3        37.506
62.0400    -260021.8167 -260036.4721      14.6553   302.3    3449.3120         1.08408         52.3        37.506
62.0500    -260021.6976 -260036.4750      14.7774   304.9    3468.4381         1.07810         52.3        37.506
62.0600    -260021.4584 -260037.3847      15.9263   328.6    3468.4381         1.07810         52.3        37.506
62.0700    -260021.2347 -260036.6412      15.4065   317.8    3468.4381         1.07810         52.3        37.506
62.0800    -260021.5048 -260036.5851      15.0803   311.1    3483.9987         1.07329         52.3        37.506
62.0900    -260021.5707 -260037.2429      15.6722   323.3    3483.9987         1.07329         52.3        37.506
62.1000    -260022.0879 -260037.7573      15.6694   323.3    3472.2432         1.07692         52.3        37.506
62.1100    -260021.8528 -260037.1957      15.3429   316.5    3472.2432         1.07692         52.3        37.506
62.1200    -260021.6095 -260037.0447      15.4351   318.4    3443.6136         1.08587         52.3        37.506
62.1300    -260021.8537 -260036.7790      14.9253   307.9    3440.9515         1.08671         52.3        37.506
62.1400    -260021.6471 -260037.5547      15.9076   328.2    3440.9515         1.08671         52.3        37.506
62.1500    -260021.7884 -260037.1903      15.4019   317.7    3467.6843         1.07834         52.3        37.506
62.1600    -260020.9448 -260036.3724      15.4276   318.3    3467.6843         1.07834         52.3        37.506
62.1700    -260020.9975 -260036.8474      15.8499   327.0    3434.3551         1.08880         52.3        37.506
62.1800    -260021.8691 -260037.5028      15.6337   322.5    3434.3551         1.08880         52.3        37.506
62.1900    -260021.9918 -260037.6041      15.6123   322.1    3412.4073         1.09580         52.3        37.506
62.2000    -260022.3694 -260037.5524      15.1830   313.2    3421.8255         1.09279         52.3        37.506
62.2100    -260022.2628 -260037.2666      15.0038   309.5    3421.8255         1.09279         52.3        37.506
62.2200    -260022.0990 -260037.7090      15.6100   322.0    3421.8255         1.09279         52.3        37.506
62.2300    -260022.1464 -260037.2033      15.0569   310.6    3421.8255         1.09279         52.3        37.506
62.2400    -260021.9860 -260037.0490      15.0630   310.8    3458.6201         1.08116         52.3        37.506
62.2500    -260022.1292 -260037.2418      15.1126   311.8    3452.2318         1.08316         52.3        37.506
62.2600    -260021.8720 -260036.5934      14.7214   303.7    3452.2318         1.08316         52.3        37.506
62.2700    -260021.9441 -260036.9917      15.0476   310.4    3452.2318         1.08316         52.3        37.506
62.2800    -260021.7789 -260036.4254      14.6465   302.2    3452.2318         1.08316         52.3        37.506
62.2900    -260022.4280 -260036.3371      13.9091   286.9    3434.8862         1.08863         52.3        37.506
62.3000    -260022.6190 -260037.1590      14.5400   300.0    3434.8862         1.08863         52.3        37.506
62.3100    -260022.8916 -260037.7919      14.9003   307.4    3434.8862         1.08863         52.3        37.506
62.3200    -260022.8544 -260036.6924      13.8380   285.5    3434.2835         1.08882         52.3        37.506
62.3300    -260022.2379 -260036.1860      13.9480   287.8    3424.3357         1.09199         52.3        37.506
62.3400    -260022.6010 -260036.5420      13.9410   287.6    3421.4517         1.09291         52.3        37.506
62.3500    -260022.7191 -260037.2774      14.5584   300.3    3421.4517         1.09291         52.3        37.506
62.3600    -260022.2278 -260036.8407      14.6129   301.5    3421.4517         1.09291         52.3        37.506
62.3700    -260022.4215 -260036.5411      14.1197   291.3    3395.0813         1.10140         52.3        37.506
62.3800    -260021.5320 -260036.5680      15.0360   310.2    3395.0813         1.10140         52.3        37.506
62.3900    -260021.0894 -260036.2862      15.1969   313.5    3404.1629         1.09846         52.3        37.506
62.4000    -260021.3452 -260036.3012      14.9561   308.5    3391.5941         1.10253         52.3        37.506
62.4100    -260021.2128 -260036.2429      15.0301   310.1    3391.5941         1.10253         52.3        37.506
62.4200    -260021.2348 -260035.8171      14.5823   300.8    3401.6192         1.09928         52.4        37.506
62.4300    -260021.5567 -260036.1649      14.6082   301.4    3401.6192         1.09928         52.3        37.506
62.4400    -260021.4037 -260036.6362      15.2324   314.2    3401.6192         1.09928         52.3        37.506
62.4500    -260021.8893 -260037.0725      15.1832   313.2    3401.6192         1.09928         52.3        37.506
62.4600    -260022.5971 -260037.3445      14.7474   304.2    3401.6192         1.09928         52.3        37.506
62.4700    -260022.5752 -260037.3206      14.7454   304.2    3401.6192         1.09928         52.3        37.506
62.4800    -260022.4087 -260037.2078      14.7991   305.3    3403.9775         1.09852         52.3        37.506
62.4900    -260022.0000 -260036.8627      14.8628   306.6    3403.9775         1.09852         52.3        37.506
62.5000    -260022.1767 -260037.0224      14.8456   306.3    3403.9775         1.09852         52.3        37.506
62.5100    -260022.4708 -260036.8053      14.3345   295.7    3403.9775         1.09852         52.3        37.506
62.5200    -260022.8477 -260036.8133      13.9656   288.1    3419.5303         1.09352         52.3        37.506
62.5300    -260022.6852 -260036.7563      14.0711   290.3    3447.7600         1.08457         52.3        37.506
62.5400    -260022.5474 -260037.4778      14.9304   308.0    3457.6034         1.08148         52.3        37.506
62.5500    -260022.4113 -260037.6707      15.2595   314.8    3457.6034         1.08148         52.3        37.506
62.5600    -260022.3210 -260037.5349      15.2139   313.9    3457.6034         1.08148         52.3        37.506
62.5700    -260022.2100 -260037.7876      15.5776   321.4    3457.6034         1.08148         52.3        37.506
62.5800    -260022.3058 -260037.4216      15.1158   311.8    3428.5261         1.09065         52.3        37.506
62.5900    -260022.1722 -260037.5539      15.3817   317.3    3428.5261         1.09065         52.3        37.506
62.6000    -260022.8018 -260037.4826      14.6809   302.9    3431.5910         1.08968         52.3        37.506
62.6100    -260022.5461 -260037.1934      14.6473   302.2    3431.5910         1.08968         52.3        37.506
62.6200    -260023.1478 -260038.0204      14.8726   306.8    3431.5910         1.08968         52.3        37.506
62.6300    -260023.6247 -260037.5886      13.9639   288.1    3429.8987         1.09021         52.3        37.506
62.6400    -260023.8527 -260037.3366      13.4839   278.2    3429.8987         1.09021         52.3        37.506
62.6500    -260023.8979 -260037.9829      14.0850   290.6    3429.8987         1.09021         52.3        37.506
62.6600    -260023.5282 -260038.1414      14.6132   301.5    3429.8987         1.09021         52.3        37.506
62.6700    -260024.3706 -260037.8528      13.4822   278.1    3429.8987         1.09021         52.3        37.506
62.6800    -260024.6096 -260037.7556      13.1459   271.2    3429.8987         1.09021         52.3        37.506
62.6900    -260024.4494 -260037.8170      13.3676   275.8    3429.8987         1.09021         52.3        37.506
62.7000    -260024.1296 -260037.6062      13.4766   278.0    3404.4470         1.09837         52.3        37.506
62.7100    -260024.0891 -260037.8558      13.7667   284.0    3404.4470         1.09837         52.3        37.506
62.7200    -260023.8878 -260038.0819      14.1941   292.8    3410.8663         1.09630         52.3        37.506
62.7300    -260023.6756 -260037.7202      14.0446   289.7    3410.8663         1.09630         52.3        37.506
62.7400    -260024.1389 -260037.8452      13.7063   282.8    3410.8663         1.09630         52.3        37.506
62.7500    -260023.6233 -260038.6058      14.9825   309.1    3375.9336         1.10764         52.3        37.506
62.7600    -260023.6009 -260038.0283      14.4274   297.6    3375.9336         1.10764         52.3        37.506
62.7700    -260023.6594 -260037.8799      14.2205   293.4    3400.5968         1.09961         52.3        37.506
62.7800    -260023.3852 -260037.9068      14.5216   299.6    3420.4953         1.09321         52.3        37.506
62.7900    -260024.0553 -260038.1052      14.0499   289.9    3420.4953         1.09321         52.3        37.506
62.8000    -260023.7065 -260037.5658      13.8593   285.9    3420.4953         1.09321         52.3        37.506
62.8100    -260023.5135 -260037.2425      13.7290   283.2    3420.4953         1.09321         52.3        37.506
62.8200    -260023.0510 -260037.3785      14.3276   295.6    3420.4953         1.09321         52.3        37.506
62.8300    -260023.0888 -260037.7571      14.6683   302.6    3420.4953         1.09321         52.2        37.506
62.8400    -260022.9902 -260037.9519      14.9617   308.7    3420.4857         1.09322         52.3        37.506
62.8500    -260022.7946 -260037.5231      14.7285   303.9    3420.4857         1.09322         52.2        37.506
62.8600    -260023.0152 -260036.7796      13.7644   284.0    3420.4857         1.09322         52.2        37.506
62.8700    -260022.9028 -260037.2169      14.3141   295.3    3420.4857         1.09322         52.2        37.506
62.8800    -260022.7975 -260037.4060      14.6085   301.4    3420.4857         1.09322         52.2        37.506
62.8900    -260022.7048 -260037.4546      14.7498   304.3    3420.4857         1.09322         52.2        37.506
62.9000    -260022.5798 -260036.9460      14.3662   296.4    3420.4857         1.09322         52.2        37.506
62.9100    -260022.6292 -260037.2175      14.5883   301.0    3420.4857         1.09322         52.2        37.506
62.9200    -260022.6084 -260037.7392      15.1308   312.2    3390.0899         1.10302         52.2        37.506
62.9300    -260022.6842 -260037.6539      14.9697   308.8    3390.0899         1.10302         52.2        37.506
62.9400    -260022.4910 -260037.6911      15.2001   313.6    3390.0899         1.10302         52.2        37.506
62.9500    -260022.4565 -260037.5674      15.1109   311.7    3388.3442         1.10359         52.2        37.506
62.9600    -260022.8854 -260037.0930      14.2075   293.1    3388.3442         1.10359         52.2        37.506
62.9700    -260022.6309 -260037.4043      14.7734   304.8    3388.3442         1.10359         52.2        37.506
62.9800    -260022.7842 -260037.6580      14.8738   306.9    3388.3442         1.10359         52.2        37.506
62.9900    -260022.1695 -260036.8177      14.6482   302.2    3416.8276         1.09439         52.2        37.506
63.0000    -260021.6108 -260036.3115      14.7007   303.3    3416.8276         1.09439         52.2        37.506
63.0100    -260022.0129 -260036.9260      14.9131   307.7    3416.8276         1.09439         52.2        37.506
63.0200    -260022.0915 -260037.1918      15.1003   311.5    3416.8276         1.09439         52.2        37.506
63.0300    -260022.1601 -260037.0889      14.9288   308.0    3416.8276         1.09439         52.2        37.506
63.0400    -260022.4482 -260036.4366      13.9883   288.6    3447.9566         1.08451         52.2        37.506
63.0500    -260022.3651 -260036.5601      14.1950   292.8    3448.4275         1.08436         52.2        37.506
63.0600    -260022.3351 -260036.8480      14.5129   299.4    3448.4275         1.08436         52.2        37.506
63.0700    -260022.7786 -260037.5224      14.7438   304.2    3448.4275         1.08436         52.2        37.506
63.0800    -260022.2898 -260037.6777      15.3880   317.5    3443.4200         1.08593         52.2        37.506
63.0900    -260022.1470 -260037.4455      15.2985   315.6    3443.4200         1.08593         52.2        37.506
63.1000    -260022.0853 -260036.8799      14.7947   305.2    3443.4200         1.08593         52.2        37.506
63.1100    -260021.6371 -260036.9780      15.3409   316.5    3443.4200         1.08593         52.2        37.506
63.1200    -260022.0083 -260037.2831      15.2748   315.1    3443.4200         1.08593         52.1        37.506
63.1300    -260021.8117 -260037.1644      15.3527   316.7    3438.7554         1.08741         52.2        37.506
63.1400    -260022.0467 -260036.0112      13.9645   288.1    3431.9736         1.08956         52.2        37.506
63.1500    -260022.1529 -260037.0163      14.8635   306.6    3431.9736         1.08956         52.2        37.506
63.1600    -260022.4277 -260037.3542      14.9266   307.9    3431.9736         1.08956         52.2        37.506
63.1700    -260022.3735 -260038.5555      16.1820   333.8    3431.9736         1.08956         52.1        37.506
63.1800    -260022.6117 -260037.2498      14.6381   302.0    3431.9736         1.08956         52.1        37.506
63.1900    -260022.5719 -260036.8656      14.2937   294.9    3431.9736         1.08956         52.1        37.506
63.2000    -260022.3093 -260037.5630      15.2537   314.7    3431.9736         1.08956         52.1        37.506
63.2100    -260022.5661 -260037.8986      15.3325   316.3    3431.9736         1.08956         52.1        37.506
63.2200    -260023.0229 -260037.4066      14.3837   296.7    3431.9736         1.08956         52.1        37.506
63.2300    -260022.6793 -260037.2047      14.5254   299.7    3431.9736         1.08956         52.1        37.506
63.2400    -260022.5400 -260037.5927      15.0527   310.5    3417.9204         1.09404         52.1        37.506
63.2500    -260022.5840 -260037.5953      15.0113   309.7    3396.6565         1.10088         52.1        37.506
63.2600    -260022.3185 -260037.4263      15.1077   311.7    3396.6565         1.10088         52.1        37.506
63.2700    -260022.7580 -260037.4166      14.6587   302.4    3364.1267         1.11153         52.1        37.506
63.2800    -260022.5659 -260037.0113      14.4454   298.0    3378.0829         1.10694         52.1        37.506
63.2900    -260021.9567 -260036.3692      14.4125   297.3    3371.4534         1.10911         52.1        37.506
63.3000    -260022.0509 -260036.7650      14.7141   303.6    3371.4534         1.10911         52.1        37.506
63.3100    -260021.8763 -260037.0335      15.1572   312.7    3371.4534         1.10911         52.1        37.506
63.3200    -260021.5188 -260037.1183      15.5995   321.8    3371.4534         1.10911         52.1        37.506
63.3300    -260022.3803 -260037.1358      14.7555   304.4    3371.4534         1.10911         52.1        37.506
63.3400    -260022.1602 -260036.4031      14.2429   293.8    3366.6549         1.11069         52.1        37.506
63.3500    -260021.7697 -260036.5354      14.7657   304.6    3339.8080         1.11962         52.1        37.506
63.3600    -260022.1251 -260036.8030      14.6779   302.8    3339.8080         1.11962         52.1        37.506
63.3700    -260022.4474 -260037.3322      14.8848   307.1    3339.8080         1.11962         52.1        37.506
63.3800    -260021.9766 -260037.3522      15.3756   317.2    3339.8080         1.11962         52.1        37.506
63.3900    -260022.2027 -260037.6093      15.4066   317.8    3339.8080         1.11962         52.1        37.506
63.4000    -260022.6416 -260037.5053      14.8637   306.6    3346.6862         1.11732         52.1        37.506
63.4100    -260022.4414 -260037.2705      14.8291   305.9    3346.6862         1.11732         52.1        37.506
63.4200    -260022.4937 -260037.5027      15.0090   309.6    3369.2671         1.10983         52.1        37.506
63.4300    -260022.5244 -260036.5701      14.0457   289.8    3369.2671         1.10983         52.1        37.506
63.4400    -260022.3617 -260037.4274      15.0657   310.8    3403.5812         1.09864         52.1        37.506
63.4500    -260022.2089 -260037.5514      15.3425   316.5    3411.5112         1.09609         52.1        37.506
63.4600    -260022.3254 -260037.5616      15.2362   314.3    3411.5112         1.09609         52.1        37.506
63.4700    -260022.2897 -260037.1770      14.8873   307.1    3411.7582         1.09601         52.1        37.506
63.4800    -260022.6203 -260037.0794      14.4591   298.3    3411.7582         1.09601         52.1        37.506
63.4900    -260022.3516 -260036.5325      14.1808   292.6    3411.7582         1.09601         52.1        37.506
63.5000    -260022.6733 -260036.4228      13.7495   283.7    3432.7731         1.08930         52.1        37.506
63.5100    -260022.7793 -260036.7326      13.9533   287.9    3432.7731         1.08930         52.1        37.506
63.5200    -260022.8710 -260036.4981      13.6272   281.1    3432.7731         1.08930         52.1        37.506
63.5300    -260023.0605 -260037.2315      14.1710   292.4    3432.7731         1.08930         52.1        37.506
63.5400    -260023.0371 -260036.8291      13.7920   284.5    3432.7731         1.08930         52.1        37.506
63.5500    -260022.9569 -260036.6473      13.6905   282.4    3432.7731         1.08930         52.1        37.506
63.5600    -260022.3623 -260036.9828      14.6204   301.6    3432.7731         1.08930         52.1        37.506
63.5700    -260022.5138 -260037.3274      14.8136   305.6    3414.3287         1.09519         52.1        37.506
63.5800    -260022.4786 -260037.2744      14.7958   305.2    3409.9544         1.09659         52.1        37.506
63.5900    -260022.2620 -260037.5607      15.2987   315.6    3396.9406         1.10079         52.1        37.506
63.6000    -260022.3137 -260036.7938      14.4801   298.7    3396.9406         1.10079         52.1        37.506
63.6100    -260022.4596 -260036.7009      14.2413   293.8    3396.9406         1.10079         52.1        37.506
63.6200    -260021.9810 -260036.1390      14.1581   292.1    3396.9406         1.10079         52.1        37.506
63.6300    -260021.7491 -260036.6971      14.9480   308.4    3396.9406         1.10079         52.1        37.506
63.6400    -260021.2086 -260036.1457      14.9371   308.2    3396.9406         1.10079         52.1        37.506
63.6500    -260021.6395 -260036.3209      14.6813   302.9    3396.9406         1.10079         52.1        37.506
63.6600    -260021.5579 -260035.7894      14.2315   293.6    3396.9406         1.10079         52.1        37.506
63.6700    -260021.2480 -260035.9110      14.6630   302.5    3400.3872         1.09968         52.1        37.506
63.6800    -260021.4304 -260036.5406      15.1102   311.7    3400.3872         1.09968         52.1        37.506
63.6900    -260021.0099 -260035.5638      14.5539   300.3    3398.7617         1.10020         52.1        37.506
63.7000    -260020.8401 -260036.1152      15.2751   315.1    3398.7617         1.10020         52.1        37.506
63.7100    -260020.4393 -260035.7583      15.3190   316.0    3398.7617         1.10020         52.1        37.506
63.7200    -260019.9710 -260036.5334      16.5624   341.7    3398.7617         1.10020         52.1        37.506
63.7300    -260019.9659 -260035.9276      15.9617   329.3    3418.2039         1.09394         52.1        37.506
63.7400    -260020.4215 -260036.5424      16.1209   332.6    3413.6312         1.09541         52.1        37.506
63.7500    -260021.1795 -260036.7330      15.5535   320.9    3413.6312         1.09541         52.1        37.506
63.7600    -260021.1096 -260035.9756      14.8660   306.7    3413.6312         1.09541         52.1        37.506
63.7700    -260020.9959 -260036.4948      15.4989   319.7    3413.6312         1.09541         52.0        37.506
63.7800    -260021.2355 -260036.0807      14.8452   306.3    3413.6312         1.09541         52.0        37.506
63.7900    -260020.6838 -260036.6946      16.0108   330.3    3413.6312         1.09541         52.0        37.506
63.8000    -260021.2945 -260036.5285      15.2340   314.3    3414.0213         1.09529         52.0        37.506
63.8100    -260022.0921 -260036.1867      14.0946   290.8    3414.0213         1.09529         52.0        37.506
63.8200    -260021.8678 -260036.5720      14.7041   303.4    3414.0213         1.09529         52.0        37.506
63.8300    -260022.1746 -260036.5597      14.3851   296.8    3412.0037         1.09593         52.0        37.506
63.8400    -260022.5734 -260036.2029      13.6295   281.2    3412.0037         1.09593         52.0        37.506
63.8500    -260022.8316 -260037.5833      14.7516   304.3    3412.0037         1.09593         52.0        37.506
63.8600    -260023.1276 -260036.9894      13.8617   286.0    3412.0037         1.09593         52.0        37.506
63.8700    -260022.6500 -260036.3133      13.6633   281.9    3381.6520         1.10577         52.0        37.506
63.8800    -260021.9591 -260036.4183      14.4592   298.3    3381.6520         1.10577         52.0        37.506
63.8900    -260021.6978 -260035.8985      14.2008   293.0    3356.5037         1.11405         52.0        37.506
63.9000    -260021.9396 -260036.5840      14.6444   302.1    3356.5037         1.11405         52.0        37.506
63.9100    -260022.0506 -260036.8393      14.7887   305.1    3356.5037         1.11405         52.0        37.506
63.9200    -260022.3033 -260036.9009      14.5976   301.2    3356.5037         1.11405         52.0        37.506
63.9300    -260022.0667 -260037.0329      14.9661   308.8    3356.5037         1.11405         52.0        37.506
63.9400    -260022.7535 -260036.0299      13.2763   273.9    3356.5037         1.11405         52.0        37.506
63.9500    -260022.8377 -260036.9074      14.0697   290.3    3359.5716         1.11304         52.0        37.506
63.9600    -260023.0004 -260037.4594      14.4590   298.3    3359.5716         1.11304         52.0        37.506
63.9700    -260022.8983 -260037.3168      14.4184   297.5    3342.7088         1.11865         52.0        37.506
63.9800    -260022.6286 -260037.7126      15.0841   311.2    3342.7088         1.11865         52.0        37.506
63.9900    -260022.4348 -260037.7298      15.2950   315.5    3342.7088         1.11865         52.0        37.506
64.0000    -260022.2498 -260037.1930      14.9432   308.3    3342.7088         1.11865         52.0        37.506
64.0100    -260022.1128 -260036.8517      14.7389   304.1    3342.7088         1.11865         52.0        37.506
64.0200    -260022.4790 -260037.0528      14.5738   300.7    3342.7088         1.11865         52.0        37.506
64.0300    -260022.3847 -260037.5916      15.2069   313.7    3342.7088         1.11865         52.0        37.506
64.0400    -260022.2013 -260037.2332      15.0319   310.1    3342.7088         1.11865         51.9        37.506
64.0500    -260022.1248 -260036.7956      14.6709   302.7    3343.7397         1.11831         52.0        37.506
64.0600    -260021.8706 -260036.9601      15.0895   311.3    3343.7397         1.11831         52.0        37.506
64.0700    -260021.6787 -260037.6353      15.9566   329.2    3343.7397         1.11831         51.9        37.506
64.0800    -260021.8410 -260035.5453      13.7043   282.7    3343.7397         1.11831         51.9        37.506
64.0900    -260021.6676 -260037.1797      15.5122   320.0    3343.7397         1.11831         51.9        37.506
64.1000    -260022.2739 -260036.9456      14.6717   302.7    3343.7397         1.11831         51.9        37.506
64.1100    -260022.0196 -260037.4119      15.3924   317.5    3343.7397         1.11831         51.9        37.506
64.1200    -260022.4971 -260036.4093      13.9123   287.0    3343.7397         1.11831         51.9        37.506
64.1300    -260021.9421 -260036.1749      14.2329   293.6    3343.7397         1.11831         51.9        37.506
64.1400    -260021.4645 -260036.1151      14.6506   302.2    3348.6639         1.11666         51.9        37.506
64.1500    -260021.1367 -260036.7272      15.5905   321.6    3348.6639         1.11666         51.9        37.506
64.1600    -260022.1139 -260036.3129      14.1989   292.9    3348.6639         1.11666         51.9        37.506
64.1700    -260022.1466 -260036.4421      14.2955   294.9    3345.0021         1.11788         51.9        37.506
64.1800    -260022.0701 -260037.2749      15.2048   313.7    3346.5821         1.11736         51.9        37.506
64.1900    -260022.6872 -260036.9036      14.2164   293.3    3346.5821         1.11736         51.9        37.506
64.2000    -260022.5203 -260036.6341      14.1138   291.2    3346.5821         1.11736         51.9        37.506
64.2100    -260022.9434 -260036.7450      13.8016   284.7    3346.5821         1.11736         51.9        37.506
64.2200    -260023.6326 -260037.0223      13.3897   276.2    3368.1292         1.11021         51.9        37.506
64.2300    -260023.9103 -260037.5705      13.6601   281.8    3371.7736         1.10901         51.9        37.506
64.2400    -260023.0661 -260036.5147      13.4486   277.4    3371.7736         1.10901         51.9        37.506
64.2500    -260023.0503 -260036.9210      13.8707   286.2    3371.7736         1.10901         51.9        37.506
64.2600    -260023.0381 -260036.9546      13.9165   287.1    3371.7736         1.10901         51.9        37.506
64.2700    -260022.5004 -260036.5859      14.0855   290.6    3364.4085         1.11144         51.9        37.506
64.2800    -260022.2926 -260036.3838      14.0911   290.7    3364.4085         1.11144         51.9        37.506
64.2900    -260022.2377 -260036.9629      14.7252   303.8    3364.4085         1.11144         51.9        37.506
64.3000    -260022.4165 -260036.8605      14.4440   298.0    3364.4085         1.11144         51.9        37.506
64.3100    -260022.0277 -260037.0140      14.9863   309.2    3364.4085         1.11144         51.9        37.506
64.3200    -260022.2468 -260037.1734      14.9266   307.9    3364.4085         1.11144         51.9        37.506
64.3300    -260022.6768 -260037.4225      14.7457   304.2    3347.9354         1.11691         51.9        37.506
64.3400    -260023.3298 -260036.8825      13.5527   279.6    3331.0287         1.12257         51.9        37.506
64.3500    -260023.3727 -260037.0571      13.6845   282.3    3331.0287         1.12257         51.9        37.506
64.3600    -260023.4708 -260037.3748      13.9039   286.8    3331.0287         1.12257         51.9        37.506
64.3700    -260023.2579 -260037.6585      14.4007   297.1    3337.2150         1.12049         51.9        37.506
64.3800    -260023.9303 -260038.1834      14.2530   294.0    3347.4905         1.11705         51.9        37.506
64.3900    -260023.8091 -260037.8782      14.0691   290.2    3356.4653         1.11407         51.9        37.506
64.4000    -260023.1682 -260036.9358      13.7676   284.0    3356.4653         1.11407         51.9        37.506
64.4100    -260023.4139 -260037.3576      13.9437   287.7    3356.4653         1.11407         51.9        37.506
64.4200    -260023.7511 -260038.1951      14.4440   298.0    3356.4653         1.11407         51.9        37.506
64.4300    -260023.6740 -260037.9969      14.3229   295.5    3356.4653         1.11407         51.9        37.506
64.4400    -260024.1479 -260038.3971      14.2491   294.0    3356.4653         1.11407         51.9        37.506
64.4500    -260023.9587 -260037.6401      13.6814   282.3    3386.9083         1.10405         51.9        37.506
64.4600    -260024.2107 -260038.1077      13.8970   286.7    3386.9083         1.10405         51.9        37.506
64.4700    -260024.9001 -260038.2302      13.3302   275.0    3386.9083         1.10405         51.9        37.506
64.4800    -260024.8070 -260038.5889      13.7820   284.3    3386.9083         1.10405         51.8        37.506
64.4900    -260024.8311 -260038.3646      13.5335   279.2    3386.9083         1.10405         51.8        37.506
64.5000    -260024.3455 -260038.7806      14.4351   297.8    3386.9083         1.10405         51.8        37.506
64.5100    -260024.1120 -260038.0898      13.9778   288.4    3386.9083         1.10405         51.8        37.506
64.5200    -260024.3175 -260038.3384      14.0209   289.3    3386.9083         1.10405         51.8        37.506
64.5300    -260023.7665 -260038.1268      14.3603   296.3    3406.6301         1.09766         51.8        37.506
64.5400    -260023.5409 -260037.8089      14.2680   294.4    3432.5613         1.08937         51.8        37.506
64.5500    -260023.4077 -260037.9803      14.5725   300.6    3428.2742         1.09073         51.8        37.506
64.5600    -260023.2518 -260037.4148      14.1630   292.2    3428.2742         1.09073         51.8        37.506
64.5700    -260023.3841 -260037.4701      14.0861   290.6    3415.7923         1.09472         51.8        37.506
64.5800    -260023.0816 -260036.7394      13.6577   281.8    3415.7923         1.09472         51.8        37.506
64.5900    -260023.0160 -260037.3179      14.3019   295.1    3415.7923         1.09472         51.8        37.506
64.6000    -260023.2404 -260037.4033      14.1629   292.2    3437.4984         1.08780         51.8        37.506
64.6100    -260023.5635 -260036.8832      13.3197   274.8    3437.4984         1.08780         51.8        37.506
64.6200    -260023.5293 -260037.6408      14.1115   291.1    3437.1266         1.08792         51.8        37.506
64.6300    -260023.6973 -260038.2751      14.5778   300.7    3426.0309         1.09145         51.9        37.506
64.6400    -260023.8037 -260038.2905      14.4869   298.9    3426.0309         1.09145         51.8        37.506
64.6500    -260024.0869 -260037.3931      13.3062   274.5    3406.0472         1.09785         51.9        37.506
64.6600    -260024.1367 -260037.8384      13.7018   282.7    3406.0472         1.09785         51.9        37.506
64.6700    -260024.1860 -260037.8658      13.6798   282.2    3406.0472         1.09785         51.8        37.506
64.6800    -260023.8390 -260038.0460      14.2070   293.1    3406.0472         1.09785         51.8        37.506
64.6900    -260024.0619 -260037.7924      13.7305   283.3    3408.7070         1.09699         51.8        37.506
64.7000    -260023.9052 -260037.9179      14.0127   289.1    3411.7353         1.09602         51.9        37.506
64.7100    -260023.3501 -260037.7779      14.4279   297.7    3411.7353         1.09602         51.9        37.506
64.7200    -260022.7286 -260037.4257      14.6971   303.2    3411.7353         1.09602         51.8        37.506
64.7300    -260022.7210 -260037.6346      14.9136   307.7    3423.0173         1.09241         51.9        37.506
64.7400    -260023.0314 -260037.0422      14.0108   289.0    3423.0173         1.09241         51.8        37.506
64.7500    -260023.0547 -260037.4726      14.4179   297.4    3430.7702         1.08994         51.9        37.506
64.7600    -260023.4178 -260037.5750      14.1573   292.1    3430.7702         1.08994         51.9        37.506
64.7700    -260023.1037 -260037.4345      14.3309   295.6    3430.7641         1.08994         51.9        37.506
64.7800    -260022.9910 -260037.2233      14.2323   293.6    3430.7641         1.08994         51.9        37.506
64.7900    -260022.9350 -260036.7890      13.8541   285.8    3430.7641         1.08994         51.8        37.506
64.8000    -260022.5097 -260036.9732      14.4635   298.4    3430.7641         1.08994         51.8        37.506
64.8100    -260022.7335 -260037.6379      14.9044   307.5    3430.7641         1.08994         51.8        37.506
64.8200    -260023.2144 -260037.9005      14.6862   303.0    3405.5371         1.09801         51.8        37.506
64.8300    -260023.8233 -260038.2319      14.4086   297.3    3405.5371         1.09801         51.8        37.506
64.8400    -260024.1102 -260037.2669      13.1567   271.4    3405.5371         1.09801         51.8        37.506
64.8500    -260023.3259 -260038.1649      14.8390   306.1    3405.5371         1.09801         51.8        37.506
64.8600    -260023.3708 -260037.4346      14.0638   290.1    3405.5371         1.09801         51.8        37.506
64.8700    -260023.4124 -260037.7748      14.3624   296.3    3405.5371         1.09801         51.8        37.506
64.8800    -260023.5284 -260037.3882      13.8598   285.9    3405.5371         1.09801         51.8        37.506
64.8900    -260022.9088 -260037.8652      14.9563   308.6    3405.5371         1.09801         51.8        37.506
64.9000    -260022.9133 -260037.5392      14.6259   301.7    3384.1113         1.10497         51.8        37.506
64.9100    -260022.8240 -260037.2206      14.3966   297.0    3384.1113         1.10497         51.8        37.506
64.9200    -260023.2820 -260037.5529      14.2709   294.4    3368.3633         1.11013         51.8        37.506
64.9300    -260023.4027 -260038.0520      14.6492   302.2    3368.3633         1.11013         51.8        37.506
64.9400    -260024.0456 -260038.0560      14.0105   289.0    3348.0870         1.11685         51.8        37.506
64.9500    -260023.6821 -260038.2056      14.5235   299.6    3369.5163         1.10975         51.8        37.506
64.9600    -260023.6167 -260038.0202      14.4036   297.1    3369.5163         1.10975         51.8        37.506
64.9700    -260022.8174 -260037.7554      14.9381   308.2    3351.0015         1.11588         51.8        37.506
64.9800    -260022.7534 -260037.2381      14.4847   298.8    3351.0015         1.11588         51.8        37.506
64.9900    -260022.5750 -260037.6299      15.0549   310.6    3351.0015         1.11588         51.8        37.506
65.0000    -260022.9921 -260037.7591      14.7670   304.6    3365.5534         1.11106         51.8        37.506
