Time[ps]       Etot[eV]     Epot[eV]     Ekin[eV]    T[K]  Volume[A^3]  Density[g/cm3]  MCaccept[%]  MCscale[A^3]
0.0000     -260020.3857 -260035.4383      15.0527   310.5    3750.6364         0.99698          nan        37.506
0.0100     -260021.2140 -260035.6104      14.3964   297.0    3750.6364         0.99698          nan        37.506
0.0200     -260021.5721 -260036.9147      15.3427   316.5    3717.9040         1.00576        100.0        37.506
0.0300     -260021.7317 -260036.6510      14.9193   307.8    3706.6028         1.00883        100.0        37.506
0.0400     -260021.3170 -260036.4879      15.1710   313.0    3705.9052         1.00902        100.0        37.506
0.0500     -260021.3425 -260035.7318      14.3893   296.9    3696.7522         1.01152        100.0        37.506
0.0600     -260021.2146 -260036.8080      15.5934   321.7    3696.7522         1.01152        100.0        37.506
0.0700     -260021.3392 -260037.1562      15.8170   326.3    3696.7375         1.01152        100.0        37.506
0.0800     -260021.2024 -260036.3690      15.1667   312.9    3678.2848         1.01660        100.0        37.506
0.0900     -260021.3440 -260035.7030      14.3590   296.2    3654.9940         1.02307        100.0        37.506
0.1000     -260021.8990 -260035.5684      13.6694   282.0    3654.9940         1.02307         87.5        37.506
0.1100     -260021.7882 -260035.8018      14.0136   289.1    3654.9940         1.02307         87.5        37.506
0.1200     -260022.1330 -260035.9742      13.8412   285.5    3675.8642         1.01726         88.9        37.506
0.1300     -260022.1745 -260035.6237      13.4492   277.5    3658.1774         1.02218         90.0        41.257
0.1400     -260022.3204 -260036.1321      13.8116   284.9    3630.3832         1.03001         90.9        41.257
0.1500     -260022.6474 -260036.6014      13.9541   287.9    3630.3832         1.03001         83.3        41.257
0.1600     -260022.4907 -260036.7601      14.2694   294.4    3630.3832         1.03001         83.3        41.257
0.1700     -260022.8299 -260037.1027      14.2727   294.5    3630.3832         1.03001         76.9        41.257
0.1800     -260023.5933 -260037.0291      13.4358   277.2    3617.0689         1.03380         78.6        41.257
0.1900     -260022.8285 -260037.2441      14.4156   297.4    3617.0689         1.03380         73.3        41.257
0.2000     -260022.8792 -260036.7979      13.9187   287.1    3619.0096         1.03325         75.0        41.257
0.2100     -260023.7617 -260037.3290      13.5673   279.9    3619.0096         1.03325         75.0        41.257
0.2200     -260022.7700 -260036.6624      13.8924   286.6    3610.9860         1.03554         76.5        41.257
0.2300     -260022.3884 -260036.2756      13.8871   286.5    3610.9860         1.03554         72.2        41.257
0.2400     -260022.3872 -260036.0278      13.6406   281.4    3608.3345         1.03630         73.7        41.257
0.2500     -260022.5820 -260036.9207      14.3387   295.8    3608.3345         1.03630         70.0        41.257
0.2600     -260022.6318 -260037.2139      14.5821   300.8    3608.3345         1.03630         70.0        41.257
0.2700     -260023.0188 -260036.8729      13.8541   285.8    3608.3345         1.03630         66.7        41.257
0.2800     -260023.3454 -260036.9755      13.6300   281.2    3578.0547         1.04507         68.2        41.257
0.2900     -260023.1267 -260037.0508      13.9241   287.3    3549.2842         1.05354         69.6        41.257
0.3000     -260022.7698 -260036.6996      13.9299   287.4    3552.4735         1.05260         70.8        41.257
0.3100     -260022.9293 -260036.4911      13.5618   279.8    3552.4735         1.05260         70.8        41.257
0.3200     -260022.8555 -260036.9075      14.0519   289.9    3552.4735         1.05260         68.0        41.257
0.3300     -260022.6158 -260037.3410      14.7251   303.8    3587.8761         1.04221         69.2        41.257
0.3400     -260022.8058 -260036.3644      13.5586   279.7    3573.1324         1.04651         70.4        41.257
0.3500     -260022.0109 -260036.1949      14.1840   292.6    3598.8360         1.03904         71.4        41.257
0.3600     -260022.0220 -260036.0642      14.0421   289.7    3598.8360         1.03904         71.4        41.257
0.3700     -260022.0133 -260036.0907      14.0774   290.4    3598.8360         1.03904         69.0        41.257
0.3800     -260021.4868 -260035.6084      14.1216   291.3    3625.1445         1.03150         70.0        41.257
0.3900     -260021.6155 -260036.4014      14.7859   305.0    3635.7607         1.02849         71.0        41.257
0.4000     -260021.4598 -260036.3591      14.8992   307.4    3647.7294         1.02511         71.9        41.257
0.4100     -260021.3983 -260036.9620      15.5638   321.1    3647.7294         1.02511         71.9        41.257
0.4200     -260021.6250 -260036.0600      14.4350   297.8    3647.7294         1.02511         69.7        41.257
0.4300     -260021.0477 -260035.8399      14.7922   305.2    3630.9612         1.02984         70.6        41.257
0.4400     -260021.1798 -260035.9801      14.8003   305.3    3630.9612         1.02984         68.6        41.257
0.4500     -260020.9518 -260035.6777      14.7259   303.8    3639.6808         1.02738         69.4        41.257
0.4600     -260021.3221 -260036.2494      14.9274   308.0    3639.6808         1.02738         69.4        41.257
0.4700     -260020.9388 -260036.6620      15.7232   324.4    3639.6808         1.02738         67.6        41.257
0.4800     -260020.9990 -260036.2883      15.2892   315.4    3639.6808         1.02738         65.8        41.257
0.4900     -260021.9934 -260035.9647      13.9713   288.2    3639.6808         1.02738         64.1        41.257
0.5000     -260021.5648 -260036.3644      14.7996   305.3    3639.6808         1.02738         62.5        41.257
0.5100     -260021.3418 -260035.8059      14.4641   298.4    3639.6808         1.02738         62.5        41.257
0.5200     -260021.4948 -260036.3887      14.8939   307.3    3639.6808         1.02738         61.0        41.257
0.5300     -260021.8688 -260036.8114      14.9426   308.3    3633.8155         1.02904         61.9        41.257
0.5400     -260021.8690 -260036.9532      15.0842   311.2    3633.8155         1.02904         60.5        41.257
0.5500     -260021.3304 -260036.2642      14.9338   308.1    3630.1374         1.03008         61.4        41.257
0.5600     -260021.0067 -260036.0334      15.0266   310.0    3630.1374         1.03008         61.4        41.257
0.5700     -260020.8819 -260036.0139      15.1320   312.2    3630.1374         1.03008         60.0        41.257
0.5800     -260021.0929 -260036.1547      15.0618   310.7    3652.7960         1.02369         60.9        41.257
0.5900     -260021.3236 -260036.4621      15.1385   312.3    3652.7960         1.02369         59.6        41.257
0.6000     -260021.0841 -260035.7940      14.7099   303.5    3644.2289         1.02610         60.4        41.257
0.6100     -260020.5106 -260035.7170      15.2064   313.7    3644.2289         1.02610         60.4        41.257
0.6200     -260020.5331 -260035.8257      15.2926   315.5    3644.2289         1.02610         59.2        41.257
0.6300     -260020.6814 -260035.9149      15.2335   314.3    3636.6097         1.02825         60.0        41.257
0.6400     -260021.3802 -260036.1696      14.7894   305.1    3603.1839         1.03778         60.8        41.257
0.6500     -260021.6580 -260035.9032      14.2452   293.9    3581.7136         1.04400         61.5        41.257
0.6600     -260021.7760 -260036.2372      14.4612   298.3    3581.7136         1.04400         61.5        41.257
0.6700     -260022.5646 -260036.5712      14.0065   289.0    3588.0115         1.04217         62.3        41.257
0.6800     -260022.5799 -260036.7357      14.1558   292.0    3569.3958         1.04761         63.0        41.257
0.6900     -260021.8709 -260036.8071      14.9362   308.1    3588.1172         1.04214         63.6        41.257
0.7000     -260021.6916 -260036.9272      15.2356   314.3    3595.6050         1.03997         64.3        41.257
0.7100     -260021.8146 -260036.0591      14.2446   293.9    3595.6050         1.03997         64.3        41.257
0.7200     -260021.7298 -260036.2345      14.5047   299.2    3595.6050         1.03997         63.2        41.257
0.7300     -260021.5601 -260036.3524      14.7924   305.2    3613.2312         1.03490         63.8        41.257
0.7400     -260022.0414 -260035.9997      13.9583   288.0    3642.5096         1.02658         64.4        41.257
0.7500     -260021.6989 -260036.0209      14.3220   295.5    3642.5096         1.02658         63.3        41.257
0.7600     -260021.5795 -260035.9823      14.4028   297.1    3642.5096         1.02658         63.3        41.257
0.7700     -260021.4098 -260036.7852      15.3754   317.2    3642.5096         1.02658         62.3        41.257
0.7800     -260021.1843 -260036.0740      14.8897   307.2    3648.2106         1.02498         62.9        41.257
0.7900     -260021.0930 -260035.9829      14.8898   307.2    3648.2106         1.02498         61.9        41.257
0.8000     -260020.7080 -260035.5238      14.8157   305.7    3672.4247         1.01822         62.5        41.257
0.8100     -260020.4431 -260035.5236      15.0805   311.1    3672.4247         1.01822         62.5        41.257
0.8200     -260020.5078 -260035.9872      15.4793   319.3    3711.7171         1.00744         63.1        41.257
0.8300     -260020.3677 -260035.8246      15.4570   318.9    3731.0646         1.00221         63.6        41.257
0.8400     -260020.3823 -260035.5675      15.1852   313.3    3731.0646         1.00221         62.7        41.257
0.8500     -260019.7378 -260034.5240      14.7861   305.0    3731.0646         1.00221         61.8        41.257
0.8600     -260019.6700 -260035.0339      15.3638   317.0    3731.0646         1.00221         61.8        41.257
0.8700     -260020.0183 -260034.9270      14.9088   307.6    3731.0646         1.00221         60.9        41.257
0.8800     -260020.2198 -260034.8324      14.6126   301.5    3723.6953         1.00420         61.4        41.257
0.8900     -260020.7373 -260035.0623      14.3249   295.5    3715.5863         1.00639         62.0        41.257
0.9000     -260020.7384 -260035.8310      15.0926   311.4    3715.5863         1.00639         61.1        41.257
0.9100     -260021.1159 -260035.1225      14.0066   289.0    3715.5863         1.00639         61.1        41.257
0.9200     -260020.6025 -260034.8640      14.2615   294.2    3689.5127         1.01350         61.6        41.257
0.9300     -260020.6999 -260035.2743      14.5745   300.7    3689.5127         1.01350         60.8        41.257
0.9400     -260021.3939 -260035.8295      14.4356   297.8    3689.5127         1.01350         60.0        41.257
0.9500     -260021.3255 -260035.6553      14.3298   295.6    3674.1513         1.01774         60.5        41.257
0.9600     -260021.0999 -260036.2832      15.1833   313.2    3674.1513         1.01774         60.5        41.257
0.9700     -260021.4317 -260036.2473      14.8156   305.6    3668.3562         1.01935         61.0        41.257
0.9800     -260021.3592 -260036.2704      14.9112   307.6    3628.2245         1.03062         61.5        41.257
0.9900     -260021.3803 -260036.2086      14.8282   305.9    3636.9686         1.02814         62.0        41.257
1.0000     -260022.0236 -260036.4953      14.4717   298.6    3620.2491         1.03289         62.5        41.257
1.0100     -260022.2311 -260037.3440      15.1129   311.8    3620.2491         1.03289         62.5        41.257
1.0200     -260021.7831 -260036.3990      14.6160   301.5    3618.3800         1.03343         63.0        41.257
1.0300     -260021.7126 -260036.4657      14.7530   304.4    3625.6171         1.03136         63.4        41.257
1.0400     -260021.7541 -260036.8524      15.0984   311.5    3625.6171         1.03136         62.7        41.257
1.0500     -260021.6932 -260036.6937      15.0005   309.5    3605.3330         1.03717         63.1        41.257
1.0600     -260021.6390 -260036.2549      14.6158   301.5    3605.3330         1.03717         63.1        41.257
1.0700     -260021.1217 -260036.3714      15.2497   314.6    3605.3330         1.03717         62.4        41.257
1.0800     -260021.3498 -260036.8535      15.5037   319.8    3605.3330         1.03717         61.6        41.257
1.0900     -260022.0775 -260036.6552      14.5777   300.7    3611.0377         1.03553         62.1        41.257
1.1000     -260022.1940 -260036.3106      14.1167   291.2    3611.0377         1.03553         61.4        41.257
1.1100     -260022.2213 -260036.1614      13.9400   287.6    3611.0377         1.03553         61.4        41.257
1.1200     -260022.6380 -260036.3430      13.7050   282.7    3611.0377         1.03553         60.7        41.257
1.1300     -260022.7799 -260036.9469      14.1670   292.3    3611.0377         1.03553         60.0        41.257
1.1400     -260022.7649 -260035.8732      13.1082   270.4    3585.5271         1.04289         60.4        41.257
1.1500     -260022.5677 -260037.0010      14.4333   297.8    3576.5765         1.04550         60.9        41.257
1.1600     -260022.6594 -260036.5830      13.9236   287.2    3576.5765         1.04550         60.9        41.257
1.1700     -260022.8404 -260037.4053      14.5650   300.5    3576.5765         1.04550         60.2        41.257
1.1800     -260023.1226 -260036.6499      13.5273   279.1    3565.7565         1.04868         60.6        41.257
1.1900     -260023.1906 -260037.2614      14.0708   290.3    3565.7565         1.04868         60.0        41.257
1.2000     -260022.5211 -260036.9422      14.4211   297.5    3565.7565         1.04868         59.4        41.257
1.2100     -260022.2534 -260036.9325      14.6791   302.8    3565.7565         1.04868         59.4        41.257
1.2200     -260022.4329 -260036.8280      14.3951   297.0    3544.4116         1.05499         59.8        41.257
1.2300     -260022.6793 -260037.0041      14.3248   295.5    3573.2682         1.04647         60.2        41.257
1.2400     -260022.6932 -260037.1037      14.4105   297.3    3573.2682         1.04647         59.6        41.257
1.2500     -260022.8151 -260036.7479      13.9328   287.4    3598.7267         1.03907         60.0        41.257
1.2600     -260023.0721 -260036.8032      13.7311   283.3    3598.7267         1.03907         60.0        41.257
1.2700     -260023.4526 -260037.1374      13.6848   282.3    3570.7860         1.04720         60.4        41.257
1.2800     -260023.0358 -260037.2032      14.1673   292.3    3570.7860         1.04720         59.8        41.257
1.2900     -260022.7990 -260037.3718      14.5728   300.6    3540.8101         1.05607         60.2        41.257
1.3000     -260022.5211 -260036.2502      13.7290   283.2    3564.3805         1.04908         60.6        41.257
1.3100     -260022.7057 -260036.2574      13.5517   279.6    3564.3805         1.04908         60.6        41.257
1.3200     -260022.8928 -260036.8795      13.9867   288.5    3564.3805         1.04908         60.0        41.257
1.3300     -260023.3063 -260038.0325      14.7262   303.8    3580.1051         1.04447         60.4        41.257
1.3400     -260023.6792 -260038.7931      15.1139   311.8    3580.1051         1.04447         59.8        41.257
1.3500     -260024.1867 -260038.3065      14.1198   291.3    3580.1051         1.04447         59.3        41.257
1.3600     -260023.9496 -260037.3362      13.3867   276.2    3580.1051         1.04447         59.3        41.257
1.3700     -260023.7557 -260037.4438      13.6881   282.4    3580.1051         1.04447         58.7        41.257
1.3800     -260024.2410 -260037.3216      13.0806   269.9    3591.8739         1.04105         59.1        41.257
1.3900     -260024.3402 -260037.7125      13.3724   275.9    3591.8739         1.04105         58.6        41.257
1.4000     -260024.2878 -260037.4619      13.1741   271.8    3591.8739         1.04105         58.0        41.257
1.4100     -260024.1459 -260038.2797      14.1338   291.6    3591.8739         1.04105         58.0        41.257
1.4200     -260024.1828 -260037.8016      13.6189   281.0    3583.3019         1.04354         58.4        41.257
1.4300     -260023.7237 -260037.1582      13.4345   277.2    3583.3019         1.04354         57.9        41.257
1.4400     -260023.7176 -260037.0201      13.3025   274.4    3610.4195         1.03570         58.3        41.257
1.4500     -260022.8813 -260037.8530      14.9717   308.9    3610.4195         1.03570         57.8        41.257
1.4600     -260022.5549 -260037.0369      14.4820   298.8    3610.4195         1.03570         57.8        41.257
1.4700     -260022.6270 -260036.4721      13.8451   285.6    3610.4195         1.03570         57.3        41.257
1.4800     -260022.4010 -260036.4749      14.0739   290.3    3632.6542         1.02936         57.6        41.257
1.4900     -260022.0512 -260036.2877      14.2364   293.7    3643.1266         1.02641         58.0        41.257
1.5000     -260022.0976 -260035.9511      13.8534   285.8    3629.0435         1.03039         58.3        41.257
1.5100     -260022.0022 -260036.0065      14.0043   288.9    3629.0435         1.03039         58.3        41.257
1.5200     -260021.7825 -260036.1521      14.3696   296.4    3631.3600         1.02973         58.7        41.257
1.5300     -260020.9209 -260036.3833      15.4624   319.0    3592.0960         1.04099         59.0        41.257
1.5400     -260021.0228 -260036.0787      15.0560   310.6    3592.0960         1.04099         58.5        41.257
1.5500     -260021.3859 -260036.0063      14.6204   301.6    3586.0735         1.04274         58.9        41.257
1.5600     -260021.7310 -260037.3349      15.6039   321.9    3586.0735         1.04274         58.9        41.257
1.5700     -260021.7837 -260037.3612      15.5775   321.4    3586.0735         1.04274         58.4        41.257
1.5800     -260021.8344 -260037.2442      15.4098   317.9    3572.3399         1.04674         58.7        41.257
1.5900     -260022.4256 -260036.6262      14.2006   293.0    3572.3399         1.04674         58.3        41.257
1.6000     -260022.1577 -260036.5266      14.3689   296.4    3572.3399         1.04674         57.8        41.257
1.6100     -260022.5135 -260037.0209      14.5074   299.3    3572.3399         1.04674         57.8        41.257
1.6200     -260022.9370 -260036.6015      13.6645   281.9    3557.9758         1.05097         58.1        41.257
1.6300     -260022.9471 -260037.1662      14.2191   293.3    3584.0171         1.04333         58.5        41.257
1.6400     -260022.5777 -260037.1612      14.5835   300.9    3584.0171         1.04333         58.0        41.257
1.6500     -260022.6429 -260036.6028      13.9600   288.0    3584.0171         1.04333         57.6        41.257
1.6600     -260022.5916 -260037.1503      14.5586   300.3    3584.0171         1.04333         57.6        41.257
1.6700     -260022.3178 -260036.6965      14.3786   296.6    3585.9230         1.04278         57.9        41.257
1.6800     -260022.2916 -260035.8979      13.6063   280.7    3585.9230         1.04278         57.5        41.257
1.6900     -260022.0164 -260036.0505      14.0342   289.5    3585.9230         1.04278         57.0        41.257
1.7000     -260021.9656 -260036.5715      14.6058   301.3    3585.9230         1.04278         56.6        41.257
1.7100     -260021.7710 -260036.8426      15.0716   310.9    3585.9230         1.04278         56.6        41.257
1.7200     -260021.3995 -260036.1048      14.7053   303.4    3585.9230         1.04278         56.2        41.257
1.7300     -260020.6972 -260035.8762      15.1790   313.1    3585.9230         1.04278         55.8        41.257
1.7400     -260020.7965 -260035.6207      14.8242   305.8    3585.9230         1.04278         55.4        41.257
1.7500     -260020.4631 -260036.1711      15.7081   324.1    3600.8309         1.03846         55.7        41.257
1.7600     -260020.5947 -260036.3463      15.7515   325.0    3600.8309         1.03846         55.7        41.257
1.7700     -260020.0964 -260035.6061      15.5097   320.0    3600.8309         1.03846         55.3        41.257
1.7800     -260019.3575 -260036.0007      16.6432   343.4    3600.8309         1.03846         54.9        41.257
1.7900     -260019.7336 -260035.6784      15.9448   328.9    3600.8309         1.03846         54.5        41.257
1.8000     -260020.0628 -260035.3075      15.2447   314.5    3585.9537         1.04277         54.9        41.257
1.8100     -260020.2888 -260035.9463      15.6575   323.0    3585.9537         1.04277         54.9        41.257
1.8200     -260020.6167 -260035.8690      15.2524   314.7    3610.8161         1.03559         55.2        41.257
1.8300     -260020.8883 -260036.3081      15.4198   318.1    3610.8161         1.03559         54.8        41.257
1.8400     -260021.4439 -260037.2727      15.8288   326.6    3610.8161         1.03559         54.4        41.257
1.8500     -260021.2484 -260035.8350      14.5866   300.9    3600.0329         1.03869         54.7        41.257
1.8600     -260021.9334 -260036.4037      14.4702   298.5    3600.0329         1.03869         54.7        41.257
1.8700     -260021.8583 -260037.6771      15.8188   326.3    3600.0329         1.03869         54.4        41.257
1.8800     -260021.7177 -260036.3428      14.6250   301.7    3619.3485         1.03315         54.7        41.257
1.8900     -260021.9638 -260036.5849      14.6211   301.6    3619.3485         1.03315         54.3        41.257
1.9000     -260021.7344 -260036.7594      15.0250   310.0    3619.3485         1.03315         53.9        41.257
1.9100     -260021.8658 -260036.8304      14.9646   308.7    3619.3485         1.03315         53.9        41.257
1.9200     -260021.7535 -260036.5042      14.7507   304.3    3611.5217         1.03539         54.2        41.257
1.9300     -260021.5253 -260036.2686      14.7433   304.2    3640.1361         1.02725         54.5        41.257
1.9400     -260021.3238 -260036.2330      14.9092   307.6    3650.7883         1.02425         54.8        41.257
1.9500     -260021.3087 -260036.4952      15.1866   313.3    3677.6388         1.01677         55.1        41.257
1.9600     -260021.3557 -260035.9492      14.5935   301.1    3677.6388         1.01677         55.1        41.257
1.9700     -260020.9814 -260036.0530      15.0716   310.9    3704.2998         1.00946         55.4        41.257
1.9800     -260020.4798 -260035.7627      15.2829   315.3    3704.2998         1.00946         55.1        41.257
1.9900     -260021.3356 -260036.0571      14.7214   303.7    3728.9701         1.00278         55.3        41.257
2.0000     -260021.7604 -260036.6949      14.9345   308.1    3728.9701         1.00278         55.0        41.257
2.0100     -260021.2868 -260036.1036      14.8169   305.7    3728.9701         1.00278         55.0        41.257
2.0200     -260021.3763 -260036.2545      14.8781   306.9    3744.7756         0.99854         55.3        41.257
2.0300     -260020.2157 -260035.2143      14.9985   309.4    3729.1781         1.00272         55.6        41.257
2.0400     -260020.8356 -260035.7722      14.9366   308.1    3729.1781         1.00272         55.2        41.257
2.0500     -260020.9274 -260036.0499      15.1225   312.0    3729.1781         1.00272         54.9        41.257
2.0600     -260021.5824 -260036.3041      14.7217   303.7    3729.1781         1.00272         54.9        41.257
2.0700     -260021.8621 -260036.3622      14.5001   299.1    3729.1781         1.00272         54.5        41.257
2.0800     -260021.8531 -260036.6844      14.8313   306.0    3768.2626         0.99232         54.8        41.257
2.0900     -260022.4430 -260036.3825      13.9394   287.6    3759.1651         0.99472         55.1        41.257
2.1000     -260021.5029 -260035.9393      14.4364   297.8    3744.7182         0.99856         55.4        41.257
2.1100     -260021.2181 -260035.6937      14.4756   298.6    3744.7182         0.99856         55.4        41.257
2.1200     -260021.6532 -260035.3053      13.6520   281.6    3744.7182         0.99856         55.0        41.257
2.1300     -260021.2420 -260035.7317      14.4897   298.9    3739.7250         0.99989         55.3        41.257
2.1400     -260021.4037 -260036.2195      14.8157   305.7    3718.5702         1.00558         55.6        41.257
2.1500     -260020.9673 -260036.5125      15.5452   320.7    3724.7438         1.00392         55.8        41.257
2.1600     -260021.7699 -260036.5829      14.8130   305.6    3724.7438         1.00392         55.8        41.257
2.1700     -260021.6502 -260036.5021      14.8518   306.4    3724.2227         1.00406         56.1        41.257
2.1800     -260022.3210 -260036.1492      13.8282   285.3    3724.2227         1.00406         55.7        41.257
2.1900     -260022.4581 -260036.7864      14.3283   295.6    3708.2104         1.00839         56.0        41.257
2.2000     -260022.4715 -260037.4450      14.9735   308.9    3675.2988         1.01742         56.2        41.257
2.2100     -260021.8502 -260037.1552      15.3050   315.7    3675.2988         1.01742         56.2        41.257
2.2200     -260022.1668 -260036.7892      14.6224   301.7    3675.2988         1.01742         55.9        41.257
2.2300     -260022.2072 -260037.0080      14.8008   305.3    3675.2988         1.01742         55.6        41.257
2.2400     -260022.3046 -260037.2534      14.9488   308.4    3675.2988         1.01742         55.3        41.257
2.2500     -260022.7521 -260037.2269      14.4748   298.6    3675.2988         1.01742         55.0        41.257
2.2600     -260022.2948 -260036.6611      14.3662   296.4    3675.2988         1.01742         55.0        41.257
2.2700     -260022.2616 -260036.9295      14.6679   302.6    3675.2988         1.01742         54.7        41.257
2.2800     -260023.0382 -260036.2818      13.2436   273.2    3675.2988         1.01742         54.4        41.257
2.2900     -260023.1066 -260037.2238      14.1172   291.2    3675.2988         1.01742         54.1        41.257
2.3000     -260023.2468 -260037.2604      14.0136   289.1    3675.2988         1.01742         53.8        41.257
2.3100     -260023.1636 -260037.3571      14.1935   292.8    3675.2988         1.01742         53.8        41.257
2.3200     -260022.9840 -260037.0609      14.0768   290.4    3687.7441         1.01399         54.1        41.257
2.3300     -260022.9701 -260036.6974      13.7272   283.2    3670.7477         1.01868         54.3        41.257
2.3400     -260022.3966 -260036.7750      14.3784   296.6    3670.7477         1.01868         54.0        41.257
2.3500     -260021.9475 -260036.6178      14.6703   302.7    3670.1300         1.01885         54.3        41.257
2.3600     -260022.0277 -260036.8895      14.8618   306.6    3670.1300         1.01885         54.3        41.257
2.3700     -260022.3346 -260036.4472      14.1126   291.1    3670.1300         1.01885         54.0        41.257
2.3800     -260021.8403 -260036.6243      14.7840   305.0    3685.6154         1.01457         54.2        41.257
2.3900     -260022.5562 -260037.3343      14.7782   304.9    3685.6154         1.01457         53.9        41.257
2.4000     -260021.9335 -260037.1068      15.1733   313.0    3725.6100         1.00368         54.2        41.257
2.4100     -260022.0691 -260036.4046      14.3355   295.7    3725.6100         1.00368         54.2        41.257
2.4200     -260022.3135 -260036.4757      14.1622   292.2    3721.3811         1.00482         54.4        41.257
2.4300     -260022.9539 -260036.8506      13.8967   286.7    3721.3811         1.00482         54.1        41.257
2.4400     -260023.0285 -260036.7605      13.7319   283.3    3721.3811         1.00482         53.8        41.257
2.4500     -260022.4289 -260036.8872      14.4582   298.3    3721.3811         1.00482         53.6        41.257
2.4600     -260022.0641 -260036.8487      14.7846   305.0    3721.3811         1.00482         53.6        41.257
2.4700     -260022.1828 -260035.9452      13.7624   283.9    3736.4564         1.00077         53.8        41.257
2.4800     -260022.1533 -260035.9439      13.7906   284.5    3737.8716         1.00039         54.0        41.257
2.4900     -260022.2248 -260036.9416      14.7168   303.6    3754.2153         0.99603         54.3        41.257
2.5000     -260022.4323 -260036.8811      14.4488   298.1    3776.7357         0.99009         54.5        41.257
2.5100     -260022.5687 -260036.4269      13.8582   285.9    3776.7357         0.99009         54.5        41.257
2.5200     -260022.3548 -260036.8311      14.4762   298.6    3739.0573         1.00007         54.7        41.257
2.5300     -260022.0238 -260037.0242      15.0004   309.5    3739.0573         1.00007         54.5        41.257
2.5400     -260021.6288 -260036.2525      14.6237   301.7    3739.0573         1.00007         54.2        41.257
2.5500     -260021.9739 -260036.2430      14.2691   294.4    3739.0573         1.00007         53.9        41.257
2.5600     -260021.6692 -260036.4560      14.7868   305.1    3739.0573         1.00007         53.9        41.257
2.5700     -260021.4286 -260036.6965      15.2679   315.0    3719.9085         1.00522         54.1        41.257
2.5800     -260021.3828 -260036.2586      14.8758   306.9    3719.9085         1.00522         53.9        41.257
2.5900     -260021.4675 -260035.4100      13.9425   287.6    3719.9085         1.00522         53.6        41.257
2.6000     -260021.7582 -260036.2826      14.5244   299.6    3719.9085         1.00522         53.4        41.257
2.6100     -260022.2363 -260036.5431      14.3068   295.2    3719.9085         1.00522         53.4        41.257
2.6200     -260022.3932 -260037.0155      14.6223   301.7    3719.9085         1.00522         53.1        41.257
2.6300     -260022.6026 -260036.9174      14.3148   295.3    3719.9085         1.00522         52.9        41.257
2.6400     -260022.3360 -260037.6223      15.2863   315.4    3719.9085         1.00522         52.6        41.257
2.6500     -260022.1705 -260037.4251      15.2547   314.7    3719.9085         1.00522         52.4        41.257
2.6600     -260022.0409 -260036.6803      14.6394   302.0    3719.9085         1.00522         52.4        41.257
2.6700     -260021.4109 -260035.6871      14.2762   294.5    3720.5053         1.00506         52.6        41.257
2.6800     -260021.0115 -260036.8055      15.7941   325.8    3708.9359         1.00819         52.8        41.257
2.6900     -260021.8909 -260036.5590      14.6681   302.6    3695.3122         1.01191         53.0        41.257
2.7000     -260021.5448 -260036.4401      14.8953   307.3    3695.3122         1.01191         52.8        41.257
2.7100     -260021.2737 -260036.9451      15.6713   323.3    3695.3122         1.01191         52.8        41.257
2.7200     -260020.8249 -260036.2802      15.4553   318.8    3657.5051         1.02237         53.0        41.257
2.7300     -260021.5810 -260036.4362      14.8552   306.5    3657.5051         1.02237         52.8        41.257
2.7400     -260021.6856 -260036.5965      14.9109   307.6    3633.6347         1.02909         53.0        41.257
2.7500     -260022.1626 -260037.4170      15.2544   314.7    3637.9323         1.02787         53.2        41.257
2.7600     -260022.4953 -260037.6709      15.1756   313.1    3637.9323         1.02787         53.2        41.257
2.7700     -260022.2479 -260036.8297      14.5818   300.8    3657.2451         1.02244         53.4        41.257
2.7800     -260022.2672 -260036.5249      14.2577   294.1    3657.2451         1.02244         53.2        41.257
2.7900     -260021.7739 -260037.0604      15.2865   315.4    3657.2451         1.02244         52.9        41.257
2.8000     -260022.5804 -260037.4269      14.8465   306.3    3624.5626         1.03166         53.1        41.257
2.8100     -260022.3960 -260037.3473      14.9513   308.4    3624.5626         1.03166         53.1        41.257
2.8200     -260022.2433 -260036.9557      14.7124   303.5    3617.1284         1.03378         53.3        41.257
2.8300     -260022.7555 -260036.4030      13.6474   281.6    3623.9066         1.03185         53.5        41.257
2.8400     -260021.8096 -260036.5455      14.7359   304.0    3644.6019         1.02599         53.7        41.257
2.8500     -260022.1777 -260036.6886      14.5109   299.4    3644.6019         1.02599         53.5        41.257
2.8600     -260022.6969 -260036.8112      14.1143   291.2    3644.6019         1.02599         53.5        41.257
2.8700     -260022.3568 -260036.5551      14.1984   292.9    3638.8753         1.02760         53.7        41.257
2.8800     -260022.3640 -260037.1004      14.7364   304.0    3638.8753         1.02760         53.5        41.257
2.8900     -260022.7618 -260037.5659      14.8040   305.4    3613.7166         1.03476         53.7        41.257
2.9000     -260022.8485 -260037.1716      14.3231   295.5    3615.3507         1.03429         53.9        41.257
2.9100     -260023.0473 -260036.4752      13.4279   277.0    3615.3507         1.03429         53.9        41.257
2.9200     -260023.1422 -260037.1177      13.9755   288.3    3615.3507         1.03429         53.6        41.257
2.9300     -260022.8039 -260036.4857      13.6818   282.3    3615.3507         1.03429         53.4        41.257
2.9400     -260022.5278 -260036.7690      14.2412   293.8    3623.6228         1.03193         53.6        41.257
2.9500     -260022.5026 -260037.7367      15.2341   314.3    3623.8986         1.03185         53.8        41.257
2.9600     -260022.4170 -260037.0917      14.6746   302.7    3623.8986         1.03185         53.8        41.257
2.9700     -260022.7114 -260036.4832      13.7718   284.1    3623.8986         1.03185         53.6        41.257
2.9800     -260022.8257 -260037.1674      14.3417   295.9    3618.4488         1.03341         53.8        41.257
2.9900     -260022.3558 -260036.8946      14.5388   299.9    3618.4488         1.03341         53.6        41.257
3.0000     -260022.8258 -260037.7888      14.9630   308.7    3610.0478         1.03581         53.8        41.257
3.0100     -260022.9160 -260037.3993      14.4833   298.8    3610.0478         1.03581         53.8        41.257
3.0200     -260023.3060 -260037.9506      14.6445   302.1    3610.0478         1.03581         53.5        41.257
3.0300     -260023.3095 -260037.2873      13.9778   288.4    3610.0478         1.03581         53.3        41.257
3.0400     -260023.8884 -260036.6803      12.7919   263.9    3610.0478         1.03581         53.1        41.257
3.0500     -260023.4911 -260037.4124      13.9213   287.2    3610.0478         1.03581         52.9        41.257
3.0600     -260023.8338 -260038.0905      14.2568   294.1    3610.0478         1.03581         52.9        41.257
3.0700     -260024.2292 -260037.6994      13.4702   277.9    3610.0478         1.03581         52.7        41.257
3.0800     -260024.3740 -260038.2843      13.9102   287.0    3580.9515         1.04423         52.8        41.257
3.0900     -260024.2289 -260037.1847      12.9558   267.3    3580.9515         1.04423         52.6        41.257
3.1000     -260024.3967 -260037.4019      13.0052   268.3    3575.7428         1.04575         52.8        41.257
3.1100     -260024.0501 -260037.7967      13.7467   283.6    3575.7428         1.04575         52.8        41.257
3.1200     -260024.2489 -260037.5999      13.3509   275.4    3575.7428         1.04575         52.6        41.257
3.1300     -260023.8624 -260037.6116      13.7492   283.6    3575.7428         1.04575         52.4        41.257
3.1400     -260024.0406 -260037.6443      13.6037   280.6    3575.7428         1.04575         52.2        41.257
3.1500     -260023.9059 -260038.3258      14.4200   297.5    3546.9999         1.05422         52.4        41.257
3.1600     -260023.7898 -260038.3879      14.5981   301.2    3546.9999         1.05422         52.4        41.257
3.1700     -260023.3451 -260037.4959      14.1508   291.9    3536.3522         1.05740         52.6        41.257
3.1800     -260023.6836 -260037.4963      13.8126   285.0    3536.3522         1.05740         52.4        41.257
3.1900     -260023.7579 -260037.3611      13.6033   280.6    3536.3522         1.05740         52.2        41.257
3.2000     -260023.7813 -260037.7003      13.9190   287.2    3528.7092         1.05969         52.3        41.257
3.2100     -260023.9973 -260038.3416      14.3443   295.9    3528.7092         1.05969         52.3        41.257
3.2200     -260024.0001 -260038.5127      14.5125   299.4    3568.5488         1.04786         52.5        41.257
3.2300     -260023.5737 -260037.9113      14.3376   295.8    3568.5488         1.04786         52.3        41.257
3.2400     -260023.3835 -260036.8381      13.4545   277.6    3582.4916         1.04378         52.5        41.257
3.2500     -260023.8472 -260037.5940      13.7468   283.6    3582.4916         1.04378         52.3        41.257
3.2600     -260024.3032 -260037.2810      12.9777   267.7    3582.4916         1.04378         52.3        41.257
3.2700     -260024.3058 -260038.1691      13.8633   286.0    3582.4916         1.04378         52.1        41.257
3.2800     -260023.8298 -260038.2149      14.3851   296.8    3569.9143         1.04746         52.3        41.257
3.2900     -260023.6752 -260037.8295      14.1543   292.0    3544.5743         1.05494         52.5        41.257
3.3000     -260023.8179 -260038.3968      14.5789   300.8    3566.4350         1.04848         52.7        41.257
3.3100     -260024.6077 -260037.8271      13.2194   272.7    3566.4350         1.04848         52.7        41.257
3.3200     -260024.2974 -260037.9971      13.6997   282.6    3547.3981         1.05410         52.8        41.257
3.3300     -260024.2368 -260038.5412      14.3044   295.1    3570.8953         1.04717         53.0        41.257
3.3400     -260024.2914 -260037.7974      13.5060   278.6    3570.8953         1.04717         52.8        41.257
3.3500     -260023.9572 -260038.1675      14.2103   293.2    3611.7450         1.03532         53.0        41.257
3.3600     -260023.9519 -260037.7422      13.7902   284.5    3611.7450         1.03532         53.0        41.257
3.3700     -260023.1950 -260036.8232      13.6282   281.2    3595.9043         1.03988         53.2        41.257
3.3800     -260023.5670 -260037.9417      14.3747   296.6    3595.9043         1.03988         53.0        41.257
3.3900     -260022.9558 -260036.7924      13.8366   285.5    3598.9868         1.03899         53.1        41.257
3.4000     -260023.1032 -260037.3263      14.2231   293.4    3573.6266         1.04637         53.3        41.257
3.4100     -260022.5982 -260037.0195      14.4213   297.5    3573.6266         1.04637         53.3        41.257
3.4200     -260022.3050 -260036.6356      14.3307   295.6    3578.6118         1.04491         53.5        41.257
3.4300     -260022.5943 -260035.9965      13.4021   276.5    3564.9142         1.04892         53.6        41.257
3.4400     -260022.5091 -260036.0791      13.5700   280.0    3547.8742         1.05396         53.8        41.257
3.4500     -260021.9914 -260035.6783      13.6869   282.4    3512.2272         1.06466         54.0        41.257
3.4600     -260021.7210 -260035.7612      14.0402   289.7    3512.2272         1.06466         54.0        41.257
3.4700     -260021.4933 -260036.8699      15.3767   317.2    3498.4019         1.06887         54.2        41.257
3.4800     -260021.6293 -260036.7642      15.1350   312.2    3498.4019         1.06887         54.0        41.257
3.4900     -260021.4283 -260037.0068      15.5785   321.4    3510.4183         1.06521         54.1        41.257
3.5000     -260021.5487 -260036.3198      14.7711   304.7    3510.4183         1.06521         53.9        41.257
3.5100     -260021.1047 -260036.0693      14.9645   308.7    3510.4183         1.06521         53.9        41.257
3.5200     -260020.9092 -260036.3434      15.4342   318.4    3532.4238         1.05857         54.1        41.257
3.5300     -260021.1364 -260036.2343      15.0979   311.5    3532.4238         1.05857         53.9        41.257
3.5400     -260021.7105 -260036.5114      14.8009   305.3    3512.9538         1.06444         54.1        41.257
3.5500     -260021.7270 -260036.3485      14.6215   301.6    3499.8270         1.06843         54.2        41.257
3.5600     -260021.7712 -260037.3094      15.5382   320.6    3499.8270         1.06843         54.2        41.257
3.5700     -260021.7121 -260036.7434      15.0313   310.1    3520.8500         1.06205         54.4        41.257
3.5800     -260021.4976 -260036.6498      15.1522   312.6    3520.8500         1.06205         54.2        41.257
3.5900     -260021.8730 -260036.0796      14.2066   293.1    3520.8500         1.06205         54.0        41.257
3.6000     -260021.9235 -260036.7220      14.7985   305.3    3516.0375         1.06351         54.2        41.257
3.6100     -260022.1258 -260036.9209      14.7951   305.2    3516.0375         1.06351         54.2        41.257
3.6200     -260022.8398 -260037.7603      14.9206   307.8    3528.3991         1.05978         54.3        41.257
3.6300     -260022.3316 -260036.3587      14.0271   289.4    3528.3991         1.05978         54.1        41.257
3.6400     -260023.1899 -260037.2565      14.0666   290.2    3506.6808         1.06634         54.3        41.257
3.6500     -260022.8419 -260037.3336      14.4917   299.0    3527.3567         1.06009         54.5        41.257
3.6600     -260023.4448 -260037.2816      13.8367   285.5    3527.3567         1.06009         54.5        41.257
3.6700     -260022.5657 -260036.6675      14.1018   290.9    3530.5967         1.05912         54.6        41.257
3.6800     -260021.9431 -260035.7978      13.8547   285.8    3561.3153         1.04998         54.8        41.257
3.6900     -260022.2299 -260035.7699      13.5400   279.3    3561.3153         1.04998         54.6        41.257
3.7000     -260022.2492 -260036.7762      14.5270   299.7    3561.3153         1.04998         54.4        41.257
3.7100     -260022.6938 -260037.4878      14.7940   305.2    3561.3153         1.04998         54.4        41.257
3.7200     -260022.9247 -260037.0552      14.1305   291.5    3537.8897         1.05694         54.5        41.257
3.7300     -260022.5608 -260037.7360      15.1752   313.1    3539.7624         1.05638         54.7        41.257
3.7400     -260022.5988 -260036.8520      14.2532   294.0    3539.7624         1.05638         54.5        41.257
3.7500     -260022.3580 -260037.4461      15.0881   311.3    3502.1241         1.06773         54.7        41.257
3.7600     -260022.6676 -260037.0397      14.3721   296.5    3502.1241         1.06773         54.7        41.257
3.7700     -260022.7961 -260037.0242      14.2281   293.5    3502.1241         1.06773         54.5        41.257
3.7800     -260023.3861 -260037.3755      13.9895   288.6    3502.1241         1.06773         54.3        41.257
3.7900     -260023.8658 -260037.9702      14.1045   291.0    3502.1241         1.06773         54.1        41.257
3.8000     -260024.4581 -260037.4932      13.0351   268.9    3504.3870         1.06704         54.3        41.257
3.8100     -260024.3960 -260038.2404      13.8444   285.6    3504.3870         1.06704         54.3        41.257
3.8200     -260024.7131 -260039.2767      14.5636   300.5    3505.5041         1.06670         54.4        41.257
3.8300     -260024.2865 -260038.6396      14.3531   296.1    3486.1910         1.07261         54.6        41.257
3.8400     -260023.4492 -260037.5899      14.1407   291.7    3487.9015         1.07208         54.7        41.257
3.8500     -260024.4036 -260037.8542      13.4506   277.5    3468.5158         1.07808         54.9        41.257
3.8600     -260024.3620 -260038.2576      13.8957   286.7    3468.5158         1.07808         54.9        41.257
3.8700     -260024.0230 -260038.9302      14.9072   307.5    3468.5158         1.07808         54.7        41.257
3.8800     -260023.3186 -260037.9997      14.6811   302.9    3488.2287         1.07198         54.8        41.257
3.8900     -260022.7186 -260036.6868      13.9682   288.2    3488.2287         1.07198         54.7        41.257
3.9000     -260022.3022 -260037.0648      14.7626   304.6    3488.2287         1.07198         54.5        41.257
3.9100     -260021.9367 -260036.8479      14.9112   307.6    3488.2287         1.07198         54.5        41.257
3.9200     -260021.7544 -260037.2350      15.4806   319.4    3488.2287         1.07198         54.3        41.257
3.9300     -260022.0104 -260036.4232      14.4127   297.3    3508.5717         1.06577         54.5        41.257
3.9400     -260022.0291 -260035.8588      13.8297   285.3    3513.3648         1.06431         54.6        41.257
3.9500     -260022.1425 -260035.9478      13.8053   284.8    3513.3648         1.06431         54.4        41.257
3.9600     -260022.3441 -260036.8657      14.5216   299.6    3513.3648         1.06431         54.4        41.257
3.9700     -260022.9623 -260037.9130      14.9507   308.4    3513.3648         1.06431         54.3        41.257
3.9800     -260022.6047 -260037.9982      15.3936   317.6    3513.3648         1.06431         54.1        41.257
3.9900     -260023.1495 -260037.6228      14.4733   298.6    3513.3648         1.06431         53.9        41.257
4.0000     -260023.1083 -260037.1541      14.0459   289.8    3506.6690         1.06635         54.1        41.257
4.0100     -260023.3813 -260037.4152      14.0339   289.5    3506.6690         1.06635         54.1        41.257
4.0200     -260023.7763 -260037.3728      13.5965   280.5    3513.9370         1.06414         54.2        41.257
4.0300     -260023.8111 -260038.3561      14.5449   300.1    3520.2298         1.06224         54.3        41.257
4.0400     -260023.8400 -260037.0147      13.1747   271.8    3520.2298         1.06224         54.2        41.257
4.0500     -260023.2373 -260036.8111      13.5737   280.0    3533.6983         1.05819         54.3        41.257
4.0600     -260023.9471 -260038.1109      14.1638   292.2    3533.6983         1.05819         54.3        41.257
4.0700     -260024.4702 -260038.4141      13.9439   287.7    3500.2793         1.06829         54.5        41.257
4.0800     -260024.6857 -260038.4168      13.7310   283.3    3500.2793         1.06829         54.3        41.257
4.0900     -260024.4392 -260037.7752      13.3360   275.1    3508.4661         1.06580         54.4        41.257
4.1000     -260023.6911 -260037.5739      13.8828   286.4    3508.4661         1.06580         54.3        41.257
4.1100     -260023.7300 -260037.4362      13.7062   282.8    3508.4661         1.06580         54.3        41.257
4.1200     -260023.6400 -260036.7775      13.1375   271.0    3541.6549         1.05581         54.4        41.257
4.1300     -260023.6758 -260037.0928      13.4170   276.8    3569.5619         1.04756         54.5        41.257
4.1400     -260023.4123 -260037.7169      14.3046   295.1    3553.8674         1.05219         54.7        41.257
4.1500     -260023.3890 -260037.9975      14.6085   301.4    3553.8674         1.05219         54.5        41.257
4.1600     -260023.6068 -260037.1644      13.5575   279.7    3553.8674         1.05219         54.5        41.257
4.1700     -260023.9386 -260037.1247      13.1861   272.0    3553.8674         1.05219         54.4        41.257
4.1800     -260024.1106 -260037.8273      13.7167   283.0    3553.8674         1.05219         54.2        41.257
4.1900     -260023.9535 -260037.6451      13.6916   282.5    3553.8674         1.05219         54.0        41.257
4.2000     -260024.0348 -260037.5622      13.5274   279.1    3521.9156         1.06173         54.2        41.257
4.2100     -260023.8260 -260038.2021      14.3761   296.6    3521.9156         1.06173         54.2        41.257
4.2200     -260024.3027 -260037.5356      13.2329   273.0    3502.0610         1.06775         54.3        41.257
4.2300     -260023.7337 -260037.2412      13.5076   278.7    3528.3376         1.05980         54.4        41.257
4.2400     -260023.6125 -260037.4514      13.8389   285.5    3528.3376         1.05980         54.3        41.257
4.2500     -260023.4183 -260037.1064      13.6881   282.4    3528.3376         1.05980         54.1        41.257
4.2600     -260022.8719 -260037.0130      14.1411   291.7    3528.3376         1.05980         54.1        41.257
4.2700     -260023.1217 -260037.2574      14.1356   291.6    3523.1933         1.06135         54.3        41.257
4.2800     -260023.1828 -260037.5207      14.3379   295.8    3530.1161         1.05926         54.4        41.257
4.2900     -260022.6374 -260036.6625      14.0251   289.3    3530.1161         1.05926         54.2        41.257
4.3000     -260022.5949 -260036.8023      14.2074   293.1    3538.5004         1.05675         54.4        41.257
4.3100     -260022.7316 -260037.4728      14.7412   304.1    3538.5004         1.05675         54.4        41.257
4.3200     -260023.1949 -260037.5462      14.3514   296.1    3576.4079         1.04555         54.5        41.257
4.3300     -260023.1964 -260038.0822      14.8858   307.1    3576.4079         1.04555         54.3        41.257
4.3400     -260023.7187 -260037.5361      13.8174   285.1    3576.4079         1.04555         54.2        41.257
4.3500     -260024.0438 -260038.4041      14.3603   296.3    3568.3957         1.04790         54.3        41.257
4.3600     -260024.1719 -260037.6047      13.4328   277.1    3568.3957         1.04790         54.3        41.257
4.3700     -260023.7051 -260038.1603      14.4551   298.2    3569.0973         1.04770         54.4        41.257
4.3800     -260023.5134 -260037.6545      14.1411   291.7    3569.0973         1.04770         54.3        41.257
4.3900     -260023.6532 -260037.2347      13.5815   280.2    3573.1664         1.04650         54.4        41.257
4.4000     -260023.9884 -260037.6201      13.6317   281.2    3573.1664         1.04650         54.3        41.257
4.4100     -260023.8663 -260037.2534      13.3872   276.2    3573.1664         1.04650         54.3        41.257
4.4200     -260023.7269 -260037.3080      13.5810   280.2    3573.1664         1.04650         54.1        41.257
4.4300     -260024.4102 -260037.8622      13.4520   277.5    3591.3741         1.04120         54.2        41.257
4.4400     -260024.6708 -260037.9945      13.3237   274.9    3590.5413         1.04144         54.4        41.257
4.4500     -260024.8940 -260039.2114      14.3175   295.4    3590.5413         1.04144         54.2        41.257
4.4600     -260025.2810 -260039.0498      13.7688   284.1    3590.5413         1.04144         54.2        41.257
4.4700     -260025.5671 -260038.8892      13.3221   274.8    3600.8124         1.03847         54.3        41.257
4.4800     -260025.0628 -260038.5514      13.4886   278.3    3601.5315         1.03826         54.5        41.257
4.4900     -260024.7884 -260038.2933      13.5049   278.6    3601.5315         1.03826         54.3        41.257
4.5000     -260025.3565 -260038.7117      13.3551   275.5    3611.7182         1.03533         54.4        41.257
4.5100     -260025.7395 -260038.6369      12.8974   266.1    3611.7182         1.03533         54.4        41.257
4.5200     -260025.6268 -260038.9924      13.3656   275.7    3610.2730         1.03575         54.6        41.257
4.5300     -260025.2661 -260038.8583      13.5922   280.4    3588.0958         1.04215         54.7        41.257
4.5400     -260024.8745 -260039.2877      14.4132   297.3    3588.0958         1.04215         54.5        41.257
4.5500     -260025.3226 -260038.6029      13.2804   274.0    3564.0863         1.04917         54.7        41.257
4.5600     -260024.5785 -260037.9841      13.4056   276.6    3564.0863         1.04917         54.7        41.257
4.5700     -260024.3041 -260038.8419      14.5377   299.9    3568.1201         1.04798         54.8        41.257
4.5800     -260024.5478 -260038.3435      13.7957   284.6    3555.2769         1.05177         54.9        41.257
4.5900     -260024.0019 -260038.0769      14.0750   290.4    3555.2769         1.05177         54.8        41.257
4.6000     -260022.9992 -260037.5955      14.5963   301.1    3555.2769         1.05177         54.6        41.257
4.6100     -260023.3396 -260037.7131      14.3734   296.5    3555.2769         1.05177         54.6        41.257
4.6200     -260023.5047 -260038.8194      15.3148   315.9    3556.5874         1.05138         54.7        41.257
4.6300     -260023.9360 -260038.7968      14.8608   306.6    3556.5874         1.05138         54.6        41.257
4.6400     -260023.7200 -260038.0963      14.3764   296.6    3575.7224         1.04575         54.7        41.257
4.6500     -260023.7404 -260037.4485      13.7081   282.8    3575.7224         1.04575         54.6        41.257
4.6600     -260023.7342 -260037.9923      14.2581   294.1    3575.7224         1.04575         54.6        41.257
4.6700     -260023.3008 -260037.9248      14.6241   301.7    3575.7224         1.04575         54.4        41.257
4.6800     -260022.7044 -260037.1670      14.4626   298.4    3558.6424         1.05077         54.5        41.257
4.6900     -260023.0206 -260036.6453      13.6247   281.1    3558.6424         1.05077         54.4        41.257
4.7000     -260022.7342 -260037.3580      14.6239   301.7    3558.6424         1.05077         54.3        41.257
4.7100     -260023.1997 -260037.7271      14.5274   299.7    3558.6424         1.05077         54.3        41.257
4.7200     -260023.1744 -260037.5257      14.3513   296.1    3558.6424         1.05077         54.1        41.257
4.7300     -260023.1044 -260036.9417      13.8373   285.5    3558.6424         1.05077         54.0        41.257
4.7400     -260022.6762 -260036.6556      13.9794   288.4    3558.6424         1.05077         53.8        41.257
4.7500     -260022.7298 -260036.3253      13.5956   280.5    3562.3236         1.04969         53.9        41.257
4.7600     -260022.8307 -260036.9675      14.1368   291.6    3562.3236         1.04969         53.9        41.257
4.7700     -260022.1653 -260037.1894      15.0241   310.0    3543.3516         1.05531         54.1        41.257
4.7800     -260021.9817 -260036.8671      14.8853   307.1    3543.3516         1.05531         53.9        41.257
4.7900     -260022.2265 -260037.1366      14.9100   307.6    3529.5515         1.05943         54.0        41.257
4.8000     -260023.0659 -260038.0813      15.0155   309.8    3565.5743         1.04873         54.2        41.257
4.8100     -260023.7637 -260037.6425      13.8788   286.3    3565.5743         1.04873         54.2        41.257
4.8200     -260023.9544 -260037.6801      13.7257   283.2    3591.3447         1.04121         54.3        41.257
4.8300     -260023.7330 -260037.9941      14.2612   294.2    3589.1393         1.04184         54.4        41.257
4.8400     -260022.8728 -260037.5893      14.7164   303.6    3605.3742         1.03715         54.5        41.257
4.8500     -260023.4633 -260038.1015      14.6382   302.0    3605.3742         1.03715         54.4        41.257
4.8600     -260023.9860 -260037.9228      13.9368   287.5    3605.3742         1.03715         54.4        41.257
4.8700     -260023.8481 -260037.4424      13.5943   280.5    3613.0130         1.03496         54.5        41.257
4.8800     -260024.3075 -260038.4547      14.1472   291.9    3613.0130         1.03496         54.4        41.257
4.8900     -260024.5719 -260038.4053      13.8334   285.4    3613.0130         1.03496         54.2        41.257
4.9000     -260025.0895 -260038.2558      13.1664   271.6    3613.0130         1.03496         54.1        41.257
4.9100     -260024.5627 -260038.6762      14.1136   291.2    3613.0130         1.03496         54.1        41.257
4.9200     -260024.4625 -260037.8335      13.3711   275.8    3592.1782         1.04096         54.2        41.257
4.9300     -260024.4557 -260038.3269      13.8711   286.2    3592.1782         1.04096         54.1        41.257
4.9400     -260023.3895 -260037.9940      14.6044   301.3    3592.1782         1.04096         53.9        41.257
4.9500     -260023.3663 -260037.5312      14.1648   292.2    3589.2114         1.04182         54.0        41.257
4.9600     -260023.3297 -260037.6970      14.3673   296.4    3589.2114         1.04182         54.0        41.257
4.9700     -260023.0964 -260038.0733      14.9768   309.0    3589.2114         1.04182         53.9        41.257
4.9800     -260023.2049 -260037.6874      14.4825   298.8    3588.5531         1.04202         54.0        41.257
4.9900     -260022.9296 -260037.7889      14.8592   306.6    3591.8297         1.04106         54.1        41.257
5.0000     -260022.9196 -260037.2650      14.3454   295.9    3585.2685         1.04297         54.2        41.257
5.0100     -260022.8031 -260037.3229      14.5198   299.5    3585.2685         1.04297         54.2        41.257
5.0200     -260021.4518 -260036.6517      15.1999   313.6    3582.8319         1.04368         54.4        41.257
5.0300     -260021.1942 -260036.7534      15.5593   321.0    3582.8319         1.04368         54.2        41.257
5.0400     -260022.0101 -260037.2554      15.2454   314.5    3552.6302         1.05255         54.3        41.257
5.0500     -260021.8909 -260037.2099      15.3189   316.0    3590.6685         1.04140         54.5        41.257
5.0600     -260022.2115 -260037.0052      14.7937   305.2    3590.6685         1.04140         54.5        41.257
5.0700     -260022.1735 -260036.7505      14.5770   300.7    3590.6685         1.04140         54.3        41.257
5.0800     -260021.9457 -260037.7186      15.7728   325.4    3590.6685         1.04140         54.2        41.257
5.0900     -260022.3192 -260037.6265      15.3073   315.8    3585.8205         1.04281         54.3        41.257
5.1000     -260022.7914 -260037.7688      14.9774   309.0    3582.6091         1.04374         54.4        41.257
5.1100     -260022.7355 -260037.8220      15.0866   311.2    3582.6091         1.04374         54.4        41.257
5.1200     -260022.3891 -260038.0552      15.6661   323.2    3600.6902         1.03850         54.5        41.257
5.1300     -260022.6138 -260037.1993      14.5855   300.9    3600.6902         1.03850         54.4        41.257
5.1400     -260022.4149 -260037.6796      15.2647   314.9    3600.6902         1.03850         54.3        41.257
5.1500     -260022.5661 -260037.2373      14.6712   302.7    3581.3180         1.04412         54.4        41.257
5.1600     -260023.3747 -260037.8839      14.5092   299.3    3581.3180         1.04412         54.4        41.257
5.1700     -260023.9205 -260037.9508      14.0303   289.4    3581.3180         1.04412         54.2        41.257
5.1800     -260023.6240 -260037.8609      14.2369   293.7    3598.4500         1.03915         54.3        41.257
5.1900     -260023.6110 -260037.9035      14.2926   294.9    3608.1594         1.03635         54.5        41.257
5.2000     -260023.1752 -260037.5901      14.4149   297.4    3608.1594         1.03635         54.3        41.257
5.2100     -260023.2516 -260037.3720      14.1204   291.3    3608.1594         1.03635         54.3        41.257
5.2200     -260022.5017 -260036.6758      14.1741   292.4    3608.1594         1.03635         54.2        41.257
5.2300     -260022.4552 -260036.8598      14.4046   297.2    3580.8387         1.04426         54.3        41.257
5.2400     -260022.8359 -260036.8909      14.0551   290.0    3580.8387         1.04426         54.2        41.257
5.2500     -260023.4482 -260037.8484      14.4001   297.1    3570.4684         1.04729         54.3        41.257
5.2600     -260023.1554 -260037.8434      14.6880   303.0    3570.4684         1.04729         54.3        41.257
5.2700     -260023.9032 -260037.5906      13.6874   282.4    3570.4684         1.04729         54.2        41.257
5.2800     -260023.6354 -260037.5242      13.8887   286.5    3570.4684         1.04729         54.0        41.257
5.2900     -260023.2956 -260037.3015      14.0059   288.9    3588.3064         1.04209         54.1        41.257
5.3000     -260022.8335 -260036.8716      14.0380   289.6    3601.9582         1.03814         54.2        41.257
5.3100     -260022.3813 -260036.9296      14.5484   300.1    3601.9582         1.03814         54.2        41.257
5.3200     -260022.4548 -260036.8309      14.3761   296.6    3622.0063         1.03239         54.4        41.257
5.3300     -260021.8832 -260036.3919      14.5087   299.3    3626.2884         1.03117         54.5        41.257
5.3400     -260022.1877 -260035.9939      13.8062   284.8    3626.2884         1.03117         54.3        41.257
5.3500     -260021.9509 -260035.9714      14.0206   289.2    3607.7195         1.03648         54.4        41.257
5.3600     -260021.7324 -260035.3089      13.5765   280.1    3607.7195         1.03648         54.4        41.257
5.3700     -260021.2784 -260036.1004      14.8220   305.8    3607.7195         1.03648         54.3        41.257
5.3800     -260021.0308 -260035.8648      14.8340   306.0    3607.7195         1.03648         54.2        41.257
5.3900     -260020.5147 -260035.8628      15.3481   316.6    3607.7195         1.03648         54.1        41.257
5.4000     -260020.4554 -260035.4980      15.0426   310.3    3607.7195         1.03648         53.9        41.257
5.4100     -260020.7548 -260035.1888      14.4340   297.8    3607.7195         1.03648         53.9        41.257
5.4200     -260020.8276 -260035.3424      14.5148   299.4    3602.3200         1.03803         54.0        41.257
5.4300     -260020.5919 -260035.1430      14.5511   300.2    3602.3200         1.03803         53.9        41.257
5.4400     -260020.6603 -260035.4181      14.7578   304.5    3602.3200         1.03803         53.8        41.257
5.4500     -260020.3143 -260036.0986      15.7843   325.6    3578.5619         1.04492         53.9        41.257
5.4600     -260020.0960 -260035.5855      15.4895   319.6    3578.5619         1.04492         53.9        41.257
5.4700     -260020.0301 -260035.4644      15.4344   318.4    3600.2066         1.03864         54.0        41.257
5.4800     -260020.3696 -260035.2824      14.9128   307.7    3587.2375         1.04240         54.1        41.257
5.4900     -260020.4160 -260035.7420      15.3260   316.2    3587.2375         1.04240         54.0        41.257
5.5000     -260020.0684 -260036.4236      16.3552   337.4    3587.2375         1.04240         53.9        41.257
5.5100     -260020.5364 -260035.5262      14.9898   309.2    3587.2375         1.04240         53.9        41.257
5.5200     -260020.2650 -260035.8546      15.5896   321.6    3559.5683         1.05050         54.0        41.257
5.5300     -260020.4853 -260036.1789      15.6936   323.8    3538.3621         1.05680         54.1        41.257
5.5400     -260021.1475 -260036.5652      15.4177   318.1    3538.3621         1.05680         54.0        41.257
5.5500     -260020.5292 -260035.7021      15.1729   313.0    3533.6768         1.05820         54.1        41.257
5.5600     -260020.1989 -260035.5086      15.3098   315.8    3533.6768         1.05820         54.1        41.257
5.5700     -260020.3306 -260035.5813      15.2507   314.6    3519.5242         1.06245         54.2        41.257
5.5800     -260019.5916 -260035.6348      16.0431   331.0    3521.4402         1.06187         54.3        41.257
5.5900     -260020.3558 -260035.7588      15.4030   317.8    3521.4402         1.06187         54.1        41.257
5.6000     -260020.6243 -260035.9004      15.2761   315.1    3521.4402         1.06187         54.0        41.257
5.6100     -260020.7819 -260035.1120      14.3301   295.6    3521.4402         1.06187         54.0        41.257
5.6200     -260021.1274 -260035.6868      14.5593   300.4    3485.2246         1.07291         54.1        41.257
5.6300     -260021.1547 -260036.5891      15.4344   318.4    3487.3580         1.07225         54.2        41.257
5.6400     -260021.0763 -260035.5238      14.4475   298.1    3489.0986         1.07172         54.3        41.257
5.6500     -260020.7029 -260036.5912      15.8884   327.8    3489.0986         1.07172         54.2        41.257
5.6600     -260020.5981 -260035.9085      15.3104   315.9    3489.0986         1.07172         54.2        41.257
5.6700     -260020.7249 -260035.8614      15.1365   312.3    3489.0986         1.07172         54.1        41.257
5.6800     -260021.3605 -260036.2962      14.9357   308.1    3489.0986         1.07172         54.0        41.257
5.6900     -260021.3720 -260036.2779      14.9059   307.5    3489.0986         1.07172         53.8        41.257
5.7000     -260021.8482 -260035.9888      14.1407   291.7    3478.0606         1.07512         53.9        41.257
5.7100     -260021.9286 -260036.4757      14.5472   300.1    3478.0606         1.07512         53.9        41.257
5.7200     -260022.8329 -260036.8682      14.0353   289.6    3455.9151         1.08201         54.0        41.257
5.7300     -260022.3094 -260036.6614      14.3519   296.1    3480.1860         1.07446         54.1        41.257
5.7400     -260022.3892 -260036.8235      14.4343   297.8    3480.1860         1.07446         54.0        41.257
5.7500     -260022.3386 -260036.3933      14.0547   290.0    3519.0720         1.06259         54.1        41.257
5.7600     -260022.2144 -260035.9711      13.7567   283.8    3519.0720         1.06259         54.1        41.257
5.7700     -260021.6543 -260036.5313      14.8770   306.9    3524.8038         1.06086         54.2        41.257
5.7800     -260021.5630 -260036.5469      14.9840   309.1    3524.8038         1.06086         54.1        41.257
5.7900     -260021.6442 -260035.5509      13.9067   286.9    3486.4309         1.07254         54.2        41.257
5.8000     -260021.4093 -260035.1075      13.6982   282.6    3486.4309         1.07254         54.1        41.257
5.8100     -260021.5858 -260035.9228      14.3370   295.8    3486.4309         1.07254         54.1        41.257
5.8200     -260021.6468 -260036.4037      14.7570   304.4    3488.2002         1.07199         54.2        41.257
5.8300     -260021.6026 -260035.9049      14.3023   295.1    3488.2002         1.07199         54.1        41.257
5.8400     -260021.2899 -260036.0335      14.7436   304.2    3488.2002         1.07199         54.0        41.257
5.8500     -260021.1818 -260035.7695      14.5877   300.9    3479.5687         1.07465         54.1        41.257
5.8600     -260021.3461 -260037.1417      15.7956   325.9    3479.5687         1.07465         54.1        41.257
5.8700     -260021.3951 -260037.1632      15.7681   325.3    3472.9405         1.07670         54.2        41.257
5.8800     -260021.8217 -260036.9559      15.1342   312.2    3472.9405         1.07670         54.0        41.257
5.8900     -260021.8254 -260037.6127      15.7872   325.7    3496.5316         1.06944         54.1        41.257
5.9000     -260021.9023 -260037.4455      15.5432   320.7    3496.5316         1.06944         54.0        41.257
5.9100     -260022.1894 -260036.8861      14.6967   303.2    3496.5316         1.06944         54.0        41.257
5.9200     -260021.7752 -260036.6299      14.8547   306.5    3496.5316         1.06944         53.9        41.257
5.9300     -260022.0259 -260036.9797      14.9538   308.5    3499.3404         1.06858         54.0        41.257
5.9400     -260022.4434 -260037.2367      14.7933   305.2    3487.6538         1.07216         54.1        41.257
5.9500     -260022.1408 -260037.7143      15.5735   321.3    3487.6538         1.07216         54.0        41.257
5.9600     -260022.8355 -260037.4191      14.5836   300.9    3487.6538         1.07216         54.0        41.257
5.9700     -260023.6029 -260038.3724      14.7695   304.7    3475.1926         1.07601         54.1        41.257
5.9800     -260023.6500 -260037.9751      14.3251   295.5    3475.1926         1.07601         54.0        41.257
5.9900     -260023.8284 -260038.0132      14.1849   292.6    3500.6863         1.06817         54.1        41.257
6.0000     -260024.2930 -260037.6184      13.3254   274.9    3483.8545         1.07333         54.2        41.257
6.0100     -260023.9622 -260037.6817      13.7195   283.0    3483.8545         1.07333         54.2        41.257
6.0200     -260024.2370 -260037.5950      13.3580   275.6    3490.0655         1.07142         54.3        41.257
6.0300     -260024.4631 -260038.7058      14.2427   293.8    3501.3791         1.06796         54.4        41.257
6.0400     -260024.0636 -260038.2548      14.1911   292.8    3501.3791         1.06796         54.2        41.257
6.0500     -260024.0409 -260037.9603      13.9194   287.2    3478.4603         1.07499         54.3        41.257
6.0600     -260024.0858 -260037.7612      13.6754   282.1    3478.4603         1.07499         54.3        41.257
6.0700     -260024.3551 -260038.3805      14.0255   289.3    3478.4603         1.07499         54.2        41.257
6.0800     -260024.0305 -260037.8223      13.7918   284.5    3478.4603         1.07499         54.1        41.257
6.0900     -260023.5699 -260038.1054      14.5356   299.9    3478.4603         1.07499         54.0        41.257
6.1000     -260024.0601 -260037.9137      13.8536   285.8    3492.3714         1.07071         54.1        41.257
6.1100     -260024.1920 -260037.3292      13.1372   271.0    3492.3714         1.07071         54.1        41.257
6.1200     -260023.2970 -260037.8714      14.5744   300.7    3492.3714         1.07071         54.0        41.257
6.1300     -260023.3684 -260037.0733      13.7049   282.7    3501.8173         1.06782         54.1        41.257
6.1400     -260022.9601 -260037.1426      14.1825   292.6    3476.2874         1.07567         54.2        41.257
6.1500     -260023.2490 -260038.0925      14.8435   306.2    3476.2874         1.07567         54.1        41.257
6.1600     -260022.9164 -260036.8934      13.9770   288.3    3476.2874         1.07567         54.1        41.257
6.1700     -260022.8916 -260036.7098      13.8181   285.1    3485.0042         1.07298         54.2        41.257
6.1800     -260022.7931 -260036.8690      14.0759   290.4    3485.0042         1.07298         54.0        41.257
6.1900     -260022.3913 -260036.4786      14.0873   290.6    3485.0042         1.07298         53.9        41.257
6.2000     -260022.3699 -260036.1561      13.7863   284.4    3469.6419         1.07773         54.0        41.257
6.2100     -260022.2240 -260037.5613      15.3373   316.4    3469.6419         1.07773         54.0        41.257
6.2200     -260021.9111 -260036.9775      15.0664   310.8    3469.6419         1.07773         53.9        41.257
6.2300     -260022.0504 -260036.4304      14.3800   296.7    3469.6419         1.07773         53.8        41.257
6.2400     -260021.5189 -260036.6031      15.0842   311.2    3469.6419         1.07773         53.7        41.257
6.2500     -260021.9701 -260035.9291      13.9590   288.0    3469.6419         1.07773         53.6        41.257
6.2600     -260022.2730 -260035.3022      13.0292   268.8    3469.6419         1.07773         53.6        41.257
6.2700     -260022.1875 -260036.1029      13.9154   287.1    3469.6419         1.07773         53.5        41.257
6.2800     -260022.0973 -260036.2896      14.1923   292.8    3444.8501         1.08548         53.6        41.257
6.2900     -260022.1698 -260035.9044      13.7345   283.3    3433.6108         1.08904         53.7        41.257
6.3000     -260022.6593 -260036.3361      13.6768   282.2    3433.6108         1.08904         53.6        41.257
6.3100     -260022.5314 -260037.1720      14.6406   302.0    3433.6108         1.08904         53.6        41.257
6.3200     -260022.1987 -260035.9402      13.7415   283.5    3465.2711         1.07909         53.7        41.257
6.3300     -260021.7878 -260037.0442      15.2563   314.7    3465.2711         1.07909         53.6        41.257
6.3400     -260021.7422 -260036.9399      15.1977   313.5    3472.6204         1.07680         53.6        41.257
6.3500     -260021.5540 -260036.0803      14.5262   299.7    3472.6204         1.07680         53.5        41.257
6.3600     -260020.8312 -260035.9684      15.1372   312.3    3472.6204         1.07680         53.5        41.257
6.3700     -260020.3504 -260035.5087      15.1583   312.7    3484.0908         1.07326         53.6        41.257
6.3800     -260020.2648 -260035.9904      15.7256   324.4    3485.8322         1.07272         53.7        41.257
6.3900     -260021.0956 -260036.2649      15.1693   312.9    3485.8322         1.07272         53.6        41.257
6.4000     -260020.9306 -260036.7768      15.8461   326.9    3475.6202         1.07587         53.7        41.257
6.4100     -260020.8982 -260035.7335      14.8352   306.1    3475.6202         1.07587         53.7        41.257
6.4200     -260021.3548 -260036.1950      14.8401   306.2    3448.0239         1.08448         53.8        41.257
6.4300     -260021.8098 -260035.5541      13.7444   283.5    3468.3760         1.07812         53.9        41.257
6.4400     -260021.2808 -260035.6939      14.4132   297.3    3447.2068         1.08474         54.0        41.257
6.4500     -260021.6794 -260036.0010      14.3216   295.5    3449.4894         1.08402         54.1        41.257
6.4600     -260021.9562 -260036.2309      14.2747   294.5    3449.4894         1.08402         54.1        41.257
6.4700     -260021.9937 -260036.7058      14.7121   303.5    3452.7687         1.08299         54.2        41.257
6.4800     -260021.8192 -260036.0457      14.2265   293.5    3452.7687         1.08299         54.1        41.257
6.4900     -260021.3880 -260035.5170      14.1290   291.5    3452.7687         1.08299         53.9        41.257
6.5000     -260022.0949 -260035.7967      13.7018   282.7    3422.8681         1.09245         54.0        41.257
6.5100     -260021.6104 -260035.8560      14.2457   293.9    3422.8681         1.09245         54.0        41.257
6.5200     -260021.6747 -260035.7440      14.0694   290.3    3422.8681         1.09245         53.9        41.257
6.5300     -260021.6231 -260036.3173      14.6942   303.1    3444.6019         1.08556         54.0        41.257
6.5400     -260021.2804 -260035.6531      14.3726   296.5    3454.3259         1.08251         54.1        41.257
6.5500     -260020.6533 -260036.2016      15.5484   320.8    3474.7411         1.07615         54.2        41.257
6.5600     -260021.0784 -260035.9816      14.9032   307.5    3474.7411         1.07615         54.2        41.257
6.5700     -260021.2345 -260036.2085      14.9740   308.9    3463.3501         1.07968         54.3        41.257
6.5800     -260021.5212 -260036.4106      14.8894   307.2    3463.3501         1.07968         54.2        41.257
6.5900     -260021.8181 -260036.1019      14.2837   294.7    3463.3501         1.07968         54.1        41.257
6.6000     -260022.0935 -260035.9378      13.8443   285.6    3463.3501         1.07968         54.0        41.257
6.6100     -260021.9785 -260036.3462      14.3677   296.4    3463.3501         1.07968         54.0        41.257
6.6200     -260021.9054 -260036.4526      14.5472   300.1    3463.3501         1.07968         53.9        41.257
6.6300     -260022.0579 -260036.6253      14.5674   300.5    3432.4600         1.08940         54.0        41.257
6.6400     -260022.5764 -260036.5263      13.9499   287.8    3432.4600         1.08940         53.9        41.257
6.6500     -260022.6575 -260036.7282      14.0707   290.3    3419.4016         1.09356         53.9        41.257
6.6600     -260023.0392 -260037.2661      14.2269   293.5    3419.4016         1.09356         53.9        41.257
6.6700     -260022.0359 -260037.1104      15.0745   311.0    3424.4766         1.09194         54.0        41.257
6.6800     -260022.2758 -260036.3703      14.0945   290.8    3424.4766         1.09194         53.9        41.257
6.6900     -260022.1528 -260036.4105      14.2576   294.1    3425.5625         1.09159         54.0        41.257
6.7000     -260022.0530 -260036.8964      14.8434   306.2    3450.4795         1.08371         54.1        41.257
6.7100     -260021.7152 -260037.1357      15.4205   318.1    3450.4795         1.08371         54.1        41.257
6.7200     -260022.1774 -260037.4873      15.3099   315.8    3436.0577         1.08826         54.2        41.257
6.7300     -260021.9341 -260036.4778      14.5436   300.0    3436.0577         1.08826         54.1        41.257
6.7400     -260022.0583 -260036.2077      14.1494   291.9    3431.4110         1.08973         54.2        41.257
6.7500     -260022.1413 -260036.8569      14.7156   303.6    3407.2753         1.09745         54.3        41.257
6.7600     -260022.2545 -260036.9336      14.6790   302.8    3407.2753         1.09745         54.3        41.257
6.7700     -260022.2527 -260037.2892      15.0365   310.2    3406.3280         1.09776         54.3        41.257
6.7800     -260022.2311 -260036.7802      14.5491   300.2    3406.3280         1.09776         54.2        41.257
6.7900     -260022.3739 -260036.9345      14.5606   300.4    3415.5614         1.09479         54.3        41.257
6.8000     -260021.7593 -260036.2761      14.5167   299.5    3415.5614         1.09479         54.2        41.257
6.8100     -260021.7727 -260036.3738      14.6011   301.2    3415.5614         1.09479         54.2        41.257
6.8200     -260021.5181 -260036.0013      14.4833   298.8    3419.1567         1.09364         54.3        41.257
6.8300     -260021.5709 -260035.9870      14.4161   297.4    3412.3939         1.09581         54.4        41.257
6.8400     -260021.8028 -260036.2930      14.4902   298.9    3412.3939         1.09581         54.3        41.257
6.8500     -260021.3374 -260036.7881      15.4507   318.8    3415.3622         1.09485         54.4        41.257
6.8600     -260022.2246 -260036.6495      14.4249   297.6    3415.3622         1.09485         54.4        41.257
6.8700     -260022.5350 -260036.8534      14.3184   295.4    3415.3622         1.09485         54.3        41.257
6.8800     -260022.6761 -260036.8665      14.1905   292.8    3415.3622         1.09485         54.2        41.257
6.8900     -260022.7143 -260036.7892      14.0749   290.4    3415.3622         1.09485         54.1        41.257
6.9000     -260022.9500 -260036.8443      13.8943   286.6    3415.3622         1.09485         54.0        41.257
6.9100     -260023.4577 -260036.7798      13.3220   274.8    3415.3622         1.09485         54.0        41.257
6.9200     -260024.0819 -260037.2153      13.1334   270.9    3399.6852         1.09990         54.1        41.257
6.9300     -260024.1013 -260037.1662      13.0649   269.5    3436.4038         1.08815         54.2        41.257
6.9400     -260023.6681 -260038.0772      14.4091   297.3    3471.5342         1.07714         54.2        41.257
6.9500     -260022.6487 -260037.5048      14.8561   306.5    3482.6602         1.07370         54.3        41.257
6.9600     -260022.5644 -260036.5150      13.9506   287.8    3482.6602         1.07370         54.3        41.257
6.9700     -260022.7082 -260036.6834      13.9751   288.3    3482.6602         1.07370         54.2        41.257
6.9800     -260022.3745 -260036.8292      14.4547   298.2    3506.7936         1.06631         54.3        41.257
6.9900     -260022.4634 -260036.8602      14.3968   297.0    3506.7936         1.06631         54.2        41.257
7.0000     -260022.8521 -260036.5736      13.7215   283.1    3506.7936         1.06631         54.1        41.257
7.0100     -260023.0426 -260037.3140      14.2714   294.4    3506.7936         1.06631         54.1        41.257
7.0200     -260023.0343 -260037.0820      14.0477   289.8    3515.6590         1.06362         54.2        41.257
7.0300     -260023.0937 -260037.3156      14.2219   293.4    3515.6590         1.06362         54.1        41.257
7.0400     -260023.1788 -260037.0915      13.9127   287.0    3515.6590         1.06362         54.0        41.257
7.0500     -260022.9980 -260036.5521      13.5541   279.6    3526.5204         1.06034         54.1        41.257
7.0600     -260023.1736 -260036.7686      13.5951   280.5    3526.5204         1.06034         54.1        41.257
7.0700     -260023.3231 -260036.6830      13.3599   275.6    3496.5818         1.06942         54.2        41.257
7.0800     -260023.3435 -260037.2121      13.8686   286.1    3496.5818         1.06942         54.1        41.257
7.0900     -260023.2322 -260037.0737      13.8415   285.6    3505.7172         1.06664         54.1        41.257
7.1000     -260023.3181 -260037.2559      13.9378   287.5    3505.7172         1.06664         54.0        41.257
7.1100     -260023.0965 -260037.8095      14.7130   303.5    3505.7172         1.06664         54.0        41.257
7.1200     -260022.8905 -260037.1071      14.2166   293.3    3505.7172         1.06664         54.0        41.257
7.1300     -260022.1156 -260037.0196      14.9040   307.5    3505.7172         1.06664         53.9        41.257
7.1400     -260022.2706 -260037.2244      14.9539   308.5    3493.8926         1.07025         53.9        41.257
7.1500     -260022.0622 -260036.6565      14.5943   301.1    3503.5987         1.06728         54.0        41.257
7.1600     -260022.6803 -260036.6360      13.9557   287.9    3503.5987         1.06728         54.0        41.257
7.1700     -260023.4457 -260037.3708      13.9251   287.3    3510.2713         1.06525         54.1        41.257
7.1800     -260022.7804 -260037.0084      14.2281   293.5    3510.2713         1.06525         54.0        41.257
7.1900     -260023.4854 -260037.1562      13.6708   282.0    3491.4216         1.07100         54.1        41.257
7.2000     -260023.2169 -260037.4843      14.2674   294.3    3491.4216         1.07100         54.0        41.257
7.2100     -260022.3931 -260037.3148      14.9217   307.8    3491.4216         1.07100         54.0        41.257
7.2200     -260021.7646 -260036.5626      14.7980   305.3    3482.7086         1.07368         54.1        41.257
7.2300     -260022.1674 -260036.8849      14.7174   303.6    3482.7086         1.07368         54.0        41.257
7.2400     -260022.3847 -260037.3635      14.9788   309.0    3482.7086         1.07368         53.9        41.257
7.2500     -260022.1248 -260036.8700      14.7453   304.2    3500.4227         1.06825         54.0        41.257
7.2600     -260022.6581 -260037.1714      14.5132   299.4    3500.4227         1.06825         54.0        41.257
7.2700     -260022.8548 -260036.8726      14.0177   289.2    3500.4227         1.06825         53.9        41.257
7.2800     -260023.2543 -260037.8182      14.5639   300.5    3510.7355         1.06511         54.0        41.257
7.2900     -260022.5023 -260036.9686      14.4663   298.4    3491.2629         1.07105         54.0        41.257
7.3000     -260022.7995 -260036.6901      13.8906   286.6    3491.2629         1.07105         53.9        41.257
7.3100     -260022.1973 -260037.1088      14.9115   307.6    3491.2629         1.07105         53.9        41.257
7.3200     -260021.8485 -260036.4414      14.5929   301.1    3506.6745         1.06635         54.0        41.257
7.3300     -260022.5860 -260036.5904      14.0044   288.9    3506.6745         1.06635         53.9        41.257
7.3400     -260022.2760 -260037.2564      14.9805   309.1    3471.2760         1.07722         54.0        41.257
7.3500     -260022.1477 -260036.8306      14.6829   302.9    3454.8314         1.08235         54.1        41.257
7.3600     -260022.1898 -260036.9065      14.7167   303.6    3454.8314         1.08235         54.1        41.257
7.3700     -260021.6958 -260036.5987      14.9029   307.5    3428.9708         1.09051         54.2        41.257
7.3800     -260021.4705 -260036.6608      15.1903   313.4    3447.2980         1.08471         54.2        41.257
7.3900     -260021.5513 -260036.5082      14.9569   308.6    3445.9624         1.08513         54.3        41.257
7.4000     -260021.4612 -260036.5181      15.0569   310.6    3471.0572         1.07729         54.4        41.257
7.4100     -260022.1377 -260037.0834      14.9457   308.3    3471.0572         1.07729         54.4        41.257
7.4200     -260022.6501 -260036.8029      14.1528   292.0    3471.0572         1.07729         54.3        41.257
7.4300     -260022.3112 -260037.0949      14.7836   305.0    3492.6143         1.07064         54.4        41.257
7.4400     -260021.9420 -260036.4813      14.5394   300.0    3492.6143         1.07064         54.3        41.257
7.4500     -260022.0866 -260036.2625      14.1758   292.5    3477.6329         1.07525         54.4        41.257
7.4600     -260022.5544 -260036.7739      14.2195   293.4    3477.6329         1.07525         54.4        41.257
7.4700     -260022.9267 -260037.5469      14.6202   301.6    3439.9679         1.08702         54.4        41.257
7.4800     -260023.0485 -260037.1525      14.1040   291.0    3439.9679         1.08702         54.3        41.257
7.4900     -260023.4104 -260037.3801      13.9697   288.2    3439.9679         1.08702         54.3        41.257
7.5000     -260023.1921 -260037.9485      14.7564   304.4    3439.9679         1.08702         54.2        41.257
7.5100     -260022.7294 -260036.9001      14.1708   292.3    3439.9679         1.08702         54.2        41.257
7.5200     -260022.8450 -260036.6831      13.8381   285.5    3440.4915         1.08686         54.2        41.257
7.5300     -260022.1695 -260037.3978      15.2283   314.2    3440.4915         1.08686         54.2        41.257
7.5400     -260022.3641 -260036.9591      14.5950   301.1    3440.4915         1.08686         54.1        41.257
7.5500     -260022.5904 -260037.5842      14.9938   309.3    3433.8487         1.08896         54.1        41.257
7.5600     -260022.4155 -260036.8851      14.4697   298.5    3433.8487         1.08896         54.1        41.257
7.5700     -260022.5620 -260036.3493      13.7873   284.4    3447.1955         1.08474         54.2        41.257
7.5800     -260022.1039 -260037.3673      15.2634   314.9    3439.6113         1.08714         54.3        41.257
7.5900     -260022.0785 -260036.6698      14.5913   301.0    3439.6113         1.08714         54.2        41.257
7.6000     -260021.8869 -260037.1907      15.3038   315.7    3454.3279         1.08250         54.3        41.257
7.6100     -260021.5252 -260035.9663      14.4411   297.9    3454.3279         1.08250         54.3        41.257
7.6200     -260022.0206 -260036.0499      14.0293   289.4    3454.3279         1.08250         54.2        41.257
7.6300     -260021.6940 -260036.4288      14.7348   304.0    3454.3279         1.08250         54.1        41.257
7.6400     -260021.6641 -260036.2293      14.5652   300.5    3454.3279         1.08250         54.0        41.257
7.6500     -260021.4491 -260036.0471      14.5980   301.2    3454.3279         1.08250         53.9        41.257
7.6600     -260021.4694 -260035.7993      14.3299   295.6    3454.3279         1.08250         53.9        41.257
7.6700     -260021.4261 -260035.9085      14.4824   298.8    3454.3279         1.08250         53.8        41.257
7.6800     -260021.3480 -260036.1538      14.8058   305.4    3442.9229         1.08609         53.9        41.257
7.6900     -260021.6199 -260037.1977      15.5778   321.4    3442.9229         1.08609         53.8        41.257
7.7000     -260020.7850 -260035.7579      14.9729   308.9    3448.4816         1.08434         53.9        41.257
7.7100     -260020.8200 -260035.6262      14.8063   305.5    3448.4816         1.08434         53.9        41.257
7.7200     -260020.5062 -260035.6791      15.1729   313.0    3448.4816         1.08434         53.8        41.257
7.7300     -260020.3174 -260035.4433      15.1259   312.1    3429.8380         1.09023         53.9        41.257
7.7400     -260020.4548 -260035.9860      15.5312   320.4    3409.3907         1.09677         54.0        41.257
7.7500     -260020.3974 -260036.2870      15.8896   327.8    3395.8803         1.10114         54.0        41.257
7.7600     -260020.2202 -260035.4956      15.2754   315.1    3395.8803         1.10114         54.0        41.257
7.7700     -260020.6303 -260035.7142      15.0839   311.2    3395.8803         1.10114         53.9        41.257
7.7800     -260020.8425 -260035.8477      15.0053   309.6    3395.8803         1.10114         53.9        41.257
7.7900     -260020.8667 -260036.8003      15.9336   328.7    3395.8803         1.10114         53.8        41.257
7.8000     -260020.8536 -260036.4042      15.5506   320.8    3395.8803         1.10114         53.7        41.257
7.8100     -260021.4236 -260037.0173      15.5937   321.7    3395.8803         1.10114         53.7        41.257
7.8200     -260021.9336 -260036.6458      14.7122   303.5    3395.8803         1.10114         53.6        41.257
7.8300     -260021.5964 -260036.4235      14.8271   305.9    3395.8803         1.10114         53.5        41.257
7.8400     -260021.7464 -260036.7001      14.9537   308.5    3405.1644         1.09813         53.6        41.257
7.8500     -260022.0044 -260036.4119      14.4075   297.2    3426.9020         1.09117         53.7        41.257
7.8600     -260021.7547 -260035.5081      13.7534   283.7    3426.9020         1.09117         53.7        41.257
7.8700     -260021.8624 -260036.6643      14.8019   305.4    3400.3886         1.09968         53.7        41.257
7.8800     -260021.3788 -260036.3346      14.9559   308.5    3421.2686         1.09296         53.8        41.257
7.8900     -260021.9423 -260036.8854      14.9432   308.3    3421.2686         1.09296         53.7        41.257
7.9000     -260022.2870 -260036.5629      14.2759   294.5    3421.2686         1.09296         53.6        41.257
7.9100     -260022.3487 -260036.8579      14.5092   299.3    3421.2686         1.09296         53.6        41.257
7.9200     -260022.5485 -260037.0195      14.4710   298.5    3427.4836         1.09098         53.7        41.257
7.9300     -260023.0971 -260037.2089      14.1117   291.1    3427.4836         1.09098         53.6        41.257
7.9400     -260022.7833 -260037.8327      15.0494   310.5    3427.4836         1.09098         53.5        41.257
7.9500     -260022.5812 -260037.3424      14.7612   304.5    3446.4195         1.08499         53.6        41.257
7.9600     -260023.2269 -260037.6630      14.4361   297.8    3446.4195         1.08499         53.6        41.257
7.9700     -260022.7962 -260037.0462      14.2501   294.0    3446.4195         1.08499         53.5        41.257
7.9800     -260023.3902 -260037.3833      13.9931   288.7    3446.4195         1.08499         53.4        41.257
7.9900     -260023.8146 -260038.0273      14.2127   293.2    3423.5822         1.09223         53.5        41.257
8.0000     -260024.0275 -260038.0602      14.0327   289.5    3423.5822         1.09223         53.4        41.257
8.0100     -260023.3525 -260037.8380      14.4855   298.8    3423.5822         1.09223         53.4        41.257
8.0200     -260023.6390 -260037.8775      14.2386   293.7    3423.5822         1.09223         53.4        41.257
8.0300     -260023.4495 -260037.4651      14.0156   289.1    3416.8398         1.09438         53.4        41.257
8.0400     -260023.2374 -260037.1817      13.9442   287.7    3422.5989         1.09254         53.5        41.257
8.0500     -260023.9669 -260037.1259      13.1590   271.5    3422.5989         1.09254         53.4        41.257
8.0600     -260023.6914 -260037.4807      13.7893   284.5    3422.5989         1.09254         53.4        41.257
8.0700     -260023.9058 -260037.5732      13.6674   282.0    3422.5989         1.09254         53.3        41.257
8.0800     -260024.0104 -260036.8954      12.8850   265.8    3435.5645         1.08842         53.4        41.257
8.0900     -260024.2208 -260037.1139      12.8931   266.0    3448.3059         1.08440         53.5        41.257
8.1000     -260023.7363 -260037.6223      13.8859   286.5    3448.3059         1.08440         53.4        41.257
8.1100     -260024.1223 -260037.8624      13.7401   283.5    3448.3059         1.08440         53.4        41.257
8.1200     -260023.4988 -260037.7690      14.2702   294.4    3451.2512         1.08347         53.5        41.257
8.1300     -260023.4615 -260037.1136      13.6521   281.6    3451.2512         1.08347         53.4        41.257
8.1400     -260023.5706 -260038.1229      14.5523   300.2    3486.4565         1.07253         53.5        41.257
8.1500     -260024.3430 -260037.5460      13.2031   272.4    3486.4565         1.07253         53.4        41.257
8.1600     -260024.2898 -260037.7078      13.4179   276.8    3486.4565         1.07253         53.4        41.257
8.1700     -260023.8167 -260037.7483      13.9316   287.4    3486.4565         1.07253         53.3        41.257
8.1800     -260024.3597 -260038.4024      14.0427   289.7    3471.4951         1.07715         53.4        41.257
8.1900     -260024.1699 -260038.0377      13.8678   286.1    3471.4951         1.07715         53.3        41.257
8.2000     -260023.7514 -260038.2293      14.4779   298.7    3471.4951         1.07715         53.2        41.257
8.2100     -260023.3419 -260037.0497      13.7077   282.8    3471.4951         1.07715         53.2        41.257
8.2200     -260023.3604 -260037.0690      13.7085   282.8    3471.4951         1.07715         53.1        41.257
8.2300     -260023.4824 -260037.3264      13.8440   285.6    3471.4951         1.07715         53.0        41.257
8.2400     -260023.6158 -260037.1292      13.5134   278.8    3445.8599         1.08516         53.1        41.257
8.2500     -260023.3415 -260036.8724      13.5309   279.1    3445.8599         1.08516         53.0        41.257
8.2600     -260022.9498 -260037.1888      14.2391   293.8    3445.8599         1.08516         53.0        41.257
8.2700     -260022.6332 -260037.3395      14.7063   303.4    3477.6762         1.07524         53.1        41.257
8.2800     -260023.0304 -260037.6118      14.5813   300.8    3478.8367         1.07488         53.2        41.257
8.2900     -260022.9774 -260038.0310      15.0536   310.6    3468.1499         1.07819         53.2        41.257
8.3000     -260023.0740 -260037.5292      14.4552   298.2    3465.4448         1.07903         53.3        41.257
8.3100     -260022.5747 -260036.5656      13.9909   288.6    3465.4448         1.07903         53.3        41.257
8.3200     -260022.7873 -260036.8203      14.0329   289.5    3465.4448         1.07903         53.2        41.257
8.3300     -260022.6830 -260036.3347      13.6517   281.6    3479.8319         1.07457         53.3        41.257
8.3400     -260022.3549 -260035.9469      13.5920   280.4    3479.8319         1.07457         53.2        41.257
8.3500     -260022.4341 -260037.0573      14.6232   301.7    3479.8319         1.07457         53.1        41.257
8.3600     -260021.8700 -260036.6791      14.8091   305.5    3479.8319         1.07457         53.1        41.257
8.3700     -260022.0750 -260036.1926      14.1176   291.3    3479.8319         1.07457         53.1        41.257
8.3800     -260022.3924 -260035.9644      13.5720   280.0    3499.0745         1.06866         53.1        41.257
8.3900     -260021.9283 -260036.3126      14.3844   296.8    3499.0745         1.06866         53.1        41.257
8.4000     -260021.8485 -260035.5356      13.6871   282.4    3499.0745         1.06866         53.0        41.257
8.4100     -260021.7840 -260036.6780      14.8941   307.3    3499.0745         1.06866         53.0        41.257
8.4200     -260021.1991 -260035.8023      14.6032   301.3    3499.0745         1.06866         52.9        41.257
8.4300     -260021.3942 -260036.8388      15.4447   318.6    3499.0745         1.06866         52.8        41.257
8.4400     -260021.5402 -260037.4979      15.9577   329.2    3507.0791         1.06622         52.9        41.257
8.4500     -260022.0137 -260036.4367      14.4229   297.5    3532.0531         1.05868         53.0        41.257
8.4600     -260021.6051 -260036.5142      14.9091   307.6    3532.0531         1.05868         53.0        41.257
8.4700     -260022.0321 -260036.0028      13.9707   288.2    3532.0531         1.05868         52.9        41.257
8.4800     -260021.9671 -260036.3511      14.3841   296.7    3535.8580         1.05754         52.9        41.257
8.4900     -260022.1684 -260036.3605      14.1921   292.8    3542.5442         1.05555         53.0        41.257
8.5000     -260022.5909 -260037.0548      14.4638   298.4    3542.5442         1.05555         52.9        41.257
8.5100     -260023.4807 -260037.1554      13.6747   282.1    3542.5442         1.05555         52.9        41.257
8.5200     -260023.0880 -260036.8610      13.7730   284.1    3534.6069         1.05792         53.0        41.257
8.5300     -260023.4016 -260037.0152      13.6136   280.9    3518.4765         1.06277         53.1        41.257
8.5400     -260023.3993 -260037.0057      13.6063   280.7    3518.4765         1.06277         53.0        41.257
8.5500     -260023.2995 -260037.0384      13.7390   283.4    3537.4833         1.05706         53.1        41.257
8.5600     -260023.9194 -260038.2827      14.3633   296.3    3537.4833         1.05706         53.1        41.257
8.5700     -260024.3060 -260038.2308      13.9247   287.3    3537.4833         1.05706         53.0        41.257
8.5800     -260024.7179 -260037.8529      13.1350   271.0    3542.2831         1.05563         53.1        41.257
8.5900     -260024.5710 -260038.0046      13.4336   277.1    3534.4113         1.05798         53.1        41.257
8.6000     -260024.7954 -260038.4070      13.6116   280.8    3538.6235         1.05672         53.2        41.257
8.6100     -260024.0975 -260038.2326      14.1351   291.6    3538.6235         1.05672         53.2        41.257
8.6200     -260024.5383 -260038.1473      13.6089   280.8    3538.6235         1.05672         53.1        41.257
8.6300     -260024.2987 -260038.0574      13.7586   283.8    3533.5282         1.05824         53.2        41.257
8.6400     -260024.8821 -260037.9507      13.0685   269.6    3525.7777         1.06057         53.3        41.257
8.6500     -260024.1648 -260038.3512      14.1864   292.7    3550.3606         1.05322         53.3        41.257
8.6600     -260024.1865 -260038.5913      14.4049   297.2    3550.3606         1.05322         53.3        41.257
8.6700     -260024.3131 -260037.8792      13.5661   279.9    3557.2816         1.05118         53.4        41.257
8.6800     -260024.3127 -260038.5206      14.2078   293.1    3557.2816         1.05118         53.3        41.257
8.6900     -260024.8900 -260038.6293      13.7393   283.4    3557.2816         1.05118         53.2        41.257
8.7000     -260024.6805 -260038.2469      13.5665   279.9    3577.0793         1.04536         53.3        41.257
8.7100     -260024.4483 -260037.7850      13.3367   275.1    3577.0793         1.04536         53.3        41.257
8.7200     -260024.6401 -260038.1197      13.4797   278.1    3569.5280         1.04757         53.4        41.257
8.7300     -260024.6394 -260037.7637      13.1243   270.8    3571.7014         1.04693         53.4        41.257
8.7400     -260024.7520 -260038.4913      13.7393   283.4    3576.1197         1.04564         53.5        41.257
8.7500     -260024.3953 -260038.4194      14.0241   289.3    3594.8081         1.04020         53.6        41.257
8.7600     -260023.5709 -260037.9991      14.4282   297.7    3594.8081         1.04020         53.6        41.257
8.7700     -260023.8367 -260037.5326      13.6959   282.5    3594.8081         1.04020         53.5        41.257
8.7800     -260023.4885 -260037.9372      14.4487   298.1    3594.8081         1.04020         53.4        41.257
8.7900     -260023.8357 -260038.2847      14.4490   298.1    3594.8081         1.04020         53.3        41.257
8.8000     -260022.9590 -260037.4560      14.4970   299.1    3601.0326         1.03840         53.4        41.257
8.8100     -260022.5706 -260037.4167      14.8461   306.3    3601.0326         1.03840         53.4        41.257
8.8200     -260022.4272 -260038.0152      15.5879   321.6    3570.9231         1.04716         53.5        41.257
8.8300     -260022.4266 -260037.8520      15.4253   318.2    3561.4861         1.04993         53.5        41.257
8.8400     -260022.4661 -260037.5654      15.0993   311.5    3573.7003         1.04635         53.6        41.257
8.8500     -260022.1408 -260037.5709      15.4301   318.3    3604.6170         1.03737         53.7        41.257
8.8600     -260022.0664 -260036.8205      14.7541   304.4    3604.6170         1.03737         53.7        41.257
8.8700     -260022.5557 -260037.2008      14.6451   302.1    3579.8024         1.04456         53.7        41.257
8.8800     -260022.5669 -260037.4458      14.8789   307.0    3605.2168         1.03720         53.8        41.257
8.8900     -260022.1096 -260037.1231      15.0135   309.7    3608.6124         1.03622         53.9        41.257
8.9000     -260022.5757 -260036.7772      14.2015   293.0    3608.6124         1.03622         53.8        41.257
8.9100     -260022.9866 -260036.5804      13.5938   280.4    3608.6124         1.03622         53.8        41.257
8.9200     -260022.6910 -260037.6854      14.9944   309.3    3608.6124         1.03622         53.7        41.257
8.9300     -260022.6293 -260036.8458      14.2165   293.3    3584.7000         1.04314         53.8        41.257
8.9400     -260023.0075 -260037.5984      14.5909   301.0    3547.4322         1.05409         53.8        41.257
8.9500     -260023.1480 -260037.0713      13.9233   287.2    3549.9662         1.05334         53.9        41.257
8.9600     -260023.3292 -260037.3239      13.9946   288.7    3549.9662         1.05334         53.9        41.257
8.9700     -260023.3198 -260036.9264      13.6066   280.7    3574.2862         1.04617         54.0        41.257
8.9800     -260023.6339 -260037.3338      13.6999   282.6    3568.6385         1.04783         54.0        41.257
8.9900     -260023.3316 -260037.5660      14.2344   293.7    3580.4856         1.04436         54.1        41.257
9.0000     -260022.8161 -260037.0114      14.1954   292.9    3593.5082         1.04058         54.2        41.257
9.0100     -260022.2890 -260036.6842      14.3952   297.0    3593.5082         1.04058         54.2        41.257
9.0200     -260022.2492 -260036.9301      14.6808   302.9    3564.2101         1.04913         54.2        41.257
9.0300     -260021.9730 -260036.8833      14.9102   307.6    3564.2101         1.04913         54.2        41.257
9.0400     -260022.2055 -260036.2333      14.0278   289.4    3525.6272         1.06061         54.2        41.257
9.0500     -260022.0358 -260036.2812      14.2454   293.9    3525.6272         1.06061         54.1        41.257
9.0600     -260022.9720 -260036.0483      13.0763   269.8    3525.6272         1.06061         54.1        41.257
9.0700     -260022.9602 -260037.0272      14.0670   290.2    3525.6272         1.06061         54.1        41.257
9.0800     -260022.9963 -260036.5345      13.5382   279.3    3503.5581         1.06729         54.1        41.257
9.0900     -260023.1733 -260036.7277      13.5544   279.6    3490.2676         1.07136         54.2        41.257
9.1000     -260023.5123 -260036.8332      13.3209   274.8    3490.2676         1.07136         54.1        41.257
9.1100     -260023.4031 -260037.0881      13.6850   282.3    3490.2676         1.07136         54.1        41.257
9.1200     -260023.1397 -260036.6525      13.5128   278.8    3460.7813         1.08049         54.2        41.257
9.1300     -260023.4543 -260036.7804      13.3261   274.9    3455.8420         1.08203         54.2        41.257
9.1400     -260023.4936 -260037.4335      13.9399   287.6    3455.8420         1.08203         54.2        41.257
9.1500     -260023.6365 -260037.6287      13.9922   288.7    3455.8420         1.08203         54.1        41.257
9.1600     -260023.3324 -260037.8997      14.5673   300.5    3455.8420         1.08203         54.1        41.257
9.1700     -260023.1358 -260037.4368      14.3010   295.0    3455.8420         1.08203         54.0        41.257
9.1800     -260023.3586 -260037.3582      13.9996   288.8    3455.8420         1.08203         54.0        41.257
9.1900     -260023.3697 -260037.5331      14.1634   292.2    3458.5256         1.08119         54.0        41.257
9.2000     -260023.1648 -260037.9077      14.7429   304.2    3458.5256         1.08119         53.9        41.257
9.2100     -260022.5479 -260036.8824      14.3345   295.7    3458.5256         1.08119         53.9        41.257
9.2200     -260022.2889 -260036.7067      14.4178   297.4    3467.9434         1.07825         54.0        41.257
9.2300     -260022.5036 -260036.9945      14.4909   299.0    3467.9434         1.07825         53.9        41.257
9.2400     -260022.8903 -260037.6556      14.7653   304.6    3478.8069         1.07489         54.0        41.257
9.2500     -260023.3717 -260037.5576      14.1859   292.7    3478.8069         1.07489         53.9        41.257
9.2600     -260023.0919 -260037.2060      14.1141   291.2    3478.8069         1.07489         53.9        41.257
9.2700     -260023.2237 -260037.6222      14.3985   297.0    3479.3633         1.07472         54.0        41.257
9.2800     -260023.8069 -260036.9900      13.1831   272.0    3479.3633         1.07472         53.9        41.257
9.2900     -260023.3825 -260037.1233      13.7408   283.5    3479.3633         1.07472         53.8        41.257
9.3000     -260023.4797 -260037.3431      13.8634   286.0    3479.3633         1.07472         53.8        41.257
9.3100     -260023.3405 -260037.1281      13.7875   284.4    3479.3633         1.07472         53.8        41.257
9.3200     -260023.0276 -260037.0272      13.9996   288.8    3479.3888         1.07471         53.8        41.257
9.3300     -260023.0148 -260036.9144      13.8996   286.8    3485.5772         1.07280         53.9        41.257
9.3400     -260023.1219 -260036.5795      13.4576   277.6    3485.5772         1.07280         53.8        41.257
9.3500     -260022.9388 -260037.3467      14.4079   297.2    3485.5772         1.07280         53.7        41.257
9.3600     -260023.2821 -260037.7703      14.4882   298.9    3485.5772         1.07280         53.7        41.257
9.3700     -260024.0744 -260037.7411      13.6668   281.9    3459.3189         1.08094         53.8        41.257
9.3800     -260023.8610 -260038.2637      14.4027   297.1    3458.8210         1.08110         53.9        41.257
9.3900     -260023.1964 -260037.8372      14.6408   302.0    3444.6307         1.08555         53.9        41.257
9.4000     -260022.9105 -260036.7507      13.8402   285.5    3444.6307         1.08555         53.9        41.257
9.4100     -260022.7433 -260037.0815      14.3382   295.8    3444.6307         1.08555         53.9        41.257
9.4200     -260023.2397 -260037.3057      14.0660   290.2    3444.6307         1.08555         53.8        41.257
9.4300     -260023.4336 -260038.0627      14.6290   301.8    3427.6527         1.09093         53.8        41.257
9.4400     -260022.8279 -260037.6125      14.7846   305.0    3427.6527         1.09093         53.8        41.257
9.4500     -260023.3205 -260037.7073      14.3868   296.8    3436.6300         1.08808         53.8        41.257
9.4600     -260023.8707 -260037.7214      13.8507   285.7    3436.6300         1.08808         53.8        41.257
9.4700     -260023.5230 -260038.2658      14.7429   304.1    3439.5562         1.08715         53.9        41.257
9.4800     -260023.4603 -260037.2384      13.7781   284.2    3439.5562         1.08715         53.8        41.257
9.4900     -260023.0042 -260036.8100      13.8058   284.8    3439.5562         1.08715         53.8        41.257
9.5000     -260023.7342 -260037.7813      14.0471   289.8    3439.5562         1.08715         53.7        41.257
9.5100     -260024.2952 -260038.0624      13.7672   284.0    3439.5562         1.08715         53.7        41.257
9.5200     -260023.5147 -260037.9687      14.4541   298.2    3448.7302         1.08426         53.7        41.257
9.5300     -260023.4680 -260037.9184      14.4504   298.1    3415.3093         1.09487         53.8        41.257
9.5400     -260023.6959 -260037.7397      14.0438   289.7    3415.3093         1.09487         53.7        41.257
9.5500     -260023.6706 -260037.2563      13.5857   280.3    3415.3093         1.09487         53.7        41.257
9.5600     -260023.7708 -260037.1674      13.3965   276.4    3415.3093         1.09487         53.7        41.257
9.5700     -260023.5837 -260037.7710      14.1873   292.7    3415.3093         1.09487         53.6        41.257
9.5800     -260023.7240 -260037.8675      14.1436   291.8    3415.3093         1.09487         53.5        41.257
9.5900     -260023.4111 -260037.6525      14.2413   293.8    3444.2393         1.08568         53.6        41.257
9.6000     -260023.1052 -260036.3620      13.2568   273.5    3444.2393         1.08568         53.5        41.257
9.6100     -260023.0949 -260037.5950      14.5001   299.1    3444.2393         1.08568         53.5        41.257
9.6200     -260023.3461 -260037.5523      14.2062   293.1    3432.9698         1.08924         53.6        41.257
9.6300     -260023.7487 -260037.2522      13.5035   278.6    3432.9698         1.08924         53.5        41.257
9.6400     -260024.2592 -260037.9400      13.6809   282.2    3432.9698         1.08924         53.4        41.257
9.6500     -260024.2197 -260038.0644      13.8447   285.6    3425.4595         1.09163         53.5        41.257
9.6600     -260024.4029 -260038.7626      14.3597   296.2    3425.4595         1.09163         53.5        41.257
9.6700     -260024.4676 -260038.3124      13.8448   285.6    3425.4595         1.09163         53.4        41.257
9.6800     -260024.6985 -260038.0142      13.3157   274.7    3425.4595         1.09163         53.4        41.257
9.6900     -260024.6232 -260038.6103      13.9870   288.6    3425.4595         1.09163         53.3        41.257
9.7000     -260024.1181 -260038.0737      13.9556   287.9    3404.2546         1.09843         53.4        41.257
9.7100     -260023.5039 -260038.2450      14.7411   304.1    3404.2546         1.09843         53.4        41.257
9.7200     -260022.8462 -260037.5476      14.7014   303.3    3413.8219         1.09535         53.4        41.257
9.7300     -260022.2496 -260037.0395      14.7899   305.1    3396.7913         1.10084         53.5        41.257
9.7400     -260022.1512 -260036.7372      14.5860   300.9    3396.7913         1.10084         53.4        41.257
9.7500     -260021.7052 -260036.5011      14.7960   305.2    3396.7913         1.10084         53.3        41.257
9.7600     -260021.2654 -260036.3029      15.0375   310.2    3396.7913         1.10084         53.3        41.257
9.7700     -260021.5888 -260036.3442      14.7554   304.4    3369.4452         1.10978         53.4        41.257
9.7800     -260021.6742 -260036.3701      14.6959   303.2    3387.6494         1.10381         53.5        41.257
9.7900     -260021.8025 -260036.8026      15.0001   309.5    3387.6494         1.10381         53.4        41.257
9.8000     -260021.4385 -260036.7007      15.2621   314.9    3387.6494         1.10381         53.3        41.257
9.8100     -260021.7528 -260036.6253      14.8725   306.8    3387.6494         1.10381         53.3        41.257
9.8200     -260021.2823 -260036.0463      14.7640   304.6    3387.6494         1.10381         53.2        41.257
9.8300     -260021.1886 -260036.7531      15.5645   321.1    3387.6494         1.10381         53.2        41.257
9.8400     -260021.2123 -260036.3029      15.0906   311.3    3387.6494         1.10381         53.1        41.257
9.8500     -260021.1987 -260035.4725      14.2738   294.5    3387.6494         1.10381         53.0        41.257
9.8600     -260020.9470 -260036.3746      15.4276   318.3    3387.6494         1.10381         53.0        41.257
9.8700     -260021.2879 -260035.9533      14.6654   302.6    3407.7888         1.09729         53.1        41.257
9.8800     -260021.3350 -260035.9764      14.6413   302.1    3407.7888         1.09729         53.0        41.257
9.8900     -260020.9193 -260035.7267      14.8075   305.5    3407.7888         1.09729         53.0        41.257
9.9000     -260021.0324 -260035.4086      14.3763   296.6    3442.8118         1.08613         53.0        41.257
9.9100     -260021.7910 -260036.0476      14.2565   294.1    3442.8118         1.08613         53.0        41.257
9.9200     -260021.6197 -260036.1304      14.5108   299.4    3442.8118         1.08613         53.0        41.257
9.9300     -260021.1905 -260036.1553      14.9648   308.7    3442.8118         1.08613         52.9        41.257
9.9400     -260021.4819 -260036.1258      14.6438   302.1    3442.8118         1.08613         52.8        41.257
9.9500     -260021.1191 -260036.8536      15.7345   324.6    3442.8118         1.08613         52.8        41.257
9.9600     -260021.6314 -260036.5596      14.9282   308.0    3442.8118         1.08613         52.8        41.257
9.9700     -260022.2495 -260037.6506      15.4011   317.7    3442.8118         1.08613         52.7        41.257
9.9800     -260022.5026 -260036.9449      14.4423   297.9    3450.3388         1.08376         52.8        41.257
9.9900     -260022.5677 -260036.6489      14.0811   290.5    3425.2196         1.09170         52.8        41.257
10.0000    -260022.8642 -260037.2516      14.3874   296.8    3407.3571         1.09743         52.9        41.257
10.0100    -260022.9318 -260037.8916      14.9598   308.6    3407.3571         1.09743         52.9        41.257
10.0200    -260022.7070 -260038.2216      15.5146   320.1    3416.2904         1.09456         52.9        41.257
10.0300    -260022.5885 -260037.4574      14.8689   306.7    3403.0571         1.09881         53.0        41.257
10.0400    -260022.2252 -260036.8661      14.6409   302.0    3403.0571         1.09881         52.9        41.257
10.0500    -260022.4642 -260037.5452      15.0810   311.1    3403.0571         1.09881         52.9        41.257
10.0600    -260022.1965 -260036.9167      14.7202   303.7    3403.0571         1.09881         52.9        41.257
10.0700    -260022.3626 -260037.4162      15.0536   310.6    3414.0420         1.09528         52.9        41.257
10.0800    -260022.6604 -260038.0476      15.3872   317.4    3414.0420         1.09528         52.9        41.257
10.0900    -260022.8238 -260037.4054      14.5816   300.8    3438.2673         1.08756         52.9        41.257
10.1000    -260023.1206 -260037.4676      14.3470   296.0    3444.6342         1.08555         53.0        41.257
10.1100    -260022.7715 -260037.5774      14.8059   305.4    3444.6342         1.08555         53.0        41.257
10.1200    -260022.9830 -260037.9438      14.9607   308.6    3444.6342         1.08555         52.9        41.257
10.1300    -260023.1197 -260038.1554      15.0357   310.2    3444.6342         1.08555         52.8        41.257
10.1400    -260024.1982 -260038.8043      14.6061   301.3    3431.7121         1.08964         52.9        41.257
10.1500    -260024.2926 -260038.8394      14.5468   300.1    3431.7121         1.08964         52.8        41.257
10.1600    -260024.3800 -260038.2008      13.8208   285.1    3431.7121         1.08964         52.8        41.257
10.1700    -260023.8332 -260037.8363      14.0030   288.9    3435.2544         1.08852         52.9        41.257
10.1800    -260023.9761 -260038.8690      14.8929   307.2    3435.2544         1.08852         52.8        41.257
10.1900    -260023.9080 -260038.2791      14.3711   296.5    3435.2544         1.08852         52.8        41.257
10.2000    -260024.0158 -260038.1222      14.1064   291.0    3436.2909         1.08819         52.8        41.257
10.2100    -260024.0860 -260037.6962      13.6102   280.8    3436.2909         1.08819         52.8        41.257
10.2200    -260023.7429 -260038.0548      14.3119   295.3    3460.9121         1.08045         52.9        41.257
10.2300    -260023.6527 -260038.3524      14.6998   303.3    3460.9121         1.08045         52.8        41.257
10.2400    -260023.1836 -260038.0428      14.8592   306.5    3460.9121         1.08045         52.7        41.257
10.2500    -260023.0116 -260038.0318      15.0202   309.9    3457.7541         1.08143         52.8        41.257
10.2600    -260022.8201 -260036.5301      13.7100   282.8    3457.7541         1.08143         52.8        41.257
10.2700    -260022.3810 -260036.7134      14.3324   295.7    3457.7541         1.08143         52.7        41.257
10.2800    -260022.8856 -260036.6536      13.7680   284.0    3457.7541         1.08143         52.7        41.257
10.2900    -260021.9417 -260036.7879      14.8461   306.3    3457.7541         1.08143         52.6        41.257
10.3000    -260022.2110 -260036.5938      14.3828   296.7    3457.7541         1.08143         52.5        41.257
10.3100    -260022.0533 -260036.9437      14.8904   307.2    3457.7541         1.08143         52.5        41.257
10.3200    -260022.2136 -260036.8938      14.6802   302.9    3468.6585         1.07803         52.6        41.257
10.3300    -260022.6507 -260036.4429      13.7921   284.5    3447.9082         1.08452         52.7        41.257
10.3400    -260022.9026 -260036.8484      13.9459   287.7    3447.9082         1.08452         52.6        41.257
10.3500    -260022.8091 -260037.5103      14.7012   303.3    3416.9997         1.09433         52.7        41.257
10.3600    -260022.3121 -260037.6057      15.2937   315.5    3416.9997         1.09433         52.7        41.257
10.3700    -260023.0148 -260037.0779      14.0631   290.1    3432.4600         1.08940         52.7        41.257
10.3800    -260022.9209 -260037.2802      14.3593   296.2    3429.2659         1.09042         52.8        41.257
10.3900    -260022.7762 -260037.4118      14.6356   301.9    3429.2659         1.09042         52.7        41.257
10.4000    -260022.5957 -260037.3146      14.7189   303.7    3429.2659         1.09042         52.6        41.257
10.4100    -260023.0656 -260036.9523      13.8867   286.5    3429.2659         1.09042         52.6        41.257
10.4200    -260022.8243 -260037.0398      14.2154   293.3    3429.2659         1.09042         52.6        41.257
10.4300    -260022.4477 -260036.7365      14.2888   294.8    3429.0296         1.09049         52.6        41.257
10.4400    -260022.2085 -260036.8853      14.6767   302.8    3421.2017         1.09299         52.7        41.257
10.4500    -260022.0479 -260036.9955      14.9476   308.4    3418.9483         1.09371         52.8        41.257
10.4600    -260022.2223 -260036.0646      13.8423   285.6    3418.9483         1.09371         52.8        41.257
10.4700    -260022.1124 -260035.7122      13.5998   280.6    3418.9483         1.09371         52.7        41.257
10.4800    -260022.0764 -260036.8100      14.7336   304.0    3416.6674         1.09444         52.7        41.257
10.4900    -260022.3514 -260036.9737      14.6223   301.7    3416.6674         1.09444         52.7        41.257
10.5000    -260022.0565 -260036.3932      14.3367   295.8    3429.5834         1.09032         52.7        41.257
10.5100    -260022.0174 -260036.7840      14.7665   304.6    3429.5834         1.09032         52.7        41.257
10.5200    -260021.7817 -260036.9864      15.2047   313.7    3429.5834         1.09032         52.7        41.257
10.5300    -260022.1216 -260037.1884      15.0668   310.8    3429.5834         1.09032         52.6        41.257
10.5400    -260021.8593 -260036.8587      14.9993   309.4    3465.8916         1.07889         52.7        41.257
10.5500    -260022.4268 -260036.3615      13.9347   287.5    3465.8916         1.07889         52.6        41.257
10.5600    -260022.5127 -260036.8754      14.3627   296.3    3465.8916         1.07889         52.6        41.257
10.5700    -260022.4817 -260037.7785      15.2967   315.6    3487.3797         1.07225         52.7        41.257
10.5800    -260022.7984 -260037.5928      14.7944   305.2    3487.3797         1.07225         52.6        41.257
10.5900    -260023.3552 -260037.6531      14.2979   295.0    3487.3797         1.07225         52.5        41.257
10.6000    -260023.6965 -260038.2059      14.5094   299.3    3487.3797         1.07225         52.5        41.257
10.6100    -260023.1358 -260037.8354      14.6996   303.3    3487.3797         1.07225         52.5        41.257
10.6200    -260023.4078 -260037.9125      14.5047   299.2    3487.3797         1.07225         52.4        41.257
10.6300    -260023.4631 -260038.0271      14.5641   300.5    3487.3797         1.07225         52.4        41.257
10.6400    -260023.4104 -260038.2142      14.8038   305.4    3487.3797         1.07225         52.3        41.257
10.6500    -260023.4528 -260037.9458      14.4930   299.0    3487.3797         1.07225         52.2        41.257
10.6600    -260023.0634 -260037.7263      14.6629   302.5    3487.3797         1.07225         52.2        41.257
10.6700    -260023.3952 -260037.9735      14.5782   300.8    3487.3797         1.07225         52.2        41.257
10.6800    -260023.2873 -260038.0443      14.7569   304.4    3452.8256         1.08298         52.2        41.257
10.6900    -260022.8831 -260037.7074      14.8243   305.8    3452.8256         1.08298         52.2        41.257
10.7000    -260022.8463 -260037.7948      14.9484   308.4    3457.3100         1.08157         52.2        41.257
10.7100    -260022.7055 -260037.3744      14.6689   302.6    3457.3100         1.08157         52.2        41.257
10.7200    -260022.8685 -260037.0752      14.2067   293.1    3493.8974         1.07025         52.3        41.257
10.7300    -260023.3252 -260037.3826      14.0574   290.0    3493.8974         1.07025         52.2        41.257
10.7400    -260023.4394 -260038.0188      14.5794   300.8    3493.8974         1.07025         52.2        41.257
10.7500    -260023.1410 -260037.8818      14.7409   304.1    3493.8974         1.07025         52.1        41.257
10.7600    -260022.9688 -260037.8947      14.9259   307.9    3493.8974         1.07025         52.1        41.257
10.7700    -260023.3586 -260037.2501      13.8914   286.6    3493.8974         1.07025         52.0        41.257
10.7800    -260024.0503 -260037.6690      13.6187   281.0    3476.7270         1.07553         52.1        41.257
10.7900    -260024.1345 -260038.2302      14.0957   290.8    3459.9058         1.08076         52.1        41.257
10.8000    -260023.9345 -260037.2947      13.3602   275.6    3459.9058         1.08076         52.1        41.257
10.8100    -260024.2194 -260037.8548      13.6354   281.3    3459.9058         1.08076         52.1        41.257
10.8200    -260023.9187 -260037.6015      13.6828   282.3    3459.9058         1.08076         52.0        41.257
10.8300    -260023.3903 -260037.9152      14.5249   299.7    3476.7791         1.07551         52.1        41.257
10.8400    -260023.1880 -260037.7530      14.5650   300.5    3476.7791         1.07551         52.0        41.257
10.8500    -260023.4468 -260037.4656      14.0188   289.2    3489.5068         1.07159         52.1        41.257
10.8600    -260022.6909 -260036.7943      14.1034   291.0    3489.5068         1.07159         52.1        41.257
10.8700    -260022.4452 -260037.2105      14.7653   304.6    3448.3014         1.08440         52.1        41.257
10.8800    -260022.9885 -260036.9995      14.0110   289.1    3448.3014         1.08440         52.1        41.257
10.8900    -260023.2434 -260037.5005      14.2572   294.1    3443.5130         1.08590         52.1        41.257
10.9000    -260023.1889 -260037.2853      14.0964   290.8    3443.5130         1.08590         52.1        41.257
10.9100    -260023.5924 -260038.4302      14.8378   306.1    3443.5130         1.08590         52.1        41.257
10.9200    -260023.2816 -260037.5612      14.2795   294.6    3433.3783         1.08911         52.1        41.257
10.9300    -260023.3183 -260037.3941      14.0758   290.4    3453.2362         1.08285         52.2        41.257
10.9400    -260023.8115 -260037.8034      13.9919   288.7    3453.2362         1.08285         52.1        41.257
10.9500    -260023.7866 -260038.0035      14.2169   293.3    3453.2362         1.08285         52.1        41.257
10.9600    -260023.8266 -260038.0221      14.1955   292.9    3453.2362         1.08285         52.1        41.257
10.9700    -260023.9483 -260037.7607      13.8124   285.0    3453.2362         1.08285         52.0        41.257
10.9800    -260022.6925 -260037.4160      14.7235   303.7    3453.2362         1.08285         51.9        41.257
10.9900    -260022.7135 -260037.1804      14.4669   298.5    3479.1739         1.07477         52.0        41.257
11.0000    -260023.3568 -260037.7523      14.3955   297.0    3479.1739         1.07477         51.9        41.257
11.0100    -260023.2917 -260037.7521      14.4603   298.3    3479.1739         1.07477         51.9        41.257
11.0200    -260022.8500 -260037.0605      14.2105   293.2    3479.1739         1.07477         51.9        41.257
11.0300    -260022.9719 -260037.2691      14.2972   295.0    3479.1739         1.07477         51.8        41.257
11.0400    -260022.6637 -260037.2769      14.6132   301.5    3479.1739         1.07477         51.8        41.257
11.0500    -260022.4860 -260037.0592      14.5732   300.6    3475.2883         1.07598         51.8        41.257
11.0600    -260023.0177 -260037.2693      14.2516   294.0    3475.2883         1.07598         51.8        41.257
11.0700    -260023.6184 -260037.4315      13.8131   285.0    3475.2883         1.07598         51.8        41.257
11.0800    -260023.7731 -260037.9405      14.1674   292.3    3475.3431         1.07596         51.8        41.257
11.0900    -260023.8993 -260037.3189      13.4196   276.9    3479.0558         1.07481         51.9        41.257
11.1000    -260023.9121 -260037.4141      13.5020   278.5    3461.9799         1.08011         51.9        41.257
11.1100    -260023.6961 -260037.1192      13.4231   276.9    3461.9799         1.08011         51.9        41.257
11.1200    -260024.1123 -260037.0584      12.9460   267.1    3461.9799         1.08011         51.9        41.257
11.1300    -260024.1479 -260037.3076      13.1597   271.5    3502.8346         1.06751         51.9        41.257
11.1400    -260023.7813 -260037.2865      13.5052   278.6    3497.4083         1.06917         52.0        41.257
11.1500    -260023.5265 -260037.4930      13.9665   288.1    3485.5066         1.07282         52.0        41.257
11.1600    -260023.3353 -260037.0378      13.7025   282.7    3485.5066         1.07282         52.0        41.257
11.1700    -260023.3830 -260037.3153      13.9323   287.4    3485.5066         1.07282         52.0        41.257
11.1800    -260024.1615 -260038.3442      14.1827   292.6    3485.5066         1.07282         51.9        41.257
11.1900    -260024.0253 -260037.2677      13.2425   273.2    3517.3275         1.06312         52.0        41.257
11.2000    -260023.6796 -260037.4706      13.7910   284.5    3523.6916         1.06120         52.0        41.257
11.2100    -260023.2006 -260037.4503      14.2497   294.0    3523.6916         1.06120         52.0        41.257
11.2200    -260023.1736 -260036.8069      13.6333   281.3    3520.8442         1.06205         52.1        41.257
11.2300    -260023.0299 -260036.7140      13.6841   282.3    3520.8442         1.06205         52.0        41.257
11.2400    -260022.8479 -260036.9456      14.0977   290.8    3543.7458         1.05519         52.1        41.257
11.2500    -260023.3882 -260036.7500      13.3618   275.7    3548.5091         1.05377         52.1        41.257
11.2600    -260021.9068 -260036.7102      14.8033   305.4    3548.5091         1.05377         52.1        41.257
11.2700    -260021.9639 -260036.0321      14.0681   290.2    3548.5091         1.05377         52.1        41.257
11.2800    -260021.7779 -260035.9553      14.1773   292.5    3548.3078         1.05383         52.1        41.257
11.2900    -260022.0265 -260036.6897      14.6632   302.5    3560.9551         1.05009         52.2        41.257
11.3000    -260022.1417 -260036.1881      14.0464   289.8    3531.6895         1.05879         52.2        41.257
11.3100    -260022.2546 -260037.2314      14.9768   309.0    3531.6895         1.05879         52.2        41.257
11.3200    -260022.8707 -260037.5489      14.6782   302.8    3531.6895         1.05879         52.2        41.257
11.3300    -260022.2575 -260037.2886      15.0311   310.1    3531.6895         1.05879         52.1        41.257
11.3400    -260022.0972 -260036.7164      14.6192   301.6    3531.6895         1.05879         52.0        41.257
11.3500    -260022.5701 -260037.3544      14.7843   305.0    3531.6895         1.05879         52.0        41.257
11.3600    -260021.9753 -260036.8624      14.8870   307.1    3531.6895         1.05879         52.0        41.257
11.3700    -260022.0087 -260036.5212      14.5125   299.4    3531.6895         1.05879         51.9        41.257
11.3800    -260022.0230 -260036.0912      14.0682   290.2    3522.5292         1.06155         52.0        41.257
11.3900    -260022.1883 -260036.2854      14.0971   290.8    3521.2262         1.06194         52.0        41.257
11.4000    -260022.0549 -260036.4486      14.3937   296.9    3497.8388         1.06904         52.1        41.257
11.4100    -260022.4802 -260036.9888      14.5086   299.3    3497.8388         1.06904         52.1        41.257
11.4200    -260022.4207 -260037.1256      14.7049   303.4    3497.8388         1.06904         52.0        41.257
11.4300    -260022.2548 -260036.7404      14.4856   298.8    3497.8388         1.06904         52.0        41.257
11.4400    -260021.8222 -260036.4819      14.6597   302.4    3497.8388         1.06904         51.9        41.257
11.4500    -260021.3439 -260035.7685      14.4246   297.6    3535.1957         1.05774         52.0        41.257
11.4600    -260021.6931 -260035.8632      14.1701   292.3    3535.1957         1.05774         52.0        41.257
11.4700    -260022.0949 -260035.9524      13.8575   285.9    3535.1957         1.05774         51.9        41.257
11.4800    -260022.0495 -260036.1499      14.1004   290.9    3535.1957         1.05774         51.9        41.257
11.4900    -260021.1449 -260035.9871      14.8422   306.2    3521.9710         1.06171         51.9        41.257
11.5000    -260020.8916 -260035.3725      14.4809   298.7    3522.8645         1.06144         52.0        41.257
11.5100    -260020.7273 -260035.6428      14.9155   307.7    3522.8645         1.06144         52.0        41.257
11.5200    -260021.1473 -260036.0464      14.8991   307.4    3522.8645         1.06144         51.9        41.257
11.5300    -260020.9735 -260034.9658      13.9923   288.7    3523.3266         1.06131         52.0        41.257
11.5400    -260020.5063 -260034.7564      14.2501   294.0    3539.0561         1.05659         52.0        41.257
11.5500    -260021.1248 -260035.7822      14.6574   302.4    3539.0561         1.05659         51.9        41.257
11.5600    -260020.9432 -260035.7991      14.8559   306.5    3539.0561         1.05659         51.9        41.257
11.5700    -260021.0768 -260036.3226      15.2458   314.5    3540.1169         1.05627         52.0        41.257
11.5800    -260021.3594 -260036.2008      14.8415   306.2    3540.1169         1.05627         51.9        41.257
11.5900    -260021.1399 -260036.3200      15.1801   313.2    3540.1169         1.05627         51.9        41.257
11.6000    -260021.0753 -260035.8685      14.7931   305.2    3540.1169         1.05627         51.8        41.257
11.6100    -260021.0261 -260035.4077      14.3816   296.7    3540.1169         1.05627         51.8        41.257
11.6200    -260020.6186 -260035.3155      14.6969   303.2    3540.1169         1.05627         51.8        41.257
11.6300    -260019.5407 -260035.7029      16.1622   333.4    3540.1169         1.05627         51.7        41.257
11.6400    -260020.0409 -260035.0572      15.0162   309.8    3540.1169         1.05627         51.7        41.257
11.6500    -260020.4016 -260035.6389      15.2373   314.3    3540.1169         1.05627         51.6        41.257
11.6600    -260019.7602 -260035.0510      15.2908   315.5    3540.1169         1.05627         51.6        41.257
11.6700    -260019.6591 -260035.5204      15.8613   327.2    3540.1169         1.05627         51.6        41.257
11.6800    -260020.0995 -260035.3078      15.2083   313.8    3526.9476         1.06022         51.6        41.257
11.6900    -260020.3134 -260035.5786      15.2651   314.9    3502.5896         1.06759         51.7        41.257
11.7000    -260019.8112 -260036.1816      16.3703   337.7    3502.5896         1.06759         51.6        41.257
11.7100    -260020.2177 -260036.1030      15.8853   327.7    3502.5896         1.06759         51.6        41.257
11.7200    -260020.4331 -260035.4433      15.0102   309.7    3513.8925         1.06416         51.7        41.257
11.7300    -260020.5633 -260034.8492      14.2859   294.7    3489.8057         1.07150         51.7        41.257
11.7400    -260019.7503 -260034.8452      15.0949   311.4    3489.8057         1.07150         51.7        41.257
11.7500    -260020.4672 -260035.2097      14.7425   304.1    3489.8057         1.07150         51.6        41.257
11.7600    -260021.3170 -260036.5780      15.2611   314.8    3489.8057         1.07150         51.6        41.257
11.7700    -260021.6563 -260036.1955      14.5392   299.9    3489.8057         1.07150         51.5        41.257
11.7800    -260021.7443 -260036.2586      14.5143   299.4    3487.5106         1.07221         51.6        41.257
11.7900    -260021.6715 -260035.6366      13.9651   288.1    3517.0490         1.06320         51.6        41.257
11.8000    -260021.8669 -260036.4854      14.6185   301.6    3517.0490         1.06320         51.6        41.257
11.8100    -260021.9108 -260036.7874      14.8766   306.9    3517.0490         1.06320         51.6        41.257
11.8200    -260021.3392 -260036.2732      14.9340   308.1    3541.4738         1.05587         51.6        41.257
11.8300    -260021.3880 -260036.8814      15.4934   319.6    3541.4738         1.05587         51.6        41.257
11.8400    -260021.9139 -260036.9188      15.0049   309.6    3541.4738         1.05587         51.5        41.257
11.8500    -260022.3520 -260036.8121      14.4601   298.3    3509.1905         1.06558         51.6        41.257
11.8600    -260022.8331 -260037.3416      14.5085   299.3    3509.1905         1.06558         51.6        41.257
11.8700    -260022.9454 -260038.3205      15.3750   317.2    3509.1905         1.06558         51.5        41.257
11.8800    -260022.6249 -260038.1852      15.5603   321.0    3509.1905         1.06558         51.5        41.257
11.8900    -260023.0649 -260037.6989      14.6340   301.9    3509.1905         1.06558         51.4        41.257
11.9000    -260023.0848 -260036.9523      13.8675   286.1    3509.1905         1.06558         51.4        41.257
11.9100    -260023.3117 -260037.1917      13.8800   286.3    3509.1905         1.06558         51.4        41.257
11.9200    -260023.4107 -260037.7479      14.3372   295.8    3535.1016         1.05777         51.4        41.257
11.9300    -260023.2809 -260037.1122      13.8313   285.3    3533.0012         1.05840         51.5        41.257
11.9400    -260023.7444 -260037.4629      13.7185   283.0    3505.6950         1.06664         51.5        41.257
11.9500    -260024.2552 -260037.4921      13.2370   273.1    3516.9002         1.06324         51.6        41.257
11.9600    -260024.2186 -260037.8512      13.6327   281.2    3516.9002         1.06324         51.6        41.257
11.9700    -260023.9575 -260038.1788      14.2214   293.4    3516.9002         1.06324         51.5        41.257
11.9800    -260023.4380 -260037.4880      14.0500   289.9    3524.5996         1.06092         51.6        41.257
11.9900    -260023.3040 -260037.0299      13.7259   283.2    3524.5996         1.06092         51.5        41.257
12.0000    -260023.4180 -260037.1107      13.6927   282.5    3510.7067         1.06512         51.6        41.257
12.0100    -260023.4315 -260037.2906      13.8591   285.9    3510.7067         1.06512         51.6        41.257
12.0200    -260022.6651 -260037.5713      14.9062   307.5    3510.7067         1.06512         51.5        41.257
12.0300    -260022.5541 -260037.1070      14.5529   300.2    3520.5242         1.06215         51.6        41.257
12.0400    -260022.3906 -260037.0489      14.6583   302.4    3520.5242         1.06215         51.5        41.257
12.0500    -260022.3221 -260036.6956      14.3735   296.5    3479.5059         1.07467         51.6        41.257
12.0600    -260022.7544 -260037.1564      14.4020   297.1    3479.5059         1.07467         51.6        41.257
12.0700    -260022.9435 -260036.9330      13.9895   288.6    3478.4251         1.07501         51.6        41.257
12.0800    -260022.7583 -260036.8856      14.1273   291.5    3478.4251         1.07501         51.6        41.257
12.0900    -260022.4122 -260036.4690      14.0568   290.0    3509.3385         1.06554         51.6        41.257
12.1000    -260022.5031 -260036.5050      14.0019   288.9    3509.3385         1.06554         51.5        41.257
12.1100    -260021.9480 -260036.6386      14.6907   303.1    3509.3385         1.06554         51.5        41.257
12.1200    -260021.7568 -260036.1330      14.3762   296.6    3509.3385         1.06554         51.5        41.257
12.1300    -260021.2342 -260036.2007      14.9664   308.8    3509.3385         1.06554         51.4        41.257
12.1400    -260021.2762 -260036.3505      15.0743   311.0    3509.3385         1.06554         51.4        41.257
12.1500    -260021.8720 -260036.5856      14.7136   303.5    3529.9534         1.05931         51.4        41.257
12.1600    -260022.0315 -260037.1834      15.1519   312.6    3529.9534         1.05931         51.4        41.257
12.1700    -260022.3250 -260036.9856      14.6606   302.5    3529.9534         1.05931         51.4        41.257
12.1800    -260023.0548 -260037.0896      14.0348   289.5    3529.9534         1.05931         51.3        41.257
12.1900    -260023.3400 -260036.5745      13.2344   273.0    3499.3322         1.06858         51.4        41.257
12.2000    -260023.2888 -260036.4541      13.1653   271.6    3499.3322         1.06858         51.3        41.257
12.2100    -260022.3324 -260037.3296      14.9972   309.4    3499.3322         1.06858         51.3        41.257
12.2200    -260022.7133 -260037.3982      14.6848   303.0    3499.3322         1.06858         51.3        41.257
12.2300    -260023.4345 -260038.1178      14.6833   302.9    3500.8305         1.06813         51.3        41.257
12.2400    -260024.1805 -260037.7820      13.6014   280.6    3497.2537         1.06922         51.4        41.257
12.2500    -260024.7481 -260037.8433      13.0953   270.2    3486.9739         1.07237         51.4        41.257
12.2600    -260024.9821 -260038.2646      13.2825   274.0    3486.9739         1.07237         51.4        41.257
12.2700    -260024.5922 -260038.4531      13.8609   286.0    3486.9739         1.07237         51.4        41.257
12.2800    -260024.2454 -260038.5824      14.3369   295.8    3513.5262         1.06427         51.4        41.257
12.2900    -260023.9930 -260037.8058      13.8128   285.0    3513.5262         1.06427         51.4        41.257
12.3000    -260024.4575 -260037.8004      13.3429   275.3    3521.9233         1.06173         51.4        41.257
12.3100    -260023.5230 -260036.4388      12.9158   266.5    3521.9233         1.06173         51.4        41.257
12.3200    -260023.6511 -260036.6208      12.9697   267.6    3545.8741         1.05456         51.5        41.257
12.3300    -260022.6522 -260036.2244      13.5722   280.0    3545.8741         1.05456         51.4        41.257
12.3400    -260022.1056 -260036.1417      14.0361   289.6    3556.4907         1.05141         51.5        41.257
12.3500    -260022.2569 -260036.8390      14.5821   300.8    3550.1407         1.05329         51.5        41.257
12.3600    -260022.0692 -260036.7351      14.6658   302.6    3550.1407         1.05329         51.5        41.257
12.3700    -260022.0558 -260037.0065      14.9507   308.4    3550.1407         1.05329         51.5        41.257
12.3800    -260021.6011 -260037.0486      15.4475   318.7    3550.1407         1.05329         51.4        41.257
12.3900    -260021.0256 -260035.9396      14.9141   307.7    3591.0263         1.04130         51.5        41.257
12.4000    -260020.8580 -260035.9128      15.0549   310.6    3591.0263         1.04130         51.4        41.257
12.4100    -260020.5852 -260036.1698      15.5846   321.5    3591.0263         1.04130         51.4        41.257
12.4200    -260020.8385 -260035.9180      15.0794   311.1    3558.4649         1.05083         51.5        41.257
12.4300    -260020.7206 -260034.8386      14.1179   291.3    3561.4167         1.04995         51.5        41.257
12.4400    -260020.6287 -260035.0813      14.4526   298.2    3561.4167         1.04995         51.5        41.257
12.4500    -260020.6987 -260034.9820      14.2833   294.7    3584.3021         1.04325         51.5        41.257
12.4600    -260020.5466 -260035.1649      14.6182   301.6    3584.3021         1.04325         51.5        41.257
12.4700    -260020.8112 -260035.1421      14.3309   295.7    3568.3050         1.04793         51.6        41.257
12.4800    -260020.4103 -260034.4171      14.0068   289.0    3603.1542         1.03779         51.6        41.257
12.4900    -260020.8079 -260035.7524      14.9445   308.3    3569.5433         1.04756         51.7        41.257
12.5000    -260021.3639 -260035.3399      13.9761   288.3    3571.0895         1.04711         51.7        41.257
12.5100    -260021.0542 -260035.4574      14.4032   297.1    3571.0895         1.04711         51.7        41.257
12.5200    -260020.9967 -260035.9520      14.9554   308.5    3573.6803         1.04635         51.7        41.257
12.5300    -260020.2192 -260035.7028      15.4836   319.4    3573.6803         1.04635         51.7        41.257
12.5400    -260020.3980 -260035.3193      14.9213   307.8    3604.1095         1.03752         51.7        41.257
12.5500    -260020.9013 -260034.6429      13.7416   283.5    3604.1095         1.03752         51.7        41.257
12.5600    -260020.7566 -260034.8619      14.1053   291.0    3604.1095         1.03752         51.7        41.257
12.5700    -260019.5874 -260035.4327      15.8454   326.9    3604.1095         1.03752         51.6        41.257
12.5800    -260019.4296 -260035.1922      15.7626   325.2    3604.1095         1.03752         51.6        41.257
12.5900    -260019.7047 -260035.3193      15.6147   322.1    3589.0981         1.04186         51.6        41.257
12.6000    -260020.9531 -260035.3809      14.4278   297.6    3573.5446         1.04639         51.7        41.257
12.6100    -260020.9733 -260035.1259      14.1526   292.0    3573.5446         1.04639         51.7        41.257
12.6200    -260021.2325 -260034.9138      13.6814   282.2    3573.5446         1.04639         51.6        41.257
12.6300    -260021.0135 -260036.0393      15.0257   310.0    3584.6097         1.04316         51.7        41.257
12.6400    -260020.9506 -260035.8540      14.9034   307.5    3584.6097         1.04316         51.6        41.257
12.6500    -260020.9175 -260035.7156      14.7980   305.3    3577.3900         1.04527         51.7        41.257
12.6600    -260021.4810 -260035.9694      14.4884   298.9    3577.3900         1.04527         51.7        41.257
12.6700    -260021.7008 -260036.4920      14.7912   305.1    3577.3900         1.04527         51.6        41.257
12.6800    -260021.5721 -260036.2997      14.7276   303.8    3577.3900         1.04527         51.6        41.257
12.6900    -260022.5877 -260036.8507      14.2631   294.3    3577.3900         1.04527         51.5        41.257
12.7000    -260022.5394 -260036.8212      14.2818   294.6    3593.7760         1.04050         51.6        41.257
12.7100    -260022.5803 -260036.3033      13.7230   283.1    3593.7760         1.04050         51.6        41.257
12.7200    -260022.0729 -260036.1159      14.0431   289.7    3593.7760         1.04050         51.5        41.257
12.7300    -260021.8103 -260036.7100      14.8997   307.4    3593.7760         1.04050         51.5        41.257
12.7400    -260022.1141 -260035.8415      13.7274   283.2    3593.7760         1.04050         51.4        41.257
12.7500    -260022.0695 -260036.2384      14.1689   292.3    3595.9220         1.03988         51.5        41.257
12.7600    -260022.2492 -260036.0826      13.8334   285.4    3595.9220         1.03988         51.5        41.257
12.7700    -260022.8652 -260036.5349      13.6697   282.0    3595.9220         1.03988         51.4        41.257
12.7800    -260023.2843 -260037.0801      13.7958   284.6    3605.1036         1.03723         51.5        41.257
12.7900    -260023.0316 -260036.9630      13.9314   287.4    3605.1036         1.03723         51.4        41.257
12.8000    -260023.1678 -260036.5988      13.4309   277.1    3601.6559         1.03822         51.5        41.257
12.8100    -260022.9946 -260036.7158      13.7211   283.1    3601.6559         1.03822         51.5        41.257
12.8200    -260023.0472 -260036.9712      13.9241   287.3    3620.3302         1.03287         51.5        41.257
12.8300    -260022.6709 -260037.1301      14.4591   298.3    3620.3302         1.03287         51.5        41.257
12.8400    -260022.6804 -260036.5135      13.8331   285.4    3620.3302         1.03287         51.4        41.257
12.8500    -260022.6128 -260036.8177      14.2050   293.1    3615.5036         1.03425         51.5        41.257
12.8600    -260022.8328 -260036.7210      13.8882   286.5    3615.5036         1.03425         51.5        41.257
12.8700    -260022.7235 -260036.5439      13.8204   285.1    3615.5036         1.03425         51.4        41.257
12.8800    -260022.6237 -260036.3812      13.7576   283.8    3597.8511         1.03932         51.5        41.257
12.8900    -260022.8579 -260036.5824      13.7245   283.1    3597.8511         1.03932         51.4        41.257
12.9000    -260023.0966 -260036.7015      13.6049   280.7    3579.8307         1.04455         51.5        41.257
12.9100    -260022.2352 -260036.4255      14.1903   292.8    3579.8307         1.04455         51.5        41.257
12.9200    -260022.1924 -260036.3119      14.1195   291.3    3548.7159         1.05371         51.5        41.257
12.9300    -260022.0808 -260036.3084      14.2276   293.5    3548.7159         1.05371         51.5        41.257
12.9400    -260021.9720 -260036.2807      14.3087   295.2    3579.8806         1.04454         51.5        41.257
12.9500    -260022.0416 -260036.0810      14.0394   289.6    3605.3854         1.03715         51.5        41.257
12.9600    -260021.4465 -260036.4809      15.0344   310.2    3605.3854         1.03715         51.5        41.257
12.9700    -260021.5465 -260036.5047      14.9582   308.6    3605.3854         1.03715         51.5        41.257
12.9800    -260021.1830 -260036.2347      15.0518   310.5    3644.9261         1.02590         51.5        41.257
12.9900    -260021.3057 -260035.4883      14.1827   292.6    3636.6784         1.02823         51.6        41.257
13.0000    -260020.9009 -260035.5089      14.6081   301.4    3636.6784         1.02823         51.5        41.257
13.0100    -260021.2079 -260035.7549      14.5470   300.1    3636.6784         1.02823         51.5        41.257
13.0200    -260021.4432 -260035.9187      14.4755   298.6    3632.1340         1.02951         51.6        41.257
13.0300    -260021.5579 -260036.3654      14.8075   305.5    3631.5997         1.02966         51.6        41.257
13.0400    -260021.2163 -260036.5517      15.3354   316.4    3604.4368         1.03742         51.7        41.257
13.0500    -260021.3706 -260036.2129      14.8423   306.2    3624.9129         1.03156         51.7        41.257
13.0600    -260021.7701 -260036.5253      14.7551   304.4    3624.9129         1.03156         51.7        41.257
13.0700    -260021.9766 -260036.2504      14.2737   294.5    3606.1471         1.03693         51.8        41.257
13.0800    -260022.2754 -260036.9201      14.6447   302.1    3605.7819         1.03704         51.8        41.257
13.0900    -260022.0554 -260036.7322      14.6769   302.8    3605.7819         1.03704         51.8        41.257
13.1000    -260022.2213 -260036.4402      14.2189   293.3    3605.7819         1.03704         51.7        41.257
13.1100    -260022.0181 -260036.5469      14.5288   299.7    3605.7819         1.03704         51.7        41.257
13.1200    -260021.7788 -260036.7464      14.9675   308.8    3605.7819         1.03704         51.7        41.257
13.1300    -260021.8250 -260036.3750      14.5500   300.2    3605.7819         1.03704         51.6        41.257
13.1400    -260021.7737 -260036.5697      14.7960   305.2    3610.2074         1.03576         51.7        41.257
13.1500    -260021.6560 -260036.8466      15.1907   313.4    3610.2074         1.03576         51.6        41.257
13.1600    -260022.1660 -260036.2384      14.0724   290.3    3610.2074         1.03576         51.6        41.257
13.1700    -260022.2960 -260036.5407      14.2448   293.9    3610.2074         1.03576         51.6        41.257
13.1800    -260022.6155 -260036.7369      14.1214   291.3    3610.2074         1.03576         51.5        41.257
13.1900    -260022.0924 -260036.8325      14.7401   304.1    3610.2074         1.03576         51.5        41.257
13.2000    -260021.9526 -260036.7152      14.7626   304.6    3599.5822         1.03882         51.5        41.257
13.2100    -260022.0130 -260037.1651      15.1521   312.6    3599.5822         1.03882         51.5        41.257
13.2200    -260022.4561 -260037.1952      14.7391   304.1    3599.5822         1.03882         51.5        41.257
13.2300    -260021.8128 -260037.1588      15.3459   316.6    3599.5822         1.03882         51.4        41.257
13.2400    -260021.3874 -260036.1811      14.7937   305.2    3599.5822         1.03882         51.4        41.257
13.2500    -260021.0314 -260036.2991      15.2677   315.0    3599.5822         1.03882         51.3        41.257
13.2600    -260021.4677 -260036.2723      14.8046   305.4    3599.5822         1.03882         51.3        41.257
13.2700    -260021.8410 -260035.7937      13.9528   287.8    3599.5822         1.03882         51.3        41.257
13.2800    -260022.0676 -260036.3824      14.3149   295.3    3599.5822         1.03882         51.2        41.257
13.2900    -260022.2631 -260036.5078      14.2447   293.9    3620.3563         1.03286         51.3        41.257
13.3000    -260021.8511 -260036.2666      14.4155   297.4    3620.3563         1.03286         51.2        41.257
13.3100    -260021.9846 -260036.2683      14.2837   294.7    3620.3563         1.03286         51.2        41.257
13.3200    -260021.9933 -260036.4054      14.4121   297.3    3624.0790         1.03180         51.3        41.257
13.3300    -260022.1487 -260036.1074      13.9587   288.0    3624.0790         1.03180         51.2        41.257
13.3400    -260021.3679 -260035.9332      14.5653   300.5    3615.1524         1.03435         51.3        41.257
13.3500    -260021.1854 -260036.0236      14.8382   306.1    3615.1524         1.03435         51.2        41.257
13.3600    -260021.6092 -260036.7136      15.1044   311.6    3615.1524         1.03435         51.2        41.257
13.3700    -260021.2347 -260036.6362      15.4014   317.7    3615.1524         1.03435         51.2        41.257
13.3800    -260021.0327 -260035.8782      14.8456   306.3    3615.1524         1.03435         51.1        41.257
13.3900    -260021.2962 -260035.3661      14.0699   290.3    3613.4074         1.03485         51.2        41.257
13.4000    -260020.7236 -260036.3184      15.5948   321.7    3587.2469         1.04239         51.2        41.257
13.4100    -260020.8349 -260036.1080      15.2731   315.1    3587.2469         1.04239         51.2        41.257
13.4200    -260020.7969 -260036.0127      15.2158   313.9    3591.7204         1.04110         51.3        41.257
13.4300    -260021.1347 -260036.1475      15.0128   309.7    3568.3854         1.04790         51.3        41.257
13.4400    -260020.5157 -260035.4689      14.9532   308.5    3568.3854         1.04790         51.3        41.257
13.4500    -260020.5993 -260034.6576      14.0583   290.0    3572.6964         1.04664         51.3        41.257
13.4600    -260020.8799 -260035.2080      14.3281   295.6    3572.6964         1.04664         51.3        41.257
13.4700    -260020.3856 -260035.1687      14.7831   305.0    3598.4032         1.03916         51.3        41.257
13.4800    -260020.2962 -260034.9367      14.6405   302.0    3598.4032         1.03916         51.3        41.257
13.4900    -260020.1968 -260035.2847      15.0879   311.3    3619.6321         1.03307         51.3        41.257
13.5000    -260020.6022 -260035.3780      14.7758   304.8    3590.9077         1.04133         51.4        41.257
13.5100    -260020.2242 -260035.2719      15.0477   310.4    3590.9077         1.04133         51.4        41.257
13.5200    -260020.7945 -260035.0497      14.2552   294.1    3591.8643         1.04105         51.4        41.257
13.5300    -260020.6923 -260035.3322      14.6398   302.0    3585.2624         1.04297         51.5        41.257
13.5400    -260020.4930 -260035.2662      14.7733   304.8    3583.4812         1.04349         51.5        41.257
13.5500    -260020.4298 -260035.3443      14.9144   307.7    3583.4812         1.04349         51.5        41.257
13.5600    -260020.0851 -260035.2891      15.2040   313.7    3583.4812         1.04349         51.5        41.257
13.5700    -260019.2929 -260034.5325      15.2395   314.4    3583.4812         1.04349         51.4        41.257
13.5800    -260018.7711 -260034.5942      15.8231   326.4    3583.4812         1.04349         51.4        41.257
13.5900    -260018.9971 -260034.1064      15.1093   311.7    3547.2187         1.05416         51.4        41.257
13.6000    -260019.3893 -260034.5723      15.1830   313.2    3547.2187         1.05416         51.4        41.257
13.6100    -260019.7244 -260035.4828      15.7584   325.1    3547.2187         1.05416         51.4        41.257
13.6200    -260019.5051 -260034.5648      15.0598   310.7    3565.5016         1.04875         51.4        41.257
13.6300    -260019.6185 -260034.6304      15.0118   309.7    3599.1724         1.03894         51.5        41.257
13.6400    -260019.0769 -260034.1183      15.0414   310.3    3599.1724         1.03894         51.4        41.257
13.6500    -260019.3101 -260034.5813      15.2712   315.0    3599.1724         1.03894         51.4        41.257
13.6600    -260018.9104 -260033.9252      15.0148   309.8    3599.1724         1.03894         51.4        41.257
13.6700    -260019.4467 -260034.0674      14.6208   301.6    3600.3118         1.03861         51.4        41.257
13.6800    -260019.1812 -260034.2830      15.1019   311.6    3625.2387         1.03147         51.5        41.257
13.6900    -260019.7731 -260034.0859      14.3128   295.3    3625.2387         1.03147         51.4        41.257
13.7000    -260019.4464 -260034.1650      14.7186   303.6    3625.2387         1.03147         51.4        41.257
13.7100    -260019.5139 -260034.0507      14.5368   299.9    3625.2387         1.03147         51.4        41.257
13.7200    -260019.5536 -260033.3682      13.8146   285.0    3624.4346         1.03170         51.4        41.257
13.7300    -260020.1360 -260033.8560      13.7200   283.0    3644.9368         1.02590         51.5        41.257
13.7400    -260019.3087 -260034.0681      14.7593   304.5    3644.9368         1.02590         51.4        41.257
13.7500    -260019.5492 -260034.0813      14.5321   299.8    3644.9368         1.02590         51.4        41.257
13.7600    -260019.5847 -260034.3509      14.7662   304.6    3644.9368         1.02590         51.4        41.257
13.7700    -260019.4567 -260034.6324      15.1757   313.1    3673.7234         1.01786         51.4        41.257
13.7800    -260019.3125 -260033.8967      14.5841   300.9    3673.7234         1.01786         51.4        41.257
13.7900    -260019.7364 -260034.2400      14.5035   299.2    3673.7234         1.01786         51.3        41.257
13.8000    -260019.5083 -260034.3976      14.8893   307.2    3673.7234         1.01786         51.3        41.257
13.8100    -260020.0929 -260034.7999      14.7070   303.4    3673.7234         1.01786         51.3        41.257
13.8200    -260020.2441 -260034.2676      14.0236   289.3    3673.7234         1.01786         51.2        41.257
13.8300    -260020.4205 -260034.7109      14.2903   294.8    3673.7234         1.01786         51.2        41.257
13.8400    -260020.6669 -260035.3610      14.6941   303.1    3673.7234         1.01786         51.1        41.257
13.8500    -260021.0546 -260035.2146      14.1600   292.1    3645.9350         1.02562         51.2        41.257
13.8600    -260020.0508 -260035.1415      15.0907   311.3    3645.9350         1.02562         51.2        41.257
13.8700    -260020.7654 -260036.0664      15.3010   315.7    3648.4941         1.02490         51.2        41.257
13.8800    -260021.2192 -260035.6656      14.4464   298.0    3611.7546         1.03532         51.3        41.257
13.8900    -260020.9325 -260035.1689      14.2364   293.7    3601.4574         1.03828         51.3        41.257
13.9000    -260020.8025 -260035.2647      14.4622   298.4    3603.6852         1.03764         51.3        41.257
13.9100    -260021.1400 -260035.3995      14.2595   294.2    3603.6852         1.03764         51.3        41.257
13.9200    -260021.3749 -260035.9771      14.6022   301.2    3613.1813         1.03491         51.4        41.257
13.9300    -260021.2963 -260035.9641      14.6677   302.6    3613.1813         1.03491         51.3        41.257
13.9400    -260020.8649 -260036.1105      15.2456   314.5    3613.5382         1.03481         51.4        41.257
13.9500    -260021.0153 -260035.5078      14.4925   299.0    3613.5382         1.03481         51.3        41.257
13.9600    -260021.3879 -260035.5003      14.1124   291.1    3613.5382         1.03481         51.3        41.257
13.9700    -260021.2584 -260035.9099      14.6514   302.3    3586.8994         1.04250         51.4        41.257
13.9800    -260021.5080 -260036.4953      14.9873   309.2    3586.8994         1.04250         51.3        41.257
13.9900    -260021.6084 -260036.2242      14.6158   301.5    3586.8994         1.04250         51.3        41.257
14.0000    -260021.4755 -260035.9509      14.4754   298.6    3572.0059         1.04684         51.3        41.257
14.0100    -260021.3835 -260036.3953      15.0118   309.7    3572.0059         1.04684         51.3        41.257
14.0200    -260020.9989 -260035.7478      14.7488   304.3    3613.0238         1.03496         51.4        41.257
14.0300    -260020.2757 -260035.5139      15.2382   314.4    3593.7540         1.04051         51.4        41.257
14.0400    -260020.4275 -260035.8755      15.4480   318.7    3593.7540         1.04051         51.4        41.257
14.0500    -260020.1533 -260035.7256      15.5723   321.3    3600.2717         1.03862         51.4        41.257
14.0600    -260020.2993 -260035.2009      14.9016   307.4    3600.2717         1.03862         51.4        41.257
14.0700    -260020.7888 -260034.6896      13.9008   286.8    3569.4321         1.04760         51.5        41.257
14.0800    -260019.9671 -260034.4736      14.5064   299.3    3561.5961         1.04990         51.5        41.257
14.0900    -260020.0160 -260035.0809      15.0649   310.8    3561.5961         1.04990         51.5        41.257
14.1000    -260019.7977 -260035.5506      15.7529   325.0    3551.7249         1.05282         51.5        41.257
14.1100    -260019.6416 -260035.5308      15.8892   327.8    3551.7249         1.05282         51.5        41.257
14.1200    -260020.0493 -260034.9477      14.8983   307.4    3558.3095         1.05087         51.6        41.257
14.1300    -260019.8123 -260034.7310      14.9186   307.8    3558.3095         1.05087         51.5        41.257
14.1400    -260019.8699 -260035.0243      15.1545   312.6    3562.2217         1.04972         51.5        41.257
14.1500    -260020.4279 -260035.2470      14.8191   305.7    3562.2217         1.04972         51.5        41.257
14.1600    -260020.4111 -260035.4785      15.0674   310.8    3562.2217         1.04972         51.5        41.257
14.1700    -260020.1711 -260035.8517      15.6806   323.5    3593.6032         1.04055         51.5        41.257
14.1800    -260020.8482 -260035.6567      14.8085   305.5    3593.6032         1.04055         51.5        41.257
14.1900    -260020.5922 -260035.3831      14.7909   305.1    3568.8750         1.04776         51.5        41.257
14.2000    -260020.9443 -260035.5826      14.6383   302.0    3570.2397         1.04736         51.6        41.257
14.2100    -260020.4272 -260035.8548      15.4276   318.3    3570.2397         1.04736         51.6        41.257
14.2200    -260020.3993 -260034.6704      14.2711   294.4    3570.2397         1.04736         51.5        41.257
14.2300    -260020.7144 -260035.1188      14.4045   297.2    3570.2397         1.04736         51.5        41.257
14.2400    -260020.5946 -260035.2973      14.7027   303.3    3587.0861         1.04244         51.5        41.257
14.2500    -260020.9142 -260035.0399      14.1258   291.4    3584.8458         1.04309         51.6        41.257
14.2600    -260021.5248 -260036.3722      14.8474   306.3    3584.8458         1.04309         51.6        41.257
14.2700    -260021.1189 -260036.0976      14.9787   309.0    3601.3451         1.03831         51.6        41.257
14.2800    -260021.4344 -260035.7301      14.2957   294.9    3564.9787         1.04891         51.7        41.257
14.2900    -260020.5645 -260035.5764      15.0119   309.7    3589.2037         1.04183         51.7        41.257
14.3000    -260020.7892 -260034.8859      14.0966   290.8    3569.9161         1.04745         51.7        41.257
14.3100    -260020.4057 -260035.3634      14.9577   308.6    3569.9161         1.04745         51.7        41.257
14.3200    -260020.7025 -260035.6375      14.9350   308.1    3571.7246         1.04692         51.8        41.257
14.3300    -260020.3994 -260036.2251      15.8257   326.5    3573.4533         1.04642         51.8        41.257
14.3400    -260020.2553 -260035.4840      15.2287   314.2    3573.4533         1.04642         51.8        41.257
14.3500    -260020.2114 -260036.0222      15.8108   326.2    3594.5004         1.04029         51.8        41.257
14.3600    -260020.1692 -260035.0355      14.8662   306.7    3594.5004         1.04029         51.8        41.257
14.3700    -260020.1236 -260035.2491      15.1255   312.0    3580.7463         1.04429         51.9        41.257
14.3800    -260020.3466 -260034.4872      14.1406   291.7    3580.7463         1.04429         51.8        41.257
14.3900    -260020.3800 -260035.8028      15.4228   318.2    3567.1576         1.04826         51.9        41.257
14.4000    -260020.2824 -260036.2165      15.9341   328.7    3569.0297         1.04772         51.9        41.257
14.4100    -260020.9527 -260035.9130      14.9603   308.6    3569.0297         1.04772         51.9        41.257
14.4200    -260021.5230 -260035.8951      14.3721   296.5    3569.0297         1.04772         51.9        41.257
14.4300    -260021.2431 -260035.7691      14.5260   299.7    3585.9595         1.04277         51.9        41.257
14.4400    -260021.5358 -260036.3649      14.8291   305.9    3585.9595         1.04277         51.9        41.257
14.4500    -260021.6794 -260036.6366      14.9572   308.6    3585.9595         1.04277         51.8        41.257
14.4600    -260021.6560 -260036.9959      15.3399   316.5    3585.9595         1.04277         51.8        41.257
14.4700    -260022.1379 -260036.9887      14.8508   306.4    3585.9595         1.04277         51.8        41.257
14.4800    -260022.5143 -260036.9040      14.3897   296.9    3597.4397         1.03944         51.8        41.257
14.4900    -260022.6928 -260036.6736      13.9809   288.4    3587.3185         1.04237         51.9        41.257
14.5000    -260022.8141 -260037.1875      14.3734   296.5    3590.2537         1.04152         51.9        41.257
14.5100    -260022.9487 -260036.9690      14.0203   289.2    3590.2537         1.04152         51.9        41.257
14.5200    -260022.4278 -260036.3513      13.9235   287.2    3601.4986         1.03827         51.9        41.257
14.5300    -260022.6630 -260036.4971      13.8341   285.4    3601.4986         1.03827         51.9        41.257
14.5400    -260021.9862 -260036.1522      14.1660   292.2    3601.4986         1.03827         51.8        41.257
14.5500    -260021.9121 -260035.3490      13.4370   277.2    3601.4986         1.03827         51.8        41.257
14.5600    -260021.4672 -260034.3601      12.8929   266.0    3601.4986         1.03827         51.8        41.257
14.5700    -260021.8875 -260035.5685      13.6810   282.2    3617.1004         1.03379         51.8        41.257
14.5800    -260022.0218 -260035.7851      13.7634   283.9    3622.5043         1.03225         51.9        41.257
14.5900    -260021.8873 -260036.5201      14.6328   301.9    3633.9284         1.02900         51.9        41.257
14.6000    -260022.0546 -260035.7863      13.7317   283.3    3606.9211         1.03671         52.0        41.257
14.6100    -260021.8125 -260035.8559      14.0434   289.7    3606.9211         1.03671         52.0        41.257
14.6200    -260021.4325 -260035.4154      13.9829   288.5    3633.5240         1.02912         52.0        41.257
14.6300    -260021.4382 -260035.1865      13.7483   283.6    3666.8842         1.01976         52.1        41.257
14.6400    -260021.0834 -260034.8613      13.7779   284.2    3655.6227         1.02290         52.1        41.257
14.6500    -260020.7854 -260035.1565      14.3711   296.5    3660.5364         1.02152         52.1        41.257
14.6600    -260021.5673 -260035.5296      13.9622   288.0    3660.5364         1.02152         52.1        41.257
14.6700    -260020.8496 -260035.4826      14.6330   301.9    3646.9073         1.02534         52.2        41.257
14.6800    -260021.0727 -260035.3946      14.3219   295.5    3646.9199         1.02534         52.2        41.257
14.6900    -260021.3868 -260035.9618      14.5750   300.7    3619.4991         1.03311         52.3        41.257
14.7000    -260022.1755 -260036.4085      14.2329   293.6    3610.5894         1.03566         52.3        41.257
14.7100    -260022.0799 -260036.0217      13.9418   287.6    3610.5894         1.03566         52.3        41.257
14.7200    -260021.9310 -260035.8866      13.9557   287.9    3610.5894         1.03566         52.3        41.257
14.7300    -260021.4401 -260035.8964      14.4563   298.2    3610.5894         1.03566         52.2        41.257
14.7400    -260022.1450 -260035.3505      13.2055   272.4    3612.5761         1.03509         52.2        41.257
14.7500    -260022.1872 -260036.6040      14.4168   297.4    3612.7226         1.03504         52.3        41.257
14.7600    -260021.9410 -260036.0755      14.1345   291.6    3612.7226         1.03504         52.3        41.257
14.7700    -260022.1440 -260035.9994      13.8554   285.8    3628.9183         1.03042         52.3        41.257
14.7800    -260022.4331 -260035.8163      13.3832   276.1    3598.3737         1.03917         52.4        41.257
14.7900    -260022.6241 -260036.1290      13.5049   278.6    3598.3737         1.03917         52.3        41.257
14.8000    -260022.9726 -260036.8751      13.9025   286.8    3574.0143         1.04625         52.4        41.257
14.8100    -260022.5924 -260036.8516      14.2591   294.2    3574.0143         1.04625         52.4        41.257
14.8200    -260022.6463 -260035.8681      13.2218   272.8    3571.4413         1.04701         52.4        41.257
14.8300    -260023.1102 -260035.8733      12.7630   263.3    3555.1652         1.05180         52.4        41.257
14.8400    -260022.4327 -260035.3523      12.9196   266.5    3555.1652         1.05180         52.4        41.257
14.8500    -260022.8143 -260036.6879      13.8736   286.2    3524.1774         1.06105         52.4        41.257
14.8600    -260022.4769 -260037.7986      15.3217   316.1    3524.1774         1.06105         52.4        41.257
14.8700    -260022.3467 -260037.1773      14.8306   306.0    3515.4455         1.06368         52.5        41.257
14.8800    -260022.6346 -260037.0888      14.4542   298.2    3536.1350         1.05746         52.5        41.257
14.8900    -260022.4081 -260036.8334      14.4254   297.6    3560.2849         1.05029         52.6        41.257
14.9000    -260022.8725 -260036.8860      14.0135   289.1    3576.3642         1.04557         52.6        41.257
14.9100    -260023.2608 -260036.1748      12.9139   266.4    3576.3642         1.04557         52.6        41.257
14.9200    -260023.2392 -260036.9063      13.6671   282.0    3574.5066         1.04611         52.6        41.257
14.9300    -260023.3566 -260037.7313      14.3747   296.6    3574.5066         1.04611         52.6        41.257
14.9400    -260023.6659 -260037.1784      13.5125   278.8    3591.2622         1.04123         52.6        41.257
14.9500    -260024.1022 -260037.4946      13.3925   276.3    3591.2622         1.04123         52.6        41.257
14.9600    -260024.0691 -260037.0083      12.9392   266.9    3591.2622         1.04123         52.6        41.257
14.9700    -260023.7387 -260037.1767      13.4379   277.2    3607.9140         1.03642         52.6        41.257
14.9800    -260023.1441 -260036.5539      13.4098   276.6    3607.9140         1.03642         52.6        41.257
14.9900    -260022.8058 -260036.9269      14.1211   291.3    3613.4218         1.03484         52.6        41.257
15.0000    -260022.8531 -260037.7262      14.8731   306.8    3613.4218         1.03484         52.6        41.257
15.0100    -260022.5796 -260038.1363      15.5567   320.9    3613.4218         1.03484         52.6        41.257
15.0200    -260023.1969 -260036.8980      13.7012   282.7    3613.4218         1.03484         52.5        41.257
15.0300    -260023.5123 -260037.3254      13.8131   285.0    3628.5249         1.03054         52.6        41.257
15.0400    -260023.0494 -260036.7724      13.7230   283.1    3628.5249         1.03054         52.5        41.257
15.0500    -260022.7831 -260036.9548      14.1717   292.4    3626.7866         1.03103         52.6        41.257
15.0600    -260022.7188 -260037.0983      14.3795   296.7    3626.7866         1.03103         52.6        41.257
15.0700    -260022.6420 -260036.8825      14.2405   293.8    3615.9569         1.03412         52.6        41.257
15.0800    -260023.2127 -260036.8027      13.5900   280.4    3628.5692         1.03052         52.7        41.257
15.0900    -260022.9425 -260036.9252      13.9827   288.5    3601.0737         1.03839         52.7        41.257
15.1000    -260023.0697 -260037.4039      14.3342   295.7    3601.0737         1.03839         52.6        41.257
15.1100    -260023.9356 -260037.6798      13.7442   283.5    3601.0737         1.03839         52.6        41.257
15.1200    -260023.5815 -260036.7510      13.1695   271.7    3601.0737         1.03839         52.6        41.257
15.1300    -260024.1012 -260037.6699      13.5687   279.9    3601.0737         1.03839         52.6        41.257
15.1400    -260023.9069 -260038.1008      14.1939   292.8    3616.5003         1.03396         52.6        41.257
15.1500    -260024.3761 -260037.9113      13.5352   279.2    3634.3591         1.02888         52.6        41.257
15.1600    -260024.5532 -260038.5135      13.9602   288.0    3634.3591         1.02888         52.6        41.257
15.1700    -260024.5583 -260038.5165      13.9582   288.0    3634.3591         1.02888         52.6        41.257
15.1800    -260024.3940 -260037.7152      13.3212   274.8    3604.0584         1.03753         52.6        41.257
15.1900    -260024.2766 -260037.6033      13.3267   274.9    3604.0584         1.03753         52.6        41.257
15.2000    -260023.6803 -260037.1600      13.4797   278.1    3604.0584         1.03753         52.5        41.257
15.2100    -260023.4740 -260037.2995      13.8255   285.2    3604.0584         1.03753         52.5        41.257
15.2200    -260023.2593 -260036.4223      13.1630   271.6    3598.6323         1.03910         52.6        41.257
15.2300    -260023.0082 -260037.1201      14.1119   291.1    3598.6323         1.03910         52.5        41.257
15.2400    -260023.0872 -260036.6316      13.5444   279.4    3598.6323         1.03910         52.5        41.257
15.2500    -260023.0275 -260037.5977      14.5702   300.6    3598.6323         1.03910         52.5        41.257
15.2600    -260023.1165 -260037.6552      14.5387   299.9    3598.6323         1.03910         52.5        41.257
15.2700    -260023.2295 -260036.7356      13.5061   278.6    3635.3570         1.02860         52.5        41.257
15.2800    -260023.5507 -260037.1919      13.6412   281.4    3635.3570         1.02860         52.5        41.257
15.2900    -260022.8874 -260036.8873      13.9998   288.8    3635.3570         1.02860         52.4        41.257
15.3000    -260023.0835 -260037.5094      14.4259   297.6    3631.4301         1.02971         52.5        41.257
15.3100    -260023.0626 -260037.0299      13.9673   288.1    3631.4301         1.02971         52.5        41.257
15.3200    -260022.5155 -260036.5127      13.9972   288.8    3633.9125         1.02901         52.5        41.257
15.3300    -260022.9161 -260036.3908      13.4747   278.0    3613.5817         1.03480         52.5        41.257
15.3400    -260022.8407 -260036.8614      14.0207   289.3    3618.9749         1.03326         52.6        41.257
15.3500    -260023.2390 -260036.6488      13.4098   276.6    3618.9749         1.03326         52.5        41.257
15.3600    -260022.8383 -260037.3758      14.5375   299.9    3618.9749         1.03326         52.5        41.257
15.3700    -260022.5001 -260036.4690      13.9689   288.2    3618.9749         1.03326         52.5        41.257
15.3800    -260022.6535 -260036.5712      13.9177   287.1    3618.9749         1.03326         52.4        41.257
15.3900    -260022.2416 -260036.7712      14.5296   299.7    3617.5063         1.03368         52.5        41.257
15.4000    -260022.1231 -260036.6715      14.5484   300.1    3640.7629         1.02707         52.5        41.257
15.4100    -260021.4719 -260036.6026      15.1307   312.2    3640.7629         1.02707         52.5        41.257
15.4200    -260021.9802 -260036.7574      14.7772   304.9    3627.1789         1.03092         52.6        41.257
15.4300    -260022.1821 -260036.8138      14.6317   301.9    3605.0116         1.03726         52.6        41.257
15.4400    -260022.0914 -260037.0081      14.9167   307.7    3605.0116         1.03726         52.6        41.257
15.4500    -260020.9942 -260036.0376      15.0434   310.3    3581.9108         1.04395         52.6        41.257
15.4600    -260020.8599 -260036.8269      15.9670   329.4    3581.9108         1.04395         52.6        41.257
15.4700    -260020.9936 -260036.9289      15.9353   328.7    3604.1057         1.03752         52.6        41.257
15.4800    -260021.1273 -260035.7820      14.6547   302.3    3608.4602         1.03627         52.7        41.257
15.4900    -260020.6384 -260035.4703      14.8319   306.0    3629.5733         1.03024         52.7        41.257
15.5000    -260020.3604 -260035.6533      15.2929   315.5    3629.5733         1.03024         52.7        41.257
15.5100    -260020.2418 -260035.3550      15.1132   311.8    3629.5733         1.03024         52.7        41.257
15.5200    -260019.9068 -260035.1874      15.2806   315.2    3627.3369         1.03087         52.7        41.257
15.5300    -260020.0222 -260035.5373      15.5150   320.1    3627.3369         1.03087         52.7        41.257
15.5400    -260020.8020 -260035.6261      14.8241   305.8    3638.6059         1.02768         52.7        41.257
15.5500    -260021.1467 -260036.2296      15.0829   311.2    3639.3211         1.02748         52.7        41.257
15.5600    -260021.6068 -260036.4698      14.8630   306.6    3639.3211         1.02748         52.7        41.257
15.5700    -260021.3281 -260036.4989      15.1708   313.0    3608.3599         1.03630         52.8        41.257
15.5800    -260021.6332 -260036.6123      14.9791   309.0    3608.3599         1.03630         52.7        41.257
15.5900    -260021.3669 -260036.3696      15.0027   309.5    3621.5811         1.03251         52.8        41.257
15.6000    -260021.6087 -260036.3756      14.7668   304.6    3621.5811         1.03251         52.7        41.257
15.6100    -260021.3244 -260036.6516      15.3272   316.2    3621.5811         1.03251         52.7        41.257
15.6200    -260021.6029 -260035.9511      14.3482   296.0    3621.5811         1.03251         52.7        41.257
15.6300    -260022.2587 -260035.9294      13.6707   282.0    3621.5811         1.03251         52.6        41.257
15.6400    -260022.2641 -260036.3457      14.0816   290.5    3621.5811         1.03251         52.6        41.257
15.6500    -260021.7248 -260035.6564      13.9316   287.4    3624.0157         1.03182         52.6        41.257
15.6600    -260021.7057 -260035.6557      13.9500   287.8    3624.0157         1.03182         52.6        41.257
15.6700    -260021.1133 -260035.7524      14.6391   302.0    3624.0157         1.03182         52.6        41.257
15.6800    -260021.1235 -260036.0226      14.8991   307.4    3640.5258         1.02714         52.6        41.257
15.6900    -260020.8942 -260035.3324      14.4382   297.9    3640.5258         1.02714         52.6        41.257
15.7000    -260021.1563 -260035.7553      14.5990   301.2    3640.4238         1.02717         52.6        41.257
15.7100    -260020.8273 -260035.0801      14.2528   294.0    3640.4238         1.02717         52.6        41.257
15.7200    -260020.2293 -260034.9118      14.6825   302.9    3638.5696         1.02769         52.7        41.257
15.7300    -260019.4882 -260034.4645      14.9763   309.0    3614.5435         1.03452         52.7        41.257
15.7400    -260019.2802 -260034.5620      15.2818   315.3    3614.5435         1.03452         52.7        41.257
15.7500    -260019.6995 -260035.0850      15.3855   317.4    3614.5435         1.03452         52.6        41.257
15.7600    -260019.9935 -260035.1694      15.1759   313.1    3614.5435         1.03452         52.6        41.257
15.7700    -260019.8339 -260034.7959      14.9619   308.7    3591.5680         1.04114         52.7        41.257
15.7800    -260019.6424 -260034.4634      14.8210   305.8    3591.5680         1.04114         52.6        41.257
15.7900    -260019.7132 -260035.1336      15.4204   318.1    3575.4012         1.04585         52.7        41.257
15.8000    -260020.3301 -260035.8821      15.5520   320.8    3541.0010         1.05601         52.7        41.257
15.8100    -260020.4966 -260035.3162      14.8195   305.7    3541.0010         1.05601         52.7        41.257
15.8200    -260020.6718 -260034.9456      14.2738   294.5    3541.0010         1.05601         52.6        41.257
15.8300    -260020.7420 -260035.3924      14.6504   302.2    3559.4227         1.05054         52.7        41.257
15.8400    -260020.6654 -260035.8816      15.2162   313.9    3556.5013         1.05141         52.7        41.257
15.8500    -260021.4196 -260035.5818      14.1622   292.2    3556.5013         1.05141         52.7        41.257
15.8600    -260021.2876 -260035.7505      14.4629   298.4    3556.5013         1.05141         52.7        41.257
15.8700    -260021.5697 -260035.8200      14.2503   294.0    3556.5013         1.05141         52.6        41.257
15.8800    -260022.1462 -260035.7158      13.5696   279.9    3556.5013         1.05141         52.6        41.257
15.8900    -260022.5950 -260035.8069      13.2120   272.6    3561.6339         1.04989         52.6        41.257
15.9000    -260022.3695 -260035.7241      13.3546   275.5    3561.6339         1.04989         52.6        41.257
15.9100    -260022.3413 -260036.3608      14.0195   289.2    3561.6339         1.04989         52.6        41.257
15.9200    -260022.0228 -260036.8056      14.7829   305.0    3542.6029         1.05553         52.6        41.257
15.9300    -260021.1538 -260035.7163      14.5625   300.4    3542.6029         1.05553         52.6        41.257
15.9400    -260021.4257 -260035.5890      14.1633   292.2    3522.5272         1.06155         52.6        41.257
15.9500    -260021.6562 -260035.6402      13.9841   288.5    3522.5272         1.06155         52.6        41.257
15.9600    -260021.2467 -260035.2704      14.0237   289.3    3522.5272         1.06155         52.6        41.257
15.9700    -260020.8807 -260034.9217      14.0410   289.7    3523.6279         1.06121         52.6        41.257
15.9800    -260020.6420 -260035.2543      14.6123   301.5    3532.2753         1.05862         52.7        41.257
15.9900    -260021.1286 -260035.3739      14.2453   293.9    3532.2753         1.05862         52.6        41.257
16.0000    -260021.3777 -260035.9077      14.5300   299.8    3532.2753         1.05862         52.6        41.257
16.0100    -260021.6898 -260036.0823      14.3925   296.9    3532.2753         1.05862         52.6        41.257
16.0200    -260021.3729 -260035.1305      13.7576   283.8    3532.2753         1.05862         52.5        41.257
16.0300    -260022.0894 -260035.5549      13.4654   277.8    3545.0387         1.05481         52.6        41.257
16.0400    -260022.2776 -260036.1234      13.8458   285.6    3545.0387         1.05481         52.5        41.257
16.0500    -260021.5828 -260036.3090      14.7262   303.8    3545.0387         1.05481         52.5        41.257
16.0600    -260021.7671 -260035.4971      13.7300   283.3    3545.0387         1.05481         52.5        41.257
16.0700    -260021.6019 -260035.1586      13.5566   279.7    3581.2767         1.04413         52.5        41.257
16.0800    -260021.0488 -260034.7183      13.6695   282.0    3581.2767         1.04413         52.5        41.257
16.0900    -260021.6733 -260034.9863      13.3129   274.6    3581.2767         1.04413         52.4        41.257
16.1000    -260021.0628 -260035.4538      14.3910   296.9    3581.2767         1.04413         52.4        41.257
16.1100    -260021.3248 -260036.5153      15.1906   313.4    3581.2767         1.04413         52.4        41.257
16.1200    -260021.5906 -260036.8876      15.2971   315.6    3581.2767         1.04413         52.4        41.257
16.1300    -260021.5244 -260035.9452      14.4208   297.5    3581.2767         1.04413         52.3        41.257
16.1400    -260021.8536 -260036.3413      14.4876   298.9    3582.8660         1.04367         52.4        41.257
16.1500    -260021.7476 -260036.3187      14.5711   300.6    3582.8660         1.04367         52.3        41.257
16.1600    -260021.7198 -260035.6208      13.9011   286.8    3582.8660         1.04367         52.3        41.257
16.1700    -260021.8208 -260036.1700      14.3491   296.0    3568.0397         1.04801         52.4        41.257
16.1800    -260020.8952 -260036.5883      15.6932   323.8    3568.0397         1.04801         52.3        41.257
16.1900    -260020.8414 -260036.2771      15.4356   318.4    3568.0397         1.04801         52.3        41.257
16.2000    -260021.4793 -260036.6981      15.2188   314.0    3544.4957         1.05497         52.3        41.257
16.2100    -260021.5580 -260036.6443      15.0863   311.2    3544.4957         1.05497         52.3        41.257
16.2200    -260021.6427 -260036.1732      14.5305   299.8    3548.5495         1.05376         52.4        41.257
16.2300    -260022.3905 -260036.1115      13.7211   283.1    3548.5495         1.05376         52.3        41.257
16.2400    -260022.2412 -260036.0747      13.8335   285.4    3552.2524         1.05266         52.3        41.257
16.2500    -260022.3708 -260036.7059      14.3351   295.7    3555.3694         1.05174         52.4        41.257
16.2600    -260021.9536 -260037.0337      15.0801   311.1    3555.3694         1.05174         52.4        41.257
16.2700    -260022.3247 -260036.9987      14.6741   302.7    3555.3694         1.05174         52.3        41.257
16.2800    -260022.2056 -260036.3497      14.1441   291.8    3588.3775         1.04207         52.4        41.257
16.2900    -260022.4495 -260036.9443      14.4948   299.0    3590.4115         1.04148         52.4        41.257
16.3000    -260023.0289 -260036.8073      13.7785   284.3    3592.1192         1.04098         52.5        41.257
16.3100    -260022.9390 -260037.0284      14.0894   290.7    3592.1192         1.04098         52.5        41.257
16.3200    -260023.1631 -260036.8664      13.7033   282.7    3592.1192         1.04098         52.4        41.257
16.3300    -260023.2618 -260037.1136      13.8519   285.8    3603.1762         1.03779         52.5        41.257
16.3400    -260022.5861 -260035.9519      13.3659   275.7    3610.2107         1.03576         52.5        41.257
16.3500    -260022.2390 -260036.3319      14.0929   290.7    3578.9555         1.04481         52.5        41.257
16.3600    -260022.1161 -260037.0055      14.8894   307.2    3578.9555         1.04481         52.5        41.257
16.3700    -260022.9578 -260036.7364      13.7786   284.3    3554.0059         1.05214         52.6        41.257
16.3800    -260022.9589 -260036.6402      13.6812   282.2    3554.0059         1.05214         52.5        41.257
16.3900    -260023.0426 -260036.8027      13.7601   283.9    3557.6974         1.05105         52.6        41.257
16.4000    -260022.9424 -260037.5914      14.6490   302.2    3558.0028         1.05096         52.6        41.257
16.4100    -260022.5160 -260036.5527      14.0367   289.6    3558.0028         1.05096         52.6        41.257
16.4200    -260021.8056 -260036.3579      14.5524   300.2    3583.5505         1.04347         52.6        41.257
16.4300    -260021.4876 -260036.2951      14.8076   305.5    3583.5505         1.04347         52.6        41.257
16.4400    -260021.4151 -260036.1399      14.7248   303.8    3583.5505         1.04347         52.5        41.257
16.4500    -260021.2958 -260036.4518      15.1560   312.7    3583.5505         1.04347         52.5        41.257
16.4600    -260021.0418 -260036.3664      15.3245   316.1    3583.5505         1.04347         52.5        41.257
16.4700    -260021.4768 -260037.4568      15.9800   329.7    3579.1809         1.04474         52.5        41.257
16.4800    -260021.6309 -260036.5376      14.9068   307.5    3571.0059         1.04714         52.6        41.257
16.4900    -260021.7896 -260036.4533      14.6637   302.5    3533.7264         1.05818         52.6        41.257
16.5000    -260021.5490 -260036.7115      15.1626   312.8    3535.5891         1.05762         52.7        41.257
16.5100    -260021.6602 -260037.0709      15.4106   317.9    3535.5891         1.05762         52.7        41.257
16.5200    -260021.6015 -260035.6021      14.0006   288.8    3519.7002         1.06240         52.7        41.257
16.5300    -260021.9325 -260036.7906      14.8581   306.5    3519.7002         1.06240         52.6        41.257
16.5400    -260022.3662 -260036.8541      14.4879   298.9    3519.7002         1.06240         52.6        41.257
16.5500    -260022.0172 -260036.6655      14.6482   302.2    3519.7002         1.06240         52.6        41.257
16.5600    -260021.6603 -260036.1959      14.5356   299.9    3519.7002         1.06240         52.6        41.257
16.5700    -260021.9674 -260036.1053      14.1379   291.7    3519.7002         1.06240         52.5        41.257
16.5800    -260021.6253 -260036.4378      14.8125   305.6    3523.6505         1.06121         52.6        41.257
16.5900    -260021.9695 -260036.2082      14.2386   293.7    3509.7431         1.06541         52.6        41.257
16.6000    -260021.8762 -260036.5731      14.6969   303.2    3509.7431         1.06541         52.6        41.257
16.6100    -260021.8862 -260036.4699      14.5837   300.9    3509.7431         1.06541         52.6        41.257
16.6200    -260021.7777 -260036.7806      15.0029   309.5    3471.1276         1.07727         52.6        41.257
16.6300    -260022.0290 -260036.4026      14.3736   296.5    3471.1276         1.07727         52.6        41.257
16.6400    -260022.1485 -260035.8282      13.6798   282.2    3477.9598         1.07515         52.6        41.257
16.6500    -260022.0429 -260035.9239      13.8810   286.4    3489.2720         1.07166         52.6        41.257
16.6600    -260021.9346 -260036.2736      14.3389   295.8    3489.2720         1.07166         52.6        41.257
16.6700    -260022.1160 -260035.6451      13.5291   279.1    3489.6367         1.07155         52.7        41.257
16.6800    -260021.2108 -260035.7395      14.5287   299.7    3489.6367         1.07155         52.6        41.257
16.6900    -260021.0331 -260036.4189      15.3858   317.4    3489.6367         1.07155         52.6        41.257
16.7000    -260020.9206 -260035.5908      14.6702   302.6    3492.8497         1.07057         52.6        41.257
16.7100    -260020.2497 -260035.0686      14.8189   305.7    3492.8497         1.07057         52.6        41.257
16.7200    -260020.4643 -260034.9638      14.4995   299.1    3492.8497         1.07057         52.6        41.257
16.7300    -260020.2748 -260035.3753      15.1005   311.5    3492.8497         1.07057         52.5        41.257
16.7400    -260020.1385 -260035.9009      15.7624   325.2    3457.3568         1.08156         52.6        41.257
16.7500    -260020.3079 -260035.3395      15.0316   310.1    3457.3568         1.08156         52.5        41.257
16.7600    -260020.9562 -260035.6325      14.6763   302.8    3457.3568         1.08156         52.5        41.257
16.7700    -260021.1482 -260035.7620      14.6138   301.5    3449.1249         1.08414         52.6        41.257
16.7800    -260021.1192 -260035.9943      14.8752   306.9    3449.1249         1.08414         52.5        41.257
16.7900    -260021.0388 -260035.8176      14.7788   304.9    3449.1249         1.08414         52.5        41.257
16.8000    -260021.6832 -260036.3257      14.6425   302.1    3449.1249         1.08414         52.5        41.257
16.8100    -260021.2452 -260035.9192      14.6740   302.7    3449.1249         1.08414         52.5        41.257
16.8200    -260021.6124 -260035.6148      14.0024   288.9    3447.2053         1.08474         52.5        41.257
16.8300    -260020.9568 -260035.4282      14.4715   298.6    3456.3156         1.08188         52.5        41.257
16.8400    -260020.4691 -260035.8079      15.3388   316.4    3459.0443         1.08103         52.6        41.257
16.8500    -260020.1127 -260035.4209      15.3082   315.8    3492.3187         1.07073         52.6        41.257
16.8600    -260020.6019 -260034.7660      14.1640   292.2    3492.3187         1.07073         52.6        41.257
16.8700    -260020.8188 -260034.8452      14.0265   289.4    3511.6050         1.06485         52.6        41.257
16.8800    -260020.4636 -260035.0731      14.6094   301.4    3511.6050         1.06485         52.6        41.257
16.8900    -260019.8131 -260034.8902      15.0771   311.0    3511.6050         1.06485         52.6        41.257
16.9000    -260019.7620 -260034.8815      15.1195   311.9    3511.6050         1.06485         52.5        41.257
16.9100    -260019.6562 -260034.9511      15.2950   315.5    3511.6050         1.06485         52.5        41.257
16.9200    -260019.5115 -260035.5181      16.0066   330.2    3511.6050         1.06485         52.5        41.257
16.9300    -260019.4068 -260034.9930      15.5862   321.5    3490.1247         1.07140         52.5        41.257
16.9400    -260020.1553 -260034.8835      14.7281   303.8    3491.2283         1.07106         52.5        41.257
16.9500    -260020.3700 -260035.6665      15.2964   315.6    3491.2283         1.07106         52.5        41.257
16.9600    -260020.7531 -260035.5589      14.8058   305.4    3491.2283         1.07106         52.5        41.257
16.9700    -260021.0428 -260035.5649      14.5221   299.6    3501.8936         1.06780         52.5        41.257
16.9800    -260020.7609 -260035.2963      14.5353   299.9    3501.8936         1.06780         52.5        41.257
16.9900    -260020.3047 -260035.7875      15.4828   319.4    3501.8936         1.06780         52.5        41.257
17.0000    -260020.2589 -260035.4742      15.2153   313.9    3484.2301         1.07321         52.5        41.257
17.0100    -260019.6977 -260035.3490      15.6513   322.9    3484.2301         1.07321         52.5        41.257
17.0200    -260019.7717 -260034.8207      15.0490   310.5    3446.1419         1.08508         52.5        41.257
17.0300    -260020.0976 -260035.1288      15.0312   310.1    3461.0307         1.08041         52.6        41.257
17.0400    -260020.5030 -260035.2282      14.7252   303.8    3465.0873         1.07914         52.6        41.257
17.0500    -260020.1950 -260035.8887      15.6937   323.8    3462.5073         1.07995         52.6        41.257
17.0600    -260020.1061 -260035.7053      15.5991   321.8    3462.5073         1.07995         52.6        41.257
17.0700    -260019.5825 -260034.7637      15.1811   313.2    3462.5073         1.07995         52.6        41.257
17.0800    -260019.6559 -260034.9074      15.2515   314.6    3462.5073         1.07995         52.6        41.257
17.0900    -260020.4450 -260035.5526      15.1077   311.7    3462.5073         1.07995         52.5        41.257
17.1000    -260020.4343 -260035.8707      15.4364   318.5    3462.5073         1.07995         52.5        41.257
17.1100    -260020.5188 -260035.3403      14.8215   305.8    3462.5073         1.07995         52.5        41.257
17.1200    -260020.6038 -260035.3567      14.7529   304.4    3457.2984         1.08157         52.5        41.257
17.1300    -260020.9402 -260035.5216      14.5814   300.8    3457.2984         1.08157         52.5        41.257
17.1400    -260020.3578 -260035.0089      14.6511   302.3    3457.2115         1.08160         52.5        41.257
17.1500    -260020.3103 -260035.1241      14.8138   305.6    3457.2115         1.08160         52.5        41.257
17.1600    -260020.1745 -260035.0381      14.8636   306.6    3457.2115         1.08160         52.5        41.257
17.1700    -260020.8186 -260035.6815      14.8630   306.6    3442.4907         1.08623         52.5        41.257
17.1800    -260020.9395 -260036.1978      15.2583   314.8    3404.8556         1.09823         52.5        41.257
17.1900    -260021.1142 -260036.6119      15.4976   319.7    3404.8556         1.09823         52.5        41.257
17.2000    -260021.7967 -260036.2015      14.4049   297.2    3418.6618         1.09380         52.5        41.257
17.2100    -260022.3059 -260036.7362      14.4302   297.7    3418.6618         1.09380         52.5        41.257
17.2200    -260022.1821 -260036.5675      14.3854   296.8    3421.2454         1.09297         52.6        41.257
17.2300    -260022.6562 -260036.0998      13.4436   277.3    3421.2454         1.09297         52.5        41.257
17.2400    -260022.2065 -260037.1331      14.9266   307.9    3410.9731         1.09626         52.6        41.257
17.2500    -260022.0949 -260036.7263      14.6314   301.8    3427.2960         1.09104         52.6        41.257
17.2600    -260022.5755 -260036.2855      13.7100   282.8    3427.2960         1.09104         52.6        41.257
17.2700    -260022.1218 -260036.8298      14.7081   303.4    3426.0753         1.09143         52.6        41.257
17.2800    -260021.8112 -260036.4274      14.6162   301.5    3454.0129         1.08260         52.7        41.257
17.2900    -260021.1041 -260036.5877      15.4837   319.4    3464.7743         1.07924         52.7        41.257
17.3000    -260021.2731 -260036.4367      15.1636   312.8    3464.7743         1.07924         52.7        41.257
17.3100    -260021.1686 -260035.9029      14.7342   304.0    3464.7743         1.07924         52.7        41.257
17.3200    -260021.2229 -260035.4009      14.1779   292.5    3480.5075         1.07436         52.7        41.257
17.3300    -260021.5544 -260035.2432      13.6888   282.4    3466.2063         1.07880         52.7        41.257
17.3400    -260021.2924 -260035.1602      13.8678   286.1    3466.2063         1.07880         52.7        41.257
17.3500    -260021.6057 -260036.4469      14.8412   306.2    3463.4032         1.07967         52.7        41.257
17.3600    -260021.6610 -260035.9299      14.2690   294.4    3463.4032         1.07967         52.7        41.257
17.3700    -260022.0451 -260036.2908      14.2457   293.9    3463.4032         1.07967         52.7        41.257
17.3800    -260021.4257 -260036.1832      14.7574   304.4    3463.4032         1.07967         52.7        41.257
17.3900    -260022.1364 -260036.8104      14.6740   302.7    3444.6403         1.08555         52.7        41.257
17.4000    -260022.2488 -260037.4305      15.1817   313.2    3444.6403         1.08555         52.7        41.257
17.4100    -260022.5236 -260036.6312      14.1076   291.0    3444.6403         1.08555         52.7        41.257
17.4200    -260022.1572 -260036.4405      14.2833   294.7    3444.6403         1.08555         52.6        41.257
17.4300    -260022.0691 -260035.6353      13.5662   279.9    3444.6403         1.08555         52.6        41.257
17.4400    -260021.7405 -260035.7594      14.0188   289.2    3438.9514         1.08734         52.6        41.257
17.4500    -260022.1380 -260036.1664      14.0284   289.4    3435.2121         1.08853         52.7        41.257
17.4600    -260022.1248 -260036.9780      14.8532   306.4    3435.2121         1.08853         52.7        41.257
17.4700    -260022.0675 -260037.9228      15.8552   327.1    3435.2121         1.08853         52.6        41.257
17.4800    -260021.9318 -260036.9080      14.9762   309.0    3450.0851         1.08384         52.6        41.257
17.4900    -260021.7433 -260035.9498      14.2065   293.1    3447.7142         1.08458         52.7        41.257
17.5000    -260021.9200 -260036.2739      14.3539   296.1    3447.7142         1.08458         52.6        41.257
17.5100    -260021.7896 -260037.0904      15.3008   315.7    3447.7142         1.08458         52.6        41.257
17.5200    -260022.0020 -260036.3570      14.3550   296.1    3463.2740         1.07971         52.7        41.257
17.5300    -260022.4540 -260036.7996      14.3456   296.0    3463.2740         1.07971         52.6        41.257
17.5400    -260022.1230 -260037.5134      15.3904   317.5    3453.6794         1.08271         52.7        41.257
17.5500    -260021.3278 -260036.7846      15.4568   318.9    3450.7938         1.08361         52.7        41.257
17.5600    -260021.5092 -260036.6699      15.1607   312.8    3450.7938         1.08361         52.7        41.257
17.5700    -260021.6168 -260036.7824      15.1656   312.9    3450.7938         1.08361         52.7        41.257
17.5800    -260021.3126 -260035.9716      14.6590   302.4    3450.7938         1.08361         52.6        41.257
17.5900    -260021.3872 -260035.7975      14.4103   297.3    3450.7938         1.08361         52.6        41.257
17.6000    -260021.8821 -260036.2329      14.3509   296.1    3470.1639         1.07756         52.6        41.257
17.6100    -260021.9543 -260036.5886      14.6344   301.9    3470.1639         1.07756         52.6        41.257
17.6200    -260021.7177 -260036.2769      14.5592   300.4    3451.1136         1.08351         52.7        41.257
17.6300    -260021.0519 -260035.8692      14.8173   305.7    3451.1136         1.08351         52.6        41.257
17.6400    -260021.5078 -260036.7055      15.1977   313.5    3451.1136         1.08351         52.6        41.257
17.6500    -260020.8828 -260035.8388      14.9560   308.5    3469.2116         1.07786         52.6        41.257
17.6600    -260021.3177 -260035.7829      14.4652   298.4    3469.2116         1.07786         52.6        41.257
17.6700    -260021.0073 -260035.9741      14.9668   308.8    3478.6385         1.07494         52.7        41.257
17.6800    -260021.3845 -260036.2053      14.8208   305.8    3513.6906         1.06422         52.7        41.257
17.6900    -260020.7578 -260036.3912      15.6334   322.5    3513.6906         1.06422         52.7        41.257
17.7000    -260020.3111 -260035.8802      15.5691   321.2    3507.0079         1.06624         52.7        41.257
17.7100    -260020.1956 -260035.2981      15.1025   311.6    3507.0079         1.06624         52.7        41.257
17.7200    -260020.3206 -260035.4290      15.1084   311.7    3505.5607         1.06668         52.7        41.257
17.7300    -260019.7051 -260035.2701      15.5650   321.1    3479.3460         1.07472         52.8        41.257
17.7400    -260020.2058 -260035.6554      15.4496   318.7    3479.3460         1.07472         52.7        41.257
17.7500    -260020.8342 -260035.8250      14.9908   309.3    3465.8630         1.07890         52.7        41.257
17.7600    -260021.1090 -260035.2117      14.1026   290.9    3465.8630         1.07890         52.7        41.257
17.7700    -260021.3842 -260035.9307      14.5465   300.1    3454.1974         1.08255         52.8        41.257
17.7800    -260021.5617 -260036.4558      14.8941   307.3    3454.1974         1.08255         52.7        41.257
17.7900    -260021.4623 -260036.3690      14.9067   307.5    3454.1974         1.08255         52.7        41.257
17.8000    -260021.3874 -260035.8147      14.4273   297.6    3473.2647         1.07660         52.7        41.257
17.8100    -260021.4850 -260036.0597      14.5747   300.7    3473.2647         1.07660         52.7        41.257
17.8200    -260021.4675 -260035.6710      14.2035   293.0    3496.2077         1.06954         52.8        41.257
17.8300    -260021.6184 -260036.2581      14.6397   302.0    3531.4729         1.05886         52.8        41.257
17.8400    -260021.2649 -260036.2017      14.9369   308.2    3531.4729         1.05886         52.8        41.257
17.8500    -260021.2583 -260036.3848      15.1265   312.1    3552.4653         1.05260         52.8        41.257
17.8600    -260021.4293 -260036.5387      15.1094   311.7    3552.4653         1.05260         52.8        41.257
17.8700    -260021.6422 -260036.1827      14.5405   300.0    3554.3888         1.05203         52.8        41.257
17.8800    -260021.3881 -260035.9742      14.5861   300.9    3554.3888         1.05203         52.8        41.257
17.8900    -260021.7534 -260035.5743      13.8208   285.1    3554.3888         1.05203         52.8        41.257
17.9000    -260022.3890 -260035.9467      13.5578   279.7    3543.8329         1.05516         52.8        41.257
17.9100    -260022.4363 -260036.8901      14.4539   298.2    3543.8329         1.05516         52.8        41.257
17.9200    -260022.0397 -260037.6318      15.5921   321.7    3544.9098         1.05484         52.8        41.257
17.9300    -260022.1953 -260036.8720      14.6766   302.8    3530.6657         1.05910         52.9        41.257
17.9400    -260022.4897 -260037.2461      14.7564   304.4    3530.6657         1.05910         52.8        41.257
17.9500    -260023.0763 -260037.5183      14.4420   297.9    3531.0073         1.05900         52.9        41.257
17.9600    -260022.6319 -260036.2296      13.5977   280.5    3531.0073         1.05900         52.9        41.257
17.9700    -260022.1081 -260036.4243      14.3162   295.3    3531.0073         1.05900         52.8        41.257
17.9800    -260021.7730 -260036.6377      14.8647   306.7    3548.5424         1.05376         52.9        41.257
17.9900    -260021.7777 -260036.8167      15.0390   310.3    3553.7271         1.05223         52.9        41.257
18.0000    -260021.7185 -260036.0895      14.3709   296.5    3515.9768         1.06352         52.9        41.257
18.0100    -260021.2858 -260037.1103      15.8245   326.5    3515.9768         1.06352         52.9        41.257
18.0200    -260020.9619 -260036.3594      15.3976   317.7    3490.6329         1.07125         52.9        41.257
18.0300    -260020.9323 -260034.8648      13.9326   287.4    3481.3668         1.07410         53.0        41.257
18.0400    -260020.8272 -260035.5690      14.7417   304.1    3481.3668         1.07410         52.9        41.257
18.0500    -260020.5733 -260035.4259      14.8526   306.4    3481.3668         1.07410         52.9        41.257
18.0600    -260020.6128 -260035.8518      15.2390   314.4    3481.3668         1.07410         52.9        41.257
18.0700    -260020.3042 -260035.4707      15.1665   312.9    3481.3668         1.07410         52.9        41.257
18.0800    -260020.3977 -260034.9415      14.5438   300.0    3466.1010         1.07883         52.9        41.257
18.0900    -260020.4000 -260034.9908      14.5908   301.0    3465.1961         1.07911         52.9        41.257
18.1000    -260020.4598 -260035.3234      14.8636   306.6    3455.1026         1.08226         53.0        41.257
18.1100    -260020.8457 -260035.7265      14.8808   307.0    3455.1026         1.08226         53.0        41.257
18.1200    -260021.0404 -260035.9354      14.8950   307.3    3455.1026         1.08226         52.9        41.257
18.1300    -260020.7468 -260036.3626      15.6158   322.2    3455.1026         1.08226         52.9        41.257
18.1400    -260020.1436 -260035.5289      15.3854   317.4    3478.0279         1.07513         52.9        41.257
18.1500    -260020.6771 -260035.2077      14.5306   299.8    3478.0279         1.07513         52.9        41.257
18.1600    -260021.1447 -260035.3497      14.2050   293.1    3478.0279         1.07513         52.9        41.257
18.1700    -260020.9179 -260036.5347      15.6168   322.2    3484.5259         1.07312         52.9        41.257
18.1800    -260020.2043 -260035.6437      15.4393   318.5    3470.2209         1.07755         53.0        41.257
18.1900    -260020.8356 -260036.3164      15.4808   319.4    3470.2209         1.07755         52.9        41.257
18.2000    -260020.8278 -260035.2840      14.4562   298.2    3470.2209         1.07755         52.9        41.257
18.2100    -260021.2626 -260036.4836      15.2210   314.0    3470.2209         1.07755         52.9        41.257
18.2200    -260022.2034 -260036.7041      14.5007   299.2    3470.2209         1.07755         52.8        41.257
18.2300    -260022.1916 -260036.6360      14.4445   298.0    3470.2209         1.07755         52.8        41.257
18.2400    -260022.1996 -260036.9824      14.7828   305.0    3448.0847         1.08446         52.8        41.257
18.2500    -260022.2071 -260036.9615      14.7544   304.4    3463.7655         1.07956         52.9        41.257
18.2600    -260022.6646 -260036.2402      13.5756   280.1    3463.7655         1.07956         52.9        41.257
18.2700    -260022.5197 -260036.8120      14.2922   294.9    3463.7655         1.07956         52.8        41.257
18.2800    -260022.9064 -260036.9163      14.0100   289.0    3428.3783         1.09070         52.9        41.257
18.2900    -260023.2550 -260038.0433      14.7884   305.1    3439.5571         1.08715         52.9        41.257
18.3000    -260023.4142 -260037.5178      14.1036   291.0    3438.3038         1.08755         52.9        41.257
18.3100    -260024.0723 -260037.0547      12.9824   267.8    3438.3038         1.08755         52.9        41.257
18.3200    -260023.6134 -260036.3598      12.7464   263.0    3443.9463         1.08577         53.0        41.257
18.3300    -260023.5704 -260036.6579      13.0876   270.0    3464.5796         1.07930         53.0        41.257
18.3400    -260023.1949 -260036.8224      13.6276   281.1    3464.5796         1.07930         53.0        41.257
18.3500    -260023.1019 -260037.5047      14.4027   297.1    3464.5796         1.07930         52.9        41.257
18.3600    -260022.8211 -260037.4016      14.5805   300.8    3464.5796         1.07930         52.9        41.257
18.3700    -260023.1595 -260036.8068      13.6473   281.5    3464.5796         1.07930         52.9        41.257
18.3800    -260022.3606 -260036.6785      14.3180   295.4    3464.5796         1.07930         52.9        41.257
18.3900    -260022.9787 -260037.1355      14.1568   292.1    3472.1735         1.07694         52.9        41.257
18.4000    -260022.7900 -260037.4303      14.6403   302.0    3475.5663         1.07589         52.9        41.257
18.4100    -260022.4647 -260037.0121      14.5474   300.1    3475.5663         1.07589         52.9        41.257
18.4200    -260021.9960 -260036.0258      14.0298   289.4    3468.0032         1.07824         53.0        41.257
18.4300    -260021.8195 -260036.0219      14.2024   293.0    3468.0032         1.07824         52.9        41.257
18.4400    -260021.7246 -260035.6459      13.9213   287.2    3467.4300         1.07841         52.9        41.257
18.4500    -260021.4151 -260036.3327      14.9176   307.8    3467.4300         1.07841         52.9        41.257
18.4600    -260021.2015 -260035.4577      14.2562   294.1    3467.4300         1.07841         52.9        41.257
18.4700    -260021.2869 -260035.7733      14.4864   298.9    3467.4300         1.07841         52.9        41.257
18.4800    -260021.7041 -260035.9776      14.2736   294.5    3467.4300         1.07841         52.8        41.257
18.4900    -260022.0798 -260035.7835      13.7037   282.7    3467.4300         1.07841         52.8        41.257
18.5000    -260022.3287 -260035.8466      13.5179   278.9    3457.1501         1.08162         52.8        41.257
18.5100    -260022.2076 -260036.5831      14.3755   296.6    3457.1501         1.08162         52.8        41.257
18.5200    -260022.2432 -260037.0093      14.7661   304.6    3457.1501         1.08162         52.8        41.257
18.5300    -260022.2645 -260035.8016      13.5371   279.3    3457.1501         1.08162         52.8        41.257
18.5400    -260021.8552 -260036.1403      14.2852   294.7    3457.1501         1.08162         52.7        41.257
18.5500    -260022.0270 -260036.3163      14.2893   294.8    3445.0521         1.08542         52.8        41.257
18.5600    -260021.7411 -260036.8141      15.0730   311.0    3445.0521         1.08542         52.8        41.257
18.5700    -260022.1352 -260036.3154      14.1802   292.5    3445.0521         1.08542         52.7        41.257
18.5800    -260022.7722 -260037.1843      14.4121   297.3    3445.0521         1.08542         52.7        41.257
18.5900    -260023.5152 -260038.1933      14.6782   302.8    3461.6184         1.08022         52.7        41.257
18.6000    -260023.2246 -260038.4960      15.2714   315.1    3476.2381         1.07568         52.8        41.257
18.6100    -260022.8083 -260037.6493      14.8410   306.2    3476.2381         1.07568         52.8        41.257
18.6200    -260023.2310 -260037.4892      14.2582   294.2    3461.2204         1.08035         52.8        41.257
18.6300    -260022.9757 -260037.2188      14.2431   293.8    3475.0133         1.07606         52.8        41.257
18.6400    -260022.6655 -260037.2891      14.6236   301.7    3475.0133         1.07606         52.8        41.257
18.6500    -260022.4979 -260037.0637      14.5657   300.5    3454.3434         1.08250         52.8        41.257
18.6600    -260022.9909 -260036.5297      13.5388   279.3    3454.3434         1.08250         52.8        41.257
18.6700    -260023.6357 -260037.1769      13.5412   279.4    3471.8984         1.07703         52.8        41.257
18.6800    -260023.5704 -260037.4444      13.8740   286.2    3471.8984         1.07703         52.8        41.257
18.6900    -260023.5253 -260037.5788      14.0535   289.9    3471.8984         1.07703         52.8        41.257
18.7000    -260022.6402 -260037.2244      14.5843   300.9    3471.8984         1.07703         52.7        41.257
18.7100    -260022.2816 -260037.1834      14.9018   307.4    3471.8984         1.07703         52.7        41.257
18.7200    -260022.2871 -260036.5581      14.2709   294.4    3471.8984         1.07703         52.7        41.257
18.7300    -260022.5231 -260036.6701      14.1471   291.9    3471.8984         1.07703         52.7        41.257
18.7400    -260022.3165 -260037.0864      14.7699   304.7    3463.9624         1.07949         52.7        41.257
18.7500    -260022.1372 -260036.9768      14.8396   306.1    3463.9624         1.07949         52.7        41.257
18.7600    -260022.4545 -260037.0156      14.5610   300.4    3463.9624         1.07949         52.7        41.257
18.7700    -260021.9643 -260036.7779      14.8136   305.6    3463.9200         1.07951         52.7        41.257
18.7800    -260021.8515 -260036.4424      14.5909   301.0    3450.3155         1.08376         52.7        41.257
18.7900    -260022.0812 -260036.4624      14.3812   296.7    3450.3155         1.08376         52.7        41.257
18.8000    -260021.9914 -260036.8484      14.8571   306.5    3471.1563         1.07726         52.7        41.257
18.8100    -260021.7565 -260036.0850      14.3284   295.6    3471.1563         1.07726         52.7        41.257
18.8200    -260022.0592 -260036.8228      14.7636   304.6    3465.7284         1.07894         52.8        41.257
18.8300    -260022.0693 -260037.1569      15.0877   311.3    3480.0714         1.07450         52.8        41.257
18.8400    -260022.0417 -260036.7955      14.7538   304.4    3506.8896         1.06628         52.8        41.257
18.8500    -260022.0910 -260036.7031      14.6121   301.5    3512.7745         1.06449         52.9        41.257
18.8600    -260022.7011 -260036.0787      13.3776   276.0    3512.7745         1.06449         52.9        41.257
18.8700    -260022.4949 -260036.3693      13.8745   286.2    3502.7560         1.06754         52.9        41.257
18.8800    -260022.2597 -260036.7721      14.5124   299.4    3502.7560         1.06754         52.8        41.257
18.8900    -260022.5879 -260037.3946      14.8066   305.5    3502.7560         1.06754         52.8        41.257
18.9000    -260022.6528 -260037.0045      14.3517   296.1    3494.5377         1.07005         52.8        41.257
18.9100    -260022.2647 -260036.6647      14.4000   297.1    3494.5377         1.07005         52.8        41.257
18.9200    -260022.5915 -260037.0038      14.4123   297.3    3486.4503         1.07253         52.9        41.257
18.9300    -260023.0116 -260036.4712      13.4596   277.7    3486.4503         1.07253         52.8        41.257
18.9400    -260023.0675 -260036.9981      13.9306   287.4    3496.0399         1.06959         52.9        41.257
18.9500    -260023.0344 -260036.5836      13.5493   279.5    3501.3593         1.06796         52.9        41.257
18.9600    -260022.9675 -260036.4414      13.4739   278.0    3501.3593         1.06796         52.9        41.257
18.9700    -260023.5444 -260036.9692      13.4248   277.0    3501.3593         1.06796         52.9        41.257
18.9800    -260023.6977 -260037.1546      13.4569   277.6    3501.3593         1.06796         52.8        41.257
18.9900    -260023.7257 -260037.4557      13.7301   283.3    3501.3593         1.06796         52.8        41.257
19.0000    -260023.7408 -260037.2547      13.5138   278.8    3496.8541         1.06934         52.8        41.257
19.0100    -260023.9190 -260036.8633      12.9443   267.0    3496.8541         1.06934         52.8        41.257
19.0200    -260023.6753 -260036.8113      13.1361   271.0    3502.6974         1.06756         52.9        41.257
19.0300    -260023.5561 -260037.7759      14.2199   293.4    3509.1837         1.06558         52.9        41.257
19.0400    -260022.9312 -260037.5835      14.6523   302.3    3509.1837         1.06558         52.9        41.257
19.0500    -260023.0111 -260037.5930      14.5819   300.8    3509.1837         1.06558         52.8        41.257
19.0600    -260023.2207 -260037.2460      14.0253   289.3    3509.1837         1.06558         52.8        41.257
19.0700    -260022.7507 -260037.3768      14.6261   301.7    3509.1837         1.06558         52.8        41.257
19.0800    -260022.9696 -260037.0382      14.0686   290.2    3499.7923         1.06844         52.8        41.257
19.0900    -260023.2787 -260037.9099      14.6312   301.8    3503.2430         1.06739         52.8        41.257
19.1000    -260023.3024 -260037.4867      14.1842   292.6    3509.9998         1.06534         52.9        41.257
19.1100    -260023.6601 -260036.9460      13.2858   274.1    3509.9998         1.06534         52.9        41.257
19.1200    -260023.8170 -260037.3948      13.5778   280.1    3501.8522         1.06781         52.9        41.257
19.1300    -260023.5366 -260037.3750      13.8384   285.5    3483.1500         1.07355         52.9        41.257
19.1400    -260023.4740 -260037.7546      14.2806   294.6    3469.9360         1.07764         53.0        41.257
19.1500    -260023.0287 -260037.4949      14.4662   298.4    3469.9360         1.07764         52.9        41.257
19.1600    -260022.6267 -260037.2735      14.6468   302.2    3469.9360         1.07764         52.9        41.257
19.1700    -260022.9767 -260036.9382      13.9615   288.0    3487.6512         1.07216         53.0        41.257
19.1800    -260023.0168 -260037.4901      14.4733   298.6    3487.6512         1.07216         52.9        41.257
19.1900    -260023.2306 -260037.4913      14.2607   294.2    3487.6512         1.07216         52.9        41.257
19.2000    -260023.4005 -260037.3656      13.9652   288.1    3487.6512         1.07216         52.9        41.257
19.2100    -260021.8648 -260037.1690      15.3043   315.7    3487.6512         1.07216         52.9        41.257
19.2200    -260021.9240 -260036.6078      14.6837   302.9    3483.7702         1.07336         52.9        41.257
19.2300    -260021.9049 -260036.0763      14.1714   292.4    3483.7702         1.07336         52.9        41.257
19.2400    -260022.1227 -260035.8952      13.7725   284.1    3483.7702         1.07336         52.8        41.257
19.2500    -260022.4182 -260036.8310      14.4127   297.3    3483.1901         1.07353         52.9        41.257
19.2600    -260023.0799 -260037.2393      14.1594   292.1    3483.1901         1.07353         52.9        41.257
19.2700    -260022.7934 -260037.6397      14.8463   306.3    3504.1120         1.06713         52.9        41.257
19.2800    -260022.9997 -260037.1846      14.1850   292.6    3495.6698         1.06970         52.9        41.257
19.2900    -260023.0284 -260036.9918      13.9633   288.1    3490.3922         1.07132         52.9        41.257
19.3000    -260023.2023 -260037.3323      14.1300   291.5    3490.3922         1.07132         52.9        41.257
19.3100    -260022.8138 -260036.9675      14.1537   292.0    3490.3922         1.07132         52.9        41.257
19.3200    -260023.2745 -260037.1006      13.8261   285.2    3469.3413         1.07782         52.9        41.257
19.3300    -260023.0501 -260037.9762      14.9261   307.9    3470.6153         1.07742         53.0        41.257
19.3400    -260022.7928 -260037.2920      14.4992   299.1    3470.6153         1.07742         52.9        41.257
19.3500    -260021.8355 -260037.0014      15.1659   312.9    3470.6153         1.07742         52.9        41.257
19.3600    -260021.8919 -260036.4188      14.5270   299.7    3470.6153         1.07742         52.9        41.257
19.3700    -260021.1464 -260036.1608      15.0144   309.8    3468.5184         1.07808         52.9        41.257
19.3800    -260020.8098 -260036.8339      16.0242   330.6    3468.5184         1.07808         52.9        41.257
19.3900    -260021.2166 -260036.0562      14.8396   306.1    3468.5184         1.07808         52.9        41.257
19.4000    -260021.1956 -260035.5246      14.3289   295.6    3468.5184         1.07808         52.8        41.257
19.4100    -260021.4320 -260036.2013      14.7692   304.7    3468.5184         1.07808         52.8        41.257
19.4200    -260021.5499 -260036.4768      14.9270   307.9    3473.3820         1.07657         52.9        41.257
19.4300    -260021.8106 -260035.6231      13.8125   285.0    3473.3820         1.07657         52.8        41.257
19.4400    -260021.9880 -260036.6419      14.6539   302.3    3500.3296         1.06828         52.9        41.257
19.4500    -260022.3558 -260036.3726      14.0168   289.2    3500.3296         1.06828         52.8        41.257
19.4600    -260021.3662 -260036.1132      14.7470   304.2    3500.3296         1.06828         52.8        41.257
19.4700    -260021.1977 -260035.6909      14.4932   299.0    3500.3296         1.06828         52.8        41.257
19.4800    -260021.3501 -260035.8978      14.5477   300.1    3500.3296         1.06828         52.8        41.257
19.4900    -260021.6024 -260035.4289      13.8265   285.2    3500.3296         1.06828         52.7        41.257
19.5000    -260021.4869 -260035.2411      13.7542   283.8    3500.3296         1.06828         52.7        41.257
19.5100    -260021.2994 -260035.1360      13.8366   285.5    3500.3296         1.06828         52.7        41.257
19.5200    -260020.9803 -260036.1498      15.1695   313.0    3518.9221         1.06263         52.7        41.257
19.5300    -260021.1272 -260035.4456      14.3184   295.4    3518.9221         1.06263         52.7        41.257
19.5400    -260021.2653 -260035.5468      14.2815   294.6    3502.2514         1.06769         52.7        41.257
19.5500    -260020.8568 -260035.7508      14.8940   307.3    3487.5957         1.07218         52.7        41.257
19.5600    -260020.9293 -260036.1038      15.1744   313.1    3487.5957         1.07218         52.7        41.257
19.5700    -260021.1863 -260035.2839      14.0976   290.8    3471.2034         1.07724         52.8        41.257
19.5800    -260020.8114 -260035.5551      14.7437   304.2    3471.2034         1.07724         52.7        41.257
19.5900    -260020.2890 -260035.2476      14.9586   308.6    3506.4312         1.06642         52.8        41.257
19.6000    -260021.2173 -260035.6992      14.4819   298.8    3506.4312         1.06642         52.7        41.257
19.6100    -260021.5954 -260034.9921      13.3967   276.4    3506.4312         1.06642         52.7        41.257
19.6200    -260020.6257 -260035.5270      14.9013   307.4    3506.4312         1.06642         52.7        41.257
19.6300    -260020.5890 -260035.8074      15.2185   314.0    3502.5894         1.06759         52.7        41.257
19.6400    -260021.1356 -260035.3417      14.2061   293.1    3467.0552         1.07853         52.8        41.257
19.6500    -260020.8774 -260035.5809      14.7034   303.3    3467.0552         1.07853         52.7        41.257
19.6600    -260020.9149 -260035.3727      14.4578   298.3    3467.0552         1.07853         52.7        41.257
19.6700    -260020.6797 -260035.2086      14.5288   299.7    3467.0552         1.07853         52.7        41.257
19.6800    -260020.8724 -260035.5072      14.6348   301.9    3467.0552         1.07853         52.7        41.257
19.6900    -260021.1864 -260035.7357      14.5493   300.2    3467.0552         1.07853         52.6        41.257
19.7000    -260020.7981 -260035.7153      14.9172   307.7    3467.0552         1.07853         52.6        41.257
19.7100    -260021.1131 -260035.8078      14.6946   303.2    3467.0552         1.07853         52.6        41.257
19.7200    -260021.1297 -260035.5455      14.4158   297.4    3467.0552         1.07853         52.6        41.257
19.7300    -260020.6404 -260035.6614      15.0210   309.9    3478.3747         1.07502         52.6        41.257
19.7400    -260020.2881 -260034.4914      14.2033   293.0    3486.5585         1.07250         52.6        41.257
19.7500    -260020.2682 -260034.9148      14.6466   302.2    3504.1076         1.06713         52.7        41.257
19.7600    -260020.7759 -260036.2367      15.4607   319.0    3504.1076         1.06713         52.7        41.257
19.7700    -260021.3753 -260035.4075      14.0321   289.5    3463.8282         1.07954         52.7        41.257
19.7800    -260021.5886 -260035.2569      13.6683   282.0    3463.8282         1.07954         52.7        41.257
19.7900    -260021.0512 -260035.2318      14.1806   292.5    3463.8282         1.07954         52.6        41.257
19.8000    -260020.3200 -260035.2288      14.9088   307.6    3463.8282         1.07954         52.6        41.257
19.8100    -260021.1613 -260035.4012      14.2399   293.8    3463.8282         1.07954         52.6        41.257
19.8200    -260020.7713 -260035.3722      14.6009   301.2    3463.8282         1.07954         52.6        41.257
19.8300    -260020.0578 -260035.4162      15.3583   316.8    3463.8282         1.07954         52.5        41.257
19.8400    -260020.3110 -260035.1264      14.8153   305.6    3476.1539         1.07571         52.6        41.257
19.8500    -260020.9001 -260034.8579      13.9578   288.0    3476.1539         1.07571         52.5        41.257
19.8600    -260020.7621 -260035.1718      14.4096   297.3    3476.1539         1.07571         52.5        41.257
19.8700    -260020.8340 -260035.1165      14.2825   294.7    3476.1539         1.07571         52.5        41.257
19.8800    -260020.7322 -260035.7675      15.0352   310.2    3476.1539         1.07571         52.5        41.257
19.8900    -260020.9721 -260036.7040      15.7319   324.6    3466.9139         1.07857         52.5        41.257
19.9000    -260021.2501 -260036.4533      15.2032   313.6    3488.9554         1.07176         52.5        41.257
19.9100    -260021.3741 -260035.3905      14.0164   289.2    3488.9554         1.07176         52.5        41.257
19.9200    -260021.1994 -260035.6683      14.4689   298.5    3475.1488         1.07602         52.5        41.257
19.9300    -260021.4193 -260036.3278      14.9084   307.6    3492.3828         1.07071         52.6        41.257
19.9400    -260022.2848 -260036.4940      14.2093   293.1    3492.3828         1.07071         52.5        41.257
19.9500    -260022.4291 -260036.3956      13.9665   288.1    3492.3828         1.07071         52.5        41.257
19.9600    -260022.0969 -260036.6498      14.5529   300.2    3492.3828         1.07071         52.5        41.257
19.9700    -260021.6763 -260036.1965      14.5202   299.6    3492.3828         1.07071         52.5        41.257
19.9800    -260021.9298 -260036.8503      14.9204   307.8    3482.1824         1.07385         52.5        41.257
19.9900    -260022.5205 -260036.3197      13.7992   284.7    3502.9879         1.06747         52.5        41.257
20.0000    -260022.2516 -260037.1376      14.8860   307.1    3502.9879         1.06747         52.5        41.257
20.0100    -260022.0565 -260036.8241      14.7676   304.7    3502.9879         1.06747         52.5        41.257
20.0200    -260021.7428 -260035.8313      14.0885   290.6    3502.9879         1.06747         52.5        41.257
20.0300    -260021.6878 -260036.4026      14.7148   303.6    3539.7421         1.05638         52.5        41.257
20.0400    -260021.8894 -260037.3774      15.4879   319.5    3548.5628         1.05376         52.5        41.257
20.0500    -260021.5001 -260036.4564      14.9562   308.6    3548.5628         1.05376         52.5        41.257
20.0600    -260021.4752 -260035.5514      14.0762   290.4    3548.5628         1.05376         52.5        41.257
20.0700    -260021.8615 -260035.4324      13.5709   280.0    3548.5628         1.05376         52.5        41.257
20.0800    -260022.6718 -260036.5802      13.9084   286.9    3544.6306         1.05493         52.5        41.257
20.0900    -260022.6349 -260036.6871      14.0522   289.9    3543.2984         1.05532         52.5        41.257
20.1000    -260022.3046 -260036.1516      13.8470   285.7    3511.3108         1.06494         52.5        41.257
20.1100    -260022.3841 -260036.5711      14.1870   292.7    3511.3108         1.06494         52.5        41.257
20.1200    -260021.9949 -260036.6442      14.6492   302.2    3511.3108         1.06494         52.5        41.257
20.1300    -260022.1370 -260036.7571      14.6201   301.6    3470.8665         1.07735         52.5        41.257
20.1400    -260022.2061 -260036.5180      14.3119   295.3    3474.7389         1.07615         52.6        41.257
20.1500    -260022.0098 -260037.4255      15.4157   318.0    3474.7389         1.07615         52.5        41.257
20.1600    -260022.3528 -260037.8044      15.4516   318.8    3474.7389         1.07615         52.5        41.257
20.1700    -260022.0406 -260037.8077      15.7671   325.3    3474.7389         1.07615         52.5        41.257
20.1800    -260022.0791 -260036.9611      14.8820   307.0    3474.7389         1.07615         52.5        41.257
20.1900    -260022.1543 -260036.6663      14.5120   299.4    3493.4150         1.07039         52.5        41.257
20.2000    -260021.5133 -260036.1910      14.6777   302.8    3493.4150         1.07039         52.5        41.257
20.2100    -260021.9249 -260037.4949      15.5701   321.2    3493.4150         1.07039         52.5        41.257
20.2200    -260022.3833 -260037.1844      14.8010   305.3    3493.4150         1.07039         52.4        41.257
20.2300    -260021.9670 -260037.3068      15.3398   316.5    3499.7563         1.06845         52.5        41.257
20.2400    -260022.7164 -260036.9931      14.2767   294.5    3499.7563         1.06845         52.4        41.257
20.2500    -260022.7913 -260036.8909      14.0996   290.9    3511.9782         1.06474         52.5        41.257
20.2600    -260022.6814 -260036.0116      13.3303   275.0    3511.9782         1.06474         52.5        41.257
20.2700    -260022.5797 -260036.8375      14.2578   294.1    3511.9782         1.06474         52.4        41.257
20.2800    -260022.1597 -260036.9387      14.7790   304.9    3511.9782         1.06474         52.4        41.257
20.2900    -260022.5603 -260037.1059      14.5456   300.1    3511.0906         1.06500         52.4        41.257
20.3000    -260022.0763 -260035.8789      13.8026   284.8    3511.0906         1.06500         52.4        41.257
20.3100    -260021.6613 -260035.6758      14.0146   289.1    3511.0906         1.06500         52.4        41.257
20.3200    -260021.5779 -260036.1326      14.5547   300.3    3511.0906         1.06500         52.4        41.257
20.3300    -260021.3314 -260036.2237      14.8922   307.2    3507.3010         1.06615         52.4        41.257
20.3400    -260021.5702 -260036.1459      14.5757   300.7    3507.3010         1.06615         52.4        41.257
20.3500    -260021.9006 -260035.8362      13.9357   287.5    3507.3010         1.06615         52.3        41.257
20.3600    -260022.1283 -260036.3551      14.2267   293.5    3507.3010         1.06615         52.3        41.257
20.3700    -260021.7789 -260036.4060      14.6271   301.8    3514.5952         1.06394         52.4        41.257
20.3800    -260022.3056 -260036.3806      14.0750   290.4    3514.5952         1.06394         52.3        41.257
20.3900    -260021.8284 -260036.5092      14.6808   302.9    3514.5952         1.06394         52.3        41.257
20.4000    -260022.2552 -260037.1925      14.9373   308.2    3484.4182         1.07316         52.3        41.257
20.4100    -260022.4615 -260037.4125      14.9510   308.4    3484.4182         1.07316         52.3        41.257
20.4200    -260022.2196 -260037.2155      14.9959   309.4    3477.7076         1.07523         52.4        41.257
20.4300    -260022.7039 -260037.6894      14.9856   309.2    3477.7076         1.07523         52.3        41.257
20.4400    -260022.5470 -260037.6002      15.0532   310.6    3474.4623         1.07623         52.4        41.257
20.4500    -260022.7848 -260037.0918      14.3069   295.2    3480.4779         1.07437         52.4        41.257
20.4600    -260023.1323 -260037.5898      14.4575   298.3    3480.4779         1.07437         52.4        41.257
20.4700    -260023.3272 -260037.2791      13.9519   287.8    3480.4779         1.07437         52.4        41.257
20.4800    -260022.4101 -260037.8947      15.4846   319.5    3463.4541         1.07965         52.4        41.257
20.4900    -260022.8444 -260036.7053      13.8609   286.0    3480.5379         1.07435         52.4        41.257
20.5000    -260022.9325 -260036.8751      13.9426   287.6    3488.0898         1.07203         52.4        41.257
20.5100    -260023.0354 -260037.2328      14.1974   292.9    3488.0898         1.07203         52.4        41.257
20.5200    -260022.2242 -260036.4333      14.2090   293.1    3503.5116         1.06731         52.5        41.257
20.5300    -260021.8486 -260036.9180      15.0694   310.9    3503.5116         1.06731         52.4        41.257
20.5400    -260022.3727 -260037.1786      14.8058   305.4    3472.2268         1.07692         52.5        41.257
20.5500    -260022.3957 -260036.6503      14.2545   294.1    3472.2268         1.07692         52.4        41.257
20.5600    -260022.8300 -260036.4020      13.5720   280.0    3472.2268         1.07692         52.4        41.257
20.5700    -260023.1071 -260036.2324      13.1254   270.8    3476.7009         1.07554         52.5        41.257
20.5800    -260023.2918 -260037.3141      14.0223   289.3    3476.7009         1.07554         52.4        41.257
20.5900    -260022.8779 -260037.2686      14.3907   296.9    3476.7009         1.07554         52.4        41.257
20.6000    -260022.7411 -260037.6971      14.9560   308.5    3476.7009         1.07554         52.4        41.257
20.6100    -260023.0800 -260037.1804      14.1003   290.9    3476.7009         1.07554         52.4        41.257
20.6200    -260023.3428 -260038.0546      14.7119   303.5    3449.2798         1.08409         52.4        41.257
20.6300    -260022.4303 -260037.0257      14.5954   301.1    3418.1326         1.09397         52.4        41.257
20.6400    -260022.2675 -260036.2707      14.0032   288.9    3418.1326         1.09397         52.4        41.257
20.6500    -260022.4718 -260035.8559      13.3841   276.1    3418.1326         1.09397         52.4        41.257
20.6600    -260021.8968 -260036.6006      14.7038   303.3    3418.1326         1.09397         52.4        41.257
20.6700    -260022.5310 -260036.9282      14.3972   297.0    3400.9516         1.09949         52.4        41.257
20.6800    -260023.0265 -260037.1856      14.1591   292.1    3429.0370         1.09049         52.4        41.257
20.6900    -260023.1211 -260037.4573      14.3362   295.8    3429.0370         1.09049         52.4        41.257
20.7000    -260023.0811 -260037.6701      14.5890   301.0    3429.0370         1.09049         52.4        41.257
20.7100    -260023.4109 -260037.2613      13.8504   285.7    3429.0370         1.09049         52.4        41.257
20.7200    -260023.1771 -260036.7990      13.6218   281.0    3429.0370         1.09049         52.3        41.257
20.7300    -260023.6648 -260037.0635      13.3986   276.4    3429.0370         1.09049         52.3        41.257
20.7400    -260023.1974 -260036.6252      13.4278   277.0    3428.4249         1.09068         52.3        41.257
20.7500    -260023.1711 -260037.0754      13.9044   286.9    3428.4249         1.09068         52.3        41.257
20.7600    -260023.3766 -260036.9694      13.5928   280.4    3428.4249         1.09068         52.3        41.257
20.7700    -260023.1819 -260036.7184      13.5366   279.3    3428.4249         1.09068         52.3        41.257
20.7800    -260022.7773 -260036.6921      13.9148   287.1    3443.8597         1.08580         52.3        41.257
20.7900    -260023.4102 -260037.2795      13.8693   286.1    3448.5961         1.08430         52.3        41.257
20.8000    -260023.2205 -260037.5663      14.3458   296.0    3443.2796         1.08598         52.3        41.257
20.8100    -260023.2347 -260037.5843      14.3496   296.0    3443.2796         1.08598         52.3        41.257
20.8200    -260022.7387 -260037.4939      14.7552   304.4    3403.7500         1.09859         52.4        41.257
20.8300    -260023.0933 -260037.7695      14.6761   302.8    3389.3322         1.10326         52.4        41.257
20.8400    -260023.2948 -260037.5947      14.2999   295.0    3384.0047         1.10500         52.4        41.257
20.8500    -260022.8580 -260036.8877      14.0297   289.4    3399.8581         1.09985         52.5        41.257
20.8600    -260022.9244 -260037.3874      14.4631   298.4    3399.8581         1.09985         52.5        41.257
20.8700    -260022.8152 -260037.5093      14.6941   303.1    3399.8581         1.09985         52.4        41.257
20.8800    -260022.8853 -260036.9838      14.0985   290.9    3399.8581         1.09985         52.4        41.257
20.8900    -260023.0464 -260037.2624      14.2160   293.3    3405.8111         1.09793         52.4        41.257
20.9000    -260023.2591 -260037.4953      14.2363   293.7    3436.4347         1.08814         52.5        41.257
20.9100    -260022.7550 -260037.3351      14.5801   300.8    3436.4347         1.08814         52.5        41.257
20.9200    -260023.3004 -260037.3369      14.0364   289.6    3446.0541         1.08510         52.5        41.257
20.9300    -260022.8360 -260036.9419      14.1058   291.0    3446.0541         1.08510         52.4        41.257
20.9400    -260022.1041 -260036.4236      14.3194   295.4    3454.3845         1.08249         52.5        41.257
20.9500    -260022.1100 -260036.6132      14.5032   299.2    3454.3845         1.08249         52.4        41.257
20.9600    -260022.2771 -260036.5567      14.2796   294.6    3454.3845         1.08249         52.4        41.257
20.9700    -260022.3120 -260036.1873      13.8753   286.3    3454.3845         1.08249         52.4        41.257
20.9800    -260022.4565 -260036.6237      14.1672   292.3    3476.0797         1.07573         52.4        41.257
20.9900    -260022.3915 -260036.3971      14.0057   288.9    3476.0797         1.07573         52.4        41.257
21.0000    -260021.8743 -260035.8170      13.9428   287.6    3476.0797         1.07573         52.4        41.257
21.0100    -260020.8354 -260035.5411      14.7056   303.4    3476.0797         1.07573         52.4        41.257
21.0200    -260021.1272 -260035.7208      14.5936   301.1    3476.0797         1.07573         52.3        41.257
21.0300    -260021.6142 -260036.5250      14.9109   307.6    3447.2117         1.08474         52.4        41.257
21.0400    -260021.5724 -260035.8083      14.2360   293.7    3447.2117         1.08474         52.3        41.257
21.0500    -260020.9974 -260035.9600      14.9626   308.7    3435.7647         1.08835         52.4        41.257
21.0600    -260020.2359 -260035.4408      15.2049   313.7    3435.7647         1.08835         52.4        41.257
21.0700    -260019.7978 -260034.5073      14.7095   303.5    3458.2898         1.08126         52.4        41.257
21.0800    -260020.0309 -260035.2472      15.2164   313.9    3448.1276         1.08445         52.4        41.257
21.0900    -260020.0911 -260035.7846      15.6934   323.8    3451.9085         1.08326         52.5        41.257
21.1000    -260020.7558 -260036.3346      15.5788   321.4    3451.9085         1.08326         52.4        41.257
21.1100    -260021.0425 -260036.2671      15.2245   314.1    3451.9085         1.08326         52.4        41.257
21.1200    -260021.1937 -260035.8345      14.6407   302.0    3437.5312         1.08779         52.5        41.257
21.1300    -260021.2125 -260036.0285      14.8160   305.7    3432.6272         1.08935         52.5        41.257
21.1400    -260021.0686 -260035.8469      14.7783   304.9    3429.2623         1.09042         52.5        41.257
21.1500    -260021.4217 -260036.9143      15.4926   319.6    3413.9963         1.09529         52.5        41.257
21.1600    -260021.1699 -260037.1324      15.9626   329.3    3413.9963         1.09529         52.5        41.257
21.1700    -260021.3765 -260035.9834      14.6069   301.3    3413.9963         1.09529         52.5        41.257
21.1800    -260021.3845 -260036.2592      14.8747   306.9    3396.5597         1.10092         52.5        41.257
21.1900    -260021.9741 -260036.7974      14.8233   305.8    3396.5597         1.10092         52.5        41.257
21.2000    -260021.8390 -260036.9112      15.0722   310.9    3368.2377         1.11017         52.5        41.257
21.2100    -260021.3589 -260036.1962      14.8373   306.1    3368.2377         1.11017         52.5        41.257
21.2200    -260021.6560 -260036.0191      14.3631   296.3    3401.5309         1.09931         52.6        41.257
21.2300    -260022.3704 -260036.6882      14.3178   295.4    3408.5158         1.09705         52.6        41.257
21.2400    -260022.8536 -260037.4643      14.6107   301.4    3408.5158         1.09705         52.6        41.257
21.2500    -260022.7630 -260036.6077      13.8447   285.6    3408.5158         1.09705         52.5        41.257
21.2600    -260023.0130 -260036.8750      13.8620   286.0    3408.5158         1.09705         52.5        41.257
21.2700    -260023.0619 -260036.8783      13.8164   285.0    3408.5158         1.09705         52.5        41.257
21.2800    -260023.2780 -260037.2049      13.9269   287.3    3408.5158         1.09705         52.5        41.257
21.2900    -260023.4944 -260036.8591      13.3647   275.7    3408.5158         1.09705         52.4        41.257
21.3000    -260023.4208 -260037.2226      13.8018   284.7    3434.4223         1.08878         52.5        41.257
21.3100    -260023.3378 -260037.0561      13.7183   283.0    3434.4223         1.08878         52.5        41.257
21.3200    -260022.8105 -260037.8138      15.0033   309.5    3448.8901         1.08421         52.5        41.257
21.3300    -260023.3629 -260037.3345      13.9716   288.2    3427.6169         1.09094         52.5        41.257
21.3400    -260023.6050 -260037.0647      13.4597   277.7    3423.4473         1.09227         52.5        41.257
21.3500    -260023.8049 -260037.0567      13.2518   273.4    3423.4473         1.09227         52.5        41.257
21.3600    -260023.8930 -260037.1479      13.2549   273.5    3423.4473         1.09227         52.5        41.257
21.3700    -260023.7855 -260037.8015      14.0160   289.2    3423.4473         1.09227         52.5        41.257
21.3800    -260023.0624 -260037.8911      14.8286   305.9    3413.3920         1.09549         52.5        41.257
21.3900    -260022.7772 -260037.7428      14.9656   308.7    3413.3920         1.09549         52.5        41.257
21.4000    -260023.2712 -260037.2302      13.9590   288.0    3413.3920         1.09549         52.5        41.257
21.4100    -260023.4640 -260037.7840      14.3200   295.4    3413.3920         1.09549         52.5        41.257
21.4200    -260023.2019 -260037.6616      14.4597   298.3    3413.3920         1.09549         52.4        41.257
21.4300    -260022.8878 -260038.0118      15.1240   312.0    3406.9270         1.09757         52.5        41.257
21.4400    -260023.5609 -260037.6737      14.1128   291.2    3385.2504         1.10459         52.5        41.257
21.4500    -260023.9174 -260038.3566      14.4392   297.9    3358.8971         1.11326         52.5        41.257
21.4600    -260023.8601 -260037.8759      14.0157   289.1    3358.8971         1.11326         52.5        41.257
21.4700    -260023.5181 -260037.7519      14.2338   293.6    3358.8971         1.11326         52.5        41.257
21.4800    -260022.9685 -260037.2043      14.2358   293.7    3382.9591         1.10534         52.5        41.257
21.4900    -260022.5852 -260036.7637      14.1786   292.5    3373.8880         1.10831         52.5        41.257
21.5000    -260022.6076 -260037.0892      14.4817   298.8    3372.4039         1.10880         52.6        41.257
21.5100    -260022.5952 -260036.5525      13.9573   287.9    3372.4039         1.10880         52.6        41.257
21.5200    -260022.8516 -260036.9766      14.1250   291.4    3372.4039         1.10880         52.5        41.257
21.5300    -260023.2123 -260037.2703      14.0580   290.0    3372.4039         1.10880         52.5        41.257
21.5400    -260023.0795 -260036.7978      13.7184   283.0    3399.0163         1.10012         52.5        41.257
21.5500    -260022.8649 -260036.6573      13.7923   284.5    3375.2578         1.10786         52.6        41.257
21.5600    -260022.9836 -260037.3254      14.3418   295.9    3375.2578         1.10786         52.6        41.257
21.5700    -260022.4608 -260037.2202      14.7594   304.5    3375.2578         1.10786         52.5        41.257
21.5800    -260022.3793 -260036.6432      14.2639   294.3    3379.2995         1.10654         52.5        41.257
21.5900    -260021.6870 -260035.8206      14.1336   291.6    3379.2995         1.10654         52.5        41.257
21.6000    -260022.1941 -260036.0688      13.8747   286.2    3379.2995         1.10654         52.5        41.257
21.6100    -260022.0977 -260035.6200      13.5223   279.0    3379.2995         1.10654         52.5        41.257
21.6200    -260022.2334 -260036.1570      13.9236   287.2    3392.1667         1.10234         52.5        41.257
21.6300    -260022.6437 -260035.9725      13.3288   275.0    3392.1667         1.10234         52.5        41.257
21.6400    -260022.3759 -260036.2880      13.9121   287.0    3432.3310         1.08944         52.5        41.257
21.6500    -260022.1337 -260037.0615      14.9278   308.0    3432.3310         1.08944         52.5        41.257
21.6600    -260021.6558 -260036.9288      15.2730   315.1    3432.3310         1.08944         52.5        41.257
21.6700    -260021.4690 -260036.2313      14.7623   304.6    3432.3310         1.08944         52.5        41.257
21.6800    -260021.2633 -260036.1906      14.9273   308.0    3432.3310         1.08944         52.4        41.257
21.6900    -260021.7389 -260036.8596      15.1207   311.9    3417.2178         1.09426         52.4        41.257
21.7000    -260021.9361 -260036.3085      14.3724   296.5    3433.7231         1.08900         52.5        41.257
21.7100    -260021.6086 -260036.5985      14.9899   309.2    3433.7231         1.08900         52.5        41.257
21.7200    -260021.4387 -260036.7437      15.3050   315.7    3428.3454         1.09071         52.5        41.257
21.7300    -260021.0768 -260036.1649      15.0881   311.3    3428.3454         1.09071         52.5        41.257
21.7400    -260020.6138 -260035.7050      15.0912   311.3    3453.5222         1.08276         52.5        41.257
21.7500    -260020.9027 -260035.6351      14.7324   303.9    3478.4400         1.07500         52.5        41.257
21.7600    -260020.9511 -260035.9632      15.0121   309.7    3478.4400         1.07500         52.5        41.257
21.7700    -260021.2627 -260036.6411      15.3784   317.3    3478.4400         1.07500         52.5        41.257
21.7800    -260021.2398 -260035.8559      14.6161   301.5    3441.1172         1.08666         52.5        41.257
21.7900    -260020.9809 -260035.8859      14.9051   307.5    3441.1172         1.08666         52.5        41.257
21.8000    -260020.8622 -260035.5902      14.7281   303.8    3441.1172         1.08666         52.5        41.257
21.8100    -260020.8114 -260036.7834      15.9720   329.5    3441.1172         1.08666         52.5        41.257
21.8200    -260021.3542 -260036.1230      14.7687   304.7    3464.7940         1.07923         52.5        41.257
21.8300    -260021.7309 -260036.2059      14.4750   298.6    3448.9670         1.08419         52.5        41.257
21.8400    -260021.8683 -260037.3509      15.4826   319.4    3418.1627         1.09396         52.5        41.257
21.8500    -260022.3803 -260036.5572      14.1769   292.5    3384.8843         1.10471         52.6        41.257
21.8600    -260022.6260 -260037.2798      14.6538   302.3    3384.8843         1.10471         52.6        41.257
21.8700    -260022.7543 -260038.4938      15.7395   324.7    3384.8843         1.10471         52.5        41.257
21.8800    -260022.9645 -260037.4047      14.4402   297.9    3378.0994         1.10693         52.6        41.257
21.8900    -260023.6842 -260037.0766      13.3923   276.3    3378.0994         1.10693         52.5        41.257
21.9000    -260023.5799 -260036.5866      13.0067   268.3    3378.0994         1.10693         52.5        41.257
21.9100    -260023.2621 -260036.4600      13.1979   272.3    3378.0994         1.10693         52.5        41.257
21.9200    -260023.0060 -260037.4735      14.4675   298.5    3378.0994         1.10693         52.5        41.257
21.9300    -260022.9621 -260037.8194      14.8573   306.5    3402.5653         1.09897         52.5        41.257
21.9400    -260023.1350 -260037.7542      14.6192   301.6    3392.7302         1.10216         52.5        41.257
21.9500    -260023.6880 -260037.9203      14.2323   293.6    3390.3933         1.10292         52.6        41.257
21.9600    -260024.0187 -260037.8011      13.7825   284.3    3390.3933         1.10292         52.6        41.257
21.9700    -260023.6791 -260037.3250      13.6459   281.5    3390.1060         1.10301         52.6        41.257
21.9800    -260023.4721 -260037.3022      13.8302   285.3    3390.1060         1.10301         52.6        41.257
21.9900    -260023.7974 -260037.8788      14.0814   290.5    3390.1060         1.10301         52.5        41.257
22.0000    -260023.2255 -260038.0470      14.8215   305.8    3379.2865         1.10654         52.6        41.257
22.0100    -260023.2480 -260037.5002      14.2522   294.0    3379.2865         1.10654         52.6        41.257
22.0200    -260023.3324 -260037.1294      13.7969   284.6    3367.5972         1.11038         52.6        41.257
22.0300    -260023.9699 -260036.9340      12.9641   267.5    3367.5972         1.11038         52.6        41.257
22.0400    -260023.6954 -260037.0613      13.3658   275.7    3349.9081         1.11625         52.6        41.257
22.0500    -260023.5977 -260037.0775      13.4798   278.1    3349.9081         1.11625         52.6        41.257
22.0600    -260023.6125 -260037.6237      14.0112   289.1    3349.9081         1.11625         52.6        41.257
22.0700    -260023.1918 -260037.9749      14.7831   305.0    3349.9081         1.11625         52.5        41.257
22.0800    -260023.3446 -260037.5071      14.1625   292.2    3362.7426         1.11199         52.5        41.257
22.0900    -260023.6577 -260037.2872      13.6295   281.2    3384.2555         1.10492         52.6        41.257
22.1000    -260023.7734 -260037.4541      13.6808   282.2    3384.2555         1.10492         52.5        41.257
22.1100    -260023.8404 -260038.0226      14.1822   292.6    3384.2555         1.10492         52.5        41.257
22.1200    -260024.2120 -260037.6313      13.4193   276.8    3392.6340         1.10219         52.6        41.257
22.1300    -260024.6694 -260038.2008      13.5314   279.2    3383.2902         1.10523         52.6        41.257
22.1400    -260024.1350 -260037.5898      13.4548   277.6    3396.7216         1.10086         52.6        41.257
22.1500    -260024.0454 -260037.5131      13.4677   277.8    3419.4407         1.09355         52.7        41.257
22.1600    -260023.4061 -260037.6363      14.2302   293.6    3419.4407         1.09355         52.7        41.257
22.1700    -260022.8149 -260037.5418      14.7269   303.8    3419.4407         1.09355         52.6        41.257
22.1800    -260022.6526 -260037.1612      14.5086   299.3    3419.4407         1.09355         52.6        41.257
22.1900    -260022.7676 -260037.3426      14.5749   300.7    3419.4407         1.09355         52.6        41.257
22.2000    -260022.3496 -260036.9143      14.5647   300.5    3419.4407         1.09355         52.5        41.257
22.2100    -260021.9871 -260036.7634      14.7763   304.8    3419.4407         1.09355         52.5        41.257
22.2200    -260022.0973 -260036.2546      14.1573   292.1    3419.4407         1.09355         52.5        41.257
22.2300    -260022.5551 -260036.1138      13.5587   279.7    3419.4407         1.09355         52.5        41.257
22.2400    -260022.6640 -260036.9854      14.3215   295.5    3406.5853         1.09768         52.5        41.257
22.2500    -260021.9691 -260036.3364      14.3673   296.4    3406.5853         1.09768         52.5        41.257
22.2600    -260021.6894 -260036.2628      14.5734   300.7    3406.5853         1.09768         52.5        41.257
22.2700    -260021.7967 -260035.9299      14.1331   291.6    3406.5853         1.09768         52.4        41.257
22.2800    -260021.5973 -260035.3288      13.7315   283.3    3406.5853         1.09768         52.4        41.257
22.2900    -260020.8229 -260036.3490      15.5260   320.3    3406.5853         1.09768         52.4        41.257
22.3000    -260020.8660 -260036.3658      15.4998   319.8    3406.5853         1.09768         52.4        41.257
22.3100    -260021.7261 -260036.1313      14.4052   297.2    3406.5853         1.09768         52.4        41.257
22.3200    -260021.5003 -260036.9650      15.4647   319.0    3406.5853         1.09768         52.3        41.257
22.3300    -260021.3827 -260036.3367      14.9540   308.5    3421.8593         1.09278         52.4        41.257
22.3400    -260021.4962 -260036.8300      15.3338   316.3    3421.8593         1.09278         52.3        41.257
22.3500    -260021.7180 -260036.5018      14.7838   305.0    3421.8593         1.09278         52.3        41.257
22.3600    -260021.7804 -260036.9139      15.1335   312.2    3421.8593         1.09278         52.3        41.257
22.3700    -260022.4815 -260037.3784      14.8969   307.3    3421.8593         1.09278         52.3        41.257
22.3800    -260022.4112 -260036.9009      14.4897   298.9    3421.8593         1.09278         52.2        41.257
22.3900    -260022.6515 -260037.0746      14.4231   297.6    3445.7943         1.08519         52.3        41.257
22.4000    -260022.0850 -260037.2603      15.1753   313.1    3422.5031         1.09257         52.3        41.257
22.4100    -260021.8755 -260037.4529      15.5774   321.4    3422.5031         1.09257         52.3        41.257
22.4200    -260021.9136 -260036.7326      14.8190   305.7    3416.8426         1.09438         52.3        41.257
22.4300    -260021.9053 -260036.7941      14.8888   307.2    3406.8049         1.09761         52.3        41.257
22.4400    -260022.3829 -260035.7504      13.3674   275.8    3402.4355         1.09901         52.4        41.257
22.4500    -260022.8283 -260037.0426      14.2144   293.2    3365.2010         1.11117         52.4        41.257
22.4600    -260022.9425 -260037.7833      14.8407   306.2    3365.2010         1.11117         52.4        41.257
22.4700    -260023.1976 -260038.1594      14.9618   308.7    3360.6759         1.11267         52.4        41.257
22.4800    -260023.2313 -260037.4068      14.1756   292.4    3360.6759         1.11267         52.4        41.257
22.4900    -260022.5307 -260037.9551      15.4245   318.2    3360.6759         1.11267         52.4        41.257
22.5000    -260023.2423 -260038.0987      14.8564   306.5    3360.6759         1.11267         52.3        41.257
22.5100    -260023.6044 -260038.1109      14.5065   299.3    3360.6759         1.11267         52.3        41.257
22.5200    -260023.2462 -260037.0750      13.8287   285.3    3396.8948         1.10081         52.4        41.257
22.5300    -260023.1322 -260038.1509      15.0187   309.8    3396.8948         1.10081         52.3        41.257
22.5400    -260023.1799 -260037.8394      14.6595   302.4    3396.8948         1.10081         52.3        41.257
22.5500    -260023.5654 -260037.1797      13.6143   280.9    3396.8948         1.10081         52.3        41.257
22.5600    -260023.1295 -260037.8116      14.6821   302.9    3396.8948         1.10081         52.3        41.257
22.5700    -260023.3272 -260037.7781      14.4510   298.1    3396.8948         1.10081         52.2        41.257
22.5800    -260023.3067 -260037.7066      14.4000   297.1    3396.8948         1.10081         52.2        41.257
22.5900    -260023.3728 -260037.2249      13.8521   285.8    3408.7119         1.09699         52.2        41.257
22.6000    -260023.6149 -260037.0795      13.4646   277.8    3427.8020         1.09088         52.3        41.257
22.6100    -260023.4442 -260036.9746      13.5304   279.1    3427.8020         1.09088         52.3        41.257
22.6200    -260022.8675 -260037.7534      14.8859   307.1    3440.7254         1.08678         52.3        41.257
22.6300    -260023.1657 -260037.8194      14.6537   302.3    3440.7254         1.08678         52.3        41.257
22.6400    -260022.9816 -260037.2850      14.3034   295.1    3446.3661         1.08501         52.3        41.257
22.6500    -260023.4467 -260036.8377      13.3910   276.3    3446.3661         1.08501         52.3        41.257
22.6600    -260023.7726 -260037.3333      13.5608   279.8    3446.3661         1.08501         52.3        41.257
22.6700    -260023.7680 -260036.8966      13.1285   270.8    3470.2159         1.07755         52.3        41.257
22.6800    -260023.7358 -260037.3665      13.6307   281.2    3470.2159         1.07755         52.3        41.257
22.6900    -260023.7815 -260037.6256      13.8441   285.6    3493.5979         1.07034         52.3        41.257
22.7000    -260023.4042 -260037.4067      14.0025   288.9    3495.8428         1.06965         52.3        41.257
22.7100    -260023.1096 -260037.1569      14.0473   289.8    3495.8428         1.06965         52.3        41.257
22.7200    -260022.8188 -260037.2290      14.4102   297.3    3489.0647         1.07173         52.3        41.257
22.7300    -260023.0143 -260037.0790      14.0647   290.2    3489.0647         1.07173         52.3        41.257
22.7400    -260022.6505 -260036.9142      14.2637   294.3    3504.3569         1.06705         52.3        41.257
22.7500    -260022.4782 -260037.3323      14.8541   306.4    3504.3569         1.06705         52.3        41.257
22.7600    -260022.9127 -260036.8464      13.9337   287.5    3504.3569         1.06705         52.3        41.257
22.7700    -260022.3821 -260036.5035      14.1214   291.3    3504.3569         1.06705         52.3        41.257
22.7800    -260022.7171 -260036.6303      13.9131   287.0    3516.3885         1.06340         52.3        41.257
22.7900    -260022.6437 -260037.0181      14.3744   296.5    3516.3885         1.06340         52.3        41.257
22.8000    -260022.6836 -260037.4046      14.7210   303.7    3516.3885         1.06340         52.2        41.257
22.8100    -260023.0715 -260037.2648      14.1933   292.8    3516.3885         1.06340         52.2        41.257
22.8200    -260022.9717 -260036.9282      13.9564   287.9    3515.1414         1.06378         52.3        41.257
22.8300    -260022.6130 -260036.0440      13.4310   277.1    3492.8543         1.07056         52.3        41.257
22.8400    -260022.5636 -260035.9588      13.3951   276.3    3492.8543         1.07056         52.3        41.257
22.8500    -260022.8080 -260036.8086      14.0006   288.8    3492.8543         1.07056         52.2        41.257
22.8600    -260023.1324 -260036.8516      13.7193   283.0    3492.8543         1.07056         52.2        41.257
22.8700    -260022.7716 -260036.9276      14.1560   292.0    3494.8824         1.06994         52.3        41.257
22.8800    -260022.6417 -260036.8254      14.1837   292.6    3494.8824         1.06994         52.2        41.257
22.8900    -260022.6913 -260036.1285      13.4372   277.2    3494.8824         1.06994         52.2        41.257
22.9000    -260022.1435 -260036.4110      14.2675   294.3    3487.4404         1.07223         52.2        41.257
22.9100    -260022.2260 -260036.7367      14.5107   299.4    3487.4404         1.07223         52.2        41.257
22.9200    -260021.9735 -260037.1449      15.1714   313.0    3476.3791         1.07564         52.3        41.257
22.9300    -260022.1786 -260036.8270      14.6484   302.2    3476.3791         1.07564         52.2        41.257
22.9400    -260022.0744 -260036.9307      14.8563   306.5    3476.3791         1.07564         52.2        41.257
22.9500    -260021.9818 -260037.1336      15.1518   312.6    3476.3791         1.07564         52.2        41.257
22.9600    -260021.8012 -260036.1712      14.3699   296.5    3476.3791         1.07564         52.2        41.257
22.9700    -260021.6987 -260035.7259      14.0272   289.4    3487.2686         1.07228         52.2        41.257
22.9800    -260022.1274 -260035.4052      13.2778   273.9    3492.8582         1.07056         52.2        41.257
22.9900    -260021.8045 -260035.6671      13.8626   286.0    3477.1318         1.07541         52.3        41.257
23.0000    -260021.5244 -260036.4549      14.9305   308.0    3439.6926         1.08711         52.3        41.257
23.0100    -260021.3736 -260036.8383      15.4647   319.0    3439.6926         1.08711         52.3        41.257
23.0200    -260021.5146 -260036.5702      15.0557   310.6    3444.1859         1.08569         52.3        41.257
23.0300    -260021.9314 -260036.6575      14.7261   303.8    3444.1859         1.08569         52.3        41.257
23.0400    -260021.7897 -260035.8230      14.0333   289.5    3453.3528         1.08281         52.3        41.257
23.0500    -260022.1575 -260036.4096      14.2520   294.0    3434.3505         1.08880         52.3        41.257
23.0600    -260022.5453 -260037.5021      14.9568   308.6    3434.3505         1.08880         52.3        41.257
23.0700    -260022.4406 -260037.8722      15.4316   318.4    3434.3505         1.08880         52.3        41.257
23.0800    -260022.4983 -260037.0793      14.5810   300.8    3453.7194         1.08270         52.3        41.257
23.0900    -260021.9975 -260036.2081      14.2106   293.2    3453.7194         1.08270         52.3        41.257
23.1000    -260021.8300 -260036.3274      14.4974   299.1    3453.7194         1.08270         52.3        41.257
23.1100    -260021.5924 -260036.8993      15.3070   315.8    3453.7194         1.08270         52.3        41.257
23.1200    -260022.1905 -260036.5940      14.4036   297.1    3491.7795         1.07089         52.3        41.257
23.1300    -260022.7225 -260036.6438      13.9213   287.2    3491.7795         1.07089         52.3        41.257
23.1400    -260022.6023 -260036.0793      13.4770   278.0    3468.7641         1.07800         52.3        41.257
23.1500    -260022.7318 -260037.1774      14.4455   298.0    3469.2654         1.07784         52.3        41.257
23.1600    -260022.8389 -260037.4387      14.5998   301.2    3469.2654         1.07784         52.3        41.257
23.1700    -260023.0340 -260037.2916      14.2575   294.1    3476.1125         1.07572         52.3        41.257
23.1800    -260023.0970 -260037.0498      13.9529   287.9    3451.4552         1.08341         52.4        41.257
23.1900    -260022.9971 -260038.0322      15.0351   310.2    3460.4836         1.08058         52.4        41.257
23.2000    -260022.7266 -260037.5814      14.8548   306.5    3440.9079         1.08673         52.4        41.257
23.2100    -260023.2738 -260037.2036      13.9298   287.4    3440.9079         1.08673         52.4        41.257
23.2200    -260022.3158 -260037.1104      14.7946   305.2    3447.5024         1.08465         52.5        41.257
23.2300    -260021.9780 -260036.5488      14.5708   300.6    3447.5024         1.08465         52.4        41.257
23.2400    -260021.5065 -260036.0366      14.5301   299.8    3467.4506         1.07841         52.4        41.257
23.2500    -260021.1975 -260036.8535      15.6560   323.0    3489.8799         1.07148         52.5        41.257
23.2600    -260021.6257 -260036.7544      15.1287   312.1    3489.8799         1.07148         52.5        41.257
23.2700    -260021.8355 -260036.4304      14.5949   301.1    3499.4603         1.06854         52.5        41.257
23.2800    -260021.9120 -260036.6031      14.6911   303.1    3499.4603         1.06854         52.5        41.257
23.2900    -260022.3208 -260036.5096      14.1888   292.7    3499.4603         1.06854         52.4        41.257
23.3000    -260021.9605 -260036.6692      14.7087   303.4    3499.4603         1.06854         52.4        41.257
23.3100    -260021.9899 -260036.2442      14.2543   294.1    3499.4603         1.06854         52.4        41.257
23.3200    -260021.6778 -260036.4186      14.7409   304.1    3495.8304         1.06965         52.4        41.257
23.3300    -260022.0155 -260036.7952      14.7797   304.9    3472.2880         1.07691         52.5        41.257
23.3400    -260021.9362 -260036.2910      14.3549   296.1    3478.3021         1.07504         52.5        41.257
23.3500    -260021.7094 -260036.7220      15.0125   309.7    3478.3021         1.07504         52.5        41.257
23.3600    -260021.8700 -260036.4657      14.5958   301.1    3478.3021         1.07504         52.5        41.257
23.3700    -260021.3287 -260036.7188      15.3901   317.5    3478.3021         1.07504         52.4        41.257
23.3800    -260021.0116 -260036.4947      15.4831   319.4    3482.8685         1.07363         52.5        41.257
23.3900    -260020.9365 -260035.7949      14.8584   306.5    3490.2030         1.07138         52.5        41.257
23.4000    -260021.0832 -260036.2727      15.1895   313.4    3493.4625         1.07038         52.5        41.257
23.4100    -260021.5757 -260036.4045      14.8287   305.9    3493.4625         1.07038         52.5        41.257
23.4200    -260022.0591 -260037.0745      15.0154   309.8    3510.1291         1.06530         52.5        41.257
23.4300    -260022.0956 -260037.0320      14.9364   308.1    3528.7925         1.05966         52.6        41.257
23.4400    -260022.2763 -260036.5557      14.2794   294.6    3528.7925         1.05966         52.5        41.257
23.4500    -260021.9552 -260036.4291      14.4739   298.6    3523.1366         1.06136         52.6        41.257
23.4600    -260021.8354 -260036.5858      14.7504   304.3    3523.1366         1.06136         52.6        41.257
23.4700    -260021.9174 -260036.1895      14.2721   294.4    3523.0810         1.06138         52.6        41.257
23.4800    -260022.3706 -260036.3841      14.0135   289.1    3501.0316         1.06806         52.6        41.257
23.4900    -260022.5526 -260036.5566      14.0040   288.9    3497.0531         1.06928         52.6        41.257
23.5000    -260022.6522 -260037.1323      14.4800   298.7    3522.7543         1.06148         52.7        41.257
23.5100    -260023.0649 -260036.7303      13.6654   281.9    3522.7543         1.06148         52.7        41.257
23.5200    -260022.5015 -260036.8121      14.3105   295.2    3521.1178         1.06197         52.7        41.257
23.5300    -260022.4170 -260036.5185      14.1015   290.9    3527.1247         1.06016         52.7        41.257
23.5400    -260022.4860 -260036.4227      13.9367   287.5    3556.2635         1.05148         52.7        41.257
23.5500    -260022.5968 -260036.1996      13.6028   280.6    3556.2635         1.05148         52.7        41.257
23.5600    -260021.9904 -260036.4417      14.4513   298.1    3556.2635         1.05148         52.7        41.257
23.5700    -260021.6862 -260035.6539      13.9677   288.2    3537.9932         1.05691         52.7        41.257
23.5800    -260021.5440 -260035.9165      14.3725   296.5    3541.7578         1.05578         52.8        41.257
23.5900    -260021.9924 -260036.0223      14.0299   289.4    3515.5831         1.06364         52.8        41.257
23.6000    -260021.4629 -260036.0873      14.6244   301.7    3515.5831         1.06364         52.8        41.257
23.6100    -260021.5079 -260036.0725      14.5646   300.5    3515.5831         1.06364         52.8        41.257
23.6200    -260022.0993 -260036.2667      14.1673   292.3    3515.5831         1.06364         52.7        41.257
23.6300    -260022.1888 -260036.0616      13.8728   286.2    3495.3489         1.06980         52.8        41.257
23.6400    -260022.2379 -260035.7984      13.5604   279.8    3491.6728         1.07093         52.8        41.257
23.6500    -260022.0542 -260035.7652      13.7109   282.9    3491.6728         1.07093         52.7        41.257
23.6600    -260021.8335 -260036.0943      14.2608   294.2    3491.6728         1.07093         52.7        41.257
23.6700    -260022.0120 -260036.3594      14.3474   296.0    3491.6728         1.07093         52.7        41.257
23.6800    -260021.9728 -260036.7605      14.7877   305.1    3525.6912         1.06059         52.7        41.257
23.6900    -260022.1574 -260036.5511      14.3937   296.9    3525.6912         1.06059         52.7        41.257
23.7000    -260022.2672 -260036.6596      14.3924   296.9    3527.4112         1.06008         52.7        41.257
23.7100    -260021.6002 -260037.2095      15.6093   322.0    3527.4112         1.06008         52.7        41.257
23.7200    -260021.2405 -260036.5409      15.3003   315.7    3537.9324         1.05692         52.8        41.257
23.7300    -260021.0301 -260036.1912      15.1612   312.8    3501.6425         1.06788         52.8        41.257
23.7400    -260021.4525 -260036.6325      15.1800   313.2    3482.9041         1.07362         52.8        41.257
23.7500    -260022.7667 -260036.9149      14.1482   291.9    3482.9041         1.07362         52.8        41.257
23.7600    -260022.7426 -260036.8904      14.1477   291.9    3482.9041         1.07362         52.8        41.257
23.7700    -260022.8444 -260037.1127      14.2684   294.4    3482.9041         1.07362         52.8        41.257
23.7800    -260022.2475 -260036.8977      14.6502   302.2    3482.9041         1.07362         52.7        41.257
23.7900    -260021.8447 -260037.0460      15.2012   313.6    3482.9041         1.07362         52.7        41.257
23.8000    -260021.5924 -260036.4065      14.8141   305.6    3498.4033         1.06887         52.7        41.257
23.8100    -260021.8592 -260035.6944      13.8352   285.4    3498.4033         1.06887         52.7        41.257
23.8200    -260021.4878 -260036.3045      14.8167   305.7    3498.4033         1.06887         52.7        41.257
23.8300    -260021.7762 -260036.2248      14.4486   298.1    3498.4033         1.06887         52.7        41.257
23.8400    -260022.2507 -260036.7746      14.5238   299.6    3509.7796         1.06540         52.7        41.257
23.8500    -260022.6485 -260036.6353      13.9868   288.6    3525.7168         1.06059         52.7        41.257
23.8600    -260022.6179 -260036.4785      13.8606   285.9    3525.7168         1.06059         52.7        41.257
23.8700    -260022.5577 -260036.6357      14.0780   290.4    3530.2446         1.05923         52.8        41.257
23.8800    -260022.7106 -260037.0342      14.3236   295.5    3530.2446         1.05923         52.7        41.257
23.8900    -260022.4340 -260036.5890      14.1550   292.0    3526.1548         1.06045         52.7        41.257
23.9000    -260021.9319 -260036.3857      14.4538   298.2    3526.1548         1.06045         52.7        41.257
23.9100    -260021.7839 -260035.8800      14.0961   290.8    3526.1548         1.06045         52.7        41.257
23.9200    -260022.2339 -260036.4604      14.2265   293.5    3526.1548         1.06045         52.7        41.257
23.9300    -260022.3447 -260037.0822      14.7375   304.0    3526.1548         1.06045         52.7        41.257
23.9400    -260022.7153 -260037.0481      14.3328   295.7    3564.5928         1.04902         52.7        41.257
23.9500    -260022.0845 -260037.0251      14.9407   308.2    3558.8734         1.05071         52.7        41.257
23.9600    -260022.3363 -260036.2741      13.9378   287.5    3558.8734         1.05071         52.7        41.257
23.9700    -260022.4732 -260037.0444      14.5712   300.6    3558.8734         1.05071         52.7        41.257
23.9800    -260022.3890 -260037.4588      15.0698   310.9    3558.8734         1.05071         52.7        41.257
23.9900    -260021.9751 -260036.5323      14.5571   300.3    3558.8734         1.05071         52.6        41.257
24.0000    -260021.4457 -260036.6729      15.2272   314.1    3558.8734         1.05071         52.6        41.257
24.0100    -260021.4024 -260036.7307      15.3283   316.2    3558.8734         1.05071         52.6        41.257
24.0200    -260021.7211 -260036.1091      14.3880   296.8    3559.5909         1.05049         52.6        41.257
24.0300    -260022.2001 -260036.3472      14.1471   291.9    3559.5909         1.05049         52.6        41.257
24.0400    -260022.8958 -260036.7678      13.8721   286.2    3564.8850         1.04893         52.6        41.257
24.0500    -260023.4366 -260036.7003      13.2637   273.6    3537.9118         1.05693         52.7        41.257
24.0600    -260023.6458 -260037.6218      13.9760   288.3    3537.9118         1.05693         52.7        41.257
24.0700    -260023.4157 -260037.0854      13.6696   282.0    3533.4847         1.05825         52.7        41.257
24.0800    -260023.5608 -260036.7752      13.2143   272.6    3533.4847         1.05825         52.6        41.257
24.0900    -260023.6613 -260036.8169      13.1556   271.4    3533.4847         1.05825         52.6        41.257
24.1000    -260023.3062 -260037.9931      14.6868   303.0    3547.9429         1.05394         52.6        41.257
24.1100    -260022.5957 -260038.4402      15.8445   326.9    3547.9429         1.05394         52.6        41.257
24.1200    -260022.8238 -260038.0254      15.2016   313.6    3509.9378         1.06535         52.7        41.257
24.1300    -260022.3300 -260037.9202      15.5902   321.6    3518.5251         1.06275         52.7        41.257
24.1400    -260021.9002 -260036.8875      14.9873   309.2    3518.5251         1.06275         52.7        41.257
24.1500    -260021.5335 -260036.5768      15.0433   310.3    3505.4967         1.06670         52.7        41.257
24.1600    -260022.4270 -260035.9106      13.4837   278.2    3505.4967         1.06670         52.7        41.257
24.1700    -260022.4323 -260036.8652      14.4330   297.8    3505.4967         1.06670         52.7        41.257
24.1800    -260022.3257 -260037.2389      14.9131   307.7    3505.4967         1.06670         52.6        41.257
24.1900    -260021.9022 -260036.8044      14.9021   307.4    3505.4967         1.06670         52.6        41.257
24.2000    -260022.1451 -260037.2708      15.1257   312.0    3505.4967         1.06670         52.6        41.257
24.2100    -260022.3200 -260036.0906      13.7707   284.1    3505.4967         1.06670         52.6        41.257
24.2200    -260022.8471 -260037.0317      14.1846   292.6    3530.1228         1.05926         52.6        41.257
24.2300    -260022.6457 -260036.6379      13.9922   288.7    3564.0435         1.04918         52.6        41.257
24.2400    -260022.6669 -260036.9192      14.2523   294.0    3564.0435         1.04918         52.6        41.257
24.2500    -260022.3144 -260036.9977      14.6833   302.9    3554.7843         1.05191         52.6        41.257
24.2600    -260021.9589 -260036.2424      14.2836   294.7    3554.7843         1.05191         52.6        41.257
24.2700    -260022.1496 -260036.9314      14.7818   305.0    3525.0775         1.06078         52.7        41.257
24.2800    -260021.6888 -260036.7951      15.1063   311.6    3525.0775         1.06078         52.6        41.257
24.2900    -260021.7285 -260037.3593      15.6309   322.5    3550.0268         1.05332         52.7        41.257
24.3000    -260020.8966 -260035.5836      14.6870   303.0    3570.4811         1.04729         52.7        41.257
24.3100    -260020.3865 -260035.6890      15.3025   315.7    3570.4811         1.04729         52.7        41.257
24.3200    -260020.5236 -260036.0374      15.5138   320.1    3570.4811         1.04729         52.6        41.257
24.3300    -260020.4920 -260036.4987      16.0067   330.2    3580.9201         1.04424         52.7        41.257
24.3400    -260020.3713 -260036.2419      15.8706   327.4    3580.9201         1.04424         52.6        41.257
24.3500    -260020.7987 -260036.7832      15.9845   329.8    3577.3280         1.04528         52.7        41.257
24.3600    -260021.3351 -260036.5122      15.1771   313.1    3577.3280         1.04528         52.7        41.257
24.3700    -260020.6383 -260037.0406      16.4023   338.4    3571.1285         1.04710         52.7        41.257
24.3800    -260021.2432 -260036.3497      15.1065   311.7    3582.3258         1.04383         52.7        41.257
24.3900    -260021.2680 -260036.4553      15.1873   313.3    3605.4506         1.03713         52.7        41.257
24.4000    -260021.9163 -260036.4482      14.5319   299.8    3584.0278         1.04333         52.8        41.257
24.4100    -260022.1809 -260037.2625      15.0816   311.1    3584.0278         1.04333         52.8        41.257
24.4200    -260022.2704 -260037.2787      15.0083   309.6    3590.3680         1.04149         52.8        41.257
24.4300    -260022.3030 -260036.3120      14.0090   289.0    3586.5436         1.04260         52.8        41.257
24.4400    -260022.5192 -260037.2088      14.6897   303.1    3586.5436         1.04260         52.8        41.257
24.4500    -260022.5381 -260038.3804      15.8423   326.8    3586.2033         1.04270         52.8        41.257
24.4600    -260022.2872 -260037.5287      15.2416   314.4    3586.2033         1.04270         52.8        41.257
24.4700    -260022.5495 -260036.7412      14.1917   292.8    3574.1767         1.04621         52.8        41.257
24.4800    -260022.8198 -260036.9895      14.1698   292.3    3574.1767         1.04621         52.8        41.257
24.4900    -260023.3041 -260037.4481      14.1440   291.8    3574.1767         1.04621         52.8        41.257
24.5000    -260023.6973 -260038.0216      14.3243   295.5    3574.1767         1.04621         52.8        41.257
24.5100    -260022.7930 -260037.5230      14.7300   303.9    3574.1767         1.04621         52.8        41.257
24.5200    -260023.2783 -260037.9371      14.6588   302.4    3583.8543         1.04338         52.8        41.257
24.5300    -260023.3047 -260038.1947      14.8899   307.2    3574.3789         1.04615         52.8        41.257
24.5400    -260023.4855 -260037.9019      14.4164   297.4    3574.3789         1.04615         52.8        41.257
24.5500    -260023.1579 -260037.4953      14.3374   295.8    3574.3789         1.04615         52.7        41.257
24.5600    -260022.9548 -260037.3190      14.3642   296.3    3574.3789         1.04615         52.7        41.257
24.5700    -260023.1978 -260037.5447      14.3469   296.0    3559.2862         1.05058         52.8        41.257
24.5800    -260022.5394 -260037.4833      14.9438   308.3    3559.2862         1.05058         52.7        41.257
24.5900    -260022.7040 -260036.8017      14.0977   290.8    3559.2862         1.05058         52.7        41.257
24.6000    -260022.6213 -260036.2741      13.6528   281.7    3561.2916         1.04999         52.7        41.257
24.6100    -260021.8156 -260036.2526      14.4370   297.8    3561.2916         1.04999         52.7        41.257
24.6200    -260021.5022 -260036.6221      15.1198   311.9    3561.2916         1.04999         52.7        41.257
24.6300    -260021.6854 -260036.7949      15.1094   311.7    3590.7675         1.04137         52.7        41.257
24.6400    -260021.5130 -260036.4146      14.9015   307.4    3590.7675         1.04137         52.7        41.257
24.6500    -260021.9451 -260037.1525      15.2074   313.7    3610.8121         1.03559         52.7        41.257
24.6600    -260021.5340 -260037.3889      15.8548   327.1    3610.8121         1.03559         52.7        41.257
24.6700    -260021.8881 -260036.8458      14.9577   308.6    3621.7155         1.03247         52.8        41.257
24.6800    -260021.2917 -260036.1595      14.8678   306.7    3621.7155         1.03247         52.7        41.257
24.6900    -260020.5476 -260035.5531      15.0055   309.6    3622.6975         1.03219         52.8        41.257
24.7000    -260020.3961 -260035.4581      15.0619   310.7    3627.8284         1.03073         52.8        41.257
24.7100    -260021.0392 -260036.2236      15.1844   313.3    3627.8284         1.03073         52.8        41.257
24.7200    -260021.2054 -260036.2472      15.0418   310.3    3619.5405         1.03309         52.8        41.257
24.7300    -260021.2300 -260036.3117      15.0817   311.1    3586.5441         1.04260         52.8        41.257
24.7400    -260021.7172 -260036.6604      14.9432   308.3    3586.5441         1.04260         52.8        41.257
24.7500    -260021.7672 -260036.3768      14.6096   301.4    3627.1709         1.03092         52.8        41.257
24.7600    -260021.5985 -260036.1351      14.5366   299.9    3627.1709         1.03092         52.8        41.257
24.7700    -260021.3769 -260035.6572      14.2803   294.6    3661.0463         1.02138         52.9        41.257
24.7800    -260021.7157 -260036.0855      14.3699   296.5    3629.9096         1.03014         52.9        41.257
24.7900    -260021.3469 -260035.8516      14.5046   299.2    3629.9096         1.03014         52.8        41.257
24.8000    -260021.1895 -260035.9190      14.7295   303.9    3629.9096         1.03014         52.8        41.257
24.8100    -260021.4795 -260036.8140      15.3345   316.4    3629.9096         1.03014         52.8        41.257
24.8200    -260021.7202 -260036.3156      14.5954   301.1    3629.9096         1.03014         52.8        41.257
24.8300    -260022.3251 -260036.3032      13.9781   288.4    3594.5342         1.04028         52.8        41.257
24.8400    -260022.0973 -260036.6403      14.5430   300.0    3577.5845         1.04521         52.8        41.257
24.8500    -260022.3096 -260036.6464      14.3368   295.8    3577.5845         1.04521         52.8        41.257
24.8600    -260022.1541 -260036.9237      14.7696   304.7    3577.5845         1.04521         52.8        41.257
24.8700    -260021.5261 -260036.7540      15.2279   314.2    3595.6164         1.03997         52.8        41.257
24.8800    -260021.4191 -260036.2691      14.8500   306.4    3595.6164         1.03997         52.8        41.257
24.8900    -260021.4656 -260036.0756      14.6100   301.4    3595.6164         1.03997         52.8        41.257
24.9000    -260021.2156 -260036.8628      15.6472   322.8    3585.4865         1.04291         52.8        41.257
24.9100    -260020.8510 -260036.7678      15.9168   328.4    3585.4865         1.04291         52.8        41.257
24.9200    -260020.9929 -260036.5760      15.5831   321.5    3555.2133         1.05179         52.8        41.257
24.9300    -260021.2840 -260036.6272      15.3432   316.5    3546.4949         1.05437         52.9        41.257
24.9400    -260021.2615 -260037.1150      15.8535   327.1    3557.9086         1.05099         52.9        41.257
24.9500    -260022.0709 -260037.2464      15.1756   313.1    3548.4145         1.05380         52.9        41.257
24.9600    -260022.0608 -260036.9684      14.9076   307.5    3548.4145         1.05380         52.9        41.257
24.9700    -260022.2517 -260037.0474      14.7957   305.2    3548.4145         1.05380         52.9        41.257
24.9800    -260021.7828 -260037.1671      15.3843   317.4    3569.8903         1.04746         52.9        41.257
24.9900    -260021.9596 -260036.8355      14.8758   306.9    3569.8903         1.04746         52.9        41.257
25.0000    -260022.2656 -260036.9682      14.7026   303.3    3600.0818         1.03868         52.9        41.257
25.0100    -260021.9959 -260036.5094      14.5135   299.4    3600.0818         1.03868         52.9        41.257
25.0200    -260022.0140 -260037.0842      15.0702   310.9    3600.0818         1.03868         52.9        41.257
25.0300    -260022.3011 -260037.2186      14.9175   307.8    3600.0818         1.03868         52.8        41.257
25.0400    -260021.7401 -260037.1572      15.4172   318.1    3600.0818         1.03868         52.8        41.257
25.0500    -260022.0142 -260037.2315      15.2172   313.9    3593.5237         1.04057         52.8        41.257
25.0600    -260022.8144 -260036.8920      14.0776   290.4    3593.5237         1.04057         52.8        41.257
25.0700    -260023.5028 -260037.6259      14.1231   291.4    3606.2568         1.03690         52.9        41.257
25.0800    -260023.1381 -260036.9846      13.8465   285.7    3606.2568         1.03690         52.8        41.257
25.0900    -260023.7048 -260037.0436      13.3388   275.2    3571.0715         1.04712         52.9        41.257
25.1000    -260023.7300 -260037.4591      13.7291   283.2    3571.0715         1.04712         52.8        41.257
25.1100    -260023.7226 -260036.9363      13.2137   272.6    3571.0715         1.04712         52.8        41.257
25.1200    -260023.8686 -260037.3918      13.5231   279.0    3571.0715         1.04712         52.8        41.257
25.1300    -260023.9280 -260036.8995      12.9714   267.6    3606.4001         1.03686         52.8        41.257
25.1400    -260024.0110 -260037.6119      13.6009   280.6    3606.4001         1.03686         52.8        41.257
25.1500    -260023.5558 -260037.7652      14.2095   293.1    3609.6376         1.03593         52.8        41.257
25.1600    -260023.5679 -260037.6209      14.0530   289.9    3609.6376         1.03593         52.8        41.257
25.1700    -260023.0813 -260037.4939      14.4126   297.3    3612.5076         1.03511         52.9        41.257
25.1800    -260023.2077 -260037.3024      14.0948   290.8    3612.5076         1.03511         52.8        41.257
25.1900    -260023.5074 -260037.5064      13.9991   288.8    3629.4048         1.03029         52.9        41.257
25.2000    -260023.5549 -260037.3303      13.7753   284.2    3633.2968         1.02918         52.9        41.257
25.2100    -260023.4535 -260037.7172      14.2636   294.3    3633.2968         1.02918         52.9        41.257
25.2200    -260023.2264 -260037.6781      14.4517   298.1    3628.5414         1.03053         52.9        41.257
25.2300    -260023.0911 -260036.6428      13.5517   279.6    3624.2641         1.03175         52.9        41.257
25.2400    -260023.8895 -260038.1013      14.2118   293.2    3597.7300         1.03936         52.9        41.257
25.2500    -260023.6524 -260038.0027      14.3503   296.1    3597.9369         1.03930         53.0        41.257
25.2600    -260023.4911 -260037.5771      14.0860   290.6    3597.9369         1.03930         53.0        41.257
25.2700    -260022.8909 -260037.4291      14.5382   299.9    3608.8842         1.03614         53.0        41.257
25.2800    -260022.6117 -260037.5757      14.9641   308.7    3608.8842         1.03614         53.0        41.257
25.2900    -260022.9778 -260036.9891      14.0113   289.1    3608.8842         1.03614         52.9        41.257
25.3000    -260022.8981 -260038.2570      15.3590   316.9    3608.8842         1.03614         52.9        41.257
25.3100    -260023.4621 -260037.9996      14.5376   299.9    3608.8842         1.03614         52.9        41.257
25.3200    -260023.3633 -260038.0716      14.7083   303.4    3608.8842         1.03614         52.9        41.257
25.3300    -260023.2094 -260037.8514      14.6420   302.1    3601.0940         1.03839         52.9        41.257
25.3400    -260023.4093 -260037.4581      14.0488   289.8    3601.0940         1.03839         52.9        41.257
25.3500    -260022.6451 -260036.8240      14.1789   292.5    3601.0940         1.03839         52.9        41.257
25.3600    -260022.5343 -260037.3511      14.8168   305.7    3601.0940         1.03839         52.9        41.257
25.3700    -260022.3312 -260036.6300      14.2988   295.0    3583.6973         1.04343         52.9        41.257
25.3800    -260022.2914 -260036.3501      14.0587   290.0    3583.6973         1.04343         52.9        41.257
25.3900    -260021.9848 -260036.0691      14.0843   290.6    3576.9215         1.04540         52.9        41.257
25.4000    -260021.6456 -260036.3762      14.7306   303.9    3576.9215         1.04540         52.9        41.257
25.4100    -260021.4432 -260036.5704      15.1272   312.1    3576.9215         1.04540         52.9        41.257
25.4200    -260020.8245 -260035.9757      15.1511   312.6    3576.9215         1.04540         52.8        41.257
25.4300    -260020.9081 -260035.3840      14.4758   298.6    3576.9215         1.04540         52.8        41.257
25.4400    -260020.7151 -260036.1284      15.4133   318.0    3557.3814         1.05115         52.8        41.257
25.4500    -260021.0728 -260036.1253      15.0524   310.5    3552.9982         1.05244         52.8        41.257
25.4600    -260020.9608 -260035.8821      14.9213   307.8    3552.9982         1.05244         52.8        41.257
25.4700    -260020.6526 -260036.2824      15.6298   322.4    3552.9982         1.05244         52.8        41.257
25.4800    -260020.8875 -260037.0184      16.1309   332.8    3592.4618         1.04088         52.8        41.257
25.4900    -260020.9891 -260036.5335      15.5444   320.7    3592.4618         1.04088         52.8        41.257
25.5000    -260021.6123 -260036.5125      14.9002   307.4    3592.4618         1.04088         52.8        41.257
25.5100    -260021.6925 -260036.7250      15.0325   310.1    3592.4618         1.04088         52.8        41.257
25.5200    -260021.7067 -260036.7638      15.0570   310.6    3596.7360         1.03964         52.8        41.257
25.5300    -260021.8580 -260036.5042      14.6462   302.2    3596.7360         1.03964         52.8        41.257
25.5400    -260021.9024 -260036.9185      15.0162   309.8    3605.9389         1.03699         52.8        41.257
25.5500    -260022.2720 -260036.9343      14.6623   302.5    3605.9389         1.03699         52.8        41.257
25.5600    -260022.2178 -260036.2574      14.0395   289.6    3605.9389         1.03699         52.8        41.257
25.5700    -260021.7894 -260036.5484      14.7590   304.5    3585.2574         1.04297         52.8        41.257
25.5800    -260021.2017 -260036.2802      15.0785   311.1    3585.2574         1.04297         52.8        41.257
25.5900    -260021.7934 -260036.4774      14.6840   302.9    3585.2574         1.04297         52.8        41.257
25.6000    -260021.5272 -260036.3085      14.7813   304.9    3569.2054         1.04766         52.8        41.257
25.6100    -260021.5235 -260036.2936      14.7701   304.7    3569.2054         1.04766         52.8        41.257
25.6200    -260020.9747 -260036.2872      15.3125   315.9    3569.2054         1.04766         52.8        41.257
25.6300    -260021.6836 -260036.3140      14.6304   301.8    3569.2054         1.04766         52.7        41.257
25.6400    -260021.4196 -260036.5694      15.1498   312.5    3561.0761         1.05006         52.8        41.257
25.6500    -260021.8771 -260037.4667      15.5896   321.6    3574.4200         1.04614         52.8        41.257
25.6600    -260021.9205 -260037.3174      15.3969   317.6    3574.4200         1.04614         52.8        41.257
25.6700    -260022.4303 -260037.4820      15.0517   310.5    3574.4200         1.04614         52.8        41.257
25.6800    -260022.8236 -260036.3123      13.4888   278.3    3574.4200         1.04614         52.7        41.257
25.6900    -260022.6794 -260036.1450      13.4656   277.8    3574.4200         1.04614         52.7        41.257
25.7000    -260022.5774 -260036.6542      14.0768   290.4    3609.7965         1.03588         52.7        41.257
25.7100    -260022.8442 -260036.8591      14.0149   289.1    3609.7965         1.03588         52.7        41.257
25.7200    -260022.7272 -260036.7262      13.9990   288.8    3621.4934         1.03254         52.7        41.257
25.7300    -260022.6069 -260036.3342      13.7273   283.2    3621.4934         1.03254         52.7        41.257
25.7400    -260022.7679 -260035.6688      12.9009   266.1    3623.0018         1.03211         52.7        41.257
25.7500    -260022.2123 -260036.7607      14.5483   300.1    3623.0018         1.03211         52.7        41.257
25.7600    -260021.7734 -260035.8365      14.0631   290.1    3623.0018         1.03211         52.7        41.257
25.7700    -260021.8016 -260036.2493      14.4477   298.1    3611.9618         1.03526         52.7        41.257
25.7800    -260021.9655 -260036.0312      14.0657   290.2    3611.9618         1.03526         52.7        41.257
25.7900    -260021.5901 -260036.2461      14.6560   302.4    3611.9618         1.03526         52.7        41.257
25.8000    -260021.7621 -260036.5141      14.7520   304.3    3611.9618         1.03526         52.7        41.257
25.8100    -260021.5246 -260036.0515      14.5268   299.7    3611.9618         1.03526         52.7        41.257
25.8200    -260021.2408 -260036.5072      15.2665   315.0    3612.5005         1.03511         52.7        41.257
25.8300    -260020.7673 -260036.0948      15.3275   316.2    3612.5005         1.03511         52.7        41.257
25.8400    -260020.6582 -260035.6205      14.9622   308.7    3610.9946         1.03554         52.7        41.257
25.8500    -260020.8904 -260035.6073      14.7169   303.6    3610.9946         1.03554         52.7        41.257
25.8600    -260020.8609 -260036.0798      15.2190   314.0    3610.9946         1.03554         52.7        41.257
25.8700    -260021.0264 -260036.1624      15.1360   312.3    3610.9946         1.03554         52.6        41.257
25.8800    -260021.3593 -260035.7271      14.3677   296.4    3605.2305         1.03719         52.7        41.257
25.8900    -260021.0386 -260035.1318      14.0932   290.7    3605.2305         1.03719         52.6        41.257
25.9000    -260021.5697 -260035.4007      13.8310   285.3    3599.5155         1.03884         52.7        41.257
25.9100    -260021.3000 -260035.7613      14.4613   298.3    3599.5155         1.03884         52.7        41.257
25.9200    -260021.4952 -260035.7447      14.2495   294.0    3599.5155         1.03884         52.6        41.257
25.9300    -260021.4254 -260035.9005      14.4752   298.6    3572.0365         1.04683         52.7        41.257
25.9400    -260021.2854 -260036.3357      15.0503   310.5    3572.0365         1.04683         52.6        41.257
25.9500    -260021.7165 -260035.4081      13.6916   282.5    3572.0365         1.04683         52.6        41.257
25.9600    -260021.8062 -260035.3430      13.5369   279.3    3572.0365         1.04683         52.6        41.257
25.9700    -260021.5813 -260036.3528      14.7715   304.7    3610.4187         1.03570         52.6        41.257
25.9800    -260021.4442 -260035.5999      14.1556   292.0    3610.4187         1.03570         52.6        41.257
25.9900    -260021.4971 -260035.5681      14.0710   290.3    3590.4023         1.04148         52.6        41.257
26.0000    -260021.3580 -260035.1586      13.8007   284.7    3588.2052         1.04212         52.6        41.257
26.0100    -260021.6053 -260036.1696      14.5643   300.5    3588.2052         1.04212         52.6        41.257
26.0200    -260021.9209 -260035.8983      13.9774   288.4    3588.2052         1.04212         52.6        41.257
26.0300    -260022.0003 -260036.1775      14.1772   292.5    3593.3469         1.04062         52.6        41.257
26.0400    -260022.5413 -260036.6682      14.1269   291.4    3593.3469         1.04062         52.6        41.257
26.0500    -260022.0324 -260036.3197      14.2873   294.8    3621.1990         1.03262         52.6        41.257
26.0600    -260022.2356 -260035.5024      13.2668   273.7    3621.1990         1.03262         52.6        41.257
26.0700    -260022.4120 -260036.0561      13.6442   281.5    3621.1990         1.03262         52.6        41.257
26.0800    -260022.9105 -260036.7421      13.8316   285.3    3593.1867         1.04067         52.6        41.257
26.0900    -260022.5932 -260036.9616      14.3684   296.4    3592.4051         1.04090         52.7        41.257
26.1000    -260022.8153 -260036.1384      13.3232   274.9    3592.4051         1.04090         52.6        41.257
26.1100    -260022.7251 -260036.0377      13.3126   274.6    3592.4051         1.04090         52.6        41.257
26.1200    -260023.3155 -260036.6514      13.3359   275.1    3587.6734         1.04227         52.7        41.257
26.1300    -260023.3722 -260037.2901      13.9179   287.1    3602.8383         1.03788         52.7        41.257
26.1400    -260023.3053 -260037.1124      13.8071   284.8    3602.8383         1.03788         52.7        41.257
26.1500    -260023.0991 -260037.5320      14.4329   297.8    3602.8383         1.03788         52.6        41.257
26.1600    -260023.0609 -260037.1780      14.1171   291.2    3602.8383         1.03788         52.6        41.257
26.1700    -260023.3903 -260037.7113      14.3211   295.4    3602.8383         1.03788         52.6        41.257
26.1800    -260023.6840 -260037.5518      13.8678   286.1    3602.8383         1.03788         52.6        41.257
26.1900    -260023.6107 -260038.1476      14.5369   299.9    3602.8383         1.03788         52.6        41.257
26.2000    -260023.2006 -260037.3148      14.1143   291.2    3599.3160         1.03890         52.6        41.257
26.2100    -260023.1739 -260036.8272      13.6533   281.7    3599.3160         1.03890         52.6        41.257
26.2200    -260023.1943 -260037.5548      14.3604   296.3    3600.3334         1.03861         52.6        41.257
26.2300    -260023.2105 -260037.3853      14.1748   292.4    3600.3334         1.03861         52.6        41.257
26.2400    -260023.8196 -260037.4136      13.5939   280.4    3601.9519         1.03814         52.6        41.257
26.2500    -260023.3282 -260037.4339      14.1056   291.0    3601.9519         1.03814         52.6        41.257
26.2600    -260023.4067 -260036.9630      13.5563   279.7    3601.9519         1.03814         52.6        41.257
26.2700    -260023.3103 -260038.1947      14.8844   307.1    3565.7718         1.04867         52.6        41.257
26.2800    -260023.7330 -260037.7596      14.0265   289.4    3527.0938         1.06017         52.6        41.257
26.2900    -260023.0956 -260037.3547      14.2592   294.2    3511.0529         1.06502         52.6        41.257
26.3000    -260023.0028 -260037.9307      14.9279   308.0    3527.4828         1.06006         52.7        41.257
26.3100    -260023.7349 -260038.3291      14.5942   301.1    3527.4828         1.06006         52.7        41.257
26.3200    -260023.1146 -260037.0205      13.9059   286.9    3543.4858         1.05527         52.7        41.257
26.3300    -260023.4051 -260037.2422      13.8370   285.5    3543.4858         1.05527         52.7        41.257
26.3400    -260023.6791 -260037.5176      13.8386   285.5    3543.4858         1.05527         52.6        41.257
26.3500    -260023.8550 -260037.8387      13.9837   288.5    3543.4858         1.05527         52.6        41.257
26.3600    -260023.5192 -260037.7947      14.2756   294.5    3543.4858         1.05527         52.6        41.257
26.3700    -260023.3308 -260037.1565      13.8257   285.2    3555.9937         1.05156         52.6        41.257
26.3800    -260024.1914 -260038.0968      13.9054   286.9    3568.2840         1.04793         52.7        41.257
26.3900    -260024.3490 -260037.7489      13.3999   276.4    3568.2840         1.04793         52.6        41.257
26.4000    -260024.1785 -260038.0393      13.8608   286.0    3563.3562         1.04938         52.7        41.257
26.4100    -260024.1438 -260038.0098      13.8660   286.1    3563.3562         1.04938         52.7        41.257
26.4200    -260024.4979 -260038.2183      13.7204   283.1    3540.3502         1.05620         52.7        41.257
26.4300    -260024.1650 -260037.8062      13.6412   281.4    3540.3502         1.05620         52.6        41.257
26.4400    -260023.9339 -260038.3007      14.3668   296.4    3540.3502         1.05620         52.6        41.257
26.4500    -260023.2120 -260038.4178      15.2058   313.7    3540.3502         1.05620         52.6        41.257
26.4600    -260023.1659 -260037.9822      14.8163   305.7    3540.3502         1.05620         52.6        41.257
26.4700    -260023.5274 -260037.4152      13.8878   286.5    3548.9355         1.05365         52.6        41.257
26.4800    -260023.4641 -260037.2787      13.8145   285.0    3535.3953         1.05768         52.6        41.257
26.4900    -260023.6636 -260037.4578      13.7942   284.6    3527.4559         1.06006         52.7        41.257
26.5000    -260023.9086 -260037.7423      13.8338   285.4    3527.4559         1.06006         52.6        41.257
26.5100    -260023.8820 -260037.8796      13.9976   288.8    3527.4559         1.06006         52.6        41.257
26.5200    -260023.5073 -260038.2187      14.7114   303.5    3503.5716         1.06729         52.7        41.257
26.5300    -260023.5982 -260038.0559      14.4577   298.3    3503.5716         1.06729         52.6        41.257
26.5400    -260023.5520 -260037.5071      13.9551   287.9    3503.5716         1.06729         52.6        41.257
26.5500    -260024.0311 -260038.1585      14.1274   291.5    3503.5716         1.06729         52.6        41.257
26.5600    -260023.7970 -260039.0703      15.2733   315.1    3503.5716         1.06729         52.6        41.257
26.5700    -260023.8531 -260038.0349      14.1818   292.6    3503.5716         1.06729         52.6        41.257
26.5800    -260024.3574 -260038.5743      14.2170   293.3    3503.5716         1.06729         52.5        41.257
26.5900    -260025.0115 -260038.5419      13.5305   279.1    3473.5389         1.07652         52.6        41.257
26.6000    -260025.1960 -260039.2034      14.0075   289.0    3476.5210         1.07559         52.6        41.257
26.6100    -260024.9322 -260039.1280      14.1958   292.9    3476.5210         1.07559         52.6        41.257
26.6200    -260025.3082 -260039.1335      13.8253   285.2    3473.5098         1.07653         52.6        41.257
26.6300    -260024.7720 -260038.3933      13.6213   281.0    3473.5098         1.07653         52.6        41.257
26.6400    -260024.3720 -260037.9837      13.6117   280.8    3471.8687         1.07704         52.6        41.257
26.6500    -260024.1136 -260038.0816      13.9680   288.2    3487.1081         1.07233         52.6        41.257
26.6600    -260024.4443 -260038.0485      13.6042   280.7    3487.1081         1.07233         52.6        41.257
26.6700    -260023.6657 -260038.0192      14.3535   296.1    3487.1081         1.07233         52.6        41.257
26.6800    -260023.8423 -260037.8828      14.0405   289.7    3487.1081         1.07233         52.6        41.257
26.6900    -260023.7371 -260037.8604      14.1232   291.4    3487.1081         1.07233         52.6        41.257
26.7000    -260024.1207 -260038.6626      14.5419   300.0    3487.1081         1.07233         52.5        41.257
26.7100    -260024.0105 -260038.4002      14.3898   296.9    3487.1081         1.07233         52.5        41.257
26.7200    -260023.5024 -260038.1589      14.6566   302.4    3491.1649         1.07108         52.6        41.257
26.7300    -260023.4099 -260037.5809      14.1710   292.4    3488.9931         1.07175         52.6        41.257
26.7400    -260023.0007 -260036.9750      13.9743   288.3    3488.9931         1.07175         52.5        41.257
26.7500    -260023.0621 -260037.0053      13.9432   287.7    3488.9931         1.07175         52.5        41.257
26.7600    -260023.0178 -260037.5773      14.5595   300.4    3488.9931         1.07175         52.5        41.257
26.7700    -260022.8850 -260037.5318      14.6468   302.2    3470.5723         1.07744         52.5        41.257
26.7800    -260023.6592 -260037.9214      14.2621   294.2    3470.5723         1.07744         52.5        41.257
26.7900    -260023.8247 -260037.4849      13.6601   281.8    3462.8638         1.07984         52.5        41.257
26.8000    -260023.8320 -260036.8545      13.0224   268.7    3461.4344         1.08028         52.6        41.257
26.8100    -260023.2019 -260037.4125      14.2106   293.2    3461.4344         1.08028         52.6        41.257
26.8200    -260022.9616 -260037.3887      14.4271   297.6    3427.8291         1.09087         52.6        41.257
26.8300    -260023.1550 -260037.1549      14.0000   288.8    3404.2898         1.09842         52.6        41.257
26.8400    -260023.3846 -260036.9426      13.5580   279.7    3404.2898         1.09842         52.6        41.257
26.8500    -260023.1003 -260037.1008      14.0005   288.8    3404.2898         1.09842         52.6        41.257
26.8600    -260022.9039 -260037.2240      14.3201   295.4    3404.2898         1.09842         52.6        41.257
26.8700    -260023.3540 -260038.5213      15.1673   312.9    3404.2898         1.09842         52.5        41.257
26.8800    -260023.2905 -260037.7658      14.4753   298.6    3369.5486         1.10974         52.6        41.257
26.8900    -260023.4052 -260037.2731      13.8679   286.1    3369.5486         1.10974         52.5        41.257
26.9000    -260023.2033 -260036.6042      13.4009   276.5    3379.7315         1.10640         52.6        41.257
26.9100    -260022.9946 -260036.5644      13.5699   280.0    3379.7315         1.10640         52.6        41.257
26.9200    -260022.7370 -260037.2437      14.5067   299.3    3380.3002         1.10621         52.6        41.257
26.9300    -260023.0145 -260037.2061      14.1916   292.8    3403.0915         1.09880         52.6        41.257
26.9400    -260022.8735 -260037.6676      14.7942   305.2    3403.0915         1.09880         52.6        41.257
26.9500    -260022.2682 -260037.2283      14.9600   308.6    3411.3166         1.09615         52.6        41.257
26.9600    -260022.9158 -260037.4779      14.5621   300.4    3411.3166         1.09615         52.6        41.257
26.9700    -260022.9108 -260036.9013      13.9906   288.6    3406.9399         1.09756         52.6        41.257
26.9800    -260023.1858 -260038.2439      15.0581   310.7    3406.9399         1.09756         52.6        41.257
26.9900    -260023.5828 -260038.5505      14.9677   308.8    3415.6652         1.09476         52.6        41.257
27.0000    -260023.0154 -260037.3593      14.3439   295.9    3434.3520         1.08880         52.6        41.257
27.0100    -260024.2680 -260037.8000      13.5320   279.2    3434.3520         1.08880         52.6        41.257
27.0200    -260024.3546 -260038.7160      14.3614   296.3    3436.3790         1.08816         52.7        41.257
27.0300    -260024.3689 -260038.5928      14.2239   293.4    3436.3790         1.08816         52.6        41.257
27.0400    -260023.3867 -260038.2990      14.9123   307.6    3436.3790         1.08816         52.6        41.257
27.0500    -260023.5991 -260037.8416      14.2425   293.8    3436.3790         1.08816         52.6        41.257
27.0600    -260023.6635 -260038.2569      14.5934   301.1    3436.3790         1.08816         52.6        41.257
27.0700    -260023.4517 -260038.3502      14.8985   307.4    3463.7517         1.07956         52.6        41.257
27.0800    -260023.4549 -260037.7662      14.3113   295.2    3463.7517         1.07956         52.6        41.257
27.0900    -260023.2980 -260037.5034      14.2054   293.1    3461.1194         1.08038         52.6        41.257
27.1000    -260023.7793 -260037.6048      13.8254   285.2    3461.1194         1.08038         52.6        41.257
27.1100    -260024.5516 -260038.3973      13.8458   285.6    3461.1194         1.08038         52.6        41.257
27.1200    -260024.6010 -260038.5266      13.9256   287.3    3477.4146         1.07532         52.6        41.257
27.1300    -260024.2010 -260037.9295      13.7285   283.2    3477.4146         1.07532         52.6        41.257
27.1400    -260023.8554 -260037.4345      13.5791   280.1    3475.3460         1.07596         52.6        41.257
27.1500    -260024.0961 -260038.1279      14.0318   289.5    3435.8920         1.08831         52.6        41.257
27.1600    -260023.7336 -260038.5076      14.7740   304.8    3435.8920         1.08831         52.6        41.257
27.1700    -260024.2025 -260037.9364      13.7339   283.3    3435.8920         1.08831         52.6        41.257
27.1800    -260023.6012 -260038.0048      14.4036   297.2    3435.8920         1.08831         52.6        41.257
27.1900    -260023.4798 -260037.3885      13.9087   286.9    3435.8920         1.08831         52.6        41.257
27.2000    -260023.2809 -260037.2093      13.9284   287.3    3435.8920         1.08831         52.5        41.257
27.2100    -260023.0937 -260036.8430      13.7493   283.7    3435.8920         1.08831         52.5        41.257
27.2200    -260022.4367 -260036.8839      14.4472   298.1    3444.1287         1.08571         52.5        41.257
27.2300    -260022.6972 -260037.2940      14.5967   301.1    3444.1287         1.08571         52.5        41.257
27.2400    -260022.8426 -260037.3125      14.4699   298.5    3444.1287         1.08571         52.5        41.257
27.2500    -260023.4431 -260037.9764      14.5333   299.8    3444.1287         1.08571         52.5        41.257
27.2600    -260023.0687 -260037.5809      14.5122   299.4    3444.1287         1.08571         52.5        41.257
27.2700    -260023.2183 -260037.5051      14.2868   294.7    3435.9345         1.08830         52.5        41.257
27.2800    -260023.6654 -260037.1953      13.5300   279.1    3435.9345         1.08830         52.5        41.257
27.2900    -260022.9648 -260037.3729      14.4082   297.2    3444.3424         1.08564         52.5        41.257
27.3000    -260023.4017 -260037.8082      14.4065   297.2    3478.8474         1.07488         52.5        41.257
27.3100    -260023.7821 -260037.4946      13.7125   282.9    3478.8474         1.07488         52.5        41.257
27.3200    -260023.4461 -260037.9932      14.5471   300.1    3488.9065         1.07178         52.5        41.257
27.3300    -260023.8419 -260038.2233      14.3814   296.7    3488.9065         1.07178         52.5        41.257
27.3400    -260024.0033 -260038.1323      14.1291   291.5    3493.6865         1.07031         52.5        41.257
27.3500    -260023.7689 -260037.7356      13.9667   288.1    3488.5113         1.07190         52.6        41.257
27.3600    -260024.3350 -260037.9528      13.6177   280.9    3488.5113         1.07190         52.6        41.257
27.3700    -260024.0343 -260037.3006      13.2663   273.7    3515.0206         1.06381         52.6        41.257
27.3800    -260024.0245 -260037.7011      13.6766   282.2    3515.0206         1.06381         52.6        41.257
27.3900    -260024.6562 -260037.8924      13.2361   273.1    3515.0206         1.06381         52.5        41.257
27.4000    -260025.1175 -260038.5271      13.4096   276.6    3505.7555         1.06662         52.6        41.257
27.4100    -260024.9223 -260038.0294      13.1071   270.4    3505.7555         1.06662         52.6        41.257
27.4200    -260024.6142 -260038.8469      14.2327   293.6    3509.0113         1.06564         52.6        41.257
27.4300    -260024.5740 -260038.3117      13.7378   283.4    3475.4986         1.07591         52.6        41.257
27.4400    -260024.4782 -260038.3663      13.8881   286.5    3490.5733         1.07126         52.6        41.257
27.4500    -260024.0243 -260037.6361      13.6118   280.8    3527.3408         1.06010         52.6        41.257
27.4600    -260023.9601 -260038.2517      14.2916   294.8    3527.3408         1.06010         52.6        41.257
27.4700    -260023.8595 -260037.9167      14.0572   290.0    3525.5442         1.06064         52.7        41.257
27.4800    -260024.1775 -260037.9497      13.7722   284.1    3544.3866         1.05500         52.7        41.257
27.4900    -260024.1084 -260037.5147      13.4063   276.6    3544.3866         1.05500         52.7        41.257
27.5000    -260023.5256 -260037.6815      14.1559   292.0    3571.7567         1.04692         52.7        41.257
27.5100    -260023.6878 -260037.5912      13.9034   286.8    3571.7567         1.04692         52.7        41.257
27.5200    -260023.8212 -260037.3003      13.4790   278.1    3572.2520         1.04677         52.7        41.257
27.5300    -260023.7508 -260037.0607      13.3099   274.6    3572.2520         1.04677         52.7        41.257
27.5400    -260023.0389 -260037.2320      14.1931   292.8    3572.2520         1.04677         52.7        41.257
27.5500    -260022.6189 -260037.4749      14.8560   306.5    3573.8889         1.04629         52.7        41.257
27.5600    -260022.5645 -260036.4372      13.8727   286.2    3573.8889         1.04629         52.7        41.257
27.5700    -260022.3369 -260036.6423      14.3054   295.1    3581.7300         1.04400         52.7        41.257
27.5800    -260022.1744 -260036.6593      14.4850   298.8    3606.5102         1.03683         52.7        41.257
27.5900    -260021.9674 -260036.7613      14.7939   305.2    3606.5102         1.03683         52.7        41.257
27.6000    -260022.6141 -260036.5605      13.9465   287.7    3610.4715         1.03569         52.7        41.257
27.6100    -260022.2854 -260037.0562      14.7708   304.7    3610.4715         1.03569         52.7        41.257
27.6200    -260022.1744 -260036.1610      13.9866   288.5    3610.4715         1.03569         52.7        41.257
27.6300    -260022.1502 -260035.7436      13.5934   280.4    3618.3448         1.03344         52.7        41.257
27.6400    -260022.1159 -260036.0679      13.9519   287.8    3603.3614         1.03773         52.7        41.257
27.6500    -260022.5295 -260036.1330      13.6035   280.6    3622.0296         1.03238         52.8        41.257
27.6600    -260022.6407 -260037.0539      14.4132   297.3    3622.0296         1.03238         52.8        41.257
27.6700    -260023.0773 -260036.0969      13.0195   268.6    3622.0296         1.03238         52.7        41.257
27.6800    -260022.6486 -260036.1917      13.5431   279.4    3626.7192         1.03105         52.8        41.257
27.6900    -260023.1974 -260037.3994      14.2021   293.0    3586.1841         1.04270         52.8        41.257
27.7000    -260023.3814 -260036.5507      13.1693   271.7    3586.1841         1.04270         52.8        41.257
27.7100    -260022.4233 -260036.1737      13.7504   283.7    3586.1841         1.04270         52.8        41.257
27.7200    -260022.8120 -260036.8138      14.0017   288.9    3586.1841         1.04270         52.7        41.257
27.7300    -260022.7602 -260036.3001      13.5399   279.3    3586.1841         1.04270         52.7        41.257
27.7400    -260022.2734 -260036.7958      14.5224   299.6    3586.1841         1.04270         52.7        41.257
27.7500    -260022.6246 -260036.5016      13.8770   286.3    3586.1841         1.04270         52.7        41.257
27.7600    -260023.0189 -260036.9966      13.9777   288.4    3586.1841         1.04270         52.7        41.257
27.7700    -260023.3966 -260037.2408      13.8443   285.6    3602.4709         1.03799         52.7        41.257
27.7800    -260023.5973 -260037.7370      14.1397   291.7    3598.8693         1.03903         52.7        41.257
27.7900    -260024.4288 -260038.1735      13.7446   283.6    3585.6965         1.04285         52.7        41.257
27.8000    -260023.9164 -260037.6129      13.6966   282.6    3585.6965         1.04285         52.7        41.257
27.8100    -260024.4340 -260037.8525      13.4185   276.8    3585.6965         1.04285         52.7        41.257
27.8200    -260024.7754 -260037.8032      13.0278   268.8    3556.9132         1.05128         52.7        41.257
27.8300    -260024.0085 -260037.3178      13.3093   274.6    3556.9132         1.05128         52.7        41.257
27.8400    -260023.9985 -260036.7687      12.7701   263.5    3548.7235         1.05371         52.7        41.257
27.8500    -260023.8992 -260037.8139      13.9148   287.1    3535.4813         1.05766         52.7        41.257
27.8600    -260024.3830 -260037.3315      12.9486   267.1    3535.4813         1.05766         52.7        41.257
27.8700    -260024.3820 -260038.1953      13.8132   285.0    3547.6790         1.05402         52.8        41.257
27.8800    -260023.9427 -260037.6399      13.6972   282.6    3547.6790         1.05402         52.7        41.257
27.8900    -260023.6369 -260037.4704      13.8334   285.4    3547.6790         1.05402         52.7        41.257
27.9000    -260023.2630 -260037.3420      14.0790   290.5    3554.7475         1.05192         52.7        41.257
27.9100    -260022.8815 -260037.6046      14.7231   303.7    3554.7475         1.05192         52.7        41.257
27.9200    -260022.7091 -260036.8034      14.0943   290.8    3554.7475         1.05192         52.7        41.257
27.9300    -260023.1907 -260036.3383      13.1476   271.2    3554.7475         1.05192         52.7        41.257
27.9400    -260023.2229 -260037.2178      13.9949   288.7    3545.4222         1.05469         52.7        41.257
27.9500    -260022.8275 -260036.3736      13.5461   279.5    3546.4474         1.05439         52.7        41.257
27.9600    -260023.0836 -260037.2275      14.1439   291.8    3546.4474         1.05439         52.7        41.257
27.9700    -260023.2772 -260037.1848      13.9076   286.9    3546.4474         1.05439         52.7        41.257
27.9800    -260022.6202 -260036.8979      14.2777   294.6    3546.4474         1.05439         52.7        41.257
27.9900    -260021.9146 -260036.8716      14.9571   308.6    3527.0420         1.06019         52.7        41.257
28.0000    -260022.2403 -260035.9375      13.6972   282.6    3527.1489         1.06016         52.7        41.257
28.0100    -260022.0317 -260036.3072      14.2754   294.5    3527.1489         1.06016         52.7        41.257
28.0200    -260021.8604 -260036.1320      14.2716   294.4    3522.5957         1.06153         52.7        41.257
28.0300    -260021.5301 -260035.9759      14.4458   298.0    3525.7801         1.06057         52.8        41.257
28.0400    -260021.2609 -260036.0277      14.7668   304.6    3554.9870         1.05185         52.8        41.257
28.0500    -260021.4271 -260036.2539      14.8268   305.9    3555.6555         1.05166         52.8        41.257
28.0600    -260021.5641 -260036.7548      15.1907   313.4    3555.6555         1.05166         52.8        41.257
28.0700    -260021.9987 -260036.4818      14.4831   298.8    3583.9037         1.04337         52.8        41.257
28.0800    -260022.0068 -260036.6904      14.6836   302.9    3583.9037         1.04337         52.8        41.257
28.0900    -260021.8778 -260036.4444      14.5666   300.5    3583.9037         1.04337         52.8        41.257
28.1000    -260021.5971 -260035.8983      14.3012   295.0    3583.9037         1.04337         52.8        41.257
28.1100    -260022.0885 -260036.3784      14.2898   294.8    3583.9037         1.04337         52.8        41.257
28.1200    -260022.3743 -260036.0617      13.6874   282.4    3570.9373         1.04716         52.8        41.257
28.1300    -260021.9456 -260036.1575      14.2119   293.2    3568.0642         1.04800         52.8        41.257
28.1400    -260021.8602 -260036.5147      14.6545   302.3    3568.0642         1.04800         52.8        41.257
28.1500    -260021.7156 -260036.8889      15.1733   313.0    3568.0642         1.04800         52.8        41.257
28.1600    -260021.5356 -260036.5372      15.0015   309.5    3568.0642         1.04800         52.8        41.257
28.1700    -260022.1312 -260035.9865      13.8553   285.8    3568.0642         1.04800         52.7        41.257
28.1800    -260021.9577 -260036.1382      14.1805   292.5    3563.9280         1.04921         52.8        41.257
28.1900    -260021.6290 -260036.7187      15.0897   311.3    3563.9280         1.04921         52.7        41.257
28.2000    -260021.7217 -260035.9648      14.2431   293.8    3551.0199         1.05303         52.7        41.257
28.2100    -260021.6251 -260036.3987      14.7736   304.8    3551.0199         1.05303         52.7        41.257
28.2200    -260022.0212 -260036.1820      14.1608   292.1    3551.0199         1.05303         52.7        41.257
28.2300    -260022.1397 -260036.0208      13.8811   286.4    3549.2734         1.05355         52.7        41.257
28.2400    -260021.0454 -260035.7245      14.6790   302.8    3549.2734         1.05355         52.7        41.257
28.2500    -260020.7173 -260035.9574      15.2400   314.4    3549.2734         1.05355         52.7        41.257
28.2600    -260020.5868 -260035.0906      14.5038   299.2    3549.2734         1.05355         52.7        41.257
28.2700    -260020.9105 -260035.4118      14.5013   299.2    3549.2734         1.05355         52.7        41.257
28.2800    -260020.7223 -260035.6680      14.9457   308.3    3549.2734         1.05355         52.7        41.257
28.2900    -260020.8995 -260036.2436      15.3440   316.6    3549.2734         1.05355         52.6        41.257
28.3000    -260021.0921 -260035.4072      14.3151   295.3    3577.0402         1.04537         52.7        41.257
28.3100    -260020.9138 -260035.0747      14.1610   292.1    3577.0402         1.04537         52.7        41.257
28.3200    -260021.1030 -260035.1449      14.0419   289.7    3540.2052         1.05625         52.7        41.257
28.3300    -260020.8812 -260036.0916      15.2104   313.8    3533.1809         1.05835         52.7        41.257
28.3400    -260021.1228 -260035.5993      14.4765   298.7    3512.8024         1.06449         52.7        41.257
28.3500    -260020.7824 -260035.5767      14.7942   305.2    3512.8024         1.06449         52.7        41.257
28.3600    -260020.7202 -260035.7507      15.0305   310.1    3512.8024         1.06449         52.7        41.257
28.3700    -260021.0462 -260036.1850      15.1388   312.3    3512.8024         1.06449         52.7        41.257
28.3800    -260020.9417 -260035.4820      14.5403   300.0    3510.4947         1.06519         52.7        41.257
28.3900    -260021.1406 -260036.0166      14.8760   306.9    3531.8103         1.05876         52.7        41.257
28.4000    -260021.4830 -260036.3008      14.8178   305.7    3531.8103         1.05876         52.7        41.257
28.4100    -260021.0247 -260036.6239      15.5992   321.8    3531.8103         1.05876         52.7        41.257
28.4200    -260021.1816 -260036.3681      15.1865   313.3    3531.8103         1.05876         52.7        41.257
28.4300    -260021.3658 -260036.4995      15.1337   312.2    3531.8103         1.05876         52.6        41.257
28.4400    -260020.8416 -260036.2187      15.3771   317.2    3531.8103         1.05876         52.6        41.257
28.4500    -260020.8096 -260035.9366      15.1271   312.1    3531.8103         1.05876         52.6        41.257
28.4600    -260020.6490 -260035.9674      15.3185   316.0    3531.8103         1.05876         52.6        41.257
28.4700    -260021.0213 -260035.8877      14.8664   306.7    3543.9330         1.05513         52.6        41.257
28.4800    -260020.5505 -260035.5924      15.0419   310.3    3553.5100         1.05229         52.6        41.257
28.4900    -260020.2468 -260035.1400      14.8931   307.2    3551.4739         1.05289         52.7        41.257
28.5000    -260020.5801 -260035.6530      15.0729   311.0    3555.3873         1.05174         52.7        41.257
28.5100    -260021.1258 -260036.0723      14.9465   308.3    3555.3873         1.05174         52.7        41.257
28.5200    -260021.6563 -260037.4255      15.7692   325.3    3555.3873         1.05174         52.7        41.257
28.5300    -260022.3467 -260036.5413      14.1946   292.8    3555.3873         1.05174         52.6        41.257
28.5400    -260022.1686 -260036.3711      14.2026   293.0    3554.4695         1.05201         52.7        41.257
28.5500    -260021.5800 -260036.5693      14.9893   309.2    3554.4695         1.05201         52.6        41.257
28.5600    -260022.1335 -260036.9563      14.8227   305.8    3554.4695         1.05201         52.6        41.257
28.5700    -260022.1262 -260036.9230      14.7968   305.3    3594.4642         1.04030         52.6        41.257
28.5800    -260022.5212 -260036.9494      14.4283   297.7    3594.4642         1.04030         52.6        41.257
28.5900    -260022.7627 -260036.5066      13.7439   283.5    3582.5229         1.04377         52.6        41.257
28.6000    -260022.6172 -260036.6905      14.0733   290.3    3542.0647         1.05569         52.7        41.257
28.6100    -260022.6754 -260036.6088      13.9334   287.4    3542.0647         1.05569         52.7        41.257
28.6200    -260022.9316 -260037.5838      14.6522   302.3    3536.3852         1.05739         52.7        41.257
28.6300    -260023.0866 -260036.9500      13.8634   286.0    3518.5829         1.06274         52.7        41.257
28.6400    -260023.4786 -260037.2777      13.7991   284.7    3546.8647         1.05426         52.7        41.257
28.6500    -260023.9574 -260037.8997      13.9423   287.6    3546.8647         1.05426         52.7        41.257
28.6600    -260023.9364 -260037.3352      13.3989   276.4    3546.8647         1.05426         52.7        41.257
28.6700    -260023.6477 -260037.2877      13.6400   281.4    3546.8647         1.05426         52.7        41.257
28.6800    -260023.8258 -260037.2649      13.4391   277.3    3546.8647         1.05426         52.7        41.257
28.6900    -260023.6432 -260037.7288      14.0856   290.6    3529.1795         1.05955         52.7        41.257
28.7000    -260023.8049 -260038.8006      14.9958   309.4    3511.6871         1.06482         52.7        41.257
28.7100    -260023.8477 -260037.9580      14.1104   291.1    3511.6871         1.06482         52.7        41.257
28.7200    -260024.0037 -260037.7540      13.7503   283.7    3512.2992         1.06464         52.7        41.257
28.7300    -260023.5690 -260037.6725      14.1035   291.0    3541.3804         1.05590         52.7        41.257
28.7400    -260023.7833 -260037.8141      14.0308   289.5    3557.1088         1.05123         52.8        41.257
28.7500    -260023.7038 -260037.6767      13.9728   288.3    3577.1719         1.04533         52.8        41.257
28.7600    -260022.9376 -260036.4814      13.5438   279.4    3577.1719         1.04533         52.8        41.257
28.7700    -260022.1297 -260036.1812      14.0516   289.9    3578.1917         1.04503         52.8        41.257
28.7800    -260022.5966 -260036.0109      13.4143   276.7    3586.9268         1.04249         52.8        41.257
28.7900    -260022.4193 -260036.1132      13.6940   282.5    3594.8265         1.04020         52.8        41.257
28.8000    -260022.6684 -260036.3325      13.6641   281.9    3594.8265         1.04020         52.8        41.257
28.8100    -260022.2553 -260037.2856      15.0303   310.1    3594.8265         1.04020         52.8        41.257
28.8200    -260022.5193 -260036.9148      14.3955   297.0    3569.3690         1.04762         52.8        41.257
28.8300    -260022.1597 -260036.8221      14.6624   302.5    3569.3690         1.04762         52.8        41.257
28.8400    -260021.6244 -260036.3678      14.7434   304.2    3589.1491         1.04184         52.8        41.257
28.8500    -260021.8166 -260036.6238      14.8072   305.5    3589.1491         1.04184         52.8        41.257
28.8600    -260021.3823 -260036.1432      14.7609   304.5    3589.1491         1.04184         52.8        41.257
28.8700    -260021.4416 -260035.2217      13.7801   284.3    3589.1491         1.04184         52.8        41.257
28.8800    -260021.4775 -260036.3360      14.8584   306.5    3589.1491         1.04184         52.8        41.257
28.8900    -260021.4522 -260035.8060      14.3538   296.1    3589.1491         1.04184         52.7        41.257
28.9000    -260021.5504 -260036.8367      15.2863   315.4    3593.3100         1.04064         52.8        41.257
28.9100    -260022.5188 -260037.4048      14.8860   307.1    3593.3100         1.04064         52.8        41.257
28.9200    -260022.6746 -260037.5835      14.9088   307.6    3593.3100         1.04064         52.7        41.257
28.9300    -260022.1610 -260035.9396      13.7786   284.3    3581.8463         1.04397         52.8        41.257
28.9400    -260022.5751 -260036.0711      13.4960   278.4    3590.2481         1.04152         52.8        41.257
28.9500    -260022.7087 -260036.9251      14.2163   293.3    3582.2300         1.04385         52.8        41.257
28.9600    -260022.4966 -260037.0525      14.5559   300.3    3582.2300         1.04385         52.8        41.257
28.9700    -260022.5945 -260036.5702      13.9757   288.3    3582.2300         1.04385         52.8        41.257
28.9800    -260022.3807 -260036.4435      14.0629   290.1    3607.4886         1.03655         52.8        41.257
28.9900    -260021.9833 -260036.6039      14.6207   301.6    3616.3465         1.03401         52.8        41.257
29.0000    -260022.4234 -260036.1799      13.7564   283.8    3616.3465         1.03401         52.8        41.257
29.0100    -260022.6016 -260035.8738      13.2722   273.8    3616.3465         1.03401         52.8        41.257
29.0200    -260022.8266 -260036.0416      13.2150   272.6    3611.0572         1.03552         52.8        41.257
29.0300    -260022.4783 -260036.7590      14.2807   294.6    3589.7234         1.04168         52.8        41.257
29.0400    -260022.3149 -260037.2556      14.9407   308.2    3578.3880         1.04498         52.9        41.257
29.0500    -260021.5687 -260036.8024      15.2336   314.3    3578.3880         1.04498         52.8        41.257
29.0600    -260022.1203 -260036.9261      14.8058   305.4    3578.3880         1.04498         52.8        41.257
29.0700    -260021.8604 -260037.2946      15.4341   318.4    3582.7698         1.04370         52.9        41.257
29.0800    -260021.6959 -260037.1673      15.4714   319.2    3582.4046         1.04380         52.9        41.257
29.0900    -260021.8572 -260036.9688      15.1116   311.8    3594.5677         1.04027         52.9        41.257
29.1000    -260022.4586 -260037.1881      14.7295   303.9    3583.1673         1.04358         52.9        41.257
29.1100    -260022.2940 -260036.3342      14.0401   289.7    3583.1673         1.04358         52.9        41.257
29.1200    -260021.9987 -260036.4488      14.4502   298.1    3593.9051         1.04046         52.9        41.257
29.1300    -260022.5572 -260037.4037      14.8464   306.3    3592.9893         1.04073         53.0        41.257
29.1400    -260022.9630 -260037.5864      14.6234   301.7    3587.9439         1.04219         53.0        41.257
29.1500    -260023.3501 -260037.0246      13.6745   282.1    3587.9439         1.04219         53.0        41.257
29.1600    -260022.9677 -260037.2236      14.2559   294.1    3587.9439         1.04219         53.0        41.257
29.1700    -260022.4962 -260037.1340      14.6378   302.0    3581.4411         1.04408         53.0        41.257
29.1800    -260022.1671 -260037.0320      14.8649   306.7    3581.4411         1.04408         53.0        41.257
29.1900    -260022.0693 -260036.4255      14.3562   296.2    3581.4411         1.04408         52.9        41.257
29.2000    -260022.4335 -260035.7651      13.3317   275.0    3581.4411         1.04408         52.9        41.257
29.2100    -260022.5246 -260036.3434      13.8189   285.1    3581.4411         1.04408         52.9        41.257
29.2200    -260022.0711 -260036.7064      14.6353   301.9    3581.4411         1.04408         52.9        41.257
29.2300    -260022.5069 -260036.2542      13.7474   283.6    3581.4411         1.04408         52.9        41.257
29.2400    -260022.8368 -260036.1308      13.2940   274.3    3581.4411         1.04408         52.8        41.257
29.2500    -260022.4412 -260035.7074      13.2662   273.7    3581.4411         1.04408         52.8        41.257
29.2600    -260022.1313 -260036.9848      14.8535   306.4    3581.4411         1.04408         52.8        41.257
29.2700    -260021.7907 -260036.2873      14.4965   299.1    3581.4411         1.04408         52.8        41.257
29.2800    -260021.7542 -260036.5421      14.7878   305.1    3581.4411         1.04408         52.8        41.257
29.2900    -260021.6998 -260036.5537      14.8539   306.4    3581.4411         1.04408         52.8        41.257
29.3000    -260021.9292 -260036.9374      15.0083   309.6    3614.1853         1.03462         52.8        41.257
29.3100    -260021.9441 -260037.3738      15.4297   318.3    3614.1853         1.03462         52.8        41.257
29.3200    -260021.5033 -260036.5060      15.0027   309.5    3619.2071         1.03319         52.8        41.257
29.3300    -260021.2227 -260036.0664      14.8437   306.2    3619.2071         1.03319         52.8        41.257
29.3400    -260021.3845 -260035.9381      14.5537   300.2    3590.0122         1.04159         52.8        41.257
29.3500    -260020.6268 -260035.7146      15.0879   311.3    3587.0761         1.04244         52.8        41.257
29.3600    -260019.9860 -260035.3931      15.4071   317.9    3587.0761         1.04244         52.8        41.257
29.3700    -260020.7359 -260036.5930      15.8570   327.1    3587.0761         1.04244         52.8        41.257
29.3800    -260021.5527 -260036.1031      14.5504   300.2    3609.9163         1.03585         52.8        41.257
29.3900    -260021.6540 -260036.3930      14.7390   304.1    3609.9163         1.03585         52.8        41.257
29.4000    -260021.0460 -260035.8947      14.8487   306.3    3626.6109         1.03108         52.8        41.257
29.4100    -260021.5094 -260035.8816      14.3722   296.5    3626.6109         1.03108         52.8        41.257
29.4200    -260021.8076 -260036.2426      14.4350   297.8    3626.6109         1.03108         52.8        41.257
29.4300    -260021.6587 -260036.6046      14.9459   308.3    3626.6109         1.03108         52.8        41.257
29.4400    -260021.8340 -260036.8196      14.9856   309.2    3626.6109         1.03108         52.7        41.257
29.4500    -260022.2009 -260036.7155      14.5146   299.4    3626.6109         1.03108         52.7        41.257
29.4600    -260021.6638 -260035.8781      14.2142   293.2    3626.6109         1.03108         52.7        41.257
29.4700    -260021.7835 -260036.7194      14.9360   308.1    3626.6109         1.03108         52.7        41.257
29.4800    -260021.6815 -260036.7225      15.0410   310.3    3626.6109         1.03108         52.7        41.257
29.4900    -260021.8873 -260036.8496      14.9623   308.7    3610.6186         1.03565         52.7        41.257
29.5000    -260022.1766 -260036.5705      14.3940   297.0    3575.7312         1.04575         52.7        41.257
29.5100    -260021.7157 -260035.8156      14.0999   290.9    3575.7312         1.04575         52.7        41.257
29.5200    -260022.4552 -260037.0364      14.5812   300.8    3575.7312         1.04575         52.7        41.257
29.5300    -260022.5517 -260036.6801      14.1284   291.5    3575.7312         1.04575         52.7        41.257
29.5400    -260023.0101 -260036.8702      13.8600   285.9    3549.9500         1.05335         52.7        41.257
29.5500    -260023.0937 -260036.8536      13.7599   283.9    3553.1830         1.05239         52.7        41.257
29.5600    -260023.4693 -260037.2091      13.7398   283.5    3553.1830         1.05239         52.7        41.257
29.5700    -260023.5066 -260037.8791      14.3726   296.5    3553.1830         1.05239         52.7        41.257
29.5800    -260023.2505 -260037.5072      14.2567   294.1    3553.1830         1.05239         52.7        41.257
29.5900    -260022.6824 -260037.5383      14.8559   306.5    3553.1830         1.05239         52.6        41.257
29.6000    -260022.7345 -260037.6754      14.9409   308.2    3560.9657         1.05009         52.7        41.257
29.6100    -260022.3371 -260038.2055      15.8685   327.4    3560.9657         1.05009         52.7        41.257
29.6200    -260023.3457 -260037.9979      14.6522   302.3    3560.9657         1.05009         52.6        41.257
29.6300    -260023.3198 -260038.2125      14.8927   307.2    3560.9657         1.05009         52.6        41.257
29.6400    -260022.9861 -260037.6870      14.7010   303.3    3583.6119         1.04345         52.6        41.257
29.6500    -260023.1994 -260037.5378      14.3384   295.8    3583.6119         1.04345         52.6        41.257
29.6600    -260023.6267 -260037.9960      14.3693   296.4    3583.6119         1.04345         52.6        41.257
29.6700    -260023.8800 -260037.5767      13.6967   282.6    3583.6119         1.04345         52.6        41.257
29.6800    -260023.1304 -260037.3580      14.2276   293.5    3581.9309         1.04394         52.6        41.257
29.6900    -260022.8989 -260038.2304      15.3315   316.3    3570.0735         1.04741         52.6        41.257
29.7000    -260022.7054 -260036.9193      14.2139   293.2    3570.0735         1.04741         52.6        41.257
29.7100    -260022.4557 -260037.6192      15.1635   312.8    3570.0735         1.04741         52.6        41.257
29.7200    -260021.8688 -260036.8753      15.0065   309.6    3570.0735         1.04741         52.6        41.257
29.7300    -260022.1300 -260036.8539      14.7239   303.8    3565.1708         1.04885         52.6        41.257
29.7400    -260022.9100 -260037.8607      14.9507   308.4    3565.5342         1.04874         52.6        41.257
29.7500    -260022.8886 -260037.4013      14.5127   299.4    3558.2628         1.05089         52.6        41.257
29.7600    -260022.5861 -260037.6401      15.0540   310.6    3558.2628         1.05089         52.6        41.257
29.7700    -260021.9580 -260036.7184      14.7603   304.5    3595.8766         1.03989         52.7        41.257
29.7800    -260021.6864 -260036.8080      15.1216   312.0    3603.7719         1.03761         52.7        41.257
29.7900    -260021.5901 -260035.9808      14.3907   296.9    3603.7719         1.03761         52.7        41.257
29.8000    -260022.4506 -260036.7779      14.3273   295.6    3603.7719         1.03761         52.6        41.257
29.8100    -260022.2322 -260037.3176      15.0854   311.2    3603.7719         1.03761         52.6        41.257
29.8200    -260021.9894 -260037.8385      15.8491   327.0    3596.5006         1.03971         52.7        41.257
29.8300    -260021.5355 -260037.5865      16.0511   331.1    3596.5006         1.03971         52.6        41.257
29.8400    -260021.8548 -260037.9284      16.0736   331.6    3619.5741         1.03308         52.7        41.257
29.8500    -260022.2876 -260037.2610      14.9733   308.9    3625.2134         1.03148         52.7        41.257
29.8600    -260022.6352 -260036.8658      14.2305   293.6    3625.2134         1.03148         52.7        41.257
29.8700    -260022.6654 -260036.7769      14.1115   291.1    3616.1212         1.03407         52.7        41.257
29.8800    -260022.3406 -260036.9609      14.6203   301.6    3616.1212         1.03407         52.7        41.257
29.8900    -260022.4170 -260037.7954      15.3785   317.3    3618.5320         1.03338         52.7        41.257
29.9000    -260022.5564 -260037.2545      14.6980   303.2    3618.5320         1.03338         52.7        41.257
29.9100    -260023.2260 -260037.9884      14.7623   304.6    3618.5320         1.03338         52.7        41.257
29.9200    -260023.7050 -260037.9804      14.2754   294.5    3587.0186         1.04246         52.7        41.257
29.9300    -260023.5255 -260037.8529      14.3274   295.6    3554.9777         1.05186         52.7        41.257
29.9400    -260023.0051 -260037.8198      14.8148   305.6    3554.9777         1.05186         52.7        41.257
29.9500    -260022.2393 -260036.6096      14.3702   296.5    3571.2482         1.04706         52.7        41.257
29.9600    -260022.0659 -260036.5732      14.5073   299.3    3571.2482         1.04706         52.7        41.257
29.9700    -260021.7550 -260036.7752      15.0201   309.9    3571.2482         1.04706         52.7        41.257
29.9800    -260022.3875 -260037.0473      14.6598   302.4    3571.2482         1.04706         52.7        41.257
29.9900    -260023.0389 -260037.9369      14.8980   307.4    3571.2482         1.04706         52.6        41.257
30.0000    -260023.1920 -260037.2635      14.0715   290.3    3548.0990         1.05390         52.7        41.257
30.0100    -260023.2994 -260037.7118      14.4124   297.3    3548.0990         1.05390         52.7        41.257
30.0200    -260022.8397 -260037.3826      14.5429   300.0    3548.0990         1.05390         52.6        41.257
30.0300    -260022.7740 -260037.0307      14.2566   294.1    3548.0990         1.05390         52.6        41.257
30.0400    -260022.4954 -260037.1980      14.7026   303.3    3548.0990         1.05390         52.6        41.257
30.0500    -260022.7161 -260036.6731      13.9570   287.9    3548.0990         1.05390         52.6        41.257
30.0600    -260022.5256 -260037.3026      14.7770   304.9    3548.0990         1.05390         52.6        41.257
30.0700    -260022.2929 -260036.8445      14.5516   300.2    3570.8207         1.04719         52.6        41.257
30.0800    -260021.8307 -260036.5613      14.7305   303.9    3573.6665         1.04636         52.6        41.257
30.0900    -260021.5909 -260036.7072      15.1162   311.9    3547.2573         1.05415         52.6        41.257
30.1000    -260021.4158 -260036.3003      14.8846   307.1    3547.2573         1.05415         52.6        41.257
30.1100    -260021.4387 -260035.9281      14.4894   298.9    3547.2573         1.05415         52.6        41.257
30.1200    -260020.8020 -260036.5636      15.7617   325.2    3514.7710         1.06389         52.6        41.257
30.1300    -260020.7252 -260036.4761      15.7509   324.9    3514.7710         1.06389         52.6        41.257
30.1400    -260020.5997 -260035.6470      15.0473   310.4    3514.7710         1.06389         52.6        41.257
30.1500    -260020.5565 -260036.1251      15.5685   321.2    3514.7710         1.06389         52.6        41.257
30.1600    -260021.0072 -260035.8070      14.7998   305.3    3514.7710         1.06389         52.6        41.257
30.1700    -260021.8141 -260036.4856      14.6715   302.7    3535.7023         1.05759         52.6        41.257
30.1800    -260022.3167 -260037.6973      15.3806   317.3    3535.7023         1.05759         52.6        41.257
30.1900    -260022.5121 -260036.8110      14.2989   295.0    3544.9523         1.05483         52.6        41.257
30.2000    -260022.1626 -260036.4836      14.3210   295.4    3544.9523         1.05483         52.6        41.257
30.2100    -260022.4466 -260036.0663      13.6197   281.0    3544.9523         1.05483         52.6        41.257
30.2200    -260022.3818 -260036.3614      13.9796   288.4    3544.9523         1.05483         52.5        41.257
30.2300    -260022.5479 -260036.2103      13.6623   281.9    3572.1798         1.04679         52.6        41.257
30.2400    -260022.4532 -260036.1583      13.7051   282.7    3585.6828         1.04285         52.6        41.257
30.2500    -260022.8381 -260036.9105      14.0725   290.3    3585.6828         1.04285         52.6        41.257
30.2600    -260022.3828 -260036.2785      13.8957   286.7    3585.6828         1.04285         52.6        41.257
30.2700    -260022.6770 -260036.5594      13.8825   286.4    3587.5899         1.04229         52.6        41.257
30.2800    -260022.3232 -260036.7798      14.4566   298.2    3605.3183         1.03717         52.6        41.257
30.2900    -260021.9192 -260036.1869      14.2678   294.3    3574.0530         1.04624         52.6        41.257
30.3000    -260022.6170 -260036.2234      13.6064   280.7    3574.0530         1.04624         52.6        41.257
30.3100    -260022.3800 -260036.4531      14.0731   290.3    3574.0530         1.04624         52.6        41.257
30.3200    -260023.3256 -260036.3726      13.0470   269.2    3574.0530         1.04624         52.6        41.257
30.3300    -260022.7852 -260036.0673      13.2821   274.0    3574.0530         1.04624         52.6        41.257
30.3400    -260022.3926 -260035.4862      13.0935   270.1    3574.0530         1.04624         52.5        41.257
30.3500    -260022.2172 -260036.4847      14.2674   294.3    3574.0530         1.04624         52.5        41.257
30.3600    -260021.8872 -260037.0656      15.1784   313.1    3574.0530         1.04624         52.5        41.257
30.3700    -260021.9902 -260035.9246      13.9344   287.5    3595.1034         1.04012         52.5        41.257
30.3800    -260022.0829 -260035.7631      13.6801   282.2    3600.7977         1.03847         52.6        41.257
30.3900    -260022.1981 -260036.3988      14.2007   293.0    3600.7977         1.03847         52.5        41.257
30.4000    -260021.9649 -260035.8643      13.8994   286.7    3600.7977         1.03847         52.5        41.257
30.4100    -260022.0759 -260036.7226      14.6467   302.2    3600.7977         1.03847         52.5        41.257
30.4200    -260021.9083 -260036.7539      14.8456   306.3    3567.3059         1.04822         52.5        41.257
30.4300    -260022.0432 -260036.4821      14.4390   297.9    3567.3059         1.04822         52.5        41.257
30.4400    -260022.7616 -260036.8933      14.1317   291.5    3556.8606         1.05130         52.5        41.257
30.4500    -260023.0037 -260036.6532      13.6495   281.6    3568.7594         1.04779         52.5        41.257
30.4600    -260022.8476 -260036.4220      13.5743   280.0    3568.7594         1.04779         52.5        41.257
30.4700    -260022.4551 -260036.7775      14.3224   295.5    3568.7594         1.04779         52.5        41.257
30.4800    -260022.8946 -260037.1444      14.2498   294.0    3586.3840         1.04265         52.5        41.257
30.4900    -260023.4120 -260037.8522      14.4402   297.9    3586.0019         1.04276         52.6        41.257
30.5000    -260023.0751 -260036.4907      13.4157   276.8    3555.6815         1.05165         52.6        41.257
30.5100    -260022.9354 -260036.7409      13.8055   284.8    3555.6815         1.05165         52.6        41.257
30.5200    -260022.7274 -260037.1391      14.4118   297.3    3555.6815         1.05165         52.6        41.257
30.5300    -260023.3559 -260036.9643      13.6084   280.7    3527.2997         1.06011         52.6        41.257
30.5400    -260023.0181 -260037.1734      14.1554   292.0    3527.2997         1.06011         52.6        41.257
30.5500    -260022.7599 -260037.1514      14.3914   296.9    3527.2997         1.06011         52.5        41.257
30.5600    -260023.2371 -260037.3857      14.1486   291.9    3527.2997         1.06011         52.5        41.257
30.5700    -260023.4097 -260036.9578      13.5482   279.5    3509.6395         1.06544         52.6        41.257
30.5800    -260023.4215 -260036.9005      13.4790   278.1    3509.6395         1.06544         52.5        41.257
30.5900    -260023.1174 -260037.3502      14.2327   293.6    3509.6395         1.06544         52.5        41.257
30.6000    -260022.8285 -260037.9804      15.1520   312.6    3502.5834         1.06759         52.5        41.257
30.6100    -260022.7255 -260036.5582      13.8326   285.4    3502.5834         1.06759         52.5        41.257
30.6200    -260022.4981 -260035.8138      13.3157   274.7    3496.4511         1.06946         52.6        41.257
30.6300    -260021.7134 -260036.0964      14.3830   296.7    3496.4511         1.06946         52.5        41.257
30.6400    -260021.3123 -260036.7141      15.4019   317.7    3496.4511         1.06946         52.5        41.257
30.6500    -260021.4450 -260036.3232      14.8782   306.9    3481.7942         1.07397         52.5        41.257
30.6600    -260021.1775 -260036.0211      14.8436   306.2    3481.7942         1.07397         52.5        41.257
30.6700    -260021.4183 -260036.6662      15.2479   314.6    3489.3080         1.07165         52.5        41.257
30.6800    -260021.5058 -260036.6373      15.1315   312.2    3489.3080         1.07165         52.5        41.257
30.6900    -260021.6023 -260036.4601      14.8577   306.5    3454.8828         1.08233         52.5        41.257
30.7000    -260021.7908 -260035.7758      13.9850   288.5    3454.8828         1.08233         52.5        41.257
30.7100    -260021.1227 -260036.1218      14.9991   309.4    3454.8828         1.08233         52.5        41.257
30.7200    -260021.8190 -260036.7725      14.9535   308.5    3466.6503         1.07866         52.5        41.257
30.7300    -260021.6757 -260036.3257      14.6500   302.2    3466.6503         1.07866         52.5        41.257
30.7400    -260021.9488 -260037.4004      15.4517   318.8    3478.3365         1.07503         52.5        41.257
30.7500    -260021.9735 -260037.2328      15.2593   314.8    3478.3365         1.07503         52.5        41.257
30.7600    -260022.1814 -260037.1355      14.9541   308.5    3478.3365         1.07503         52.5        41.257
30.7700    -260021.7911 -260036.1928      14.4016   297.1    3478.3365         1.07503         52.5        41.257
30.7800    -260021.6040 -260036.3214      14.7174   303.6    3463.6396         1.07959         52.5        41.257
30.7900    -260021.8194 -260036.5449      14.7255   303.8    3453.8051         1.08267         52.5        41.257
30.8000    -260022.0352 -260036.3117      14.2765   294.5    3438.5574         1.08747         52.6        41.257
30.8100    -260022.1318 -260036.9280      14.7962   305.2    3438.5574         1.08747         52.6        41.257
30.8200    -260022.5436 -260036.2170      13.6734   282.1    3458.3716         1.08124         52.6        41.257
30.8300    -260022.4720 -260036.6447      14.1727   292.4    3460.0121         1.08073         52.6        41.257
30.8400    -260022.6552 -260036.2089      13.5537   279.6    3460.0121         1.08073         52.6        41.257
30.8500    -260022.4662 -260036.8592      14.3930   296.9    3460.0121         1.08073         52.6        41.257
30.8600    -260022.3788 -260037.0045      14.6257   301.7    3460.0121         1.08073         52.6        41.257
30.8700    -260022.7506 -260036.5543      13.8037   284.8    3460.0121         1.08073         52.5        41.257
30.8800    -260022.5303 -260036.7449      14.2146   293.3    3452.7707         1.08299         52.6        41.257
30.8900    -260022.4982 -260036.4215      13.9233   287.2    3452.7707         1.08299         52.5        41.257
30.9000    -260022.1385 -260036.9653      14.8268   305.9    3457.8332         1.08141         52.5        41.257
30.9100    -260021.9790 -260036.6658      14.6868   303.0    3457.8332         1.08141         52.5        41.257
30.9200    -260022.2182 -260036.9533      14.7351   304.0    3457.8332         1.08141         52.5        41.257
30.9300    -260022.9125 -260037.3934      14.4809   298.7    3457.8332         1.08141         52.5        41.257
30.9400    -260023.0030 -260037.1818      14.1788   292.5    3476.8717         1.07549         52.5        41.257
30.9500    -260022.9477 -260037.0284      14.0806   290.5    3500.5642         1.06821         52.5        41.257
30.9600    -260023.0505 -260036.9382      13.8878   286.5    3500.5642         1.06821         52.5        41.257
30.9700    -260022.5888 -260036.2786      13.6898   282.4    3504.9524         1.06687         52.6        41.257
30.9800    -260022.4957 -260036.6275      14.1319   291.5    3502.7616         1.06754         52.6        41.257
30.9900    -260021.7657 -260037.0294      15.2637   314.9    3495.1056         1.06988         52.6        41.257
31.0000    -260021.6761 -260036.8693      15.1932   313.4    3521.7361         1.06178         52.6        41.257
31.0100    -260020.9823 -260036.9874      16.0051   330.2    3521.7361         1.06178         52.6        41.257
31.0200    -260021.3212 -260036.8860      15.5647   321.1    3502.9080         1.06749         52.6        41.257
31.0300    -260021.5950 -260036.3357      14.7407   304.1    3482.6041         1.07372         52.7        41.257
31.0400    -260021.8183 -260036.7885      14.9703   308.8    3484.9175         1.07300         52.7        41.257
31.0500    -260022.3035 -260037.3418      15.0383   310.2    3454.5983         1.08242         52.7        41.257
31.0600    -260022.8811 -260037.7851      14.9041   307.5    3454.5983         1.08242         52.7        41.257
31.0700    -260022.7707 -260037.6533      14.8826   307.0    3454.5983         1.08242         52.7        41.257
31.0800    -260022.0397 -260036.4385      14.3988   297.1    3454.5983         1.08242         52.7        41.257
31.0900    -260021.9004 -260036.8396      14.9392   308.2    3458.9344         1.08106         52.7        41.257
31.1000    -260021.9889 -260036.8085      14.8196   305.7    3456.3481         1.08187         52.7        41.257
31.1100    -260022.4829 -260037.6915      15.2086   313.8    3456.3481         1.08187         52.7        41.257
31.1200    -260021.9159 -260037.2233      15.3073   315.8    3440.5291         1.08685         52.7        41.257
31.1300    -260022.4139 -260037.7242      15.3103   315.9    3440.5291         1.08685         52.7        41.257
31.1400    -260022.1243 -260036.5474      14.4231   297.6    3440.5291         1.08685         52.7        41.257
31.1500    -260022.2725 -260036.7510      14.4786   298.7    3451.1376         1.08351         52.7        41.257
31.1600    -260022.3763 -260037.3142      14.9379   308.2    3451.1376         1.08351         52.7        41.257
31.1700    -260022.7222 -260037.1586      14.4365   297.8    3451.1376         1.08351         52.7        41.257
31.1800    -260022.7630 -260037.2154      14.4524   298.2    3451.1376         1.08351         52.6        41.257
31.1900    -260022.7753 -260037.3278      14.5525   300.2    3455.1659         1.08224         52.7        41.257
31.2000    -260022.3740 -260037.0747      14.7007   303.3    3455.1659         1.08224         52.6        41.257
31.2100    -260022.3405 -260037.4459      15.1054   311.6    3455.1659         1.08224         52.6        41.257
31.2200    -260021.6710 -260036.9514      15.2804   315.2    3458.7912         1.08111         52.7        41.257
31.2300    -260021.8100 -260036.8850      15.0750   311.0    3488.2103         1.07199         52.7        41.257
31.2400    -260021.2755 -260036.9489      15.6734   323.3    3478.1461         1.07509         52.7        41.257
31.2500    -260021.2511 -260036.0761      14.8250   305.8    3479.1826         1.07477         52.7        41.257
31.2600    -260021.3296 -260036.0941      14.7645   304.6    3479.1826         1.07477         52.7        41.257
31.2700    -260021.7174 -260037.0176      15.3002   315.6    3491.4377         1.07100         52.7        41.257
31.2800    -260021.2466 -260035.9229      14.6762   302.8    3510.8247         1.06508         52.8        41.257
31.2900    -260020.7026 -260035.6171      14.9145   307.7    3523.8049         1.06116         52.8        41.257
31.3000    -260020.9222 -260035.1922      14.2700   294.4    3533.2769         1.05832         52.8        41.257
31.3100    -260021.0245 -260036.3482      15.3237   316.1    3533.2769         1.05832         52.8        41.257
31.3200    -260022.1042 -260037.7874      15.6832   323.5    3532.3580         1.05859         52.8        41.257
31.3300    -260022.5196 -260038.3707      15.8511   327.0    3532.3580         1.05859         52.8        41.257
31.3400    -260022.1637 -260037.3137      15.1501   312.6    3532.3580         1.05859         52.8        41.257
31.3500    -260022.5666 -260037.2399      14.6733   302.7    3532.3580         1.05859         52.8        41.257
31.3600    -260022.6750 -260037.3192      14.6442   302.1    3532.3580         1.05859         52.8        41.257
31.3700    -260022.7913 -260037.7508      14.9595   308.6    3532.3580         1.05859         52.7        41.257
31.3800    -260022.6249 -260037.4660      14.8412   306.2    3556.5638         1.05139         52.7        41.257
31.3900    -260022.4820 -260036.6879      14.2059   293.1    3578.8308         1.04485         52.8        41.257
31.4000    -260023.1715 -260037.5164      14.3449   295.9    3578.8308         1.04485         52.7        41.257
31.4100    -260023.1238 -260037.0661      13.9423   287.6    3578.8308         1.04485         52.7        41.257
31.4200    -260022.9526 -260037.3300      14.3774   296.6    3571.1366         1.04710         52.8        41.257
31.4300    -260022.3950 -260037.0081      14.6131   301.5    3557.3621         1.05115         52.8        41.257
31.4400    -260022.6840 -260037.1408      14.4568   298.2    3557.3621         1.05115         52.8        41.257
31.4500    -260022.6063 -260037.0840      14.4776   298.7    3593.9372         1.04045         52.8        41.257
31.4600    -260022.5027 -260037.0544      14.5517   300.2    3593.9372         1.04045         52.8        41.257
31.4700    -260022.7034 -260036.8276      14.1242   291.4    3604.2810         1.03747         52.8        41.257
31.4800    -260022.9305 -260036.5383      13.6078   280.7    3615.1202         1.03436         52.8        41.257
31.4900    -260022.5856 -260036.7955      14.2099   293.2    3615.1202         1.03436         52.8        41.257
31.5000    -260022.8613 -260036.8712      14.0099   289.0    3615.1202         1.03436         52.8        41.257
31.5100    -260022.2938 -260035.6722      13.3785   276.0    3615.1202         1.03436         52.8        41.257
31.5200    -260022.1756 -260036.5050      14.3294   295.6    3629.9333         1.03014         52.8        41.257
31.5300    -260022.4856 -260036.8794      14.3938   296.9    3610.5098         1.03568         52.8        41.257
31.5400    -260022.6469 -260035.9413      13.2944   274.3    3610.5098         1.03568         52.8        41.257
31.5500    -260022.5460 -260036.6730      14.1270   291.4    3571.2503         1.04706         52.8        41.257
31.5600    -260022.4403 -260037.2297      14.7894   305.1    3571.2503         1.04706         52.8        41.257
31.5700    -260022.4843 -260037.1526      14.6683   302.6    3571.2503         1.04706         52.8        41.257
31.5800    -260022.4426 -260037.1536      14.7110   303.5    3571.2503         1.04706         52.8        41.257
31.5900    -260022.2007 -260037.0820      14.8813   307.0    3571.2503         1.04706         52.8        41.257
31.6000    -260021.8328 -260037.0040      15.1712   313.0    3578.9187         1.04482         52.8        41.257
31.6100    -260021.9632 -260036.6974      14.7342   304.0    3578.9187         1.04482         52.8        41.257
31.6200    -260022.2423 -260036.5315      14.2892   294.8    3578.9187         1.04482         52.7        41.257
31.6300    -260022.4051 -260036.6571      14.2520   294.0    3553.7302         1.05223         52.8        41.257
31.6400    -260022.5394 -260036.1444      13.6050   280.7    3553.7302         1.05223         52.7        41.257
31.6500    -260022.4410 -260036.1614      13.7204   283.1    3515.1883         1.06376         52.8        41.257
31.6600    -260021.8538 -260036.5637      14.7099   303.5    3515.1883         1.06376         52.8        41.257
31.6700    -260021.9455 -260036.1152      14.1697   292.3    3527.3295         1.06010         52.8        41.257
31.6800    -260021.5601 -260035.9925      14.4324   297.7    3541.4850         1.05586         52.8        41.257
31.6900    -260021.1575 -260036.0305      14.8731   306.8    3564.9433         1.04892         52.8        41.257
31.7000    -260021.2000 -260036.0891      14.8891   307.2    3529.4403         1.05947         52.8        41.257
31.7100    -260021.0584 -260036.3279      15.2695   315.0    3529.4403         1.05947         52.8        41.257
31.7200    -260020.8511 -260036.4776      15.6265   322.4    3529.4403         1.05947         52.8        41.257
31.7300    -260021.3899 -260036.0329      14.6431   302.1    3503.1736         1.06741         52.8        41.257
31.7400    -260021.1465 -260035.9672      14.8206   305.8    3500.3772         1.06826         52.9        41.257
31.7500    -260021.7772 -260037.1928      15.4155   318.0    3500.3772         1.06826         52.8        41.257
31.7600    -260021.4913 -260036.8756      15.3843   317.4    3500.3772         1.06826         52.8        41.257
31.7700    -260021.8487 -260036.6735      14.8248   305.8    3500.3772         1.06826         52.8        41.257
31.7800    -260021.3985 -260036.5900      15.1914   313.4    3500.3772         1.06826         52.8        41.257
31.7900    -260021.8885 -260036.6103      14.7218   303.7    3519.3270         1.06251         52.8        41.257
31.8000    -260021.8989 -260036.5945      14.6956   303.2    3519.3270         1.06251         52.8        41.257
31.8100    -260021.8753 -260036.4000      14.5246   299.6    3519.3270         1.06251         52.8        41.257
31.8200    -260022.2773 -260036.6861      14.4088   297.3    3494.1239         1.07018         52.8        41.257
31.8300    -260022.5681 -260037.2928      14.7248   303.8    3494.1239         1.07018         52.8        41.257
31.8400    -260022.9365 -260037.9325      14.9959   309.4    3494.1239         1.07018         52.8        41.257
31.8500    -260023.1066 -260037.2369      14.1303   291.5    3494.1239         1.07018         52.7        41.257
31.8600    -260022.7906 -260036.3871      13.5965   280.5    3494.1239         1.07018         52.7        41.257
31.8700    -260023.0741 -260036.7992      13.7251   283.2    3506.6967         1.06634         52.8        41.257
31.8800    -260022.9259 -260036.6282      13.7024   282.7    3506.6967         1.06634         52.7        41.257
31.8900    -260022.7352 -260036.8979      14.1627   292.2    3505.6385         1.06666         52.8        41.257
31.9000    -260022.6724 -260037.1464      14.4740   298.6    3498.4790         1.06884         52.8        41.257
31.9100    -260022.6483 -260037.1555      14.5072   299.3    3498.4790         1.06884         52.8        41.257
31.9200    -260023.1680 -260037.1562      13.9882   288.6    3498.4790         1.06884         52.8        41.257
31.9300    -260023.1865 -260037.6197      14.4332   297.8    3520.5834         1.06213         52.8        41.257
31.9400    -260022.8681 -260036.3692      13.5010   278.5    3520.5834         1.06213         52.8        41.257
31.9500    -260022.4500 -260036.0228      13.5728   280.0    3520.5834         1.06213         52.7        41.257
31.9600    -260022.5608 -260036.6677      14.1069   291.0    3520.5834         1.06213         52.7        41.257
31.9700    -260021.9151 -260036.6433      14.7282   303.8    3520.5834         1.06213         52.7        41.257
31.9800    -260021.7841 -260037.1317      15.3476   316.6    3530.9821         1.05900         52.7        41.257
31.9900    -260021.8319 -260036.8998      15.0679   310.9    3530.9821         1.05900         52.7        41.257
32.0000    -260022.1123 -260036.5498      14.4375   297.8    3530.9821         1.05900         52.7        41.257
32.0100    -260021.8943 -260037.3838      15.4896   319.6    3530.9821         1.05900         52.7        41.257
32.0200    -260021.8335 -260036.7092      14.8756   306.9    3525.4734         1.06066         52.7        41.257
32.0300    -260021.5013 -260036.6498      15.1485   312.5    3536.8270         1.05725         52.7        41.257
32.0400    -260021.5624 -260036.7905      15.2281   314.2    3528.3761         1.05979         52.8        41.257
32.0500    -260021.3124 -260036.1169      14.8045   305.4    3528.3761         1.05979         52.7        41.257
32.0600    -260020.6487 -260035.9009      15.2521   314.7    3528.3761         1.05979         52.7        41.257
32.0700    -260020.0973 -260036.0103      15.9130   328.3    3528.3761         1.05979         52.7        41.257
32.0800    -260020.3883 -260035.5963      15.2079   313.7    3528.3761         1.05979         52.7        41.257
32.0900    -260020.0067 -260036.2550      16.2483   335.2    3540.5144         1.05615         52.7        41.257
32.1000    -260020.7468 -260035.6376      14.8908   307.2    3540.5144         1.05615         52.7        41.257
32.1100    -260020.3471 -260036.4989      16.1519   333.2    3540.5144         1.05615         52.7        41.257
32.1200    -260020.3352 -260036.3169      15.9818   329.7    3555.4920         1.05170         52.7        41.257
32.1300    -260020.3188 -260035.7262      15.4074   317.9    3593.6718         1.04053         52.7        41.257
32.1400    -260020.7912 -260035.7386      14.9474   308.4    3593.6718         1.04053         52.7        41.257
32.1500    -260021.2461 -260035.9586      14.7126   303.5    3559.9588         1.05038         52.7        41.257
32.1600    -260021.9824 -260036.0632      14.0808   290.5    3559.9588         1.05038         52.7        41.257
32.1700    -260022.5958 -260036.3773      13.7815   284.3    3529.0706         1.05958         52.7        41.257
32.1800    -260022.5774 -260036.6886      14.1111   291.1    3529.0706         1.05958         52.7        41.257
32.1900    -260021.9435 -260036.8011      14.8576   306.5    3533.6543         1.05820         52.7        41.257
32.2000    -260021.7177 -260036.2185      14.5009   299.2    3541.5581         1.05584         52.8        41.257
32.2100    -260021.4903 -260036.7191      15.2288   314.2    3541.5581         1.05584         52.8        41.257
32.2200    -260021.1930 -260036.2814      15.0884   311.3    3541.5581         1.05584         52.7        41.257
32.2300    -260021.0471 -260036.3007      15.2536   314.7    3541.9028         1.05574         52.8        41.257
32.2400    -260021.1670 -260036.3143      15.1472   312.5    3541.9028         1.05574         52.7        41.257
32.2500    -260021.1374 -260035.6300      14.4926   299.0    3538.0646         1.05688         52.8        41.257
32.2600    -260021.0761 -260035.9348      14.8587   306.5    3538.0646         1.05688         52.8        41.257
32.2700    -260021.0928 -260036.0680      14.9752   308.9    3538.0646         1.05688         52.7        41.257
32.2800    -260020.9504 -260036.6019      15.6515   322.9    3538.0646         1.05688         52.7        41.257
32.2900    -260021.0292 -260036.3176      15.2884   315.4    3538.0646         1.05688         52.7        41.257
32.3000    -260021.5346 -260036.3463      14.8117   305.6    3538.0646         1.05688         52.7        41.257
32.3100    -260021.4536 -260036.1300      14.6764   302.8    3538.0646         1.05688         52.7        41.257
32.3200    -260021.8365 -260036.1688      14.3323   295.7    3535.8644         1.05754         52.7        41.257
32.3300    -260021.9801 -260037.0727      15.0926   311.4    3508.1331         1.06590         52.7        41.257
32.3400    -260022.0906 -260036.8556      14.7650   304.6    3508.1331         1.06590         52.7        41.257
32.3500    -260022.5088 -260036.3186      13.8098   284.9    3513.2885         1.06434         52.7        41.257
32.3600    -260022.9099 -260036.9237      14.0139   289.1    3513.2885         1.06434         52.7        41.257
32.3700    -260023.1918 -260037.5413      14.3494   296.0    3513.2885         1.06434         52.7        41.257
32.3800    -260022.2094 -260036.8177      14.6084   301.4    3514.6219         1.06393         52.7        41.257
32.3900    -260022.2647 -260036.8065      14.5418   300.0    3518.0903         1.06289         52.7        41.257
32.4000    -260022.3481 -260036.6420      14.2939   294.9    3504.7039         1.06695         52.7        41.257
32.4100    -260022.1675 -260036.5131      14.3456   296.0    3504.7039         1.06695         52.7        41.257
32.4200    -260022.5183 -260037.1266      14.6083   301.4    3504.7039         1.06695         52.7        41.257
32.4300    -260022.5187 -260037.0015      14.4828   298.8    3504.8417         1.06690         52.7        41.257
32.4400    -260022.1566 -260036.6582      14.5015   299.2    3522.3385         1.06160         52.8        41.257
32.4500    -260021.9762 -260036.2191      14.2430   293.8    3522.3385         1.06160         52.7        41.257
32.4600    -260021.7670 -260036.9163      15.1493   312.5    3522.3385         1.06160         52.7        41.257
32.4700    -260021.7821 -260036.5770      14.7949   305.2    3522.3385         1.06160         52.7        41.257
32.4800    -260021.8812 -260036.6543      14.7731   304.8    3522.3385         1.06160         52.7        41.257
32.4900    -260021.8707 -260035.9620      14.0912   290.7    3516.9074         1.06324         52.7        41.257
32.5000    -260021.2248 -260036.1835      14.9587   308.6    3516.9074         1.06324         52.7        41.257
32.5100    -260021.3970 -260036.4534      15.0565   310.6    3516.9074         1.06324         52.7        41.257
32.5200    -260021.4722 -260036.1839      14.7117   303.5    3516.9074         1.06324         52.7        41.257
32.5300    -260021.1897 -260036.4370      15.2472   314.6    3502.8205         1.06752         52.7        41.257
32.5400    -260022.0713 -260036.5056      14.4344   297.8    3503.1369         1.06742         52.7        41.257
32.5500    -260021.9832 -260036.2614      14.2782   294.6    3503.1369         1.06742         52.7        41.257
32.5600    -260021.3976 -260036.3865      14.9890   309.2    3503.1369         1.06742         52.7        41.257
32.5700    -260021.4857 -260036.6987      15.2130   313.8    3503.1369         1.06742         52.7        41.257
32.5800    -260021.6402 -260036.4536      14.8134   305.6    3503.1369         1.06742         52.6        41.257
32.5900    -260021.4341 -260036.3074      14.8732   306.8    3502.5996         1.06759         52.7        41.257
32.6000    -260020.9882 -260035.8500      14.8619   306.6    3502.5996         1.06759         52.6        41.257
32.6100    -260020.6521 -260035.8220      15.1699   313.0    3502.5996         1.06759         52.6        41.257
32.6200    -260020.6766 -260035.2209      14.5443   300.1    3502.5996         1.06759         52.6        41.257
32.6300    -260020.4812 -260035.5351      15.0539   310.6    3513.1759         1.06437         52.6        41.257
32.6400    -260020.7335 -260035.5340      14.8006   305.3    3514.0940         1.06409         52.7        41.257
32.6500    -260020.2008 -260035.3908      15.1900   313.4    3514.0532         1.06411         52.7        41.257
32.6600    -260020.4723 -260035.0114      14.5391   299.9    3514.0532         1.06411         52.7        41.257
32.6700    -260020.2271 -260035.4307      15.2035   313.7    3512.4002         1.06461         52.7        41.257
32.6800    -260021.1038 -260035.9261      14.8223   305.8    3512.4002         1.06461         52.7        41.257
32.6900    -260021.2846 -260036.6644      15.3799   317.3    3512.4002         1.06461         52.7        41.257
32.7000    -260021.7378 -260036.8400      15.1022   311.6    3512.4002         1.06461         52.6        41.257
32.7100    -260021.0661 -260036.1164      15.0503   310.5    3512.4002         1.06461         52.6        41.257
32.7200    -260021.8547 -260036.0679      14.2133   293.2    3512.4002         1.06461         52.6        41.257
32.7300    -260021.9352 -260037.0037      15.0685   310.9    3512.4002         1.06461         52.6        41.257
32.7400    -260021.7381 -260036.4193      14.6812   302.9    3540.7869         1.05607         52.6        41.257
32.7500    -260021.2585 -260035.5474      14.2889   294.8    3568.3078         1.04793         52.6        41.257
32.7600    -260021.5761 -260036.5562      14.9801   309.0    3568.3078         1.04793         52.6        41.257
32.7700    -260022.0858 -260037.6306      15.5448   320.7    3572.5375         1.04669         52.7        41.257
32.7800    -260021.6592 -260035.9845      14.3253   295.5    3572.5375         1.04669         52.6        41.257
32.7900    -260021.1187 -260035.3341      14.2153   293.3    3572.5375         1.04669         52.6        41.257
32.8000    -260021.3390 -260036.4135      15.0745   311.0    3556.9407         1.05128         52.6        41.257
32.8100    -260021.2368 -260036.5078      15.2711   315.0    3556.9407         1.05128         52.6        41.257
32.8200    -260021.9672 -260036.3596      14.3924   296.9    3571.3500         1.04703         52.6        41.257
32.8300    -260022.3094 -260036.5807      14.2713   294.4    3537.3460         1.05710         52.7        41.257
32.8400    -260022.1131 -260036.8519      14.7387   304.1    3531.2024         1.05894         52.7        41.257
32.8500    -260021.6640 -260036.5646      14.9006   307.4    3531.2024         1.05894         52.7        41.257
32.8600    -260021.7055 -260036.5553      14.8498   306.4    3531.2024         1.05894         52.7        41.257
32.8700    -260022.0017 -260036.5102      14.5085   299.3    3531.2024         1.05894         52.6        41.257
32.8800    -260021.8828 -260036.7712      14.8884   307.2    3522.4252         1.06158         52.7        41.257
32.8900    -260021.9615 -260036.3501      14.3887   296.8    3508.2689         1.06586         52.7        41.257
32.9000    -260021.8955 -260036.8475      14.9520   308.5    3502.9996         1.06746         52.7        41.257
32.9100    -260021.7657 -260036.9818      15.2162   313.9    3502.9996         1.06746         52.7        41.257
32.9200    -260022.5660 -260036.9446      14.3786   296.6    3502.9996         1.06746         52.7        41.257
32.9300    -260022.0506 -260037.9605      15.9099   328.2    3499.1616         1.06863         52.7        41.257
32.9400    -260021.2347 -260036.4406      15.2059   313.7    3534.0281         1.05809         52.7        41.257
32.9500    -260021.4010 -260036.6705      15.2695   315.0    3526.8401         1.06025         52.7        41.257
32.9600    -260021.1810 -260035.6048      14.4238   297.6    3526.8401         1.06025         52.7        41.257
32.9700    -260020.9144 -260036.4681      15.5537   320.9    3553.6664         1.05224         52.7        41.257
32.9800    -260020.5964 -260036.2188      15.6225   322.3    3572.7236         1.04663         52.8        41.257
32.9900    -260020.8096 -260036.0181      15.2085   313.8    3571.4615         1.04700         52.8        41.257
33.0000    -260020.7726 -260036.6394      15.8668   327.3    3568.1692         1.04797         52.8        41.257
33.0100    -260020.8841 -260036.7366      15.8526   327.0    3568.1692         1.04797         52.8        41.257
33.0200    -260021.6662 -260036.9608      15.2946   315.5    3568.1692         1.04797         52.8        41.257
33.0300    -260021.9313 -260037.2169      15.2856   315.3    3568.1692         1.04797         52.8        41.257
33.0400    -260022.2468 -260036.1695      13.9228   287.2    3568.1692         1.04797         52.7        41.257
33.0500    -260022.6286 -260036.7735      14.1449   291.8    3530.1120         1.05927         52.8        41.257
33.0600    -260022.2954 -260036.5572      14.2619   294.2    3530.1120         1.05927         52.8        41.257
33.0700    -260021.9017 -260036.8391      14.9374   308.2    3530.1120         1.05927         52.7        41.257
33.0800    -260022.1966 -260036.5727      14.3761   296.6    3530.1120         1.05927         52.7        41.257
33.0900    -260022.4219 -260036.3230      13.9011   286.8    3530.1120         1.05927         52.7        41.257
33.1000    -260022.6066 -260037.0314      14.4249   297.6    3530.1120         1.05927         52.7        41.257
33.1100    -260022.6170 -260036.8694      14.2525   294.0    3530.1120         1.05927         52.7        41.257
33.1200    -260022.4142 -260037.1030      14.6889   303.0    3530.1120         1.05927         52.7        41.257
33.1300    -260022.5908 -260037.0806      14.4897   298.9    3566.6811         1.04841         52.7        41.257
33.1400    -260022.9774 -260036.9985      14.0211   289.3    3571.4318         1.04701         52.7        41.257
33.1500    -260022.3891 -260036.8904      14.5013   299.2    3571.4318         1.04701         52.7        41.257
33.1600    -260022.7706 -260036.4773      13.7067   282.8    3571.4318         1.04701         52.7        41.257
33.1700    -260022.7714 -260037.1250      14.3536   296.1    3569.9754         1.04744         52.7        41.257
33.1800    -260022.6210 -260037.2934      14.6723   302.7    3569.9754         1.04744         52.7        41.257
33.1900    -260022.7818 -260037.1810      14.3991   297.1    3569.9754         1.04744         52.7        41.257
33.2000    -260022.5942 -260037.2759      14.6817   302.9    3590.5400         1.04144         52.7        41.257
33.2100    -260022.4049 -260037.0290      14.6242   301.7    3590.5400         1.04144         52.7        41.257
33.2200    -260022.7429 -260036.8785      14.1356   291.6    3590.5400         1.04144         52.7        41.257
33.2300    -260023.2983 -260037.2899      13.9916   288.7    3553.8326         1.05220         52.7        41.257
33.2400    -260023.9023 -260037.8080      13.9057   286.9    3561.8127         1.04984         52.7        41.257
33.2500    -260023.0148 -260037.5864      14.5716   300.6    3561.8127         1.04984         52.7        41.257
33.2600    -260022.9912 -260037.6599      14.6687   302.6    3561.8127         1.04984         52.7        41.257
33.2700    -260022.7148 -260037.2523      14.5375   299.9    3556.8078         1.05132         52.7        41.257
33.2800    -260022.0873 -260036.7486      14.6612   302.5    3556.8078         1.05132         52.7        41.257
33.2900    -260022.2558 -260037.3796      15.1238   312.0    3556.8078         1.05132         52.6        41.257
33.3000    -260021.9410 -260036.4469      14.5059   299.3    3556.8078         1.05132         52.6        41.257
33.3100    -260022.1479 -260036.8979      14.7500   304.3    3556.8078         1.05132         52.6        41.257
33.3200    -260022.4390 -260036.5100      14.0710   290.3    3518.1759         1.06286         52.6        41.257
33.3300    -260022.1068 -260036.7887      14.6819   302.9    3518.1759         1.06286         52.6        41.257
33.3400    -260021.9976 -260036.5068      14.5092   299.3    3518.1759         1.06286         52.6        41.257
33.3500    -260022.0983 -260036.4300      14.3317   295.7    3518.1759         1.06286         52.6        41.257
33.3600    -260021.7805 -260036.8418      15.0613   310.7    3518.1759         1.06286         52.6        41.257
33.3700    -260022.2244 -260036.6742      14.4498   298.1    3502.9203         1.06749         52.6        41.257
33.3800    -260022.1189 -260036.5961      14.4772   298.7    3487.6431         1.07216         52.6        41.257
33.3900    -260021.4746 -260035.6152      14.1406   291.7    3494.6739         1.07001         52.6        41.257
33.4000    -260021.4726 -260036.3597      14.8871   307.1    3492.7737         1.07059         52.7        41.257
33.4100    -260021.8149 -260036.2216      14.4067   297.2    3492.7737         1.07059         52.7        41.257
33.4200    -260022.0636 -260036.4784      14.4148   297.4    3504.1986         1.06710         52.7        41.257
33.4300    -260022.2241 -260036.2464      14.0223   289.3    3521.3077         1.06191         52.7        41.257
33.4400    -260021.9595 -260036.5794      14.6199   301.6    3523.0577         1.06139         52.7        41.257
33.4500    -260021.5494 -260036.1137      14.5642   300.5    3523.0577         1.06139         52.7        41.257
33.4600    -260021.2128 -260035.8763      14.6635   302.5    3523.0577         1.06139         52.7        41.257
33.4700    -260021.4495 -260036.6764      15.2269   314.1    3537.1371         1.05716         52.7        41.257
33.4800    -260021.4232 -260036.2886      14.8653   306.7    3537.1371         1.05716         52.7        41.257
33.4900    -260021.7316 -260036.3247      14.5931   301.1    3537.1371         1.05716         52.7        41.257
33.5000    -260021.9151 -260035.8095      13.8945   286.6    3520.4747         1.06217         52.7        41.257
33.5100    -260021.9842 -260035.6227      13.6385   281.4    3520.4747         1.06217         52.7        41.257
33.5200    -260022.0488 -260036.1676      14.1189   291.3    3506.0465         1.06654         52.7        41.257
33.5300    -260021.6344 -260036.5782      14.9438   308.3    3506.0465         1.06654         52.7        41.257
33.5400    -260022.0190 -260036.5048      14.4858   298.8    3506.0465         1.06654         52.7        41.257
33.5500    -260021.3290 -260036.6564      15.3274   316.2    3513.6181         1.06424         52.7        41.257
33.5600    -260021.4076 -260035.7657      14.3581   296.2    3513.6181         1.06424         52.7        41.257
33.5700    -260021.6467 -260035.6649      14.0182   289.2    3538.5023         1.05675         52.7        41.257
33.5800    -260021.5419 -260035.5509      14.0090   289.0    3577.2439         1.04531         52.7        41.257
33.5900    -260021.0758 -260035.3757      14.2998   295.0    3579.4118         1.04468         52.7        41.257
33.6000    -260021.6067 -260035.3468      13.7401   283.5    3559.3640         1.05056         52.8        41.257
33.6100    -260021.7244 -260036.4183      14.6939   303.1    3559.3640         1.05056         52.8        41.257
33.6200    -260022.0283 -260036.2842      14.2558   294.1    3559.3640         1.05056         52.7        41.257
33.6300    -260021.8258 -260036.0956      14.2698   294.4    3551.0646         1.05302         52.8        41.257
33.6400    -260022.1321 -260036.2959      14.1638   292.2    3551.0646         1.05302         52.7        41.257
33.6500    -260021.8016 -260036.8928      15.0912   311.3    3551.0646         1.05302         52.7        41.257
33.6600    -260022.0684 -260036.5570      14.4886   298.9    3551.0646         1.05302         52.7        41.257
33.6700    -260021.8953 -260036.7928      14.8975   307.3    3551.0646         1.05302         52.7        41.257
33.6800    -260022.0586 -260035.5358      13.4772   278.0    3551.0646         1.05302         52.7        41.257
33.6900    -260021.8709 -260035.8674      13.9965   288.8    3551.0646         1.05302         52.7        41.257
33.7000    -260022.4724 -260036.3102      13.8378   285.5    3551.0646         1.05302         52.6        41.257
33.7100    -260022.3848 -260036.4401      14.0553   290.0    3551.0646         1.05302         52.6        41.257
33.7200    -260022.4248 -260037.7362      15.3114   315.9    3543.7052         1.05520         52.7        41.257
33.7300    -260022.4121 -260037.5235      15.1114   311.8    3543.7052         1.05520         52.6        41.257
33.7400    -260021.9379 -260036.0758      14.1379   291.7    3543.7052         1.05520         52.6        41.257
33.7500    -260021.6257 -260036.5277      14.9019   307.4    3543.7052         1.05520         52.6        41.257
33.7600    -260021.2697 -260036.6200      15.3503   316.7    3543.7052         1.05520         52.6        41.257
33.7700    -260021.9668 -260036.3559      14.3892   296.9    3543.7052         1.05520         52.6        41.257
33.7800    -260022.3097 -260036.2032      13.8934   286.6    3506.4490         1.06641         52.6        41.257
33.7900    -260022.6317 -260037.4262      14.7944   305.2    3506.4490         1.06641         52.6        41.257
33.8000    -260022.7292 -260036.7426      14.0135   289.1    3506.4490         1.06641         52.6        41.257
33.8100    -260022.2497 -260036.9845      14.7348   304.0    3506.4490         1.06641         52.6        41.257
33.8200    -260022.6527 -260037.1466      14.4939   299.0    3506.4490         1.06641         52.5        41.257
33.8300    -260022.3351 -260036.9952      14.6601   302.4    3523.7709         1.06117         52.5        41.257
33.8400    -260022.3753 -260036.5313      14.1560   292.0    3523.7709         1.06117         52.5        41.257
33.8500    -260022.6588 -260036.6100      13.9513   287.8    3513.2008         1.06436         52.5        41.257
33.8600    -260022.5312 -260036.4214      13.8902   286.6    3513.2008         1.06436         52.5        41.257
33.8700    -260022.4392 -260036.8613      14.4221   297.5    3528.7453         1.05968         52.6        41.257
33.8800    -260022.7753 -260036.7153      13.9400   287.6    3510.4813         1.06519         52.6        41.257
33.8900    -260022.5231 -260036.2869      13.7638   284.0    3514.5641         1.06395         52.6        41.257
33.9000    -260022.9532 -260036.4795      13.5264   279.1    3522.2471         1.06163         52.6        41.257
33.9100    -260023.0051 -260037.5478      14.5427   300.0    3522.2471         1.06163         52.6        41.257
33.9200    -260022.9864 -260037.1498      14.1634   292.2    3536.7337         1.05728         52.6        41.257
33.9300    -260023.5403 -260037.2712      13.7308   283.3    3536.7337         1.05728         52.6        41.257
33.9400    -260022.8229 -260036.9681      14.1451   291.8    3536.7337         1.05728         52.6        41.257
33.9500    -260023.0818 -260036.8081      13.7263   283.2    3506.0358         1.06654         52.6        41.257
33.9600    -260022.7951 -260036.6890      13.8939   286.6    3506.0358         1.06654         52.6        41.257
33.9700    -260022.8347 -260036.2926      13.4579   277.6    3506.0358         1.06654         52.6        41.257
33.9800    -260023.1024 -260037.1301      14.0276   289.4    3506.0358         1.06654         52.6        41.257
33.9900    -260023.5434 -260037.1847      13.6413   281.4    3516.9882         1.06322         52.6        41.257
34.0000    -260023.0854 -260036.9033      13.8179   285.1    3535.1235         1.05776         52.6        41.257
34.0100    -260022.7325 -260037.5783      14.8458   306.3    3535.1235         1.05776         52.6        41.257
34.0200    -260022.8626 -260036.9264      14.0638   290.1    3535.1235         1.05776         52.6        41.257
34.0300    -260022.1822 -260037.7454      15.5632   321.1    3535.1235         1.05776         52.6        41.257
34.0400    -260022.5275 -260037.0907      14.5632   300.4    3535.1235         1.05776         52.6        41.257
34.0500    -260022.9125 -260037.2229      14.3104   295.2    3554.5081         1.05200         52.6        41.257
34.0600    -260022.5264 -260036.9539      14.4275   297.6    3554.5081         1.05200         52.6        41.257
34.0700    -260023.0218 -260037.6264      14.6046   301.3    3554.5081         1.05200         52.6        41.257
34.0800    -260022.5862 -260036.4927      13.9064   286.9    3544.7245         1.05490         52.6        41.257
34.0900    -260022.5015 -260036.8534      14.3519   296.1    3544.7245         1.05490         52.5        41.257
34.1000    -260022.7626 -260036.9414      14.1787   292.5    3549.4504         1.05349         52.6        41.257
34.1100    -260022.8470 -260037.0663      14.2193   293.3    3549.4504         1.05349         52.6        41.257
34.1200    -260022.8380 -260036.5148      13.6768   282.2    3589.6531         1.04170         52.6        41.257
34.1300    -260022.0052 -260035.5062      13.5009   278.5    3589.6531         1.04170         52.6        41.257
34.1400    -260022.5709 -260036.8195      14.2486   294.0    3573.6184         1.04637         52.6        41.257
34.1500    -260022.5646 -260036.5490      13.9844   288.5    3560.5749         1.05020         52.6        41.257
34.1600    -260023.0347 -260036.6303      13.5956   280.5    3560.5749         1.05020         52.6        41.257
34.1700    -260023.0081 -260037.9144      14.9063   307.5    3560.5749         1.05020         52.6        41.257
34.1800    -260022.7125 -260037.6089      14.8964   307.3    3546.0220         1.05451         52.6        41.257
34.1900    -260022.7909 -260037.5862      14.7953   305.2    3507.5609         1.06608         52.6        41.257
34.2000    -260022.9586 -260037.1948      14.2362   293.7    3507.5609         1.06608         52.6        41.257
34.2100    -260023.0683 -260036.8209      13.7527   283.7    3507.5609         1.06608         52.6        41.257
34.2200    -260022.9692 -260036.9557      13.9864   288.5    3507.5609         1.06608         52.6        41.257
34.2300    -260022.8432 -260037.1116      14.2684   294.4    3515.8404         1.06357         52.6        41.257
34.2400    -260022.2404 -260037.0499      14.8095   305.5    3514.5059         1.06397         52.6        41.257
34.2500    -260022.3139 -260035.9506      13.6367   281.3    3514.5059         1.06397         52.6        41.257
34.2600    -260021.6108 -260035.4623      13.8515   285.8    3514.5059         1.06397         52.6        41.257
34.2700    -260021.6024 -260035.2919      13.6894   282.4    3514.5059         1.06397         52.6        41.257
34.2800    -260021.6071 -260036.3568      14.7497   304.3    3540.7482         1.05608         52.6        41.257
34.2900    -260021.3979 -260036.3646      14.9667   308.8    3536.2191         1.05744         52.6        41.257
34.3000    -260021.2101 -260035.5664      14.3563   296.2    3536.2191         1.05744         52.6        41.257
34.3100    -260021.8996 -260036.2981      14.3986   297.0    3536.2191         1.05744         52.6        41.257
34.3200    -260022.2491 -260036.3063      14.0572   290.0    3518.4949         1.06276         52.6        41.257
34.3300    -260022.4882 -260037.6415      15.1533   312.6    3518.4949         1.06276         52.6        41.257
34.3400    -260022.5385 -260037.1062      14.5677   300.5    3520.1016         1.06228         52.6        41.257
34.3500    -260022.1591 -260037.0863      14.9273   308.0    3520.1016         1.06228         52.6        41.257
34.3600    -260022.0576 -260037.2409      15.1833   313.2    3520.1016         1.06228         52.6        41.257
34.3700    -260022.8770 -260036.6926      13.8155   285.0    3520.1016         1.06228         52.6        41.257
34.3800    -260022.5832 -260036.8609      14.2777   294.6    3520.1016         1.06228         52.5        41.257
34.3900    -260021.8076 -260036.6754      14.8679   306.7    3520.1016         1.06228         52.5        41.257
34.4000    -260021.7204 -260035.8168      14.0964   290.8    3520.1016         1.06228         52.5        41.257
34.4100    -260022.2160 -260036.1398      13.9238   287.3    3520.1016         1.06228         52.5        41.257
34.4200    -260022.7229 -260036.2704      13.5474   279.5    3501.5519         1.06791         52.5        41.257
34.4300    -260022.2509 -260036.0492      13.7983   284.7    3510.6928         1.06512         52.5        41.257
34.4400    -260021.3602 -260036.1153      14.7551   304.4    3475.2780         1.07598         52.6        41.257
34.4500    -260021.3585 -260036.2889      14.9304   308.0    3475.2780         1.07598         52.5        41.257
34.4600    -260022.2006 -260036.8929      14.6924   303.1    3475.2780         1.07598         52.5        41.257
34.4700    -260022.7869 -260037.4427      14.6559   302.4    3475.2780         1.07598         52.5        41.257
34.4800    -260022.5749 -260037.2813      14.7065   303.4    3451.6651         1.08334         52.5        41.257
34.4900    -260023.0903 -260037.6077      14.5174   299.5    3451.6651         1.08334         52.5        41.257
34.5000    -260023.2829 -260037.3798      14.0969   290.8    3454.7601         1.08237         52.5        41.257
34.5100    -260023.3178 -260037.3207      14.0030   288.9    3454.7601         1.08237         52.5        41.257
34.5200    -260022.9916 -260036.9293      13.9377   287.5    3454.7601         1.08237         52.5        41.257
34.5300    -260022.4142 -260037.5627      15.1485   312.5    3489.3904         1.07163         52.5        41.257
34.5400    -260022.6702 -260037.5995      14.9293   308.0    3489.3904         1.07163         52.5        41.257
34.5500    -260022.5013 -260037.2037      14.7024   303.3    3489.3904         1.07163         52.5        41.257
34.5600    -260023.1056 -260037.1693      14.0637   290.1    3489.3904         1.07163         52.5        41.257
34.5700    -260023.0141 -260037.4723      14.4582   298.3    3453.3161         1.08282         52.5        41.257
34.5800    -260022.3334 -260037.3537      15.0203   309.9    3478.7357         1.07491         52.5        41.257
34.5900    -260022.2928 -260037.1265      14.8337   306.0    3470.7536         1.07738         52.5        41.257
34.6000    -260022.3230 -260037.1690      14.8460   306.3    3470.7536         1.07738         52.5        41.257
34.6100    -260022.4265 -260037.8123      15.3859   317.4    3470.7536         1.07738         52.5        41.257
34.6200    -260023.1172 -260037.4288      14.3116   295.3    3470.7536         1.07738         52.5        41.257
34.6300    -260022.8833 -260037.4119      14.5286   299.7    3470.7536         1.07738         52.5        41.257
34.6400    -260023.3537 -260038.3434      14.9897   309.2    3467.8651         1.07828         52.5        41.257
34.6500    -260023.1023 -260037.4667      14.3644   296.3    3475.5065         1.07591         52.5        41.257
34.6600    -260022.7808 -260037.3423      14.5615   300.4    3475.5065         1.07591         52.5        41.257
34.6700    -260022.3938 -260036.9465      14.5527   300.2    3475.5065         1.07591         52.5        41.257
34.6800    -260022.8358 -260037.1694      14.3336   295.7    3475.5065         1.07591         52.5        41.257
34.6900    -260022.9421 -260037.2349      14.2927   294.9    3475.5065         1.07591         52.5        41.257
34.7000    -260022.9294 -260037.3267      14.3973   297.0    3475.5065         1.07591         52.4        41.257
34.7100    -260023.0190 -260037.7090      14.6900   303.1    3475.5065         1.07591         52.4        41.257
34.7200    -260023.1025 -260037.1380      14.0356   289.6    3475.5065         1.07591         52.4        41.257
34.7300    -260022.7873 -260037.4086      14.6213   301.6    3506.4879         1.06640         52.4        41.257
34.7400    -260022.1442 -260037.5533      15.4090   317.9    3476.2280         1.07569         52.5        41.257
34.7500    -260021.6132 -260036.8511      15.2379   314.4    3476.2280         1.07569         52.4        41.257
34.7600    -260022.3027 -260036.1605      13.8578   285.9    3476.2280         1.07569         52.4        41.257
34.7700    -260022.6274 -260036.9478      14.3204   295.4    3479.1727         1.07477         52.5        41.257
34.7800    -260022.8336 -260036.9695      14.1360   291.6    3482.4707         1.07376         52.5        41.257
34.7900    -260022.8010 -260037.0871      14.2861   294.7    3455.9998         1.08198         52.5        41.257
34.8000    -260022.9130 -260037.6562      14.7431   304.2    3492.5521         1.07066         52.5        41.257
34.8100    -260023.1756 -260037.2460      14.0704   290.3    3492.5521         1.07066         52.5        41.257
34.8200    -260022.6962 -260036.7252      14.0290   289.4    3492.5521         1.07066         52.5        41.257
34.8300    -260022.7653 -260036.8349      14.0696   290.3    3492.5521         1.07066         52.5        41.257
34.8400    -260022.9535 -260036.6649      13.7113   282.9    3474.4914         1.07622         52.5        41.257
34.8500    -260023.0902 -260037.2540      14.1638   292.2    3462.4466         1.07997         52.5        41.257
34.8600    -260022.9329 -260036.5027      13.5698   279.9    3462.4466         1.07997         52.5        41.257
34.8700    -260022.8977 -260037.6609      14.7632   304.6    3462.4466         1.07997         52.5        41.257
34.8800    -260022.6009 -260036.9937      14.3928   296.9    3462.4466         1.07997         52.5        41.257
34.8900    -260022.7807 -260037.4827      14.7020   303.3    3456.1005         1.08195         52.5        41.257
34.9000    -260022.5991 -260037.2270      14.6279   301.8    3487.0221         1.07236         52.5        41.257
34.9100    -260022.5872 -260036.9658      14.3786   296.6    3487.0221         1.07236         52.5        41.257
34.9200    -260022.7414 -260037.2605      14.5191   299.5    3487.0221         1.07236         52.5        41.257
34.9300    -260023.2072 -260038.0560      14.8488   306.3    3487.0221         1.07236         52.5        41.257
34.9400    -260024.1671 -260037.5880      13.4209   276.9    3472.3353         1.07689         52.5        41.257
34.9500    -260023.7050 -260038.0465      14.3415   295.9    3472.3353         1.07689         52.5        41.257
34.9600    -260023.3899 -260037.2618      13.8718   286.2    3472.3353         1.07689         52.5        41.257
34.9700    -260023.4384 -260036.4823      13.0439   269.1    3469.0515         1.07791         52.5        41.257
34.9800    -260023.0706 -260036.2988      13.2283   272.9    3469.0515         1.07791         52.5        41.257
34.9900    -260022.7957 -260036.9310      14.1353   291.6    3469.0515         1.07791         52.4        41.257
35.0000    -260022.6598 -260037.3065      14.6467   302.2    3469.0515         1.07791         52.4        41.257
35.0100    -260022.4743 -260036.7229      14.2486   294.0    3469.0515         1.07791         52.4        41.257
35.0200    -260022.5630 -260036.9388      14.3758   296.6    3447.2396         1.08473         52.4        41.257
35.0300    -260021.8501 -260036.6715      14.8213   305.8    3475.9074         1.07578         52.5        41.257
35.0400    -260021.5340 -260036.3096      14.7756   304.8    3476.6359         1.07556         52.5        41.257
35.0500    -260022.0511 -260035.8438      13.7926   284.5    3481.8683         1.07394         52.5        41.257
35.0600    -260021.8096 -260036.0100      14.2004   293.0    3481.8683         1.07394         52.5        41.257
35.0700    -260022.4347 -260036.6570      14.2223   293.4    3472.1741         1.07694         52.5        41.257
35.0800    -260022.5037 -260036.0662      13.5625   279.8    3434.2766         1.08883         52.5        41.257
35.0900    -260021.4287 -260036.8935      15.4648   319.0    3429.2555         1.09042         52.5        41.257
35.1000    -260021.6796 -260036.9433      15.2636   314.9    3461.2680         1.08033         52.6        41.257
35.1100    -260021.4367 -260036.7216      15.2849   315.3    3461.2680         1.08033         52.6        41.257
35.1200    -260021.8108 -260035.9913      14.1805   292.5    3461.2680         1.08033         52.5        41.257
35.1300    -260021.2975 -260036.4636      15.1661   312.9    3461.2680         1.08033         52.5        41.257
35.1400    -260022.2543 -260037.3572      15.1029   311.6    3461.2680         1.08033         52.5        41.257
35.1500    -260022.9045 -260037.3868      14.4823   298.8    3422.3518         1.09262         52.5        41.257
35.1600    -260022.6496 -260037.4751      14.8255   305.9    3422.3518         1.09262         52.5        41.257
35.1700    -260023.1896 -260038.3415      15.1519   312.6    3419.0725         1.09367         52.5        41.257
35.1800    -260023.2118 -260038.1302      14.9184   307.8    3419.0725         1.09367         52.5        41.257
35.1900    -260022.6255 -260037.0900      14.4645   298.4    3419.0725         1.09367         52.5        41.257
35.2000    -260022.8527 -260036.7504      13.8977   286.7    3396.2927         1.10100         52.5        41.257
35.2100    -260022.4125 -260036.3152      13.9027   286.8    3396.2927         1.10100         52.5        41.257
35.2200    -260022.8723 -260037.0908      14.2185   293.3    3396.2927         1.10100         52.5        41.257
35.2300    -260023.3078 -260037.2996      13.9917   288.7    3396.2927         1.10100         52.5        41.257
35.2400    -260022.5498 -260036.3791      13.8293   285.3    3396.2927         1.10100         52.5        41.257
35.2500    -260022.7577 -260036.9214      14.1637   292.2    3360.1709         1.11284         52.5        41.257
35.2600    -260022.7872 -260037.8112      15.0240   309.9    3360.1709         1.11284         52.5        41.257
35.2700    -260022.3439 -260036.6794      14.3355   295.7    3360.1709         1.11284         52.5        41.257
35.2800    -260022.8961 -260036.9297      14.0336   289.5    3365.0649         1.11122         52.5        41.257
35.2900    -260022.7990 -260037.1485      14.3495   296.0    3384.7458         1.10476         52.5        41.257
35.3000    -260022.5607 -260037.6504      15.0897   311.3    3418.1932         1.09395         52.5        41.257
35.3100    -260022.6174 -260037.4617      14.8444   306.2    3418.1932         1.09395         52.5        41.257
35.3200    -260022.6840 -260037.0507      14.3667   296.4    3442.2425         1.08631         52.5        41.257
35.3300    -260022.8589 -260036.8149      13.9560   287.9    3442.4861         1.08623         52.5        41.257
35.3400    -260022.6445 -260036.8577      14.2132   293.2    3442.4861         1.08623         52.5        41.257
35.3500    -260021.9081 -260036.5364      14.6283   301.8    3445.0979         1.08540         52.5        41.257
35.3600    -260022.0701 -260036.4442      14.3742   296.5    3445.0979         1.08540         52.5        41.257
35.3700    -260022.6240 -260036.4791      13.8551   285.8    3447.5055         1.08465         52.6        41.257
35.3800    -260022.6612 -260037.2615      14.6003   301.2    3466.7286         1.07863         52.6        41.257
35.3900    -260022.9527 -260036.4667      13.5140   278.8    3466.7286         1.07863         52.6        41.257
35.4000    -260023.0455 -260036.1254      13.0799   269.8    3466.7286         1.07863         52.5        41.257
35.4100    -260022.3131 -260037.2092      14.8961   307.3    3466.7286         1.07863         52.5        41.257
35.4200    -260022.0899 -260036.6593      14.5694   300.6    3475.2677         1.07598         52.6        41.257
35.4300    -260021.8627 -260036.2921      14.4294   297.7    3475.2677         1.07598         52.5        41.257
35.4400    -260021.5462 -260036.1506      14.6044   301.3    3506.6572         1.06635         52.6        41.257
35.4500    -260021.9002 -260036.0853      14.1851   292.6    3499.6805         1.06848         52.6        41.257
35.4600    -260022.0870 -260036.7189      14.6320   301.9    3499.6805         1.06848         52.6        41.257
35.4700    -260022.5461 -260037.1445      14.5984   301.2    3499.6805         1.06848         52.6        41.257
35.4800    -260022.6182 -260037.0073      14.3892   296.9    3465.4442         1.07903         52.6        41.257
35.4900    -260022.6912 -260036.5965      13.9052   286.9    3430.5240         1.09002         52.6        41.257
35.5000    -260022.4714 -260037.0546      14.5832   300.9    3430.5240         1.09002         52.6        41.257
35.5100    -260022.2966 -260036.0133      13.7166   283.0    3430.5240         1.09002         52.6        41.257
35.5200    -260022.0218 -260036.5316      14.5098   299.3    3430.0609         1.09016         52.6        41.257
35.5300    -260022.0901 -260036.4089      14.3188   295.4    3463.4934         1.07964         52.6        41.257
35.5400    -260021.8502 -260036.0197      14.1696   292.3    3453.9443         1.08262         52.6        41.257
35.5500    -260021.3000 -260036.7723      15.4723   319.2    3459.6983         1.08082         52.6        41.257
35.5600    -260021.1025 -260036.1462      15.0437   310.4    3459.6983         1.08082         52.6        41.257
35.5700    -260021.7716 -260036.3397      14.5682   300.5    3466.0009         1.07886         52.7        41.257
35.5800    -260021.5915 -260036.6461      15.0546   310.6    3466.0009         1.07886         52.6        41.257
35.5900    -260021.7164 -260036.4357      14.7193   303.7    3466.0009         1.07886         52.6        41.257
35.6000    -260021.8006 -260036.1467      14.3461   296.0    3482.0662         1.07388         52.6        41.257
35.6100    -260021.2876 -260035.2391      13.9515   287.8    3482.0662         1.07388         52.6        41.257
35.6200    -260021.4937 -260035.2936      13.7999   284.7    3482.0662         1.07388         52.6        41.257
35.6300    -260021.6021 -260035.8294      14.2273   293.5    3482.0662         1.07388         52.6        41.257
35.6400    -260021.3961 -260034.6779      13.2818   274.0    3482.0662         1.07388         52.6        41.257
35.6500    -260020.5682 -260035.3379      14.7697   304.7    3495.1505         1.06986         52.6        41.257
35.6600    -260020.0411 -260034.3394      14.2983   295.0    3495.1505         1.06986         52.6        41.257
35.6700    -260019.1354 -260034.3968      15.2615   314.8    3500.1465         1.06833         52.6        41.257
35.6800    -260018.3171 -260034.2259      15.9089   328.2    3499.4404         1.06855         52.6        41.257
35.6900    -260018.6727 -260034.7718      16.0992   332.1    3486.9740         1.07237         52.6        41.257
35.7000    -260018.6954 -260034.2706      15.5752   321.3    3499.9221         1.06840         52.7        41.257
35.7100    -260019.1075 -260034.3974      15.2899   315.4    3499.9221         1.06840         52.7        41.257
35.7200    -260019.8410 -260034.9867      15.1457   312.5    3499.9221         1.06840         52.6        41.257
35.7300    -260020.2258 -260035.1202      14.8944   307.3    3499.9221         1.06840         52.6        41.257
35.7400    -260020.5029 -260033.9180      13.4151   276.8    3499.9221         1.06840         52.6        41.257
35.7500    -260020.2411 -260034.0917      13.8506   285.7    3499.9221         1.06840         52.6        41.257
35.7600    -260020.1944 -260034.3459      14.1515   291.9    3499.9221         1.06840         52.6        41.257
35.7700    -260020.5890 -260035.3709      14.7820   305.0    3499.9221         1.06840         52.6        41.257
35.7800    -260020.2684 -260034.3581      14.0896   290.7    3499.9221         1.06840         52.6        41.257
35.7900    -260020.1004 -260035.0819      14.9816   309.1    3499.9221         1.06840         52.5        41.257
35.8000    -260020.2476 -260034.1811      13.9335   287.5    3498.7417         1.06876         52.5        41.257
35.8100    -260019.5144 -260034.3994      14.8850   307.1    3498.7417         1.06876         52.5        41.257
35.8200    -260019.7413 -260034.9307      15.1894   313.4    3470.4209         1.07748         52.6        41.257
35.8300    -260019.8131 -260034.8306      15.0175   309.8    3465.0794         1.07915         52.6        41.257
35.8400    -260019.6650 -260035.1414      15.4763   319.3    3465.0794         1.07915         52.6        41.257
35.8500    -260019.5158 -260034.9497      15.4339   318.4    3463.8652         1.07952         52.6        41.257
35.8600    -260019.7884 -260036.1799      16.3915   338.2    3463.8652         1.07952         52.6        41.257
35.8700    -260020.0189 -260035.2123      15.1934   313.4    3460.9963         1.08042         52.6        41.257
35.8800    -260018.9933 -260034.7819      15.7886   325.7    3460.9963         1.08042         52.6        41.257
35.8900    -260018.8819 -260034.9870      16.1051   332.3    3483.9357         1.07331         52.6        41.257
35.9000    -260018.8486 -260034.7679      15.9193   328.4    3493.7755         1.07028         52.6        41.257
35.9100    -260018.4875 -260034.3709      15.8834   327.7    3493.7755         1.07028         52.6        41.257
35.9200    -260018.7445 -260034.4708      15.7263   324.4    3502.6718         1.06756         52.6        41.257
35.9300    -260019.0072 -260034.2567      15.2495   314.6    3502.6718         1.06756         52.6        41.257
35.9400    -260019.4989 -260034.1752      14.6763   302.8    3522.0870         1.06168         52.6        41.257
35.9500    -260019.8828 -260035.0149      15.1322   312.2    3546.7769         1.05429         52.6        41.257
35.9600    -260020.2294 -260034.8876      14.6582   302.4    3546.7769         1.05429         52.6        41.257
35.9700    -260019.8079 -260034.7848      14.9770   309.0    3546.7769         1.05429         52.6        41.257
35.9800    -260019.5768 -260034.7062      15.1293   312.1    3544.0616         1.05510         52.6        41.257
35.9900    -260019.3409 -260035.3796      16.0387   330.9    3569.5477         1.04756         52.7        41.257
36.0000    -260020.2902 -260034.2742      13.9840   288.5    3565.5359         1.04874         52.7        41.257
36.0100    -260020.7387 -260034.5212      13.7825   284.3    3565.5359         1.04874         52.7        41.257
36.0200    -260021.5209 -260034.9057      13.3848   276.1    3565.5359         1.04874         52.7        41.257
36.0300    -260021.4495 -260036.2545      14.8050   305.4    3559.4720         1.05053         52.7        41.257
36.0400    -260021.7295 -260036.3670      14.6376   302.0    3559.4720         1.05053         52.7        41.257
36.0500    -260022.0622 -260036.4380      14.3758   296.6    3559.4720         1.05053         52.6        41.257
36.0600    -260021.7344 -260036.0042      14.2697   294.4    3559.4720         1.05053         52.6        41.257
36.0700    -260022.1063 -260035.9029      13.7966   284.6    3520.4918         1.06216         52.7        41.257
36.0800    -260021.9380 -260036.7433      14.8053   305.4    3520.4918         1.06216         52.6        41.257
36.0900    -260021.2587 -260036.6972      15.4385   318.5    3513.4490         1.06429         52.6        41.257
36.1000    -260021.3242 -260035.7417      14.4175   297.4    3531.4192         1.05887         52.7        41.257
36.1100    -260021.5110 -260036.0984      14.5875   300.9    3531.4192         1.05887         52.7        41.257
36.1200    -260020.9908 -260035.8089      14.8181   305.7    3535.3858         1.05769         52.7        41.257
36.1300    -260021.1891 -260035.5333      14.3442   295.9    3535.3858         1.05769         52.7        41.257
36.1400    -260020.5821 -260035.4120      14.8298   305.9    3542.1787         1.05566         52.7        41.257
36.1500    -260020.4347 -260035.3531      14.9183   307.8    3522.1755         1.06165         52.7        41.257
36.1600    -260020.8380 -260035.3879      14.5500   300.2    3522.1755         1.06165         52.7        41.257
36.1700    -260020.8617 -260034.1958      13.3341   275.1    3522.1755         1.06165         52.7        41.257
36.1800    -260020.8519 -260035.2761      14.4242   297.6    3521.1625         1.06196         52.7        41.257
36.1900    -260021.0507 -260035.6562      14.6055   301.3    3509.0900         1.06561         52.7        41.257
36.2000    -260021.4972 -260035.1705      13.6734   282.1    3509.0900         1.06561         52.7        41.257
36.2100    -260021.7440 -260035.7568      14.0128   289.1    3509.0900         1.06561         52.7        41.257
36.2200    -260022.3040 -260035.8972      13.5932   280.4    3528.4346         1.05977         52.7        41.257
36.2300    -260021.5176 -260036.3865      14.8689   306.7    3541.1391         1.05597         52.7        41.257
36.2400    -260020.9604 -260035.8654      14.9050   307.5    3532.9975         1.05840         52.7        41.257
36.2500    -260020.9458 -260035.3173      14.3715   296.5    3553.9852         1.05215         52.8        41.257
36.2600    -260020.0262 -260035.8054      15.7792   325.5    3553.9852         1.05215         52.8        41.257
36.2700    -260020.1348 -260034.7015      14.5667   300.5    3553.9852         1.05215         52.7        41.257
36.2800    -260020.2299 -260035.0737      14.8439   306.2    3553.9852         1.05215         52.7        41.257
36.2900    -260019.9519 -260034.8074      14.8555   306.5    3553.9852         1.05215         52.7        41.257
36.3000    -260020.3345 -260035.4522      15.1178   311.9    3553.9852         1.05215         52.7        41.257
36.3100    -260020.6864 -260035.7939      15.1075   311.7    3553.9852         1.05215         52.7        41.257
36.3200    -260020.0776 -260035.0121      14.9345   308.1    3553.9852         1.05215         52.7        41.257
36.3300    -260019.9821 -260034.8039      14.8218   305.8    3560.9845         1.05008         52.7        41.257
36.3400    -260020.0049 -260034.5043      14.4994   299.1    3540.4066         1.05619         52.7        41.257
36.3500    -260020.4236 -260035.7423      15.3187   316.0    3563.6771         1.04929         52.7        41.257
36.3600    -260020.2493 -260035.9873      15.7380   324.7    3563.6771         1.04929         52.7        41.257
36.3700    -260020.0302 -260035.8035      15.7733   325.4    3563.6771         1.04929         52.7        41.257
36.3800    -260020.2286 -260035.6257      15.3971   317.6    3571.5010         1.04699         52.7        41.257
36.3900    -260020.3976 -260035.6808      15.2832   315.3    3571.5010         1.04699         52.7        41.257
36.4000    -260020.9674 -260035.5019      14.5344   299.8    3571.5010         1.04699         52.7        41.257
36.4100    -260020.6647 -260035.4135      14.7488   304.3    3571.5010         1.04699         52.7        41.257
36.4200    -260020.4990 -260035.3152      14.8162   305.7    3571.5010         1.04699         52.7        41.257
36.4300    -260020.6637 -260036.0372      15.3735   317.2    3578.3870         1.04498         52.7        41.257
36.4400    -260020.3643 -260035.9510      15.5867   321.6    3579.2697         1.04472         52.7        41.257
36.4500    -260020.1248 -260035.4566      15.3319   316.3    3579.2697         1.04472         52.7        41.257
36.4600    -260019.8362 -260034.6878      14.8516   306.4    3579.2697         1.04472         52.7        41.257
36.4700    -260019.9634 -260034.4397      14.4763   298.6    3567.0029         1.04831         52.7        41.257
36.4800    -260020.3251 -260035.4752      15.1501   312.6    3570.0712         1.04741         52.7        41.257
36.4900    -260020.7927 -260036.0677      15.2750   315.1    3545.4039         1.05470         52.7        41.257
36.5000    -260021.3312 -260035.4352      14.1040   291.0    3545.4039         1.05470         52.7        41.257
36.5100    -260020.9948 -260035.7849      14.7900   305.1    3545.4039         1.05470         52.7        41.257
36.5200    -260021.1166 -260035.7967      14.6801   302.9    3534.9155         1.05783         52.7        41.257
36.5300    -260020.8904 -260036.3678      15.4773   319.3    3534.9155         1.05783         52.7        41.257
36.5400    -260021.2853 -260036.0905      14.8051   305.4    3535.2922         1.05771         52.7        41.257
36.5500    -260020.7975 -260035.8736      15.0760   311.0    3501.5376         1.06791         52.7        41.257
36.5600    -260020.6793 -260035.9621      15.2828   315.3    3501.5376         1.06791         52.7        41.257
36.5700    -260020.9376 -260035.7562      14.8186   305.7    3501.5376         1.06791         52.7        41.257
36.5800    -260020.6569 -260035.4741      14.8172   305.7    3509.7606         1.06541         52.7        41.257
36.5900    -260020.5581 -260036.0100      15.4518   318.8    3509.7606         1.06541         52.7        41.257
36.6000    -260020.4955 -260036.2439      15.7484   324.9    3490.0132         1.07144         52.7        41.257
36.6100    -260019.6848 -260035.1988      15.5140   320.1    3490.0132         1.07144         52.7        41.257
36.6200    -260020.1124 -260035.8056      15.6932   323.8    3478.5970         1.07495         52.7        41.257
36.6300    -260020.3578 -260035.4478      15.0900   311.3    3478.5970         1.07495         52.7        41.257
36.6400    -260019.6243 -260034.8590      15.2346   314.3    3478.5970         1.07495         52.7        41.257
36.6500    -260019.6189 -260034.8564      15.2375   314.4    3478.5970         1.07495         52.7        41.257
36.6600    -260018.7085 -260033.8838      15.1753   313.1    3478.5970         1.07495         52.7        41.257
36.6700    -260018.8074 -260034.0147      15.2074   313.7    3478.5970         1.07495         52.7        41.257
36.6800    -260018.9059 -260035.0525      16.1466   333.1    3457.2762         1.08158         52.7        41.257
36.6900    -260019.4675 -260034.3903      14.9228   307.9    3457.2762         1.08158         52.7        41.257
36.7000    -260020.0677 -260035.6256      15.5579   321.0    3428.7115         1.09059         52.7        41.257
36.7100    -260019.8455 -260035.0727      15.2271   314.1    3428.7115         1.09059         52.7        41.257
36.7200    -260020.3618 -260035.1416      14.7798   304.9    3467.6236         1.07835         52.7        41.257
36.7300    -260020.6152 -260035.1785      14.5633   300.4    3467.6236         1.07835         52.7        41.257
36.7400    -260020.5990 -260035.1881      14.5891   301.0    3486.8052         1.07242         52.7        41.257
36.7500    -260021.0828 -260035.0316      13.9488   287.8    3482.7444         1.07367         52.7        41.257
36.7600    -260020.9371 -260035.6061      14.6690   302.6    3482.7444         1.07367         52.7        41.257
36.7700    -260021.7122 -260035.5636      13.8514   285.8    3482.7444         1.07367         52.7        41.257
36.7800    -260022.0820 -260036.0542      13.9721   288.2    3451.8651         1.08328         52.7        41.257
36.7900    -260022.4890 -260035.6437      13.1548   271.4    3451.8651         1.08328         52.7        41.257
36.8000    -260022.1972 -260036.6716      14.4744   298.6    3441.0937         1.08667         52.7        41.257
36.8100    -260022.0959 -260036.1793      14.0835   290.5    3441.0937         1.08667         52.7        41.257
36.8200    -260021.9369 -260036.4072      14.4703   298.5    3473.1968         1.07662         52.7        41.257
36.8300    -260021.4530 -260036.3372      14.8842   307.1    3513.0906         1.06440         52.7        41.257
36.8400    -260020.7167 -260035.7368      15.0201   309.9    3553.3497         1.05234         52.8        41.257
36.8500    -260021.1915 -260035.5606      14.3691   296.4    3591.8717         1.04105         52.8        41.257
36.8600    -260021.4782 -260035.5419      14.0636   290.1    3591.8717         1.04105         52.8        41.257
36.8700    -260021.0620 -260035.5947      14.5327   299.8    3594.8613         1.04019         52.8        41.257
36.8800    -260021.5867 -260035.5873      14.0006   288.8    3594.8613         1.04019         52.8        41.257
36.8900    -260021.6274 -260036.0296      14.4022   297.1    3594.8613         1.04019         52.8        41.257
36.9000    -260021.6845 -260035.6559      13.9713   288.2    3594.8613         1.04019         52.7        41.257
36.9100    -260021.5061 -260035.6910      14.1849   292.6    3594.8613         1.04019         52.7        41.257
36.9200    -260022.1543 -260035.9314      13.7771   284.2    3594.8613         1.04019         52.7        41.257
36.9300    -260022.1149 -260036.3268      14.2119   293.2    3594.8613         1.04019         52.7        41.257
36.9400    -260021.9894 -260036.4797      14.4904   298.9    3620.6393         1.03278         52.7        41.257
36.9500    -260021.8129 -260035.6612      13.8483   285.7    3595.4562         1.04001         52.7        41.257
36.9600    -260021.9338 -260035.7093      13.7754   284.2    3595.4562         1.04001         52.7        41.257
36.9700    -260021.8527 -260036.2059      14.3532   296.1    3605.4584         1.03713         52.8        41.257
36.9800    -260022.2261 -260035.7376      13.5115   278.7    3605.4584         1.03713         52.7        41.257
36.9900    -260022.1282 -260036.1396      14.0114   289.1    3612.2734         1.03517         52.8        41.257
37.0000    -260022.1011 -260036.2737      14.1727   292.4    3612.2734         1.03517         52.7        41.257
37.0100    -260022.2235 -260036.4236      14.2001   293.0    3612.2734         1.03517         52.7        41.257
37.0200    -260022.3199 -260036.0991      13.7792   284.3    3616.9546         1.03383         52.8        41.257
37.0300    -260021.9807 -260035.9076      13.9269   287.3    3616.9546         1.03383         52.7        41.257
37.0400    -260021.8914 -260036.2846      14.3932   296.9    3616.9546         1.03383         52.7        41.257
37.0500    -260020.9305 -260034.7190      13.7885   284.5    3616.9797         1.03383         52.7        41.257
37.0600    -260020.8829 -260034.7796      13.8968   286.7    3616.9797         1.03383         52.7        41.257
37.0700    -260021.2950 -260035.1904      13.8954   286.7    3599.9497         1.03872         52.7        41.257
37.0800    -260021.7851 -260035.8868      14.1016   290.9    3599.9497         1.03872         52.7        41.257
37.0900    -260021.3027 -260036.0535      14.7507   304.3    3588.1682         1.04213         52.7        41.257
37.1000    -260021.0902 -260035.4927      14.4025   297.1    3588.1682         1.04213         52.7        41.257
37.1100    -260020.6221 -260035.6315      15.0094   309.6    3588.1682         1.04213         52.7        41.257
37.1200    -260019.8573 -260035.1111      15.2538   314.7    3588.1682         1.04213         52.7        41.257
37.1300    -260019.6297 -260034.5167      14.8871   307.1    3577.6804         1.04518         52.7        41.257
37.1400    -260019.9453 -260034.6285      14.6832   302.9    3577.6804         1.04518         52.7        41.257
37.1500    -260019.9206 -260034.5064      14.5858   300.9    3557.6629         1.05106         52.7        41.257
37.1600    -260020.6948 -260034.9169      14.2221   293.4    3557.6629         1.05106         52.7        41.257
37.1700    -260020.7161 -260035.5062      14.7901   305.1    3566.6305         1.04842         52.7        41.257
37.1800    -260020.5137 -260036.0109      15.4972   319.7    3575.8047         1.04573         52.8        41.257
37.1900    -260020.5635 -260035.5553      14.9919   309.3    3575.8047         1.04573         52.7        41.257
37.2000    -260020.0324 -260034.5543      14.5218   299.6    3575.8047         1.04573         52.7        41.257
37.2100    -260020.1002 -260035.0685      14.9683   308.8    3575.8047         1.04573         52.7        41.257
37.2200    -260019.6451 -260034.7746      15.1295   312.1    3542.3091         1.05562         52.7        41.257
37.2300    -260019.8799 -260034.0047      14.1248   291.4    3540.4963         1.05616         52.8        41.257
37.2400    -260019.7535 -260034.7278      14.9743   308.9    3540.4963         1.05616         52.7        41.257
37.2500    -260019.8718 -260035.1140      15.2422   314.5    3540.4963         1.05616         52.7        41.257
37.2600    -260020.4050 -260034.8851      14.4801   298.7    3540.4963         1.05616         52.7        41.257
37.2700    -260020.0342 -260034.5447      14.5105   299.4    3540.4963         1.05616         52.7        41.257
37.2800    -260019.5780 -260034.7461      15.1681   312.9    3545.6612         1.05462         52.7        41.257
37.2900    -260020.2766 -260034.9016      14.6250   301.7    3555.6876         1.05165         52.7        41.257
37.3000    -260020.4812 -260034.6021      14.1209   291.3    3555.6876         1.05165         52.7        41.257
37.3100    -260020.3420 -260034.3143      13.9724   288.3    3555.6876         1.05165         52.7        41.257
37.3200    -260020.6035 -260034.4739      13.8704   286.2    3572.7239         1.04663         52.7        41.257
37.3300    -260020.6959 -260035.4895      14.7936   305.2    3572.7239         1.04663         52.7        41.257
37.3400    -260020.8203 -260034.7591      13.9388   287.6    3572.7239         1.04663         52.7        41.257
37.3500    -260021.2459 -260035.9140      14.6681   302.6    3570.5271         1.04728         52.7        41.257
37.3600    -260021.3752 -260035.8208      14.4456   298.0    3570.5271         1.04728         52.7        41.257
37.3700    -260021.6137 -260035.4645      13.8508   285.7    3586.6642         1.04256         52.7        41.257
37.3800    -260021.1617 -260036.3140      15.1523   312.6    3580.8486         1.04426         52.7        41.257
37.3900    -260020.8883 -260036.1691      15.2808   315.2    3557.9215         1.05099         52.8        41.257
37.4000    -260021.3186 -260035.8132      14.4946   299.0    3562.7464         1.04956         52.8        41.257
37.4100    -260021.1491 -260035.6479      14.4988   299.1    3562.7464         1.04956         52.8        41.257
37.4200    -260020.7300 -260034.5310      13.8010   284.7    3551.5261         1.05288         52.8        41.257
37.4300    -260020.3822 -260035.5256      15.1435   312.4    3563.1383         1.04945         52.8        41.257
37.4400    -260020.8606 -260036.2254      15.3648   317.0    3547.1584         1.05418         52.8        41.257
37.4500    -260021.0055 -260035.5329      14.5274   299.7    3547.1584         1.05418         52.8        41.257
37.4600    -260020.8550 -260035.1345      14.2795   294.6    3547.1584         1.05418         52.8        41.257
37.4700    -260021.0433 -260034.9540      13.9106   287.0    3568.6229         1.04783         52.8        41.257
37.4800    -260020.2083 -260035.2979      15.0897   311.3    3576.2432         1.04560         52.8        41.257
37.4900    -260020.2920 -260035.0517      14.7598   304.5    3613.9430         1.03469         52.9        41.257
37.5000    -260019.8936 -260035.6453      15.7517   325.0    3601.4399         1.03829         52.9        41.257
37.5100    -260019.9680 -260035.7298      15.7618   325.2    3601.4399         1.03829         52.9        41.257
37.5200    -260020.6544 -260035.5564      14.9021   307.4    3625.6604         1.03135         52.9        41.257
37.5300    -260020.5570 -260035.9663      15.4094   317.9    3614.5157         1.03453         52.9        41.257
37.5400    -260020.5543 -260036.1193      15.5650   321.1    3614.5157         1.03453         52.9        41.257
37.5500    -260020.8801 -260035.9637      15.0836   311.2    3624.6190         1.03165         52.9        41.257
37.5600    -260020.6870 -260035.1332      14.4462   298.0    3624.6190         1.03165         52.9        41.257
37.5700    -260019.9998 -260035.5585      15.5588   321.0    3630.9406         1.02985         52.9        41.257
37.5800    -260020.2053 -260035.9427      15.7374   324.7    3630.9406         1.02985         52.9        41.257
37.5900    -260020.9811 -260036.0133      15.0322   310.1    3627.3691         1.03086         52.9        41.257
37.6000    -260020.4522 -260035.1484      14.6962   303.2    3610.0498         1.03581         52.9        41.257
37.6100    -260020.4132 -260035.7246      15.3114   315.9    3610.0498         1.03581         52.9        41.257
37.6200    -260020.3381 -260035.9523      15.6142   322.1    3610.0498         1.03581         52.9        41.257
37.6300    -260020.4650 -260035.7877      15.3227   316.1    3590.8337         1.04135         52.9        41.257
37.6400    -260020.6158 -260036.0052      15.3893   317.5    3592.4714         1.04088         52.9        41.257
37.6500    -260020.2512 -260034.6605      14.4093   297.3    3592.4714         1.04088         52.9        41.257
37.6600    -260020.2283 -260035.6049      15.3766   317.2    3592.4714         1.04088         52.9        41.257
37.6700    -260020.5792 -260035.5158      14.9366   308.1    3581.4192         1.04409         52.9        41.257
37.6800    -260020.4112 -260035.6848      15.2735   315.1    3581.4192         1.04409         52.9        41.257
37.6900    -260020.1123 -260035.6743      15.5620   321.0    3581.4192         1.04409         52.9        41.257
37.7000    -260020.8942 -260036.6492      15.7550   325.0    3574.4541         1.04613         52.9        41.257
37.7100    -260021.0555 -260036.3551      15.2996   315.6    3574.4541         1.04613         52.9        41.257
37.7200    -260021.2327 -260036.2307      14.9980   309.4    3571.8760         1.04688         52.9        41.257
37.7300    -260021.2261 -260036.0999      14.8738   306.9    3550.7649         1.05310         52.9        41.257
37.7400    -260021.5559 -260036.5755      15.0196   309.9    3548.1622         1.05388         53.0        41.257
37.7500    -260021.8604 -260035.9771      14.1167   291.2    3548.1622         1.05388         52.9        41.257
37.7600    -260022.6688 -260036.3420      13.6732   282.1    3548.1622         1.05388         52.9        41.257
37.7700    -260022.8722 -260037.5811      14.7090   303.4    3548.1622         1.05388         52.9        41.257
37.7800    -260023.0394 -260036.7358      13.6964   282.6    3548.1622         1.05388         52.9        41.257
37.7900    -260022.5461 -260035.7615      13.2154   272.6    3548.1622         1.05388         52.9        41.257
37.8000    -260022.6804 -260036.5899      13.9095   287.0    3548.1622         1.05388         52.9        41.257
37.8100    -260022.6495 -260037.6133      14.9638   308.7    3548.1622         1.05388         52.9        41.257
37.8200    -260022.5934 -260036.9070      14.3136   295.3    3554.9453         1.05187         52.9        41.257
37.8300    -260021.6296 -260036.7818      15.1522   312.6    3588.9474         1.04190         52.9        41.257
37.8400    -260021.5019 -260036.1002      14.5983   301.2    3588.9474         1.04190         52.9        41.257
37.8500    -260021.0714 -260035.7484      14.6770   302.8    3597.8182         1.03933         52.9        41.257
37.8600    -260021.5464 -260035.9917      14.4453   298.0    3597.8182         1.03933         52.9        41.257
37.8700    -260021.5762 -260035.8783      14.3020   295.1    3597.8182         1.03933         52.9        41.257
37.8800    -260021.2696 -260036.1535      14.8839   307.1    3607.5762         1.03652         52.9        41.257
37.8900    -260020.8467 -260035.6395      14.7928   305.2    3609.3478         1.03601         52.9        41.257
37.9000    -260020.8784 -260035.6692      14.7908   305.1    3609.3478         1.03601         52.9        41.257
37.9100    -260021.2226 -260035.4212      14.1986   292.9    3609.3478         1.03601         52.9        41.257
37.9200    -260021.4200 -260036.1693      14.7494   304.3    3638.5582         1.02769         52.9        41.257
37.9300    -260021.4493 -260036.3521      14.9028   307.4    3618.5647         1.03337         52.9        41.257
37.9400    -260021.0761 -260035.5808      14.5047   299.2    3618.5647         1.03337         52.9        41.257
37.9500    -260021.0242 -260035.3118      14.2876   294.8    3618.5647         1.03337         52.9        41.257
37.9600    -260021.6492 -260036.0258      14.3766   296.6    3618.5647         1.03337         52.9        41.257
37.9700    -260022.4991 -260036.6616      14.1625   292.2    3618.5647         1.03337         52.9        41.257
37.9800    -260022.4956 -260035.9266      13.4310   277.1    3618.5647         1.03337         52.9        41.257
37.9900    -260022.6387 -260036.8714      14.2327   293.6    3618.5647         1.03337         52.8        41.257
38.0000    -260022.8813 -260036.6895      13.8082   284.9    3599.6740         1.03880         52.9        41.257
38.0100    -260023.0321 -260036.7634      13.7312   283.3    3599.6740         1.03880         52.9        41.257
38.0200    -260022.7759 -260037.2750      14.4991   299.1    3599.6740         1.03880         52.8        41.257
38.0300    -260023.1716 -260037.0511      13.8795   286.3    3597.9673         1.03929         52.9        41.257
38.0400    -260023.2395 -260036.8719      13.6325   281.2    3597.9673         1.03929         52.8        41.257
38.0500    -260023.1417 -260037.3763      14.2346   293.7    3588.0506         1.04216         52.9        41.257
38.0600    -260022.9725 -260036.8689      13.8964   286.7    3588.0506         1.04216         52.9        41.257
38.0700    -260022.7637 -260036.5205      13.7568   283.8    3588.0506         1.04216         52.8        41.257
38.0800    -260022.7675 -260036.5330      13.7656   284.0    3573.0822         1.04653         52.9        41.257
38.0900    -260022.5915 -260036.8471      14.2557   294.1    3573.0822         1.04653         52.8        41.257
38.1000    -260022.8084 -260037.0263      14.2179   293.3    3573.0822         1.04653         52.8        41.257
38.1100    -260022.4392 -260036.5505      14.1114   291.1    3573.0822         1.04653         52.8        41.257
38.1200    -260022.2197 -260036.6987      14.4791   298.7    3573.0822         1.04653         52.8        41.257
38.1300    -260022.4347 -260036.0861      13.6514   281.6    3553.1451         1.05240         52.8        41.257
38.1400    -260022.2110 -260036.1084      13.8974   286.7    3552.4271         1.05261         52.8        41.257
38.1500    -260022.9757 -260036.2610      13.2853   274.1    3533.5529         1.05823         52.9        41.257
38.1600    -260022.6643 -260036.5766      13.9123   287.0    3533.5529         1.05823         52.9        41.257
38.1700    -260022.5680 -260036.2665      13.6985   282.6    3523.7276         1.06118         52.9        41.257
38.1800    -260022.3108 -260035.8084      13.4977   278.5    3523.7276         1.06118         52.8        41.257
38.1900    -260021.6083 -260035.8927      14.2843   294.7    3514.9390         1.06384         52.9        41.257
38.2000    -260021.7590 -260036.6665      14.9075   307.5    3514.9390         1.06384         52.8        41.257
38.2100    -260022.0571 -260037.2819      15.2248   314.1    3514.9390         1.06384         52.8        41.257
38.2200    -260021.8836 -260036.4313      14.5477   300.1    3476.1271         1.07572         52.9        41.257
38.2300    -260022.1056 -260036.6652      14.5597   300.4    3512.0446         1.06471         52.9        41.257
38.2400    -260022.1388 -260036.3717      14.2328   293.6    3512.0446         1.06471         52.9        41.257
38.2500    -260022.3246 -260036.4637      14.1391   291.7    3512.0446         1.06471         52.8        41.257
38.2600    -260022.4219 -260036.6521      14.2302   293.6    3512.0446         1.06471         52.8        41.257
38.2700    -260022.4100 -260036.9183      14.5083   299.3    3525.9811         1.06051         52.9        41.257
38.2800    -260021.7017 -260037.1828      15.4812   319.4    3536.8262         1.05725         52.9        41.257
38.2900    -260021.8109 -260036.9466      15.1357   312.3    3536.8262         1.05725         52.9        41.257
38.3000    -260021.2516 -260036.7617      15.5101   320.0    3536.8262         1.05725         52.8        41.257
38.3100    -260021.5451 -260036.3422      14.7971   305.3    3536.8262         1.05725         52.8        41.257
38.3200    -260021.4258 -260035.9448      14.5191   299.5    3536.8262         1.05725         52.8        41.257
38.3300    -260021.0197 -260035.4169      14.3972   297.0    3526.4645         1.06036         52.8        41.257
38.3400    -260020.4859 -260036.3316      15.8457   326.9    3525.8840         1.06054         52.9        41.257
38.3500    -260020.3107 -260034.9202      14.6095   301.4    3532.5254         1.05854         52.9        41.257
38.3600    -260020.5594 -260035.0436      14.4842   298.8    3532.5254         1.05854         52.9        41.257
38.3700    -260020.8075 -260035.6654      14.8579   306.5    3532.5254         1.05854         52.9        41.257
38.3800    -260020.6361 -260035.1822      14.5461   300.1    3532.5254         1.05854         52.8        41.257
38.3900    -260020.5284 -260036.0050      15.4765   319.3    3532.5254         1.05854         52.8        41.257
38.4000    -260020.7464 -260035.3919      14.6455   302.1    3532.5254         1.05854         52.8        41.257
38.4100    -260021.0659 -260036.0689      15.0030   309.5    3532.5254         1.05854         52.8        41.257
38.4200    -260020.9267 -260035.9593      15.0326   310.1    3532.5254         1.05854         52.8        41.257
38.4300    -260020.8846 -260035.9682      15.0837   311.2    3545.1662         1.05477         52.8        41.257
38.4400    -260021.2992 -260035.9232      14.6240   301.7    3545.1662         1.05477         52.8        41.257
38.4500    -260021.2632 -260036.4701      15.2070   313.7    3545.1662         1.05477         52.8        41.257
38.4600    -260021.6191 -260036.7650      15.1459   312.5    3545.1662         1.05477         52.8        41.257
38.4700    -260021.7509 -260036.1578      14.4069   297.2    3578.0692         1.04507         52.8        41.257
38.4800    -260022.3642 -260036.4826      14.1184   291.3    3578.0692         1.04507         52.8        41.257
38.4900    -260021.8847 -260036.4824      14.5976   301.2    3578.0692         1.04507         52.7        41.257
38.5000    -260021.1679 -260035.3571      14.1892   292.7    3578.0692         1.04507         52.7        41.257
38.5100    -260020.8103 -260035.3071      14.4969   299.1    3578.0692         1.04507         52.7        41.257
38.5200    -260020.5761 -260035.6843      15.1082   311.7    3564.8640         1.04894         52.7        41.257
38.5300    -260020.7103 -260035.6349      14.9246   307.9    3564.8640         1.04894         52.7        41.257
38.5400    -260020.8310 -260035.1147      14.2838   294.7    3557.8068         1.05102         52.7        41.257
38.5500    -260020.5603 -260035.3124      14.7521   304.3    3537.9563         1.05692         52.8        41.257
38.5600    -260020.3274 -260035.3546      15.0272   310.0    3537.9563         1.05692         52.8        41.257
38.5700    -260020.2502 -260034.6643      14.4141   297.4    3537.9563         1.05692         52.7        41.257
38.5800    -260020.2810 -260035.1830      14.9020   307.4    3553.8954         1.05218         52.8        41.257
38.5900    -260020.4962 -260034.7587      14.2625   294.2    3553.8954         1.05218         52.7        41.257
38.6000    -260020.4754 -260035.3868      14.9114   307.6    3553.8954         1.05218         52.7        41.257
38.6100    -260020.9263 -260035.7922      14.8659   306.7    3553.8954         1.05218         52.7        41.257
38.6200    -260021.9619 -260035.3503      13.3885   276.2    3553.8954         1.05218         52.7        41.257
38.6300    -260021.4323 -260035.3815      13.9492   287.8    3565.4192         1.04878         52.7        41.257
38.6400    -260020.6542 -260035.0079      14.3537   296.1    3605.8074         1.03703         52.7        41.257
38.6500    -260021.0577 -260035.1980      14.1403   291.7    3605.8074         1.03703         52.7        41.257
38.6600    -260021.1049 -260035.7181      14.6133   301.5    3605.8074         1.03703         52.7        41.257
38.6700    -260021.1931 -260036.4262      15.2331   314.3    3605.8074         1.03703         52.7        41.257
38.6800    -260021.7669 -260036.8864      15.1195   311.9    3590.5974         1.04142         52.7        41.257
38.6900    -260021.6174 -260035.5283      13.9109   287.0    3590.5974         1.04142         52.7        41.257
38.7000    -260021.2457 -260035.2216      13.9760   288.3    3575.8578         1.04571         52.7        41.257
38.7100    -260021.6586 -260036.2697      14.6111   301.4    3575.8578         1.04571         52.7        41.257
38.7200    -260022.2471 -260036.3744      14.1273   291.4    3575.8578         1.04571         52.7        41.257
38.7300    -260022.2412 -260036.2057      13.9645   288.1    3575.8578         1.04571         52.7        41.257
38.7400    -260022.4015 -260036.1570      13.7555   283.8    3546.4408         1.05439         52.7        41.257
38.7500    -260022.7238 -260036.9089      14.1850   292.6    3540.1225         1.05627         52.7        41.257
38.7600    -260022.8892 -260037.4080      14.5189   299.5    3540.1225         1.05627         52.7        41.257
38.7700    -260023.0767 -260036.9982      13.9215   287.2    3514.2211         1.06406         52.7        41.257
38.7800    -260022.9964 -260036.4799      13.4835   278.2    3545.9202         1.05454         52.7        41.257
38.7900    -260023.2550 -260036.5893      13.3343   275.1    3545.9202         1.05454         52.7        41.257
38.8000    -260023.0139 -260037.0993      14.0853   290.6    3545.9202         1.05454         52.7        41.257
38.8100    -260022.7814 -260036.4075      13.6260   281.1    3545.9202         1.05454         52.7        41.257
38.8200    -260022.6576 -260037.3187      14.6610   302.5    3543.1967         1.05535         52.7        41.257
38.8300    -260023.1163 -260037.5431      14.4268   297.6    3536.8564         1.05725         52.7        41.257
38.8400    -260022.8658 -260036.9405      14.0747   290.4    3558.2299         1.05090         52.8        41.257
38.8500    -260022.7991 -260036.6056      13.8064   284.8    3557.8736         1.05100         52.8        41.257
38.8600    -260022.4308 -260036.9208      14.4900   298.9    3557.8736         1.05100         52.8        41.257
38.8700    -260022.3754 -260036.6987      14.3233   295.5    3576.3855         1.04556         52.8        41.257
38.8800    -260023.2360 -260037.0117      13.7757   284.2    3584.1094         1.04331         52.8        41.257
38.8900    -260023.3409 -260037.7179      14.3770   296.6    3574.5290         1.04610         52.8        41.257
38.9000    -260023.4846 -260037.8264      14.3417   295.9    3564.2205         1.04913         52.8        41.257
38.9100    -260023.4395 -260037.2034      13.7639   284.0    3564.2205         1.04913         52.8        41.257
38.9200    -260023.6155 -260036.5286      12.9130   266.4    3532.4656         1.05856         52.8        41.257
38.9300    -260023.1037 -260036.4988      13.3950   276.3    3563.6767         1.04929         52.9        41.257
38.9400    -260023.2259 -260037.3698      14.1439   291.8    3560.3701         1.05026         52.9        41.257
38.9500    -260023.0766 -260036.7403      13.6637   281.9    3560.3701         1.05026         52.9        41.257
38.9600    -260022.5118 -260037.0207      14.5089   299.3    3560.3701         1.05026         52.9        41.257
38.9700    -260022.7917 -260036.5231      13.7315   283.3    3560.3701         1.05026         52.8        41.257
38.9800    -260023.0993 -260035.9339      12.8346   264.8    3560.3701         1.05026         52.8        41.257
38.9900    -260022.9624 -260037.3611      14.3988   297.1    3560.3701         1.05026         52.8        41.257
39.0000    -260023.2807 -260037.1019      13.8212   285.1    3560.3701         1.05026         52.8        41.257
39.0100    -260023.1433 -260037.1703      14.0270   289.4    3560.3701         1.05026         52.8        41.257
39.0200    -260022.7583 -260035.9898      13.2316   273.0    3560.3701         1.05026         52.8        41.257
39.0300    -260021.6380 -260036.3392      14.7012   303.3    3584.7915         1.04311         52.8        41.257
39.0400    -260022.1685 -260035.9532      13.7847   284.4    3584.7915         1.04311         52.8        41.257
39.0500    -260022.0186 -260036.5541      14.5355   299.9    3580.3676         1.04440         52.8        41.257
39.0600    -260021.9292 -260036.9531      15.0240   309.9    3580.3676         1.04440         52.8        41.257
39.0700    -260021.2112 -260035.9230      14.7118   303.5    3580.3676         1.04440         52.8        41.257
39.0800    -260021.1557 -260036.4963      15.3406   316.5    3580.3676         1.04440         52.8        41.257
39.0900    -260021.2347 -260036.5113      15.2767   315.2    3580.3676         1.04440         52.7        41.257
39.1000    -260021.8876 -260035.7537      13.8662   286.1    3580.3676         1.04440         52.7        41.257
39.1100    -260021.2610 -260036.4035      15.1425   312.4    3580.3676         1.04440         52.7        41.257
39.1200    -260021.8097 -260036.0939      14.2842   294.7    3573.7581         1.04633         52.7        41.257
39.1300    -260021.8509 -260035.4939      13.6430   281.5    3593.9837         1.04044         52.7        41.257
39.1400    -260021.6283 -260036.1656      14.5373   299.9    3593.9837         1.04044         52.7        41.257
39.1500    -260022.3378 -260037.1202      14.7823   305.0    3593.9837         1.04044         52.7        41.257
39.1600    -260022.0557 -260036.0608      14.0052   288.9    3593.9837         1.04044         52.7        41.257
39.1700    -260021.8977 -260036.0487      14.1509   291.9    3587.5063         1.04232         52.7        41.257
39.1800    -260021.8687 -260036.3690      14.5003   299.1    3610.1399         1.03578         52.7        41.257
39.1900    -260021.8032 -260036.0734      14.2702   294.4    3609.4601         1.03598         52.8        41.257
39.2000    -260021.8813 -260035.7672      13.8859   286.5    3602.1245         1.03809         52.8        41.257
39.2100    -260022.3991 -260036.1179      13.7188   283.0    3602.1245         1.03809         52.8        41.257
39.2200    -260022.0755 -260035.8973      13.8218   285.1    3633.6415         1.02909         52.8        41.257
39.2300    -260021.6288 -260036.4468      14.8180   305.7    3635.6635         1.02851         52.8        41.257
39.2400    -260021.6315 -260036.0903      14.4588   298.3    3662.3395         1.02102         52.8        41.257
39.2500    -260020.8300 -260035.7576      14.9276   308.0    3662.3395         1.02102         52.8        41.257
39.2600    -260021.4580 -260035.5671      14.1091   291.1    3662.3395         1.02102         52.8        41.257
39.2700    -260021.2067 -260036.6975      15.4908   319.6    3662.3395         1.02102         52.8        41.257
39.2800    -260021.9050 -260035.9738      14.0689   290.2    3677.0768         1.01693         52.8        41.257
39.2900    -260022.0599 -260035.5475      13.4876   278.3    3677.0768         1.01693         52.8        41.257
39.3000    -260022.1766 -260036.0145      13.8379   285.5    3677.0768         1.01693         52.8        41.257
39.3100    -260022.0938 -260036.5334      14.4397   297.9    3677.0768         1.01693         52.8        41.257
39.3200    -260022.2031 -260036.1617      13.9586   288.0    3677.0768         1.01693         52.8        41.257
39.3300    -260021.7034 -260036.5663      14.8629   306.6    3677.0768         1.01693         52.7        41.257
39.3400    -260022.3920 -260036.6195      14.2275   293.5    3677.0768         1.01693         52.7        41.257
39.3500    -260022.4635 -260037.0413      14.5778   300.7    3667.2267         1.01966         52.7        41.257
39.3600    -260022.6568 -260035.8671      13.2102   272.5    3667.2267         1.01966         52.7        41.257
39.3700    -260021.8731 -260036.1485      14.2754   294.5    3677.9062         1.01670         52.7        41.257
39.3800    -260021.4332 -260036.6907      15.2576   314.8    3682.2922         1.01549         52.8        41.257
39.3900    -260021.5409 -260036.7472      15.2063   313.7    3682.2922         1.01549         52.7        41.257
39.4000    -260021.1432 -260036.1791      15.0360   310.2    3682.2922         1.01549         52.7        41.257
39.4100    -260021.0241 -260035.2556      14.2315   293.6    3682.2922         1.01549         52.7        41.257
39.4200    -260020.8243 -260035.5474      14.7231   303.7    3682.2922         1.01549         52.7        41.257
39.4300    -260020.1728 -260035.1316      14.9588   308.6    3682.2922         1.01549         52.7        41.257
39.4400    -260020.1219 -260034.7721      14.6503   302.2    3659.8541         1.02171         52.7        41.257
39.4500    -260020.4619 -260035.2432      14.7813   304.9    3659.8541         1.02171         52.7        41.257
39.4600    -260020.3527 -260035.7583      15.4056   317.8    3659.8541         1.02171         52.7        41.257
39.4700    -260020.1740 -260035.9303      15.7563   325.1    3665.2131         1.02022         52.7        41.257
39.4800    -260020.5643 -260034.8535      14.2892   294.8    3665.2131         1.02022         52.7        41.257
39.4900    -260020.3900 -260034.5949      14.2050   293.1    3680.6075         1.01595         52.7        41.257
39.5000    -260020.9716 -260035.1349      14.1633   292.2    3680.6075         1.01595         52.7        41.257
39.5100    -260020.3815 -260035.6342      15.2527   314.7    3680.6075         1.01595         52.7        41.257
39.5200    -260019.9276 -260034.7490      14.8214   305.8    3675.4089         1.01739         52.7        41.257
39.5300    -260020.1622 -260035.5155      15.3533   316.7    3689.4880         1.01351         52.7        41.257
39.5400    -260020.5269 -260035.7707      15.2438   314.5    3674.9622         1.01751         52.7        41.257
39.5500    -260020.6853 -260035.4832      14.7979   305.3    3639.2409         1.02750         52.7        41.257
39.5600    -260020.7354 -260036.0136      15.2782   315.2    3639.2409         1.02750         52.7        41.257
39.5700    -260021.0221 -260035.8461      14.8240   305.8    3615.0229         1.03439         52.8        41.257
39.5800    -260020.9775 -260035.4621      14.4846   298.8    3615.0229         1.03439         52.7        41.257
39.5900    -260021.3254 -260035.4922      14.1667   292.3    3615.0229         1.03439         52.7        41.257
39.6000    -260021.8044 -260036.1120      14.3076   295.2    3632.0174         1.02955         52.7        41.257
39.6100    -260022.7087 -260036.6727      13.9640   288.1    3632.0174         1.02955         52.7        41.257
39.6200    -260022.6546 -260036.0518      13.3972   276.4    3626.3901         1.03114         52.8        41.257
39.6300    -260022.5606 -260035.2977      12.7372   262.8    3626.3901         1.03114         52.7        41.257
39.6400    -260022.2975 -260035.6232      13.3257   274.9    3585.5931         1.04288         52.8        41.257
39.6500    -260022.4917 -260036.8089      14.3172   295.4    3585.5931         1.04288         52.7        41.257
39.6600    -260021.9116 -260036.6035      14.6919   303.1    3585.5931         1.04288         52.7        41.257
39.6700    -260021.9789 -260035.9195      13.9405   287.6    3585.5931         1.04288         52.7        41.257
39.6800    -260022.0333 -260036.7970      14.7637   304.6    3585.5931         1.04288         52.7        41.257
39.6900    -260021.9379 -260036.9076      14.9697   308.8    3565.4225         1.04878         52.7        41.257
39.7000    -260021.8865 -260035.7436      13.8571   285.9    3565.4225         1.04878         52.7        41.257
39.7100    -260021.4824 -260036.2580      14.7755   304.8    3565.4225         1.04878         52.7        41.257
39.7200    -260021.8459 -260036.2618      14.4159   297.4    3559.8344         1.05042         52.7        41.257
39.7300    -260022.1474 -260036.5319      14.3845   296.8    3559.8344         1.05042         52.7        41.257
39.7400    -260022.1111 -260037.8589      15.7478   324.9    3559.8344         1.05042         52.7        41.257
39.7500    -260022.0490 -260037.1341      15.0851   311.2    3554.0591         1.05213         52.7        41.257
39.7600    -260021.5052 -260036.5421      15.0369   310.2    3554.0591         1.05213         52.7        41.257
39.7700    -260021.4756 -260035.8597      14.3841   296.7    3579.2949         1.04471         52.7        41.257
39.7800    -260022.0814 -260036.3804      14.2989   295.0    3579.2949         1.04471         52.7        41.257
39.7900    -260022.3673 -260036.2030      13.8358   285.4    3579.2949         1.04471         52.7        41.257
39.8000    -260022.3746 -260036.6277      14.2531   294.0    3579.2949         1.04471         52.7        41.257
39.8100    -260022.1221 -260036.5836      14.4614   298.3    3579.2949         1.04471         52.7        41.257
39.8200    -260021.6707 -260036.2773      14.6066   301.3    3581.7776         1.04399         52.7        41.257
39.8300    -260021.5438 -260035.4556      13.9118   287.0    3581.7776         1.04399         52.7        41.257
39.8400    -260021.7713 -260035.3495      13.5782   280.1    3581.7776         1.04399         52.7        41.257
39.8500    -260021.4502 -260035.2761      13.8259   285.2    3610.3985         1.03571         52.7        41.257
39.8600    -260021.2122 -260035.2701      14.0580   290.0    3610.3985         1.03571         52.7        41.257
39.8700    -260020.8134 -260035.7271      14.9137   307.7    3608.0612         1.03638         52.7        41.257
39.8800    -260021.2397 -260035.9300      14.6902   303.1    3608.0612         1.03638         52.7        41.257
39.8900    -260020.8837 -260036.1029      15.2192   314.0    3608.0612         1.03638         52.6        41.257
39.9000    -260021.2746 -260034.9597      13.6851   282.3    3608.0612         1.03638         52.6        41.257
39.9100    -260020.7735 -260036.0617      15.2882   315.4    3608.0612         1.03638         52.6        41.257
39.9200    -260020.0927 -260034.8452      14.7525   304.3    3644.5922         1.02599         52.6        41.257
39.9300    -260020.3826 -260034.9137      14.5311   299.8    3644.5922         1.02599         52.6        41.257
39.9400    -260020.4391 -260035.4225      14.9834   309.1    3676.2114         1.01717         52.6        41.257
39.9500    -260020.9821 -260035.9664      14.9843   309.1    3644.8253         1.02593         52.7        41.257
39.9600    -260020.5702 -260035.5291      14.9588   308.6    3644.8253         1.02593         52.7        41.257
39.9700    -260020.3444 -260034.5745      14.2301   293.6    3644.8253         1.02593         52.6        41.257
39.9800    -260021.0343 -260036.0680      15.0337   310.1    3635.7129         1.02850         52.7        41.257
39.9900    -260021.0936 -260036.6067      15.5132   320.0    3635.7129         1.02850         52.6        41.257
40.0000    -260020.9684 -260036.0883      15.1200   311.9    3635.7129         1.02850         52.6        41.257
40.0100    -260021.0322 -260036.0952      15.0630   310.8    3635.7129         1.02850         52.6        41.257
40.0200    -260021.5946 -260036.5552      14.9606   308.6    3649.1834         1.02470         52.6        41.257
40.0300    -260021.4948 -260035.4347      13.9399   287.6    3628.7873         1.03046         52.7        41.257
40.0400    -260021.7656 -260035.9794      14.2137   293.2    3595.9871         1.03986         52.7        41.257
40.0500    -260021.9107 -260035.9798      14.0691   290.2    3595.9871         1.03986         52.7        41.257
40.0600    -260022.0467 -260036.4461      14.3994   297.1    3595.9871         1.03986         52.7        41.257
40.0700    -260022.1420 -260036.7343      14.5923   301.0    3628.2918         1.03060         52.7        41.257
40.0800    -260022.3498 -260036.0749      13.7251   283.2    3628.2918         1.03060         52.7        41.257
40.0900    -260022.5697 -260036.2845      13.7148   282.9    3612.4727         1.03512         52.7        41.257
40.1000    -260022.4084 -260036.7006      14.2922   294.9    3612.4727         1.03512         52.6        41.257
40.1100    -260022.8167 -260036.4717      13.6549   281.7    3612.4727         1.03512         52.6        41.257
40.1200    -260022.1015 -260036.5989      14.4974   299.1    3630.5338         1.02997         52.7        41.257
40.1300    -260022.0601 -260036.2644      14.2043   293.0    3630.5338         1.02997         52.6        41.257
40.1400    -260022.0067 -260036.2402      14.2334   293.6    3609.8146         1.03588         52.7        41.257
40.1500    -260022.4935 -260036.2780      13.7845   284.4    3599.9500         1.03872         52.7        41.257
40.1600    -260021.8849 -260036.4128      14.5279   299.7    3599.9500         1.03872         52.7        41.257
40.1700    -260021.7594 -260036.9127      15.1533   312.6    3599.9500         1.03872         52.7        41.257
40.1800    -260021.8802 -260036.2347      14.3545   296.1    3599.9500         1.03872         52.6        41.257
40.1900    -260022.1313 -260037.2154      15.0841   311.2    3563.3340         1.04939         52.7        41.257
40.2000    -260022.0264 -260035.8989      13.8725   286.2    3563.3340         1.04939         52.6        41.257
40.2100    -260021.5306 -260035.7783      14.2477   293.9    3563.3340         1.04939         52.6        41.257
40.2200    -260021.6151 -260036.2239      14.6089   301.4    3544.6502         1.05492         52.7        41.257
40.2300    -260021.5281 -260035.9331      14.4050   297.2    3554.4661         1.05201         52.7        41.257
40.2400    -260021.7629 -260036.8767      15.1138   311.8    3554.4661         1.05201         52.7        41.257
40.2500    -260021.8506 -260037.3912      15.5406   320.6    3554.4661         1.05201         52.6        41.257
40.2600    -260021.9583 -260037.1462      15.1878   313.3    3554.4661         1.05201         52.6        41.257
40.2700    -260021.3972 -260036.4625      15.0652   310.8    3554.4661         1.05201         52.6        41.257
40.2800    -260021.8751 -260036.0008      14.1257   291.4    3551.8436         1.05278         52.6        41.257
40.2900    -260021.9752 -260036.6789      14.7037   303.3    3551.8436         1.05278         52.6        41.257
40.3000    -260021.3284 -260037.3450      16.0167   330.4    3528.9133         1.05963         52.6        41.257
40.3100    -260021.9107 -260037.2419      15.3312   316.3    3528.9133         1.05963         52.6        41.257
40.3200    -260021.6621 -260036.9241      15.2620   314.9    3549.7714         1.05340         52.7        41.257
40.3300    -260022.2614 -260036.4684      14.2070   293.1    3534.0613         1.05808         52.7        41.257
40.3400    -260022.2834 -260036.7939      14.5105   299.4    3533.9525         1.05811         52.7        41.257
40.3500    -260022.0307 -260036.1585      14.1278   291.5    3533.9525         1.05811         52.7        41.257
40.3600    -260022.1780 -260036.7147      14.5367   299.9    3533.9525         1.05811         52.7        41.257
40.3700    -260022.2587 -260035.7223      13.4636   277.8    3542.3664         1.05560         52.7        41.257
40.3800    -260022.3232 -260035.9150      13.5918   280.4    3578.6975         1.04488         52.7        41.257
40.3900    -260022.0243 -260036.4619      14.4376   297.9    3578.6975         1.04488         52.7        41.257
40.4000    -260022.0264 -260036.0241      13.9977   288.8    3578.6975         1.04488         52.7        41.257
40.4100    -260021.2544 -260036.8908      15.6363   322.6    3578.6975         1.04488         52.7        41.257
40.4200    -260020.7526 -260036.2747      15.5221   320.2    3572.5715         1.04668         52.7        41.257
40.4300    -260020.2129 -260035.5356      15.3227   316.1    3602.8538         1.03788         52.7        41.257
40.4400    -260019.9492 -260035.2123      15.2631   314.9    3605.6171         1.03708         52.7        41.257
40.4500    -260019.9542 -260035.1117      15.1575   312.7    3605.6171         1.03708         52.7        41.257
40.4600    -260020.2061 -260035.2812      15.0751   311.0    3605.6171         1.03708         52.7        41.257
40.4700    -260019.5806 -260035.1324      15.5518   320.8    3598.5763         1.03911         52.7        41.257
40.4800    -260019.3396 -260035.4830      16.1434   333.0    3598.5763         1.03911         52.7        41.257
40.4900    -260019.6469 -260035.4559      15.8090   326.1    3598.5763         1.03911         52.7        41.257
40.5000    -260019.9376 -260034.9406      15.0029   309.5    3598.5763         1.03911         52.7        41.257
40.5100    -260020.0095 -260034.9430      14.9335   308.1    3598.5763         1.03911         52.7        41.257
40.5200    -260020.1105 -260035.7289      15.6184   322.2    3598.5763         1.03911         52.6        41.257
40.5300    -260020.9394 -260036.1646      15.2252   314.1    3598.5763         1.03911         52.6        41.257
40.5400    -260021.2073 -260035.4203      14.2130   293.2    3636.9048         1.02816         52.6        41.257
40.5500    -260020.7249 -260034.9779      14.2530   294.0    3636.9048         1.02816         52.6        41.257
40.5600    -260020.6888 -260035.7601      15.0713   310.9    3636.9048         1.02816         52.6        41.257
40.5700    -260020.1287 -260035.3410      15.2123   313.8    3625.5631         1.03138         52.6        41.257
40.5800    -260020.5764 -260035.8714      15.2951   315.5    3608.6303         1.03622         52.6        41.257
40.5900    -260020.2924 -260034.2909      13.9985   288.8    3587.7784         1.04224         52.7        41.257
40.6000    -260020.2213 -260035.1873      14.9659   308.8    3587.7784         1.04224         52.6        41.257
40.6100    -260020.1576 -260035.3870      15.2294   314.2    3587.7784         1.04224         52.6        41.257
40.6200    -260019.8791 -260035.3235      15.4444   318.6    3587.7784         1.04224         52.6        41.257
40.6300    -260020.1864 -260035.8367      15.6503   322.9    3559.8817         1.05041         52.6        41.257
40.6400    -260020.4714 -260035.7955      15.3241   316.1    3524.3674         1.06099         52.7        41.257
40.6500    -260020.7684 -260035.2639      14.4955   299.0    3524.3674         1.06099         52.6        41.257
40.6600    -260020.7764 -260035.9274      15.1510   312.6    3524.3674         1.06099         52.6        41.257
40.6700    -260021.2432 -260036.1576      14.9143   307.7    3546.9871         1.05423         52.7        41.257
40.6800    -260020.8796 -260036.0027      15.1231   312.0    3544.6503         1.05492         52.7        41.257
40.6900    -260021.3075 -260035.7386      14.4311   297.7    3544.6503         1.05492         52.7        41.257
40.7000    -260021.2513 -260036.1527      14.9015   307.4    3544.6503         1.05492         52.6        41.257
40.7100    -260022.0846 -260035.8933      13.8087   284.9    3544.6503         1.05492         52.6        41.257
40.7200    -260021.7043 -260036.1472      14.4430   298.0    3583.2193         1.04357         52.7        41.257
40.7300    -260021.8965 -260035.2964      13.3999   276.4    3576.7612         1.04545         52.7        41.257
40.7400    -260021.5294 -260034.9054      13.3760   275.9    3576.7612         1.04545         52.7        41.257
40.7500    -260021.3646 -260034.6674      13.3028   274.4    3576.7612         1.04545         52.6        41.257
40.7600    -260021.5419 -260035.2437      13.7018   282.7    3576.7612         1.04545         52.6        41.257
40.7700    -260021.3089 -260034.9264      13.6175   280.9    3603.7952         1.03761         52.7        41.257
40.7800    -260021.1882 -260035.0436      13.8554   285.8    3603.7952         1.03761         52.6        41.257
40.7900    -260021.4074 -260035.2575      13.8501   285.7    3578.9402         1.04481         52.7        41.257
40.8000    -260021.0548 -260035.3958      14.3410   295.9    3541.4275         1.05588         52.7        41.257
40.8100    -260021.0934 -260035.4648      14.3713   296.5    3541.4275         1.05588         52.7        41.257
40.8200    -260020.8085 -260035.8109      15.0025   309.5    3545.3030         1.05473         52.7        41.257
40.8300    -260021.0211 -260035.8583      14.8372   306.1    3548.6031         1.05375         52.7        41.257
40.8400    -260020.9982 -260035.6200      14.6218   301.7    3548.6031         1.05375         52.7        41.257
40.8500    -260021.2365 -260035.4689      14.2324   293.6    3532.9602         1.05841         52.7        41.257
40.8600    -260021.3554 -260035.9026      14.5472   300.1    3532.9602         1.05841         52.7        41.257
40.8700    -260021.3085 -260037.2367      15.9282   328.6    3529.7082         1.05939         52.7        41.257
40.8800    -260021.1286 -260036.3382      15.2095   313.8    3507.6819         1.06604         52.7        41.257
40.8900    -260020.9830 -260036.0425      15.0594   310.7    3507.6819         1.06604         52.7        41.257
40.9000    -260021.2433 -260035.9744      14.7310   303.9    3507.6819         1.06604         52.7        41.257
40.9100    -260021.8799 -260036.7749      14.8950   307.3    3507.6819         1.06604         52.7        41.257
40.9200    -260021.7281 -260036.0687      14.3406   295.8    3519.9116         1.06234         52.7        41.257
40.9300    -260022.0395 -260035.9740      13.9345   287.5    3519.9116         1.06234         52.7        41.257
40.9400    -260022.0319 -260035.9803      13.9484   287.8    3519.9116         1.06234         52.7        41.257
40.9500    -260021.6700 -260035.7097      14.0397   289.6    3519.9116         1.06234         52.7        41.257
40.9600    -260021.8288 -260036.5603      14.7316   303.9    3519.9116         1.06234         52.7        41.257
40.9700    -260022.0373 -260036.1841      14.1468   291.9    3508.0825         1.06592         52.7        41.257
40.9800    -260022.1240 -260035.9157      13.7918   284.5    3498.2100         1.06893         52.7        41.257
40.9900    -260022.2275 -260036.5673      14.3399   295.8    3477.6508         1.07524         52.7        41.257
41.0000    -260022.2866 -260036.1176      13.8309   285.3    3480.0387         1.07451         52.7        41.257
41.0100    -260022.4828 -260036.3710      13.8882   286.5    3480.0387         1.07451         52.7        41.257
41.0200    -260022.5221 -260036.8331      14.3110   295.2    3440.0164         1.08701         52.7        41.257
41.0300    -260022.4837 -260036.3148      13.8311   285.3    3444.7230         1.08552         52.7        41.257
41.0400    -260021.9095 -260036.3574      14.4479   298.1    3435.5207         1.08843         52.8        41.257
41.0500    -260022.4850 -260036.8780      14.3931   296.9    3448.1603         1.08444         52.8        41.257
41.0600    -260022.4759 -260036.9762      14.5003   299.1    3448.1603         1.08444         52.8        41.257
41.0700    -260022.4269 -260036.6678      14.2409   293.8    3448.1603         1.08444         52.8        41.257
41.0800    -260021.6315 -260036.7140      15.0825   311.2    3472.5565         1.07682         52.8        41.257
41.0900    -260021.6461 -260036.1628      14.5167   299.5    3472.5565         1.07682         52.8        41.257
41.1000    -260021.8356 -260036.0853      14.2497   294.0    3500.7956         1.06814         52.8        41.257
41.1100    -260021.7910 -260036.2606      14.4696   298.5    3500.7956         1.06814         52.8        41.257
41.1200    -260022.1405 -260036.7614      14.6209   301.6    3500.7956         1.06814         52.8        41.257
41.1300    -260022.1944 -260037.0754      14.8810   307.0    3515.6291         1.06363         52.8        41.257
41.1400    -260021.7593 -260036.9121      15.1528   312.6    3515.6291         1.06363         52.7        41.257
41.1500    -260021.7596 -260036.8520      15.0924   311.4    3515.6291         1.06363         52.7        41.257
41.1600    -260021.7427 -260036.7663      15.0237   309.9    3515.6291         1.06363         52.7        41.257
41.1700    -260022.1331 -260037.0588      14.9258   307.9    3515.6291         1.06363         52.7        41.257
41.1800    -260022.2087 -260036.5601      14.3514   296.1    3510.7610         1.06510         52.7        41.257
41.1900    -260021.9209 -260035.9832      14.0623   290.1    3530.6333         1.05911         52.7        41.257
41.2000    -260021.6208 -260036.1961      14.5753   300.7    3536.9440         1.05722         52.8        41.257
41.2100    -260021.6802 -260035.7414      14.0613   290.1    3536.9440         1.05722         52.8        41.257
41.2200    -260021.4456 -260036.6287      15.1831   313.2    3536.9440         1.05722         52.7        41.257
41.2300    -260021.1051 -260037.6575      16.5523   341.5    3536.9440         1.05722         52.7        41.257
41.2400    -260021.0216 -260036.2709      15.2493   314.6    3534.1208         1.05806         52.7        41.257
41.2500    -260020.9804 -260035.6810      14.7006   303.3    3534.1208         1.05806         52.7        41.257
41.2600    -260021.1319 -260035.8814      14.7495   304.3    3534.1208         1.05806         52.7        41.257
41.2700    -260020.2974 -260036.5589      16.2615   335.5    3570.5153         1.04728         52.7        41.257
41.2800    -260020.3785 -260035.6308      15.2523   314.7    3551.3892         1.05292         52.8        41.257
41.2900    -260020.7607 -260035.5016      14.7409   304.1    3544.6292         1.05493         52.8        41.257
41.3000    -260020.9514 -260034.8338      13.8824   286.4    3538.2568         1.05683         52.8        41.257
41.3100    -260021.1612 -260035.1828      14.0216   289.3    3538.2568         1.05683         52.8        41.257
41.3200    -260021.6000 -260036.0018      14.4018   297.1    3564.1030         1.04916         52.8        41.257
41.3300    -260021.6388 -260036.1556      14.5168   299.5    3564.1030         1.04916         52.8        41.257
41.3400    -260021.4802 -260036.2980      14.8178   305.7    3564.1030         1.04916         52.8        41.257
41.3500    -260021.0791 -260035.6881      14.6090   301.4    3564.1030         1.04916         52.8        41.257
41.3600    -260021.1120 -260035.6292      14.5172   299.5    3564.1030         1.04916         52.8        41.257
41.3700    -260020.9959 -260035.8268      14.8309   306.0    3565.8913         1.04864         52.8        41.257
41.3800    -260020.5877 -260035.1389      14.5512   300.2    3565.8913         1.04864         52.7        41.257
41.3900    -260021.3960 -260035.4717      14.0757   290.4    3546.8968         1.05425         52.8        41.257
41.4000    -260021.9380 -260035.4858      13.5479   279.5    3546.8968         1.05425         52.7        41.257
41.4100    -260021.7638 -260035.7199      13.9561   287.9    3546.8968         1.05425         52.7        41.257
41.4200    -260021.2674 -260036.7018      15.4344   318.4    3546.8968         1.05425         52.7        41.257
41.4300    -260021.1047 -260035.2482      14.1435   291.8    3546.8968         1.05425         52.7        41.257
41.4400    -260020.7476 -260035.7016      14.9540   308.5    3547.7639         1.05400         52.7        41.257
41.4500    -260020.9672 -260036.5438      15.5766   321.3    3567.7050         1.04810         52.7        41.257
41.4600    -260021.1591 -260036.2516      15.0925   311.4    3567.7050         1.04810         52.7        41.257
41.4700    -260020.8232 -260035.9792      15.1560   312.7    3567.7050         1.04810         52.7        41.257
41.4800    -260020.9548 -260035.2997      14.3448   295.9    3570.5812         1.04726         52.7        41.257
41.4900    -260021.2184 -260035.9236      14.7052   303.4    3589.0076         1.04188         52.8        41.257
41.5000    -260021.1321 -260035.8988      14.7667   304.6    3589.0076         1.04188         52.7        41.257
41.5100    -260020.9032 -260035.4272      14.5240   299.6    3589.0076         1.04188         52.7        41.257
41.5200    -260021.2388 -260035.7060      14.4673   298.5    3575.0808         1.04594         52.8        41.257
41.5300    -260020.8462 -260035.2485      14.4023   297.1    3548.6174         1.05374         52.8        41.257
41.5400    -260021.1464 -260035.9886      14.8422   306.2    3548.6174         1.05374         52.8        41.257
41.5500    -260021.1998 -260035.9138      14.7140   303.6    3562.3131         1.04969         52.8        41.257
41.5600    -260021.0137 -260036.3922      15.3785   317.3    3562.3131         1.04969         52.8        41.257
41.5700    -260021.2169 -260035.4201      14.2032   293.0    3553.1211         1.05241         52.8        41.257
41.5800    -260021.4820 -260036.1623      14.6803   302.9    3556.1006         1.05152         52.8        41.257
41.5900    -260021.0864 -260036.4797      15.3933   317.6    3556.1006         1.05152         52.8        41.257
41.6000    -260021.3152 -260037.0167      15.7015   323.9    3556.1006         1.05152         52.8        41.257
41.6100    -260021.5611 -260036.1557      14.5946   301.1    3556.1006         1.05152         52.8        41.257
41.6200    -260021.7540 -260036.3245      14.5705   300.6    3553.1337         1.05240         52.8        41.257
41.6300    -260021.8051 -260036.9465      15.1414   312.4    3591.8100         1.04107         52.8        41.257
41.6400    -260022.8993 -260036.9333      14.0340   289.5    3567.6552         1.04812         52.8        41.257
41.6500    -260022.3969 -260036.7834      14.3865   296.8    3570.1310         1.04739         52.8        41.257
41.6600    -260022.6984 -260036.8970      14.1986   292.9    3570.1310         1.04739         52.8        41.257
41.6700    -260022.0745 -260035.7613      13.6869   282.4    3570.1310         1.04739         52.8        41.257
41.6800    -260021.6653 -260036.1144      14.4491   298.1    3568.2878         1.04793         52.8        41.257
41.6900    -260021.4977 -260036.4747      14.9770   309.0    3568.2878         1.04793         52.8        41.257
41.7000    -260021.2687 -260036.7819      15.5132   320.0    3568.2878         1.04793         52.8        41.257
41.7100    -260021.1303 -260035.7874      14.6571   302.4    3568.2878         1.04793         52.8        41.257
41.7200    -260021.3423 -260034.8680      13.5256   279.0    3542.1808         1.05566         52.8        41.257
41.7300    -260020.9382 -260034.9042      13.9660   288.1    3542.1808         1.05566         52.8        41.257
41.7400    -260021.3311 -260035.0923      13.7612   283.9    3533.9809         1.05811         52.8        41.257
41.7500    -260021.9163 -260036.0330      14.1167   291.2    3533.9809         1.05811         52.8        41.257
41.7600    -260021.9647 -260036.0888      14.1242   291.4    3533.9809         1.05811         52.8        41.257
41.7700    -260021.7994 -260036.1220      14.3226   295.5    3516.1065         1.06348         52.8        41.257
41.7800    -260021.7962 -260036.4527      14.6565   302.4    3527.5072         1.06005         52.8        41.257
41.7900    -260021.2510 -260036.3133      15.0623   310.7    3527.5072         1.06005         52.8        41.257
41.8000    -260021.2976 -260036.2862      14.9887   309.2    3527.5072         1.06005         52.8        41.257
41.8100    -260021.1934 -260035.7804      14.5870   300.9    3527.5072         1.06005         52.8        41.257
41.8200    -260021.2173 -260035.7171      14.4997   299.1    3527.5072         1.06005         52.8        41.257
41.8300    -260021.2904 -260035.8054      14.5150   299.4    3527.5072         1.06005         52.7        41.257
41.8400    -260021.6437 -260036.2606      14.6170   301.6    3518.3380         1.06281         52.8        41.257
41.8500    -260021.9648 -260036.2867      14.3219   295.5    3518.3380         1.06281         52.7        41.257
41.8600    -260022.2599 -260036.5790      14.3191   295.4    3518.3380         1.06281         52.7        41.257
41.8700    -260022.8242 -260036.3998      13.5756   280.1    3521.7530         1.06178         52.8        41.257
41.8800    -260022.6083 -260036.1644      13.5561   279.7    3532.7207         1.05848         52.8        41.257
41.8900    -260022.7052 -260036.1374      13.4322   277.1    3532.7207         1.05848         52.8        41.257
41.9000    -260022.7138 -260036.1413      13.4275   277.0    3553.9827         1.05215         52.8        41.257
41.9100    -260022.4855 -260036.7518      14.2663   294.3    3553.9827         1.05215         52.8        41.257
41.9200    -260021.9743 -260035.3854      13.4111   276.7    3553.9827         1.05215         52.8        41.257
41.9300    -260021.6864 -260035.6634      13.9770   288.3    3553.9827         1.05215         52.7        41.257
41.9400    -260021.0611 -260035.6767      14.6156   301.5    3553.9827         1.05215         52.7        41.257
41.9500    -260020.7670 -260035.7135      14.9465   308.4    3553.4799         1.05230         52.7        41.257
41.9600    -260020.7113 -260035.5111      14.7998   305.3    3553.4799         1.05230         52.7        41.257
41.9700    -260020.3804 -260036.1180      15.7376   324.7    3553.4799         1.05230         52.7        41.257
41.9800    -260021.0072 -260035.6905      14.6833   302.9    3553.4799         1.05230         52.7        41.257
41.9900    -260021.2888 -260035.8858      14.5970   301.1    3553.4799         1.05230         52.7        41.257
42.0000    -260021.2506 -260036.0517      14.8012   305.4    3563.7850         1.04926         52.7        41.257
42.0100    -260021.7023 -260036.3892      14.6870   303.0    3563.7850         1.04926         52.7        41.257
42.0200    -260021.7028 -260036.0156      14.3128   295.3    3563.7850         1.04926         52.7        41.257
42.0300    -260021.9425 -260035.6186      13.6761   282.1    3556.3549         1.05145         52.7        41.257
42.0400    -260022.2650 -260036.0925      13.8275   285.3    3556.3549         1.05145         52.7        41.257
42.0500    -260022.3782 -260036.4938      14.1156   291.2    3581.1271         1.04418         52.7        41.257
42.0600    -260022.2839 -260035.3664      13.0825   269.9    3581.1271         1.04418         52.7        41.257
42.0700    -260022.0928 -260036.7615      14.6687   302.6    3581.1271         1.04418         52.7        41.257
42.0800    -260022.3399 -260036.6029      14.2630   294.2    3581.1271         1.04418         52.7        41.257
42.0900    -260021.7165 -260036.8946      15.1781   313.1    3589.9690         1.04160         52.7        41.257
42.1000    -260021.8364 -260035.5565      13.7201   283.0    3589.9690         1.04160         52.7        41.257
42.1100    -260021.4038 -260036.2277      14.8239   305.8    3589.9690         1.04160         52.7        41.257
42.1200    -260021.5393 -260036.3980      14.8586   306.5    3586.8976         1.04250         52.7        41.257
42.1300    -260021.5651 -260036.8633      15.2982   315.6    3571.7672         1.04691         52.7        41.257
42.1400    -260021.5361 -260036.6118      15.0757   311.0    3571.7672         1.04691         52.7        41.257
42.1500    -260021.4580 -260036.5026      15.0446   310.4    3571.7672         1.04691         52.7        41.257
42.1600    -260021.0449 -260035.6190      14.5740   300.7    3571.7672         1.04691         52.7        41.257
42.1700    -260021.5435 -260034.9552      13.4116   276.7    3595.4331         1.04002         52.7        41.257
42.1800    -260021.6065 -260036.2939      14.6873   303.0    3592.9202         1.04075         52.7        41.257
42.1900    -260021.7181 -260036.0089      14.2908   294.8    3596.1134         1.03982         52.7        41.257
42.2000    -260022.1778 -260036.0502      13.8724   286.2    3596.1134         1.03982         52.7        41.257
42.2100    -260022.0988 -260035.8120      13.7132   282.9    3596.1134         1.03982         52.7        41.257
42.2200    -260022.3102 -260037.1496      14.8394   306.1    3596.1134         1.03982         52.7        41.257
42.2300    -260022.6451 -260036.8018      14.1567   292.1    3572.9710         1.04656         52.7        41.257
42.2400    -260022.6820 -260036.9277      14.2457   293.9    3561.9433         1.04980         52.7        41.257
42.2500    -260022.4752 -260036.2109      13.7358   283.4    3561.9433         1.04980         52.7        41.257
42.2600    -260022.6800 -260036.7075      14.0275   289.4    3561.9433         1.04980         52.7        41.257
42.2700    -260023.3157 -260037.7320      14.4162   297.4    3561.9433         1.04980         52.7        41.257
42.2800    -260023.1633 -260036.9490      13.7857   284.4    3561.9433         1.04980         52.7        41.257
42.2900    -260023.1527 -260037.1630      14.0103   289.0    3561.9433         1.04980         52.6        41.257
42.3000    -260023.2288 -260036.4791      13.2503   273.4    3561.9433         1.04980         52.6        41.257
42.3100    -260022.4293 -260036.2327      13.8034   284.8    3561.9433         1.04980         52.6        41.257
42.3200    -260022.3568 -260036.3930      14.0362   289.6    3561.9433         1.04980         52.6        41.257
42.3300    -260022.4666 -260036.0612      13.5946   280.5    3562.0631         1.04976         52.6        41.257
42.3400    -260022.6204 -260037.1299      14.5094   299.3    3562.0631         1.04976         52.6        41.257
42.3500    -260022.9965 -260036.8166      13.8201   285.1    3562.0631         1.04976         52.6        41.257
42.3600    -260023.1156 -260037.2941      14.1785   292.5    3562.0631         1.04976         52.6        41.257
42.3700    -260023.5619 -260036.8428      13.2808   274.0    3562.0631         1.04976         52.6        41.257
42.3800    -260023.4688 -260036.9767      13.5079   278.7    3552.2231         1.05267         52.6        41.257
42.3900    -260023.1988 -260037.0583      13.8595   285.9    3547.9639         1.05394         52.6        41.257
42.4000    -260023.1054 -260036.7369      13.6315   281.2    3560.9300         1.05010         52.6        41.257
42.4100    -260023.4826 -260037.0975      13.6149   280.9    3560.9300         1.05010         52.6        41.257
42.4200    -260023.0476 -260036.9963      13.9487   287.8    3579.4796         1.04466         52.6        41.257
42.4300    -260022.7809 -260037.5870      14.8061   305.5    3587.2104         1.04241         52.7        41.257
42.4400    -260022.9317 -260037.4311      14.4995   299.1    3587.2104         1.04241         52.6        41.257
42.4500    -260022.7331 -260036.0696      13.3365   275.1    3587.2104         1.04241         52.6        41.257
42.4600    -260022.7179 -260036.6107      13.8928   286.6    3587.2104         1.04241         52.6        41.257
42.4700    -260023.2611 -260037.0256      13.7644   284.0    3587.2104         1.04241         52.6        41.257
42.4800    -260023.5960 -260037.4947      13.8987   286.7    3587.2104         1.04241         52.6        41.257
42.4900    -260023.8513 -260037.6458      13.7944   284.6    3591.7625         1.04108         52.6        41.257
42.5000    -260023.2581 -260036.6314      13.3734   275.9    3591.7625         1.04108         52.6        41.257
42.5100    -260023.4271 -260036.5570      13.1299   270.9    3591.7625         1.04108         52.6        41.257
42.5200    -260023.7993 -260037.0056      13.2063   272.4    3555.4535         1.05172         52.6        41.257
42.5300    -260023.5619 -260037.0532      13.4913   278.3    3545.6287         1.05463         52.6        41.257
42.5400    -260023.8220 -260037.2222      13.4002   276.4    3548.5936         1.05375         52.6        41.257
42.5500    -260023.7263 -260037.0756      13.3493   275.4    3548.5936         1.05375         52.6        41.257
42.5600    -260023.3151 -260037.0658      13.7507   283.7    3548.5936         1.05375         52.6        41.257
42.5700    -260023.5519 -260036.8676      13.3156   274.7    3542.6122         1.05553         52.6        41.257
42.5800    -260022.8608 -260036.6950      13.8342   285.4    3542.6122         1.05553         52.6        41.257
42.5900    -260022.2903 -260036.2703      13.9800   288.4    3528.9750         1.05961         52.6        41.257
42.6000    -260022.3444 -260035.6155      13.2711   273.8    3504.5698         1.06699         52.6        41.257
42.6100    -260022.1309 -260035.7966      13.6657   281.9    3504.5698         1.06699         52.6        41.257
42.6200    -260021.5495 -260035.4318      13.8823   286.4    3504.5698         1.06699         52.6        41.257
42.6300    -260021.9658 -260035.4514      13.4856   278.2    3470.5946         1.07743         52.6        41.257
42.6400    -260021.8377 -260035.5388      13.7011   282.7    3470.5946         1.07743         52.6        41.257
42.6500    -260021.7224 -260035.9288      14.2065   293.1    3470.5946         1.07743         52.6        41.257
42.6600    -260021.9173 -260036.0787      14.1615   292.2    3470.5946         1.07743         52.6        41.257
42.6700    -260022.0761 -260036.4625      14.3863   296.8    3492.7515         1.07060         52.6        41.257
42.6800    -260021.9373 -260036.6154      14.6781   302.8    3492.7515         1.07060         52.6        41.257
42.6900    -260021.5536 -260036.2640      14.7104   303.5    3492.7515         1.07060         52.6        41.257
42.7000    -260021.7096 -260035.6849      13.9753   288.3    3492.7515         1.07060         52.6        41.257
42.7100    -260021.9384 -260035.9473      14.0089   289.0    3492.7515         1.07060         52.6        41.257
42.7200    -260022.1928 -260036.1815      13.9888   288.6    3520.2483         1.06223         52.6        41.257
42.7300    -260022.5045 -260036.2083      13.7038   282.7    3520.2483         1.06223         52.6        41.257
42.7400    -260021.5212 -260035.7389      14.2176   293.3    3507.6194         1.06606         52.6        41.257
42.7500    -260020.8485 -260034.5509      13.7024   282.7    3507.6194         1.06606         52.6        41.257
42.7600    -260021.0442 -260035.2036      14.1594   292.1    3507.6194         1.06606         52.6        41.257
42.7700    -260020.7496 -260035.9373      15.1877   313.3    3507.6194         1.06606         52.6        41.257
42.7800    -260020.5317 -260036.0886      15.5569   320.9    3533.1052         1.05837         52.6        41.257
42.7900    -260021.0935 -260035.4347      14.3412   295.9    3533.1052         1.05837         52.6        41.257
42.8000    -260021.0996 -260034.9932      13.8936   286.6    3533.1052         1.05837         52.5        41.257
42.8100    -260021.7058 -260036.5960      14.8901   307.2    3533.1052         1.05837         52.5        41.257
42.8200    -260021.5793 -260035.9801      14.4008   297.1    3559.4042         1.05055         52.6        41.257
42.8300    -260021.9497 -260036.6139      14.6642   302.5    3568.3365         1.04792         52.6        41.257
42.8400    -260022.4087 -260037.0863      14.6776   302.8    3547.5537         1.05406         52.6        41.257
42.8500    -260022.5631 -260037.1844      14.6213   301.6    3547.5537         1.05406         52.6        41.257
42.8600    -260022.5425 -260037.3347      14.7922   305.2    3547.5537         1.05406         52.6        41.257
42.8700    -260022.3636 -260037.3497      14.9860   309.2    3547.5537         1.05406         52.6        41.257
42.8800    -260022.6465 -260037.1008      14.4543   298.2    3558.2255         1.05090         52.6        41.257
42.8900    -260022.5026 -260036.8171      14.3146   295.3    3558.2255         1.05090         52.6        41.257
42.9000    -260021.8315 -260036.5689      14.7374   304.0    3558.2255         1.05090         52.5        41.257
42.9100    -260022.3412 -260036.6879      14.3467   296.0    3558.2255         1.05090         52.5        41.257
42.9200    -260022.1904 -260036.4267      14.2363   293.7    3547.3260         1.05413         52.5        41.257
42.9300    -260022.2026 -260036.2888      14.0862   290.6    3525.2135         1.06074         52.6        41.257
42.9400    -260022.5838 -260036.7787      14.1949   292.8    3530.3835         1.05918         52.6        41.257
42.9500    -260022.5216 -260036.8018      14.2802   294.6    3530.3835         1.05918         52.6        41.257
42.9600    -260022.4708 -260037.2318      14.7610   304.5    3530.3835         1.05918         52.6        41.257
42.9700    -260022.2094 -260036.9111      14.7017   303.3    3530.3835         1.05918         52.5        41.257
42.9800    -260022.1052 -260036.3271      14.2219   293.4    3538.1572         1.05686         52.6        41.257
42.9900    -260023.0467 -260036.4094      13.3627   275.7    3568.7619         1.04779         52.6        41.257
43.0000    -260022.7300 -260036.4231      13.6931   282.5    3568.7619         1.04779         52.6        41.257
43.0100    -260022.1484 -260036.7384      14.5900   301.0    3568.7619         1.04779         52.6        41.257
43.0200    -260022.7328 -260036.4140      13.6812   282.2    3587.1173         1.04243         52.6        41.257
43.0300    -260022.2353 -260035.9043      13.6690   282.0    3587.1173         1.04243         52.6        41.257
43.0400    -260022.0351 -260035.4718      13.4368   277.2    3587.1173         1.04243         52.5        41.257
43.0500    -260021.5845 -260035.6926      14.1081   291.1    3570.3342         1.04733         52.6        41.257
43.0600    -260021.2971 -260035.5767      14.2796   294.6    3570.3342         1.04733         52.6        41.257
43.0700    -260021.3000 -260035.4704      14.1704   292.3    3533.7916         1.05816         52.6        41.257
43.0800    -260021.2806 -260035.7113      14.4306   297.7    3511.8405         1.06478         52.6        41.257
43.0900    -260021.9590 -260035.9604      14.0014   288.9    3476.1018         1.07572         52.6        41.257
43.1000    -260022.0645 -260035.7125      13.6481   281.6    3476.1018         1.07572         52.6        41.257
43.1100    -260021.5648 -260036.1025      14.5377   299.9    3476.1018         1.07572         52.6        41.257
43.1200    -260021.5600 -260035.8695      14.3094   295.2    3476.1018         1.07572         52.6        41.257
43.1300    -260021.5515 -260036.4313      14.8798   307.0    3463.5689         1.07962         52.6        41.257
43.1400    -260021.9974 -260036.5036      14.5061   299.3    3449.0851         1.08415         52.6        41.257
43.1500    -260022.3706 -260036.7113      14.3407   295.9    3458.1293         1.08131         52.6        41.257
43.1600    -260022.2182 -260036.8368      14.6187   301.6    3458.1293         1.08131         52.6        41.257
43.1700    -260022.3748 -260036.4851      14.1102   291.1    3458.1293         1.08131         52.6        41.257
43.1800    -260022.0985 -260036.4595      14.3610   296.3    3458.1293         1.08131         52.6        41.257
43.1900    -260022.4403 -260037.1524      14.7121   303.5    3458.1293         1.08131         52.6        41.257
43.2000    -260022.1345 -260036.3734      14.2389   293.8    3479.4599         1.07469         52.6        41.257
43.2100    -260022.7649 -260036.0888      13.3239   274.9    3479.4599         1.07469         52.6        41.257
43.2200    -260022.3811 -260036.5344      14.1533   292.0    3479.4599         1.07469         52.6        41.257
43.2300    -260022.3130 -260036.5326      14.2196   293.4    3483.4179         1.07346         52.6        41.257
43.2400    -260022.1849 -260036.7385      14.5536   300.2    3483.4179         1.07346         52.6        41.257
43.2500    -260022.7604 -260036.5190      13.7587   283.8    3480.2772         1.07443         52.6        41.257
43.2600    -260021.6643 -260036.8180      15.1537   312.6    3480.2772         1.07443         52.6        41.257
43.2700    -260021.7955 -260036.1570      14.3615   296.3    3470.8269         1.07736         52.6        41.257
43.2800    -260021.7031 -260036.3419      14.6388   302.0    3470.8269         1.07736         52.6        41.257
43.2900    -260022.0334 -260036.5309      14.4976   299.1    3470.8269         1.07736         52.6        41.257
43.3000    -260021.7034 -260036.4537      14.7503   304.3    3510.8423         1.06508         52.6        41.257
43.3100    -260022.0938 -260036.0596      13.9658   288.1    3510.8423         1.06508         52.6        41.257
43.3200    -260022.2512 -260036.2256      13.9744   288.3    3510.8423         1.06508         52.6        41.257
43.3300    -260022.2766 -260036.7193      14.4427   298.0    3517.4388         1.06308         52.6        41.257
43.3400    -260022.9475 -260037.0073      14.0597   290.1    3517.4388         1.06308         52.6        41.257
43.3500    -260023.2533 -260037.0552      13.8019   284.7    3517.4388         1.06308         52.5        41.257
43.3600    -260022.9193 -260037.0169      14.0976   290.8    3517.4388         1.06308         52.5        41.257
43.3700    -260022.6880 -260036.3089      13.6210   281.0    3517.4388         1.06308         52.5        41.257
43.3800    -260022.2065 -260036.4448      14.2382   293.7    3517.4388         1.06308         52.5        41.257
43.3900    -260022.5291 -260036.6504      14.1213   291.3    3501.0146         1.06807         52.5        41.257
43.4000    -260022.1389 -260036.8109      14.6720   302.7    3501.0146         1.06807         52.5        41.257
43.4100    -260021.7524 -260036.9114      15.1590   312.7    3501.0146         1.06807         52.5        41.257
43.4200    -260021.7482 -260036.7967      15.0485   310.5    3521.0631         1.06199         52.5        41.257
43.4300    -260021.9006 -260036.5134      14.6128   301.5    3521.0631         1.06199         52.5        41.257
43.4400    -260021.7253 -260036.3411      14.6158   301.5    3521.0631         1.06199         52.5        41.257
43.4500    -260021.2717 -260036.6008      15.3290   316.2    3521.0631         1.06199         52.5        41.257
43.4600    -260021.7463 -260036.5719      14.8255   305.9    3521.0631         1.06199         52.5        41.257
43.4700    -260021.7973 -260036.5329      14.7356   304.0    3524.2827         1.06102         52.5        41.257
43.4800    -260021.3059 -260036.3005      14.9946   309.3    3500.9775         1.06808         52.5        41.257
43.4900    -260021.5489 -260036.1295      14.5807   300.8    3477.7807         1.07520         52.5        41.257
43.5000    -260021.2903 -260035.6696      14.3793   296.6    3473.2531         1.07661         52.5        41.257
43.5100    -260021.8400 -260036.6831      14.8431   306.2    3473.2531         1.07661         52.5        41.257
43.5200    -260021.5630 -260036.2262      14.6632   302.5    3450.1161         1.08383         52.5        41.257
43.5300    -260021.9201 -260035.5383      13.6181   280.9    3450.1161         1.08383         52.5        41.257
43.5400    -260021.5594 -260035.9565      14.3972   297.0    3463.4144         1.07966         52.5        41.257
43.5500    -260021.5651 -260036.0965      14.5314   299.8    3463.4144         1.07966         52.5        41.257
43.5600    -260021.5725 -260036.5679      14.9955   309.4    3463.4144         1.07966         52.5        41.257
43.5700    -260022.1746 -260036.4146      14.2401   293.8    3463.4144         1.07966         52.5        41.257
43.5800    -260021.9809 -260036.2877      14.3068   295.2    3463.4144         1.07966         52.5        41.257
43.5900    -260021.9162 -260036.6475      14.7314   303.9    3434.0932         1.08888         52.5        41.257
43.6000    -260021.8732 -260036.8701      14.9969   309.4    3434.6918         1.08869         52.5        41.257
43.6100    -260021.9528 -260037.0040      15.0512   310.5    3434.6918         1.08869         52.5        41.257
43.6200    -260022.5686 -260036.9000      14.3314   295.7    3454.7117         1.08238         52.5        41.257
43.6300    -260022.8680 -260037.8972      15.0291   310.1    3466.1206         1.07882         52.6        41.257
43.6400    -260022.1184 -260037.6174      15.4990   319.7    3442.5737         1.08620         52.6        41.257
43.6500    -260022.7866 -260037.3490      14.5623   300.4    3460.8120         1.08048         52.6        41.257
43.6600    -260023.0021 -260037.3693      14.3672   296.4    3460.8120         1.08048         52.6        41.257
43.6700    -260022.8550 -260037.4632      14.6082   301.4    3421.1255         1.09301         52.6        41.257
43.6800    -260023.5493 -260036.9538      13.4045   276.5    3392.8851         1.10211         52.6        41.257
43.6900    -260022.8094 -260037.3786      14.5692   300.6    3392.8851         1.10211         52.6        41.257
43.7000    -260022.6422 -260037.3321      14.6899   303.1    3392.8851         1.10211         52.6        41.257
43.7100    -260022.9853 -260037.2864      14.3012   295.0    3392.8851         1.10211         52.6        41.257
43.7200    -260022.7859 -260037.4540      14.6680   302.6    3384.7508         1.10476         52.6        41.257
43.7300    -260022.0388 -260037.2633      15.2245   314.1    3384.8188         1.10473         52.6        41.257
43.7400    -260021.7347 -260036.3241      14.5894   301.0    3398.9552         1.10014         52.6        41.257
43.7500    -260021.4923 -260036.6647      15.1724   313.0    3412.2822         1.09584         52.6        41.257
43.7600    -260021.7475 -260036.6632      14.9158   307.7    3412.2822         1.09584         52.6        41.257
43.7700    -260021.8097 -260036.6845      14.8748   306.9    3412.2822         1.09584         52.6        41.257
43.7800    -260021.2917 -260036.3800      15.0884   311.3    3412.2822         1.09584         52.6        41.257
43.7900    -260021.3574 -260036.7721      15.4146   318.0    3431.7287         1.08963         52.6        41.257
43.8000    -260021.6101 -260036.0687      14.4586   298.3    3431.7287         1.08963         52.6        41.257
43.8100    -260021.8900 -260036.2499      14.3599   296.2    3431.7287         1.08963         52.6        41.257
43.8200    -260021.9453 -260036.8844      14.9391   308.2    3431.7287         1.08963         52.6        41.257
43.8300    -260022.4303 -260037.2446      14.8143   305.6    3431.7287         1.08963         52.6        41.257
43.8400    -260022.6644 -260036.9790      14.3146   295.3    3431.7287         1.08963         52.6        41.257
43.8500    -260022.5786 -260036.3943      13.8157   285.0    3431.7287         1.08963         52.5        41.257
43.8600    -260022.2749 -260035.8443      13.5694   279.9    3431.7287         1.08963         52.5        41.257
43.8700    -260022.4816 -260036.5502      14.0686   290.2    3431.7287         1.08963         52.5        41.257
43.8800    -260021.8454 -260036.8478      15.0024   309.5    3431.7287         1.08963         52.5        41.257
43.8900    -260021.7659 -260036.4625      14.6966   303.2    3403.3233         1.09873         52.5        41.257
43.9000    -260021.4867 -260036.4466      14.9599   308.6    3438.9596         1.08734         52.5        41.257
43.9100    -260021.6411 -260036.2721      14.6310   301.8    3438.9596         1.08734         52.5        41.257
43.9200    -260021.7478 -260035.7373      13.9895   288.6    3444.1347         1.08571         52.5        41.257
43.9300    -260022.0062 -260036.2155      14.2093   293.1    3460.2068         1.08067         52.6        41.257
43.9400    -260021.5384 -260036.4436      14.9052   307.5    3462.1270         1.08007         52.6        41.257
43.9500    -260022.0633 -260036.4766      14.4133   297.3    3462.1270         1.08007         52.6        41.257
43.9600    -260022.5567 -260036.4757      13.9190   287.2    3462.1270         1.08007         52.6        41.257
43.9700    -260022.1927 -260036.3727      14.1800   292.5    3462.1270         1.08007         52.5        41.257
43.9800    -260021.6433 -260037.0883      15.4451   318.6    3462.1270         1.08007         52.5        41.257
43.9900    -260021.8035 -260037.6394      15.8359   326.7    3462.1270         1.08007         52.5        41.257
44.0000    -260022.3739 -260037.2456      14.8717   306.8    3462.1270         1.08007         52.5        41.257
44.0100    -260022.2700 -260036.3143      14.0443   289.7    3462.1270         1.08007         52.5        41.257
44.0200    -260021.6520 -260036.6630      15.0109   309.7    3454.1606         1.08256         52.5        41.257
44.0300    -260022.1561 -260037.4498      15.2937   315.5    3453.5328         1.08275         52.5        41.257
44.0400    -260021.5875 -260036.5381      14.9506   308.4    3453.5328         1.08275         52.5        41.257
44.0500    -260021.7420 -260036.5857      14.8437   306.2    3453.5328         1.08275         52.5        41.257
44.0600    -260021.3517 -260036.3943      15.0426   310.3    3453.5328         1.08275         52.5        41.257
44.0700    -260021.4360 -260035.8882      14.4522   298.2    3453.5328         1.08275         52.5        41.257
44.0800    -260021.1219 -260036.3252      15.2032   313.6    3453.5328         1.08275         52.5        41.257
44.0900    -260021.2622 -260036.5072      15.2450   314.5    3472.0914         1.07697         52.5        41.257
44.1000    -260021.6298 -260036.1688      14.5389   299.9    3472.0914         1.07697         52.5        41.257
44.1100    -260021.6301 -260036.2341      14.6040   301.3    3472.0914         1.07697         52.5        41.257
44.1200    -260021.5799 -260036.2456      14.6657   302.6    3479.4358         1.07469         52.5        41.257
44.1300    -260021.9160 -260036.1567      14.2406   293.8    3472.9323         1.07671         52.5        41.257
44.1400    -260022.1503 -260036.0192      13.8689   286.1    3472.9323         1.07671         52.5        41.257
44.1500    -260022.4710 -260037.4846      15.0136   309.7    3472.9323         1.07671         52.5        41.257
44.1600    -260021.7742 -260036.8236      15.0494   310.5    3472.9323         1.07671         52.5        41.257
44.1700    -260021.2635 -260035.7009      14.4374   297.8    3472.9323         1.07671         52.4        41.257
44.1800    -260020.7429 -260035.2738      14.5309   299.8    3493.6458         1.07032         52.5        41.257
44.1900    -260020.7942 -260035.0706      14.2764   294.5    3502.7217         1.06755         52.5        41.257
44.2000    -260021.2067 -260035.7571      14.5503   300.2    3493.5879         1.07034         52.5        41.257
44.2100    -260021.1458 -260035.8061      14.6603   302.4    3493.5879         1.07034         52.5        41.257
44.2200    -260020.8543 -260035.6817      14.8274   305.9    3493.5879         1.07034         52.5        41.257
44.2300    -260021.1686 -260036.1551      14.9865   309.2    3468.0936         1.07821         52.5        41.257
44.2400    -260021.3513 -260036.3659      15.0146   309.8    3468.0936         1.07821         52.5        41.257
44.2500    -260021.0847 -260036.5691      15.4844   319.4    3467.2654         1.07847         52.5        41.257
44.2600    -260021.3794 -260036.1168      14.7375   304.0    3467.2654         1.07847         52.5        41.257
44.2700    -260021.4877 -260035.9474      14.4597   298.3    3473.3428         1.07658         52.5        41.257
44.2800    -260021.7240 -260035.9743      14.2503   294.0    3473.3428         1.07658         52.5        41.257
44.2900    -260021.6563 -260036.4415      14.7853   305.0    3473.3428         1.07658         52.5        41.257
44.3000    -260021.2421 -260035.6626      14.4205   297.5    3469.2765         1.07784         52.5        41.257
44.3100    -260021.2907 -260036.4091      15.1184   311.9    3469.2765         1.07784         52.5        41.257
44.3200    -260020.6321 -260036.2099      15.5779   321.4    3469.2765         1.07784         52.5        41.257
44.3300    -260021.2106 -260036.4375      15.2269   314.1    3469.2765         1.07784         52.5        41.257
44.3400    -260021.3579 -260036.6339      15.2760   315.1    3477.4315         1.07531         52.5        41.257
44.3500    -260022.1644 -260036.0580      13.8936   286.6    3477.4315         1.07531         52.5        41.257
44.3600    -260022.0160 -260036.3022      14.2862   294.7    3477.4315         1.07531         52.5        41.257
44.3700    -260022.6171 -260037.4714      14.8543   306.4    3477.4315         1.07531         52.4        41.257
44.3800    -260022.8155 -260037.1208      14.3054   295.1    3477.4315         1.07531         52.4        41.257
44.3900    -260023.1758 -260036.8559      13.6801   282.2    3477.4486         1.07531         52.4        41.257
44.4000    -260022.8161 -260036.3901      13.5740   280.0    3477.4486         1.07531         52.4        41.257
44.4100    -260022.2143 -260036.4753      14.2610   294.2    3477.4486         1.07531         52.4        41.257
44.4200    -260023.0547 -260036.7765      13.7218   283.1    3506.0099         1.06655         52.4        41.257
44.4300    -260023.0576 -260037.0260      13.9684   288.2    3506.0099         1.06655         52.4        41.257
44.4400    -260022.8183 -260036.3530      13.5348   279.2    3492.2793         1.07074         52.4        41.257
44.4500    -260022.1573 -260036.0779      13.9206   287.2    3492.2793         1.07074         52.4        41.257
44.4600    -260022.4808 -260036.0190      13.5381   279.3    3492.2793         1.07074         52.4        41.257
44.4700    -260022.5058 -260036.9139      14.4080   297.2    3510.1113         1.06530         52.4        41.257
44.4800    -260022.2247 -260037.0856      14.8609   306.6    3522.5140         1.06155         52.4        41.257
44.4900    -260021.7535 -260036.4691      14.7156   303.6    3548.5169         1.05377         52.5        41.257
44.5000    -260021.3451 -260036.1602      14.8151   305.6    3549.0966         1.05360         52.5        41.257
44.5100    -260021.4199 -260036.7025      15.2826   315.3    3549.0966         1.05360         52.5        41.257
44.5200    -260021.7483 -260036.5849      14.8366   306.1    3552.7449         1.05252         52.5        41.257
44.5300    -260022.6320 -260036.3244      13.6924   282.5    3552.7449         1.05252         52.5        41.257
44.5400    -260023.1597 -260036.9732      13.8134   285.0    3533.5329         1.05824         52.5        41.257
44.5500    -260023.1415 -260036.9837      13.8422   285.6    3533.5329         1.05824         52.5        41.257
44.5600    -260022.7894 -260037.0739      14.2845   294.7    3533.5329         1.05824         52.5        41.257
44.5700    -260022.6985 -260037.0114      14.3128   295.3    3533.5329         1.05824         52.5        41.257
44.5800    -260022.5518 -260036.5681      14.0163   289.2    3544.5671         1.05495         52.5        41.257
44.5900    -260022.9989 -260036.9468      13.9478   287.7    3544.5671         1.05495         52.5        41.257
44.6000    -260023.0666 -260036.8481      13.7815   284.3    3561.5075         1.04993         52.5        41.257
44.6100    -260023.2512 -260036.3437      13.0925   270.1    3561.5075         1.04993         52.5        41.257
44.6200    -260023.3723 -260036.6414      13.2691   273.7    3577.3182         1.04529         52.5        41.257
44.6300    -260023.6841 -260036.8001      13.1160   270.6    3577.3182         1.04529         52.5        41.257
44.6400    -260024.0405 -260037.7613      13.7209   283.1    3550.4281         1.05320         52.5        41.257
44.6500    -260024.3520 -260037.7688      13.4168   276.8    3550.4281         1.05320         52.5        41.257
44.6600    -260023.8421 -260037.5948      13.7527   283.7    3550.4281         1.05320         52.5        41.257
44.6700    -260023.6652 -260037.5448      13.8795   286.3    3551.1929         1.05298         52.5        41.257
44.6800    -260023.6805 -260037.4841      13.8036   284.8    3551.1929         1.05298         52.5        41.257
44.6900    -260023.6719 -260037.0382      13.3663   275.8    3566.7348         1.04839         52.5        41.257
44.7000    -260023.3839 -260037.3712      13.9872   288.6    3566.7348         1.04839         52.5        41.257
44.7100    -260023.5221 -260037.1184      13.5963   280.5    3566.7348         1.04839         52.5        41.257
44.7200    -260023.0886 -260036.8648      13.7762   284.2    3581.6882         1.04401         52.5        41.257
44.7300    -260022.5734 -260035.9235      13.3500   275.4    3581.6882         1.04401         52.5        41.257
44.7400    -260023.5896 -260037.0130      13.4234   276.9    3567.4070         1.04819         52.5        41.257
44.7500    -260023.9007 -260037.6483      13.7476   283.6    3546.3895         1.05440         52.5        41.257
44.7600    -260023.1541 -260037.3875      14.2333   293.6    3546.3895         1.05440         52.5        41.257
44.7700    -260022.5505 -260037.1214      14.5709   300.6    3517.0728         1.06319         52.5        41.257
44.7800    -260022.0043 -260036.5579      14.5535   300.2    3490.9234         1.07116         52.5        41.257
44.7900    -260022.1383 -260037.3867      15.2484   314.6    3458.8404         1.08109         52.5        41.257
44.8000    -260022.5131 -260037.5580      15.0449   310.4    3454.0674         1.08259         52.5        41.257
44.8100    -260022.7481 -260036.9903      14.2423   293.8    3454.0674         1.08259         52.5        41.257
44.8200    -260022.5059 -260036.7779      14.2720   294.4    3454.0674         1.08259         52.5        41.257
44.8300    -260022.1199 -260036.2990      14.1791   292.5    3454.0674         1.08259         52.5        41.257
44.8400    -260022.2234 -260036.1206      13.8972   286.7    3472.9139         1.07671         52.5        41.257
44.8500    -260021.4987 -260035.8803      14.3816   296.7    3472.9139         1.07671         52.5        41.257
44.8600    -260021.6827 -260036.8476      15.1650   312.9    3472.9139         1.07671         52.5        41.257
44.8700    -260021.0879 -260036.4415      15.3536   316.7    3472.9139         1.07671         52.5        41.257
44.8800    -260021.2664 -260036.4071      15.1408   312.4    3443.2680         1.08598         52.5        41.257
44.8900    -260021.4799 -260036.3640      14.8841   307.1    3443.2680         1.08598         52.5        41.257
44.9000    -260020.9965 -260036.0042      15.0078   309.6    3443.2680         1.08598         52.5        41.257
44.9100    -260020.6279 -260035.9334      15.3055   315.8    3443.2680         1.08598         52.5        41.257
44.9200    -260020.5070 -260035.6087      15.1017   311.6    3443.2680         1.08598         52.5        41.257
44.9300    -260020.2503 -260035.3284      15.0782   311.1    3443.2680         1.08598         52.4        41.257
44.9400    -260020.5022 -260035.7272      15.2250   314.1    3435.1975         1.08853         52.5        41.257
44.9500    -260020.8239 -260035.7526      14.9287   308.0    3435.1975         1.08853         52.4        41.257
44.9600    -260020.7418 -260035.4469      14.7051   303.4    3435.1975         1.08853         52.4        41.257
44.9700    -260021.1012 -260035.6156      14.5143   299.4    3426.7515         1.09122         52.5        41.257
44.9800    -260021.4906 -260036.5669      15.0764   311.0    3426.7515         1.09122         52.4        41.257
44.9900    -260021.6221 -260036.5775      14.9554   308.5    3430.3671         1.09007         52.5        41.257
45.0000    -260022.0212 -260037.1138      15.0927   311.4    3430.3671         1.09007         52.4        41.257
45.0100    -260022.4820 -260036.8607      14.3786   296.6    3430.3671         1.09007         52.4        41.257
45.0200    -260022.4124 -260036.9916      14.5792   300.8    3430.3671         1.09007         52.4        41.257
45.0300    -260022.0642 -260036.4538      14.3896   296.9    3435.5212         1.08843         52.4        41.257
45.0400    -260021.9481 -260036.6363      14.6881   303.0    3435.5212         1.08843         52.4        41.257
45.0500    -260022.0127 -260036.8605      14.8478   306.3    3435.5212         1.08843         52.4        41.257
45.0600    -260022.5535 -260036.2256      13.6721   282.1    3435.5212         1.08843         52.4        41.257
45.0700    -260022.7546 -260036.7554      14.0008   288.8    3456.5976         1.08179         52.4        41.257
45.0800    -260022.3504 -260036.6149      14.2645   294.3    3444.7105         1.08553         52.4        41.257
45.0900    -260021.7902 -260036.1264      14.3362   295.8    3473.2627         1.07660         52.5        41.257
45.1000    -260022.1532 -260036.6923      14.5391   299.9    3473.2627         1.07660         52.4        41.257
45.1100    -260021.9507 -260037.1446      15.1939   313.5    3473.2627         1.07660         52.4        41.257
45.1200    -260022.5604 -260036.9990      14.4386   297.9    3493.5064         1.07036         52.5        41.257
45.1300    -260022.5939 -260036.7002      14.1063   291.0    3493.5064         1.07036         52.4        41.257
45.1400    -260022.6501 -260037.0815      14.4314   297.7    3489.4715         1.07160         52.5        41.257
45.1500    -260022.4407 -260036.9914      14.5507   300.2    3489.4715         1.07160         52.4        41.257
45.1600    -260022.8731 -260037.4070      14.5339   299.8    3489.4715         1.07160         52.4        41.257
45.1700    -260022.6412 -260036.5243      13.8831   286.4    3489.4715         1.07160         52.4        41.257
45.1800    -260022.7876 -260036.5209      13.7333   283.3    3489.4715         1.07160         52.4        41.257
45.1900    -260023.0864 -260037.2387      14.1523   292.0    3489.4715         1.07160         52.4        41.257
45.2000    -260022.8559 -260037.1055      14.2496   294.0    3489.4715         1.07160         52.4        41.257
45.2100    -260022.2523 -260035.8941      13.6418   281.4    3489.4715         1.07160         52.4        41.257
45.2200    -260022.7676 -260036.8492      14.0816   290.5    3489.4715         1.07160         52.4        41.257
45.2300    -260022.3921 -260036.7390      14.3469   296.0    3489.4715         1.07160         52.3        41.257
45.2400    -260021.7839 -260035.6575      13.8736   286.2    3514.6040         1.06394         52.4        41.257
45.2500    -260022.2751 -260036.3942      14.1191   291.3    3514.6040         1.06394         52.3        41.257
45.2600    -260022.3689 -260037.0878      14.7190   303.7    3514.6040         1.06394         52.3        41.257
45.2700    -260022.2830 -260036.9177      14.6347   301.9    3533.1977         1.05834         52.4        41.257
45.2800    -260022.3113 -260036.5788      14.2675   294.3    3533.1977         1.05834         52.3        41.257
45.2900    -260022.2470 -260036.1225      13.8756   286.3    3536.4128         1.05738         52.4        41.257
45.3000    -260021.5895 -260036.3806      14.7910   305.1    3563.1060         1.04946         52.4        41.257
45.3100    -260021.2122 -260035.5225      14.3103   295.2    3563.1060         1.04946         52.4        41.257
45.3200    -260020.7402 -260035.3071      14.5669   300.5    3563.1060         1.04946         52.4        41.257
45.3300    -260020.2166 -260035.4675      15.2509   314.6    3575.5242         1.04581         52.4        41.257
45.3400    -260020.8208 -260035.4095      14.5887   301.0    3575.5242         1.04581         52.4        41.257
45.3500    -260020.9846 -260035.5826      14.5980   301.2    3543.7282         1.05520         52.4        41.257
45.3600    -260020.9747 -260035.3949      14.4202   297.5    3543.7282         1.05520         52.4        41.257
45.3700    -260021.4766 -260035.6653      14.1887   292.7    3543.7282         1.05520         52.4        41.257
45.3800    -260021.2588 -260035.6757      14.4169   297.4    3543.7282         1.05520         52.3        41.257
45.3900    -260021.0593 -260035.5985      14.5392   299.9    3543.7282         1.05520         52.3        41.257
45.4000    -260021.2944 -260035.2559      13.9615   288.0    3540.3400         1.05621         52.3        41.257
45.4100    -260020.7253 -260035.5804      14.8551   306.5    3540.3400         1.05621         52.3        41.257
45.4200    -260020.0098 -260035.1408      15.1310   312.2    3540.3400         1.05621         52.3        41.257
45.4300    -260019.2235 -260034.2999      15.0764   311.0    3519.5698         1.06244         52.3        41.257
45.4400    -260019.8419 -260034.5759      14.7340   304.0    3519.5698         1.06244         52.3        41.257
45.4500    -260019.7385 -260034.7845      15.0460   310.4    3519.5698         1.06244         52.3        41.257
45.4600    -260019.9384 -260034.8732      14.9348   308.1    3519.5698         1.06244         52.3        41.257
45.4700    -260020.0259 -260034.9385      14.9125   307.6    3541.2575         1.05593         52.3        41.257
45.4800    -260020.2579 -260035.2052      14.9473   308.4    3522.2108         1.06164         52.3        41.257
45.4900    -260020.5052 -260035.3090      14.8039   305.4    3522.2108         1.06164         52.3        41.257
45.5000    -260021.0170 -260035.1074      14.0904   290.7    3522.2108         1.06164         52.3        41.257
45.5100    -260020.9911 -260035.2240      14.2329   293.6    3522.2108         1.06164         52.3        41.257
45.5200    -260021.3455 -260035.4927      14.1472   291.9    3522.2108         1.06164         52.3        41.257
45.5300    -260021.7246 -260036.5644      14.8399   306.2    3546.9747         1.05423         52.3        41.257
45.5400    -260021.6631 -260036.7541      15.0911   311.3    3569.1407         1.04768         52.3        41.257
45.5500    -260021.2153 -260035.7102      14.4949   299.0    3569.1407         1.04768         52.3        41.257
45.5600    -260020.9715 -260035.0734      14.1019   290.9    3569.1407         1.04768         52.3        41.257
45.5700    -260021.2156 -260034.8739      13.6583   281.8    3573.6964         1.04635         52.3        41.257
45.5800    -260022.0276 -260036.4317      14.4041   297.2    3573.6964         1.04635         52.3        41.257
45.5900    -260022.0135 -260036.2668      14.2533   294.1    3573.9381         1.04628         52.3        41.257
45.6000    -260022.0713 -260036.0031      13.9318   287.4    3565.3165         1.04881         52.3        41.257
45.6100    -260021.4181 -260036.2719      14.8539   306.4    3565.3165         1.04881         52.3        41.257
45.6200    -260021.1367 -260035.7570      14.6203   301.6    3560.0615         1.05035         52.3        41.257
45.6300    -260021.0130 -260035.8110      14.7980   305.3    3581.0234         1.04421         52.4        41.257
45.6400    -260020.5717 -260036.4542      15.8825   327.7    3591.9845         1.04102         52.4        41.257
45.6500    -260020.5863 -260035.2653      14.6790   302.8    3591.9845         1.04102         52.4        41.257
45.6600    -260020.8441 -260035.2844      14.4403   297.9    3591.9845         1.04102         52.4        41.257
45.6700    -260020.5961 -260035.1181      14.5220   299.6    3591.9845         1.04102         52.3        41.257
45.6800    -260020.3826 -260035.0165      14.6339   301.9    3582.9442         1.04365         52.4        41.257
45.6900    -260020.1488 -260034.0798      13.9310   287.4    3582.9442         1.04365         52.3        41.257
45.7000    -260020.8034 -260035.2180      14.4146   297.4    3573.1888         1.04650         52.4        41.257
45.7100    -260021.4554 -260036.1168      14.6614   302.5    3573.1888         1.04650         52.4        41.257
45.7200    -260021.3525 -260035.3265      13.9740   288.3    3611.2227         1.03547         52.4        41.257
45.7300    -260021.8575 -260035.5920      13.7346   283.3    3626.7150         1.03105         52.4        41.257
45.7400    -260022.1252 -260036.2038      14.0785   290.4    3625.1446         1.03150         52.4        41.257
45.7500    -260021.9533 -260036.0565      14.1033   291.0    3625.1446         1.03150         52.4        41.257
45.7600    -260021.2106 -260035.6213      14.4108   297.3    3625.1446         1.03150         52.4        41.257
45.7700    -260021.1453 -260035.8338      14.6884   303.0    3625.1446         1.03150         52.4        41.257
45.7800    -260021.8777 -260036.3975      14.5198   299.5    3625.1446         1.03150         52.3        41.257
45.7900    -260022.0394 -260035.6587      13.6193   281.0    3625.1446         1.03150         52.3        41.257
45.8000    -260022.1912 -260035.1223      12.9312   266.8    3625.1446         1.03150         52.3        41.257
45.8100    -260022.2631 -260036.2328      13.9697   288.2    3625.1446         1.03150         52.3        41.257
45.8200    -260022.0879 -260036.2444      14.1565   292.1    3601.5008         1.03827         52.3        41.257
45.8300    -260021.6595 -260035.6408      13.9812   288.4    3601.5008         1.03827         52.3        41.257
45.8400    -260021.4665 -260035.4234      13.9568   287.9    3610.1229         1.03579         52.3        41.257
45.8500    -260021.2358 -260035.1481      13.9123   287.0    3637.8640         1.02789         52.3        41.257
45.8600    -260021.1989 -260035.3730      14.1741   292.4    3637.8640         1.02789         52.3        41.257
45.8700    -260020.7709 -260034.7058      13.9348   287.5    3648.0343         1.02503         52.4        41.257
45.8800    -260021.0677 -260035.2166      14.1489   291.9    3635.8433         1.02846         52.4        41.257
45.8900    -260021.3018 -260035.6336      14.3318   295.7    3615.3672         1.03429         52.4        41.257
45.9000    -260021.2074 -260034.8484      13.6410   281.4    3596.1021         1.03983         52.4        41.257
45.9100    -260020.8624 -260034.8322      13.9698   288.2    3596.1021         1.03983         52.4        41.257
45.9200    -260021.0641 -260035.8216      14.7576   304.5    3596.1021         1.03983         52.4        41.257
45.9300    -260021.5838 -260036.3639      14.7802   304.9    3566.0193         1.04860         52.4        41.257
45.9400    -260021.8128 -260036.6995      14.8867   307.1    3566.0193         1.04860         52.4        41.257
45.9500    -260021.9087 -260036.2596      14.3508   296.1    3538.4266         1.05678         52.4        41.257
45.9600    -260021.5588 -260035.9797      14.4209   297.5    3538.4266         1.05678         52.4        41.257
45.9700    -260021.2069 -260036.1609      14.9540   308.5    3538.4266         1.05678         52.4        41.257
45.9800    -260021.2612 -260036.7105      15.4493   318.7    3539.6170         1.05642         52.4        41.257
45.9900    -260021.5403 -260035.8075      14.2672   294.3    3539.6170         1.05642         52.4        41.257
46.0000    -260020.9489 -260034.9075      13.9586   288.0    3539.6170         1.05642         52.4        41.257
46.0100    -260021.2859 -260036.3792      15.0933   311.4    3539.6170         1.05642         52.4        41.257
46.0200    -260021.6696 -260037.3677      15.6980   323.9    3523.5652         1.06123         52.4        41.257
46.0300    -260021.7257 -260036.2151      14.4894   298.9    3523.5652         1.06123         52.4        41.257
46.0400    -260021.9466 -260036.5129      14.5663   300.5    3515.4233         1.06369         52.4        41.257
46.0500    -260021.7176 -260036.6982      14.9806   309.1    3515.4233         1.06369         52.4        41.257
46.0600    -260021.7818 -260037.0361      15.2543   314.7    3515.4233         1.06369         52.4        41.257
46.0700    -260021.7724 -260036.5113      14.7388   304.1    3544.4217         1.05499         52.4        41.257
46.0800    -260022.0587 -260036.6174      14.5586   300.3    3559.4221         1.05054         52.4        41.257
46.0900    -260021.9629 -260036.6985      14.7356   304.0    3559.4221         1.05054         52.4        41.257
46.1000    -260021.6787 -260035.9826      14.3039   295.1    3523.3054         1.06131         52.4        41.257
46.1100    -260020.9523 -260035.8370      14.8847   307.1    3523.3054         1.06131         52.4        41.257
46.1200    -260021.5430 -260035.7290      14.1861   292.7    3523.3054         1.06131         52.4        41.257
46.1300    -260022.2841 -260035.7863      13.5022   278.6    3543.8958         1.05515         52.4        41.257
46.1400    -260022.0755 -260036.3167      14.2412   293.8    3543.8958         1.05515         52.4        41.257
46.1500    -260021.9980 -260036.0573      14.0593   290.0    3543.8958         1.05515         52.4        41.257
46.1600    -260021.2301 -260035.2468      14.0167   289.2    3543.8958         1.05515         52.4        41.257
46.1700    -260021.2972 -260035.9933      14.6961   303.2    3543.8958         1.05515         52.3        41.257
46.1800    -260021.0879 -260035.4942      14.4063   297.2    3543.8958         1.05515         52.3        41.257
46.1900    -260020.8894 -260036.4815      15.5920   321.7    3550.1336         1.05329         52.3        41.257
46.2000    -260021.2323 -260035.8647      14.6324   301.9    3550.1336         1.05329         52.3        41.257
46.2100    -260020.9023 -260035.2742      14.3719   296.5    3550.1336         1.05329         52.3        41.257
46.2200    -260020.3935 -260035.0761      14.6826   302.9    3550.1336         1.05329         52.3        41.257
46.2300    -260020.1373 -260034.6332      14.4960   299.1    3547.9088         1.05395         52.3        41.257
46.2400    -260020.3387 -260035.0176      14.6789   302.8    3547.9088         1.05395         52.3        41.257
46.2500    -260019.8501 -260035.3349      15.4848   319.5    3552.5662         1.05257         52.3        41.257
46.2600    -260019.7369 -260034.6743      14.9373   308.2    3552.5662         1.05257         52.3        41.257
46.2700    -260019.0414 -260034.3574      15.3160   316.0    3548.5850         1.05375         52.3        41.257
46.2800    -260019.5836 -260034.0865      14.5029   299.2    3525.4571         1.06066         52.4        41.257
46.2900    -260019.7077 -260034.5449      14.8372   306.1    3494.7472         1.06998         52.4        41.257
46.3000    -260020.3155 -260035.4462      15.1307   312.2    3494.7472         1.06998         52.3        41.257
46.3100    -260020.2204 -260035.0606      14.8402   306.2    3494.7472         1.06998         52.3        41.257
46.3200    -260020.6881 -260035.3800      14.6919   303.1    3494.7472         1.06998         52.3        41.257
46.3300    -260020.7577 -260035.5737      14.8160   305.7    3511.8832         1.06476         52.3        41.257
46.3400    -260020.9332 -260035.6264      14.6932   303.1    3504.7886         1.06692         52.4        41.257
46.3500    -260021.0513 -260035.9218      14.8705   306.8    3504.7886         1.06692         52.3        41.257
46.3600    -260021.3777 -260035.6117      14.2340   293.7    3504.7886         1.06692         52.3        41.257
46.3700    -260021.1120 -260035.1107      13.9987   288.8    3504.7886         1.06692         52.3        41.257
46.3800    -260020.8481 -260035.9754      15.1273   312.1    3509.4920         1.06549         52.3        41.257
46.3900    -260021.5535 -260036.3154      14.7619   304.5    3526.5577         1.06033         52.4        41.257
46.4000    -260022.0048 -260036.1030      14.0982   290.9    3526.5577         1.06033         52.3        41.257
46.4100    -260022.5646 -260036.6177      14.0530   289.9    3526.5577         1.06033         52.3        41.257
46.4200    -260022.8163 -260036.7437      13.9274   287.3    3526.5577         1.06033         52.3        41.257
46.4300    -260022.9916 -260036.7217      13.7301   283.3    3536.9873         1.05721         52.3        41.257
46.4400    -260023.2878 -260036.8421      13.5543   279.6    3525.6111         1.06062         52.4        41.257
46.4500    -260023.2439 -260036.8944      13.6505   281.6    3525.6111         1.06062         52.3        41.257
46.4600    -260022.8904 -260036.8174      13.9269   287.3    3525.6111         1.06062         52.3        41.257
46.4700    -260023.6863 -260037.5647      13.8784   286.3    3497.4606         1.06915         52.4        41.257
46.4800    -260024.0399 -260038.1798      14.1399   291.7    3518.7858         1.06268         52.4        41.257
46.4900    -260023.8098 -260037.9861      14.1763   292.5    3518.7858         1.06268         52.4        41.257
46.5000    -260023.8026 -260037.3280      13.5253   279.0    3550.2220         1.05327         52.4        41.257
46.5100    -260023.7257 -260037.6775      13.9518   287.8    3550.2220         1.05327         52.4        41.257
46.5200    -260023.3251 -260036.6804      13.3553   275.5    3555.0982         1.05182         52.4        41.257
46.5300    -260023.6023 -260036.7673      13.1651   271.6    3555.0982         1.05182         52.4        41.257
46.5400    -260023.4596 -260037.1563      13.6967   282.6    3521.8696         1.06174         52.4        41.257
46.5500    -260022.7968 -260037.2076      14.4108   297.3    3521.8696         1.06174         52.4        41.257
46.5600    -260023.4686 -260037.0879      13.6192   281.0    3521.8696         1.06174         52.4        41.257
46.5700    -260023.7717 -260036.5789      12.8071   264.2    3521.8696         1.06174         52.3        41.257
46.5800    -260023.4633 -260037.5984      14.1351   291.6    3530.6694         1.05910         52.4        41.257
46.5900    -260023.2928 -260036.5909      13.2981   274.3    3536.3559         1.05740         52.4        41.257
46.6000    -260023.2300 -260036.2400      13.0099   268.4    3526.5653         1.06033         52.4        41.257
46.6100    -260023.4363 -260036.7286      13.2924   274.2    3526.5653         1.06033         52.4        41.257
46.6200    -260023.7825 -260037.8843      14.1018   290.9    3517.0253         1.06321         52.4        41.257
46.6300    -260023.8567 -260037.1028      13.2462   273.3    3517.0253         1.06321         52.4        41.257
46.6400    -260023.5182 -260036.8601      13.3419   275.2    3517.0253         1.06321         52.4        41.257
46.6500    -260023.3677 -260037.2990      13.9313   287.4    3477.5757         1.07527         52.4        41.257
46.6600    -260023.4857 -260037.8322      14.3465   296.0    3477.5757         1.07527         52.4        41.257
46.6700    -260023.0991 -260037.1743      14.0753   290.4    3477.5757         1.07527         52.4        41.257
46.6800    -260022.8692 -260037.4856      14.6165   301.5    3477.5757         1.07527         52.4        41.257
46.6900    -260022.7490 -260036.7549      14.0059   288.9    3492.7847         1.07059         52.4        41.257
46.7000    -260022.6892 -260037.0982      14.4090   297.3    3492.7847         1.07059         52.4        41.257
46.7100    -260022.6338 -260036.7212      14.0873   290.6    3492.7847         1.07059         52.4        41.257
46.7200    -260022.9832 -260037.2013      14.2181   293.3    3496.4308         1.06947         52.4        41.257
46.7300    -260023.0433 -260036.9809      13.9377   287.5    3496.4308         1.06947         52.4        41.257
46.7400    -260022.3875 -260036.1970      13.8095   284.9    3496.4308         1.06947         52.3        41.257
46.7500    -260022.3401 -260036.9112      14.5712   300.6    3496.4308         1.06947         52.3        41.257
46.7600    -260022.1857 -260037.3610      15.1754   313.1    3496.4308         1.06947         52.3        41.257
46.7700    -260022.4837 -260036.9494      14.4657   298.4    3510.4533         1.06520         52.3        41.257
46.7800    -260022.6980 -260036.5992      13.9012   286.8    3510.1348         1.06529         52.4        41.257
46.7900    -260022.8866 -260036.9331      14.0465   289.8    3510.1348         1.06529         52.3        41.257
46.8000    -260022.2522 -260037.3829      15.1307   312.2    3511.7259         1.06481         52.4        41.257
46.8100    -260023.3533 -260037.5028      14.1495   291.9    3511.7259         1.06481         52.4        41.257
46.8200    -260022.9230 -260037.2433      14.3203   295.4    3511.7259         1.06481         52.3        41.257
46.8300    -260023.9476 -260038.1681      14.2204   293.4    3511.7259         1.06481         52.3        41.257
46.8400    -260024.0941 -260037.3859      13.2918   274.2    3510.4936         1.06519         52.3        41.257
46.8500    -260023.8001 -260037.5700      13.7699   284.1    3508.3900         1.06582         52.3        41.257
46.8600    -260023.6560 -260037.1429      13.4869   278.2    3508.3900         1.06582         52.3        41.257
46.8700    -260024.1119 -260037.2863      13.1744   271.8    3520.7437         1.06208         52.4        41.257
46.8800    -260024.1911 -260037.1411      12.9500   267.2    3520.7437         1.06208         52.3        41.257
46.8900    -260023.2381 -260037.5634      14.3253   295.5    3530.9148         1.05902         52.4        41.257
46.9000    -260023.0089 -260036.7901      13.7813   284.3    3525.5110         1.06065         52.4        41.257
46.9100    -260022.8946 -260036.2954      13.4008   276.5    3525.5110         1.06065         52.4        41.257
46.9200    -260023.0055 -260036.4980      13.4926   278.4    3484.3847         1.07317         52.4        41.257
46.9300    -260022.9558 -260036.6698      13.7141   282.9    3484.3847         1.07317         52.4        41.257
46.9400    -260022.4999 -260036.8025      14.3027   295.1    3478.4821         1.07499         52.4        41.257
46.9500    -260021.9549 -260036.4493      14.4945   299.0    3478.4821         1.07499         52.4        41.257
46.9600    -260022.5562 -260036.4261      13.8699   286.1    3478.4821         1.07499         52.4        41.257
46.9700    -260022.3307 -260036.3676      14.0369   289.6    3487.8242         1.07211         52.4        41.257
46.9800    -260021.7444 -260036.5440      14.7996   305.3    3487.8242         1.07211         52.4        41.257
46.9900    -260021.4741 -260036.2697      14.7955   305.2    3487.8242         1.07211         52.4        41.257
47.0000    -260021.5246 -260036.7249      15.2003   313.6    3487.8242         1.07211         52.3        41.257
47.0100    -260021.4446 -260036.3339      14.8893   307.2    3487.8242         1.07211         52.3        41.257
47.0200    -260021.8388 -260037.2276      15.3888   317.5    3495.1217         1.06987         52.4        41.257
47.0300    -260021.2124 -260036.1982      14.9858   309.2    3495.1217         1.06987         52.3        41.257
47.0400    -260021.7320 -260035.9535      14.2215   293.4    3495.1217         1.06987         52.3        41.257
47.0500    -260021.0943 -260036.1196      15.0253   310.0    3495.1217         1.06987         52.3        41.257
47.0600    -260020.6554 -260035.7268      15.0714   310.9    3495.1217         1.06987         52.3        41.257
47.0700    -260020.7371 -260035.6419      14.9048   307.5    3495.1217         1.06987         52.3        41.257
47.0800    -260020.9890 -260036.3855      15.3965   317.6    3500.2715         1.06830         52.3        41.257
47.0900    -260021.5372 -260037.1002      15.5630   321.1    3479.0631         1.07481         52.3        41.257
47.1000    -260021.3357 -260036.9694      15.6337   322.5    3479.0631         1.07481         52.3        41.257
47.1100    -260021.1178 -260035.3484      14.2305   293.6    3479.0631         1.07481         52.3        41.257
47.1200    -260021.6032 -260035.8423      14.2391   293.8    3472.4197         1.07686         52.3        41.257
47.1300    -260020.7697 -260036.4789      15.7091   324.1    3481.7756         1.07397         52.3        41.257
47.1400    -260020.6059 -260036.3429      15.7370   324.7    3481.7756         1.07397         52.3        41.257
47.1500    -260020.1311 -260035.7813      15.6502   322.9    3481.7756         1.07397         52.3        41.257
47.1600    -260021.0613 -260035.8123      14.7510   304.3    3481.7756         1.07397         52.3        41.257
47.1700    -260021.1063 -260035.7004      14.5941   301.1    3508.9759         1.06565         52.3        41.257
47.1800    -260020.9971 -260036.2031      15.2060   313.7    3508.9759         1.06565         52.3        41.257
47.1900    -260021.6873 -260035.3694      13.6821   282.3    3529.7665         1.05937         52.3        41.257
47.2000    -260021.2510 -260036.0524      14.8014   305.4    3529.7665         1.05937         52.3        41.257
47.2100    -260020.9387 -260035.6886      14.7498   304.3    3529.7665         1.05937         52.3        41.257
47.2200    -260021.1581 -260035.8761      14.7179   303.6    3527.4941         1.06005         52.3        41.257
47.2300    -260021.0208 -260035.4278      14.4069   297.2    3527.4941         1.06005         52.3        41.257
47.2400    -260020.9189 -260036.7268      15.8079   326.1    3499.8516         1.06842         52.3        41.257
47.2500    -260021.3389 -260037.0530      15.7141   324.2    3482.3560         1.07379         52.3        41.257
47.2600    -260020.9674 -260035.7417      14.7743   304.8    3482.3560         1.07379         52.3        41.257
47.2700    -260021.2366 -260036.7128      15.4762   319.3    3517.9800         1.06292         52.3        41.257
47.2800    -260021.4612 -260036.9090      15.4478   318.7    3542.5198         1.05556         52.4        41.257
47.2900    -260021.7333 -260037.0080      15.2747   315.1    3542.5198         1.05556         52.3        41.257
47.3000    -260021.5546 -260036.7599      15.2054   313.7    3542.5198         1.05556         52.3        41.257
47.3100    -260021.8326 -260036.6250      14.7924   305.2    3542.5198         1.05556         52.3        41.257
47.3200    -260021.9937 -260036.9635      14.9699   308.8    3501.3366         1.06797         52.3        41.257
47.3300    -260021.9893 -260037.3352      15.3459   316.6    3501.3366         1.06797         52.3        41.257
47.3400    -260021.5807 -260037.3988      15.8181   326.3    3501.3366         1.06797         52.3        41.257
47.3500    -260021.6063 -260036.4239      14.8176   305.7    3501.3366         1.06797         52.3        41.257
47.3600    -260021.3579 -260036.4898      15.1318   312.2    3501.3366         1.06797         52.3        41.257
47.3700    -260022.0468 -260036.7103      14.6635   302.5    3501.3366         1.06797         52.3        41.257
47.3800    -260022.6123 -260036.3151      13.7028   282.7    3501.3366         1.06797         52.3        41.257
47.3900    -260022.3064 -260036.1446      13.8382   285.5    3501.3366         1.06797         52.3        41.257
47.4000    -260022.0715 -260037.3482      15.2767   315.2    3528.0921         1.05987         52.3        41.257
47.4100    -260021.3905 -260036.6366      15.2461   314.5    3528.0921         1.05987         52.3        41.257
47.4200    -260021.0065 -260036.1645      15.1580   312.7    3556.5425         1.05139         52.3        41.257
47.4300    -260021.7035 -260036.6242      14.9207   307.8    3539.5902         1.05643         52.3        41.257
47.4400    -260021.9670 -260037.0470      15.0800   311.1    3539.5902         1.05643         52.3        41.257
47.4500    -260022.1488 -260036.0519      13.9031   286.8    3539.5902         1.05643         52.3        41.257
47.4600    -260022.1574 -260036.7125      14.5551   300.3    3539.5902         1.05643         52.3        41.257
47.4700    -260022.3359 -260037.1772      14.8413   306.2    3541.0399         1.05600         52.3        41.257
47.4800    -260022.9265 -260037.7472      14.8207   305.8    3541.0399         1.05600         52.3        41.257
47.4900    -260023.3827 -260037.3414      13.9587   288.0    3522.0896         1.06168         52.3        41.257
47.5000    -260023.4260 -260037.6368      14.2108   293.2    3521.2662         1.06193         52.3        41.257
47.5100    -260023.4598 -260037.3606      13.9008   286.8    3521.2662         1.06193         52.3        41.257
47.5200    -260023.6627 -260037.4517      13.7890   284.5    3521.2662         1.06193         52.3        41.257
47.5300    -260023.6347 -260037.8917      14.2570   294.1    3514.4210         1.06399         52.3        41.257
47.5400    -260023.8608 -260037.3541      13.4933   278.4    3504.3108         1.06706         52.3        41.257
47.5500    -260023.1853 -260037.2834      14.0981   290.8    3504.3108         1.06706         52.3        41.257
47.5600    -260023.3651 -260036.9208      13.5557   279.7    3504.3108         1.06706         52.3        41.257
47.5700    -260023.0292 -260037.5666      14.5375   299.9    3504.3108         1.06706         52.3        41.257
47.5800    -260022.8837 -260037.9620      15.0782   311.1    3504.3108         1.06706         52.3        41.257
47.5900    -260023.3230 -260037.3236      14.0006   288.8    3509.0155         1.06563         52.3        41.257
47.6000    -260022.7352 -260036.8814      14.1462   291.8    3509.0155         1.06563         52.3        41.257
47.6100    -260022.8319 -260036.9721      14.1403   291.7    3509.0155         1.06563         52.3        41.257
47.6200    -260022.4117 -260037.4832      15.0715   310.9    3509.0155         1.06563         52.2        41.257
47.6300    -260022.8157 -260036.8331      14.0174   289.2    3509.0155         1.06563         52.2        41.257
47.6400    -260022.3117 -260036.7151      14.4034   297.1    3509.0155         1.06563         52.2        41.257
47.6500    -260022.2772 -260036.7967      14.5195   299.5    3509.0155         1.06563         52.2        41.257
47.6600    -260022.3061 -260036.9827      14.6765   302.8    3509.0155         1.06563         52.2        41.257
47.6700    -260022.4013 -260036.7336      14.3322   295.7    3511.3774         1.06492         52.2        41.257
47.6800    -260021.9864 -260036.5605      14.5741   300.7    3504.8509         1.06690         52.2        41.257
47.6900    -260022.1611 -260036.8795      14.7183   303.6    3504.8509         1.06690         52.2        41.257
47.7000    -260021.8865 -260037.2379      15.3514   316.7    3504.8509         1.06690         52.2        41.257
47.7100    -260021.4139 -260037.3425      15.9286   328.6    3504.8509         1.06690         52.2        41.257
47.7200    -260020.8822 -260036.7994      15.9173   328.4    3504.8509         1.06690         52.2        41.257
47.7300    -260020.9591 -260037.0443      16.0852   331.8    3504.8509         1.06690         52.2        41.257
47.7400    -260021.6468 -260036.8170      15.1702   313.0    3518.2832         1.06283         52.2        41.257
47.7500    -260021.7702 -260036.1102      14.3400   295.8    3518.2832         1.06283         52.2        41.257
47.7600    -260021.4647 -260036.7093      15.2446   314.5    3518.2832         1.06283         52.2        41.257
47.7700    -260021.1970 -260036.6722      15.4753   319.3    3494.2712         1.07013         52.2        41.257
47.7800    -260021.3650 -260037.2661      15.9010   328.0    3477.6304         1.07525         52.2        41.257
47.7900    -260022.1491 -260037.6571      15.5081   319.9    3500.9972         1.06807         52.2        41.257
47.8000    -260022.5807 -260037.0554      14.4747   298.6    3500.9972         1.06807         52.2        41.257
47.8100    -260022.5979 -260037.0980      14.5001   299.1    3500.9972         1.06807         52.2        41.257
47.8200    -260022.4212 -260037.2259      14.8046   305.4    3515.9445         1.06353         52.2        41.257
47.8300    -260022.2866 -260036.7272      14.4407   297.9    3497.5564         1.06913         52.2        41.257
47.8400    -260022.6296 -260037.2533      14.6238   301.7    3531.1346         1.05896         52.2        41.257
47.8500    -260022.6523 -260036.8170      14.1646   292.2    3531.1346         1.05896         52.2        41.257
47.8600    -260022.5384 -260035.9837      13.4452   277.4    3531.1346         1.05896         52.2        41.257
47.8700    -260022.0951 -260036.7358      14.6407   302.0    3569.1347         1.04768         52.2        41.257
47.8800    -260021.8181 -260036.0138      14.1957   292.9    3569.1347         1.04768         52.2        41.257
47.8900    -260021.9691 -260036.0913      14.1222   291.3    3569.1347         1.04768         52.2        41.257
47.9000    -260021.3927 -260036.1217      14.7291   303.9    3580.7288         1.04429         52.2        41.257
47.9100    -260021.2622 -260036.5335      15.2713   315.1    3580.7288         1.04429         52.2        41.257
47.9200    -260021.6043 -260036.6366      15.0322   310.1    3593.4908         1.04058         52.2        41.257
47.9300    -260021.5475 -260036.6941      15.1467   312.5    3602.7308         1.03791         52.2        41.257
47.9400    -260022.2461 -260036.9493      14.7033   303.3    3602.7308         1.03791         52.2        41.257
47.9500    -260022.5361 -260037.2504      14.7143   303.6    3602.7308         1.03791         52.2        41.257
47.9600    -260022.1669 -260036.6031      14.4362   297.8    3602.7308         1.03791         52.2        41.257
47.9700    -260022.5646 -260036.7798      14.2152   293.3    3572.3003         1.04676         52.2        41.257
47.9800    -260023.0458 -260036.5182      13.4724   277.9    3560.5551         1.05021         52.2        41.257
47.9900    -260022.9612 -260037.3231      14.3619   296.3    3560.5551         1.05021         52.2        41.257
48.0000    -260022.7342 -260036.6455      13.9113   287.0    3560.5551         1.05021         52.2        41.257
48.0100    -260022.6112 -260037.4310      14.8198   305.7    3560.5551         1.05021         52.2        41.257
48.0200    -260022.6118 -260036.9445      14.3327   295.7    3560.5551         1.05021         52.2        41.257
48.0300    -260022.3940 -260037.2324      14.8384   306.1    3560.5551         1.05021         52.2        41.257
48.0400    -260022.5046 -260036.4371      13.9325   287.4    3560.5551         1.05021         52.2        41.257
48.0500    -260022.6060 -260037.1183      14.5123   299.4    3583.7659         1.04341         52.2        41.257
48.0600    -260022.7215 -260037.5473      14.8257   305.9    3583.7659         1.04341         52.2        41.257
48.0700    -260022.7686 -260036.6035      13.8349   285.4    3583.7659         1.04341         52.2        41.257
48.0800    -260023.3059 -260037.6589      14.3529   296.1    3614.7141         1.03447         52.2        41.257
48.0900    -260023.6355 -260037.7304      14.0949   290.8    3611.5405         1.03538         52.2        41.257
48.1000    -260023.6648 -260037.8634      14.1986   292.9    3602.0156         1.03812         52.2        41.257
48.1100    -260022.9154 -260037.3583      14.4429   298.0    3602.0156         1.03812         52.2        41.257
48.1200    -260022.5972 -260035.9943      13.3971   276.4    3585.1043         1.04302         52.2        41.257
48.1300    -260023.1279 -260036.5904      13.4626   277.7    3585.1043         1.04302         52.2        41.257
48.1400    -260023.2477 -260036.6388      13.3911   276.3    3567.9353         1.04804         52.2        41.257
48.1500    -260023.1340 -260036.9791      13.8451   285.6    3558.3863         1.05085         52.2        41.257
48.1600    -260023.0191 -260036.2864      13.2673   273.7    3558.3863         1.05085         52.2        41.257
48.1700    -260023.1419 -260037.3141      14.1722   292.4    3588.5625         1.04201         52.2        41.257
48.1800    -260023.1714 -260037.6770      14.5056   299.3    3588.5625         1.04201         52.2        41.257
48.1900    -260023.4600 -260037.3701      13.9100   287.0    3588.5625         1.04201         52.2        41.257
48.2000    -260023.1909 -260037.1556      13.9646   288.1    3588.2909         1.04209         52.2        41.257
48.2100    -260023.2012 -260037.3643      14.1630   292.2    3588.2909         1.04209         52.2        41.257
48.2200    -260022.9071 -260036.8047      13.8976   286.7    3585.4034         1.04293         52.2        41.257
48.2300    -260022.7438 -260036.8793      14.1355   291.6    3585.6335         1.04286         52.3        41.257
48.2400    -260022.7954 -260036.6138      13.8183   285.1    3585.6335         1.04286         52.2        41.257
48.2500    -260022.3156 -260037.0957      14.7801   304.9    3587.4092         1.04235         52.3        41.257
48.2600    -260022.2939 -260037.3978      15.1040   311.6    3587.4092         1.04235         52.3        41.257
48.2700    -260022.3721 -260036.4039      14.0318   289.5    3587.4092         1.04235         52.2        41.257
48.2800    -260022.6590 -260036.6785      14.0196   289.2    3587.4092         1.04235         52.2        41.257
48.2900    -260022.5956 -260036.7358      14.1402   291.7    3594.6036         1.04026         52.2        41.257
48.3000    -260022.3295 -260037.3876      15.0581   310.7    3568.5022         1.04787         52.3        41.257
48.3100    -260022.3179 -260037.2857      14.9678   308.8    3568.5022         1.04787         52.3        41.257
48.3200    -260022.1068 -260036.4293      14.3226   295.5    3568.5022         1.04787         52.2        41.257
48.3300    -260021.2469 -260036.4527      15.2058   313.7    3568.5022         1.04787         52.2        41.257
48.3400    -260022.1826 -260036.3638      14.1812   292.6    3564.2056         1.04913         52.2        41.257
48.3500    -260021.4314 -260036.0315      14.6001   301.2    3578.6837         1.04489         52.2        41.257
48.3600    -260021.9328 -260037.0837      15.1509   312.6    3578.6837         1.04489         52.2        41.257
48.3700    -260022.0639 -260036.7656      14.7017   303.3    3578.6837         1.04489         52.2        41.257
48.3800    -260021.8257 -260035.9001      14.0744   290.4    3578.6837         1.04489         52.2        41.257
48.3900    -260022.7829 -260037.2925      14.5096   299.3    3578.6837         1.04489         52.2        41.257
48.4000    -260022.4469 -260036.3831      13.9362   287.5    3598.1727         1.03923         52.2        41.257
48.4100    -260021.2292 -260035.9646      14.7354   304.0    3598.1727         1.03923         52.2        41.257
48.4200    -260021.4112 -260036.0203      14.6091   301.4    3598.1727         1.03923         52.2        41.257
48.4300    -260021.7109 -260036.2977      14.5868   300.9    3578.9039         1.04482         52.2        41.257
48.4400    -260021.4740 -260036.4259      14.9519   308.5    3548.4530         1.05379         52.2        41.257
48.4500    -260021.9191 -260036.5131      14.5939   301.1    3552.0156         1.05273         52.2        41.257
48.4600    -260021.6610 -260036.4458      14.7847   305.0    3552.0156         1.05273         52.2        41.257
48.4700    -260021.6216 -260035.9474      14.3258   295.5    3586.0649         1.04274         52.3        41.257
48.4800    -260021.8474 -260036.0158      14.1684   292.3    3591.7528         1.04109         52.3        41.257
48.4900    -260021.8019 -260035.9036      14.1017   290.9    3591.7528         1.04109         52.3        41.257
48.5000    -260022.1331 -260036.1889      14.0558   290.0    3591.7528         1.04109         52.2        41.257
48.5100    -260022.6945 -260036.9672      14.2727   294.4    3591.7528         1.04109         52.2        41.257
48.5200    -260022.7855 -260037.0983      14.3128   295.3    3580.1895         1.04445         52.3        41.257
48.5300    -260022.4854 -260036.3368      13.8515   285.8    3580.1895         1.04445         52.2        41.257
48.5400    -260022.5578 -260036.7078      14.1500   291.9    3580.1895         1.04445         52.2        41.257
48.5500    -260022.3804 -260036.4767      14.0963   290.8    3580.1895         1.04445         52.2        41.257
48.5600    -260021.6739 -260036.2545      14.5806   300.8    3580.1895         1.04445         52.2        41.257
48.5700    -260021.2325 -260036.6184      15.3858   317.4    3580.1895         1.04445         52.2        41.257
48.5800    -260021.0704 -260036.0077      14.9373   308.2    3580.1895         1.04445         52.2        41.257
48.5900    -260021.6055 -260036.4478      14.8423   306.2    3580.1895         1.04445         52.2        41.257
48.6000    -260021.9699 -260035.7249      13.7550   283.8    3580.1895         1.04445         52.2        41.257
48.6100    -260021.6709 -260036.3704      14.6995   303.3    3580.1895         1.04445         52.2        41.257
48.6200    -260021.5571 -260035.8006      14.2435   293.8    3580.5406         1.04435         52.2        41.257
48.6300    -260021.3253 -260036.2970      14.9717   308.9    3613.6764         1.03477         52.2        41.257
48.6400    -260021.8013 -260036.1946      14.3933   296.9    3597.4206         1.03945         52.2        41.257
48.6500    -260022.0801 -260036.5014      14.4213   297.5    3597.4206         1.03945         52.2        41.257
48.6600    -260022.6236 -260036.2625      13.6389   281.4    3597.4206         1.03945         52.2        41.257
48.6700    -260022.9368 -260036.4280      13.4912   278.3    3597.4206         1.03945         52.2        41.257
48.6800    -260023.0572 -260036.3668      13.3096   274.6    3600.2373         1.03863         52.2        41.257
48.6900    -260023.1555 -260036.7035      13.5480   279.5    3621.7237         1.03247         52.2        41.257
48.7000    -260022.9187 -260036.7763      13.8576   285.9    3621.7237         1.03247         52.2        41.257
48.7100    -260022.8763 -260036.7654      13.8891   286.5    3621.7237         1.03247         52.2        41.257
48.7200    -260022.7189 -260036.7486      14.0297   289.4    3621.7237         1.03247         52.2        41.257
48.7300    -260021.9221 -260036.3415      14.4194   297.5    3621.7237         1.03247         52.2        41.257
48.7400    -260021.7608 -260035.7412      13.9804   288.4    3643.2715         1.02637         52.2        41.257
48.7500    -260021.9404 -260035.8273      13.8869   286.5    3672.1452         1.01829         52.2        41.257
48.7600    -260021.5420 -260035.8430      14.3010   295.0    3672.1452         1.01829         52.2        41.257
48.7700    -260021.3509 -260035.6695      14.3186   295.4    3668.7569         1.01924         52.2        41.257
48.7800    -260021.7802 -260035.6950      13.9149   287.1    3630.9096         1.02986         52.2        41.257
48.7900    -260021.9174 -260035.9717      14.0543   289.9    3609.8136         1.03588         52.2        41.257
48.8000    -260021.3450 -260035.7647      14.4197   297.5    3597.7142         1.03936         52.2        41.257
48.8100    -260021.0891 -260035.8837      14.7947   305.2    3597.7142         1.03936         52.2        41.257
48.8200    -260021.4944 -260035.9880      14.4936   299.0    3611.4443         1.03541         52.2        41.257
48.8300    -260022.0612 -260035.7786      13.7175   283.0    3597.0008         1.03957         52.3        41.257
48.8400    -260021.4139 -260036.5734      15.1596   312.7    3597.0008         1.03957         52.2        41.257
48.8500    -260021.7003 -260036.1613      14.4610   298.3    3597.0008         1.03957         52.2        41.257
48.8600    -260022.0205 -260036.3653      14.3447   295.9    3597.0008         1.03957         52.2        41.257
48.8700    -260022.3875 -260036.4600      14.0725   290.3    3597.0008         1.03957         52.2        41.257
48.8800    -260022.2159 -260036.4518      14.2359   293.7    3597.0008         1.03957         52.2        41.257
48.8900    -260021.1321 -260035.7102      14.5781   300.7    3597.0008         1.03957         52.2        41.257
48.9000    -260021.7828 -260036.1619      14.3792   296.6    3598.4264         1.03916         52.2        41.257
48.9100    -260022.0165 -260036.3756      14.3591   296.2    3598.4264         1.03916         52.2        41.257
48.9200    -260022.3594 -260035.8056      13.4462   277.4    3598.4264         1.03916         52.2        41.257
48.9300    -260022.5538 -260036.3126      13.7588   283.8    3599.9460         1.03872         52.2        41.257
48.9400    -260022.5615 -260036.4357      13.8742   286.2    3600.6533         1.03851         52.2        41.257
48.9500    -260022.4194 -260036.2115      13.7921   284.5    3600.6533         1.03851         52.2        41.257
48.9600    -260022.3280 -260035.7141      13.3861   276.2    3600.6533         1.03851         52.2        41.257
48.9700    -260022.1658 -260035.6825      13.5167   278.9    3600.6533         1.03851         52.2        41.257
48.9800    -260021.8694 -260035.9116      14.0422   289.7    3600.6533         1.03851         52.2        41.257
48.9900    -260022.1178 -260036.2561      14.1382   291.7    3600.6533         1.03851         52.2        41.257
49.0000    -260022.0920 -260036.1003      14.0083   289.0    3600.6533         1.03851         52.1        41.257
49.0100    -260022.3338 -260036.4308      14.0970   290.8    3600.6533         1.03851         52.1        41.257
49.0200    -260022.5158 -260036.4440      13.9282   287.3    3600.6533         1.03851         52.1        41.257
49.0300    -260022.7161 -260036.1648      13.4487   277.5    3600.6533         1.03851         52.1        41.257
49.0400    -260021.9820 -260036.4230      14.4410   297.9    3569.3165         1.04763         52.1        41.257
49.0500    -260021.7789 -260035.4991      13.7202   283.1    3573.7491         1.04633         52.1        41.257
49.0600    -260021.2564 -260035.6617      14.4052   297.2    3573.7491         1.04633         52.1        41.257
49.0700    -260021.1531 -260035.9794      14.8262   305.9    3573.7491         1.04633         52.1        41.257
49.0800    -260021.2160 -260035.9812      14.7652   304.6    3568.2146         1.04795         52.1        41.257
49.0900    -260021.2000 -260035.7250      14.5251   299.7    3560.1126         1.05034         52.2        41.257
49.1000    -260021.2578 -260035.5943      14.3364   295.8    3551.7633         1.05281         52.2        41.257
49.1100    -260021.9036 -260036.5735      14.6699   302.6    3551.7633         1.05281         52.2        41.257
49.1200    -260022.2434 -260036.0882      13.8448   285.6    3551.7633         1.05281         52.2        41.257
49.1300    -260021.5460 -260036.4923      14.9463   308.3    3551.7633         1.05281         52.1        41.257
49.1400    -260021.7662 -260036.4556      14.6894   303.0    3551.7633         1.05281         52.1        41.257
49.1500    -260022.0402 -260036.1019      14.0617   290.1    3551.7633         1.05281         52.1        41.257
49.1600    -260022.0595 -260036.3755      14.3160   295.3    3551.7633         1.05281         52.1        41.257
49.1700    -260022.1150 -260036.6575      14.5425   300.0    3551.7633         1.05281         52.1        41.257
49.1800    -260022.3557 -260036.1829      13.8273   285.3    3551.7633         1.05281         52.1        41.257
49.1900    -260022.5868 -260036.3372      13.7504   283.7    3551.7633         1.05281         52.1        41.257
49.2000    -260022.4306 -260036.5490      14.1184   291.3    3551.7633         1.05281         52.1        41.257
49.2100    -260022.4374 -260036.5664      14.1290   291.5    3551.7633         1.05281         52.1        41.257
49.2200    -260022.6811 -260036.6932      14.0121   289.1    3551.7633         1.05281         52.0        41.257
49.2300    -260022.3803 -260036.5356      14.1553   292.0    3563.2405         1.04942         52.1        41.257
49.2400    -260022.9565 -260036.8940      13.9375   287.5    3563.2405         1.04942         52.0        41.257
49.2500    -260022.4682 -260037.3956      14.9274   308.0    3563.2405         1.04942         52.0        41.257
49.2600    -260023.1308 -260036.6405      13.5096   278.7    3563.2405         1.04942         52.0        41.257
49.2700    -260022.3145 -260036.8749      14.5603   300.4    3563.2405         1.04942         52.0        41.257
49.2800    -260021.4011 -260036.6115      15.2105   313.8    3563.2405         1.04942         52.0        41.257
49.2900    -260021.4559 -260036.0858      14.6299   301.8    3563.2405         1.04942         52.0        41.257
49.3000    -260021.8576 -260036.1426      14.2849   294.7    3554.9733         1.05186         52.0        41.257
49.3100    -260021.5652 -260036.0883      14.5231   299.6    3554.9733         1.05186         52.0        41.257
49.3200    -260021.9561 -260036.2328      14.2766   294.5    3554.9733         1.05186         52.0        41.257
49.3300    -260021.9033 -260035.5081      13.6048   280.7    3555.5381         1.05169         52.0        41.257
49.3400    -260022.1090 -260036.2713      14.1623   292.2    3555.5381         1.05169         52.0        41.257
49.3500    -260021.5007 -260035.9260      14.4253   297.6    3555.5381         1.05169         52.0        41.257
49.3600    -260021.5949 -260035.9515      14.3566   296.2    3555.5381         1.05169         52.0        41.257
49.3700    -260021.4271 -260035.8001      14.3730   296.5    3555.5381         1.05169         52.0        41.257
49.3800    -260020.9932 -260035.0915      14.0983   290.9    3573.6026         1.04637         52.0        41.257
49.3900    -260021.0350 -260035.9967      14.9617   308.7    3573.6026         1.04637         52.0        41.257
49.4000    -260021.0358 -260036.5174      15.4816   319.4    3573.6026         1.04637         51.9        41.257
49.4100    -260021.1191 -260036.4393      15.3202   316.1    3573.6026         1.04637         51.9        41.257
49.4200    -260021.6394 -260036.1282      14.4888   298.9    3564.8109         1.04896         52.0        41.257
49.4300    -260021.4587 -260036.5343      15.0756   311.0    3581.0209         1.04421         52.0        41.257
49.4400    -260021.7791 -260036.5231      14.7440   304.2    3569.3890         1.04761         52.0        41.257
49.4500    -260021.9337 -260036.7372      14.8035   305.4    3587.9149         1.04220         52.0        41.257
49.4600    -260022.0233 -260035.4632      13.4399   277.3    3587.9149         1.04220         52.0        41.257
49.4700    -260021.5067 -260036.3957      14.8889   307.2    3577.5901         1.04521         52.0        41.257
49.4800    -260021.9041 -260036.1860      14.2819   294.6    3577.5901         1.04521         52.0        41.257
49.4900    -260021.5133 -260036.1605      14.6472   302.2    3585.1323         1.04301         52.0        41.257
49.5000    -260021.9957 -260036.3917      14.3960   297.0    3560.8817         1.05011         52.0        41.257
49.5100    -260021.7645 -260037.2831      15.5186   320.2    3560.8817         1.05011         52.0        41.257
49.5200    -260021.9262 -260036.6132      14.6871   303.0    3525.3534         1.06070         52.0        41.257
49.5300    -260022.4623 -260036.3990      13.9367   287.5    3497.3860         1.06918         52.0        41.257
49.5400    -260022.6238 -260036.4439      13.8201   285.1    3497.3860         1.06918         52.0        41.257
49.5500    -260022.7840 -260036.9049      14.1208   291.3    3497.3860         1.06918         52.0        41.257
49.5600    -260022.6846 -260036.8134      14.1288   291.5    3497.3860         1.06918         52.0        41.257
49.5700    -260022.8476 -260036.3558      13.5082   278.7    3497.3860         1.06918         52.0        41.257
49.5800    -260022.7139 -260036.4236      13.7097   282.8    3497.3860         1.06918         52.0        41.257
49.5900    -260021.9236 -260036.7328      14.8092   305.5    3514.2361         1.06405         52.0        41.257
49.6000    -260021.8755 -260036.8202      14.9447   308.3    3524.8980         1.06083         52.0        41.257
49.6100    -260022.1181 -260036.0651      13.9471   287.7    3524.8980         1.06083         52.0        41.257
49.6200    -260021.9296 -260036.7857      14.8561   306.5    3524.8980         1.06083         52.0        41.257
49.6300    -260022.0170 -260036.4907      14.4737   298.6    3524.8980         1.06083         52.0        41.257
49.6400    -260021.5088 -260036.7109      15.2021   313.6    3524.8980         1.06083         52.0        41.257
49.6500    -260021.9692 -260036.2452      14.2760   294.5    3539.9501         1.05632         52.0        41.257
49.6600    -260022.0474 -260036.2868      14.2394   293.8    3539.9501         1.05632         52.0        41.257
49.6700    -260021.7159 -260036.1375      14.4216   297.5    3539.9501         1.05632         52.0        41.257
49.6800    -260021.8464 -260036.6445      14.7981   305.3    3522.3535         1.06160         52.0        41.257
49.6900    -260021.1992 -260035.9273      14.7281   303.8    3555.7919         1.05162         52.0        41.257
49.7000    -260021.0748 -260036.1333      15.0585   310.7    3555.7919         1.05162         52.0        41.257
49.7100    -260021.0055 -260036.5774      15.5720   321.3    3555.7919         1.05162         52.0        41.257
49.7200    -260021.0316 -260035.7174      14.6858   303.0    3555.7919         1.05162         52.0        41.257
49.7300    -260021.1880 -260035.3409      14.1529   292.0    3555.7919         1.05162         52.0        41.257
49.7400    -260021.2008 -260034.3915      13.1907   272.1    3539.8930         1.05634         52.0        41.257
49.7500    -260021.3254 -260034.7235      13.3982   276.4    3539.8930         1.05634         52.0        41.257
49.7600    -260021.6421 -260035.5036      13.8615   286.0    3539.8930         1.05634         52.0        41.257
49.7700    -260021.8246 -260036.1304      14.3058   295.1    3539.8940         1.05634         52.0        41.257
49.7800    -260022.6634 -260036.5446      13.8813   286.4    3555.6238         1.05167         52.0        41.257
49.7900    -260022.7882 -260036.7271      13.9390   287.6    3579.3628         1.04469         52.0        41.257
49.8000    -260021.7716 -260036.1793      14.4077   297.2    3579.3628         1.04469         52.0        41.257
49.8100    -260021.7129 -260035.3126      13.5997   280.6    3579.3628         1.04469         52.0        41.257
49.8200    -260022.0030 -260036.1118      14.1088   291.1    3542.8168         1.05547         52.0        41.257
49.8300    -260021.7790 -260036.2273      14.4482   298.1    3550.7871         1.05310         52.0        41.257
49.8400    -260022.1380 -260036.9290      14.7911   305.1    3550.7871         1.05310         52.0        41.257
49.8500    -260022.3321 -260036.6680      14.3358   295.8    3550.7871         1.05310         52.0        41.257
49.8600    -260022.4997 -260037.4173      14.9176   307.8    3550.7871         1.05310         52.0        41.257
49.8700    -260022.1710 -260036.5899      14.4189   297.5    3542.5398         1.05555         52.0        41.257
49.8800    -260022.2249 -260036.0144      13.7895   284.5    3526.8478         1.06025         52.0        41.257
49.8900    -260021.8440 -260036.8426      14.9986   309.4    3526.8478         1.06025         52.0        41.257
49.9000    -260021.7477 -260035.9123      14.1646   292.2    3526.8478         1.06025         52.0        41.257
49.9100    -260021.5874 -260036.1572      14.5698   300.6    3526.8478         1.06025         52.0        41.257
49.9200    -260021.4344 -260036.9802      15.5459   320.7    3526.8478         1.06025         52.0        41.257
49.9300    -260021.9008 -260036.8636      14.9628   308.7    3565.7977         1.04866         52.0        41.257
49.9400    -260021.8112 -260035.9881      14.1770   292.5    3598.4012         1.03916         52.0        41.257
49.9500    -260021.4195 -260036.3806      14.9611   308.7    3598.4012         1.03916         52.0        41.257
49.9600    -260021.7575 -260035.9023      14.1448   291.8    3598.4012         1.03916         52.0        41.257
49.9700    -260021.3197 -260036.8032      15.4836   319.4    3598.4012         1.03916         52.0        41.257
49.9800    -260021.8415 -260036.9190      15.0775   311.1    3598.4012         1.03916         52.0        41.257
49.9900    -260022.5373 -260036.8002      14.2629   294.2    3611.0500         1.03552         52.0        41.257
50.0000    -260022.8567 -260036.7804      13.9237   287.2    3620.8947         1.03271         52.0        41.257
50.0100    -260022.8812 -260036.8189      13.9377   287.5    3620.8947         1.03271         52.0        41.257
50.0200    -260022.7801 -260037.1044      14.3243   295.5    3592.0630         1.04100         52.0        41.257
50.0300    -260022.2681 -260036.0943      13.8262   285.2    3595.0233         1.04014         52.0        41.257
50.0400    -260021.9026 -260035.9670      14.0644   290.2    3566.8778         1.04835         52.0        41.257
50.0500    -260022.0976 -260036.6156      14.5180   299.5    3561.9398         1.04980         52.0        41.257
50.0600    -260022.2480 -260036.8942      14.6462   302.2    3561.9398         1.04980         52.0        41.257
50.0700    -260022.1908 -260036.2651      14.0743   290.4    3561.9398         1.04980         52.0        41.257
50.0800    -260022.0695 -260035.4558      13.3862   276.2    3561.9398         1.04980         52.0        41.257
50.0900    -260021.9185 -260036.2546      14.3361   295.8    3596.0652         1.03984         52.0        41.257
50.1000    -260021.6979 -260036.6664      14.9685   308.8    3596.0652         1.03984         52.0        41.257
50.1100    -260021.4224 -260036.3089      14.8865   307.1    3596.0652         1.03984         52.0        41.257
50.1200    -260021.4060 -260035.5840      14.1780   292.5    3577.8869         1.04512         52.0        41.257
50.1300    -260021.2695 -260036.3402      15.0707   310.9    3577.8869         1.04512         52.0        41.257
50.1400    -260021.2602 -260035.8210      14.5609   300.4    3580.4632         1.04437         52.0        41.257
50.1500    -260021.4605 -260036.3678      14.9073   307.5    3580.4632         1.04437         52.0        41.257
50.1600    -260021.3500 -260034.8658      13.5158   278.8    3580.4632         1.04437         52.0        41.257
50.1700    -260021.6735 -260036.5337      14.8602   306.6    3580.4632         1.04437         52.0        41.257
50.1800    -260021.9926 -260036.9380      14.9454   308.3    3580.4632         1.04437         52.0        41.257
50.1900    -260022.3758 -260037.2474      14.8716   306.8    3580.4632         1.04437         52.0        41.257
50.2000    -260022.2894 -260037.3262      15.0368   310.2    3580.4632         1.04437         51.9        41.257
50.2100    -260022.0597 -260036.0363      13.9765   288.3    3580.4632         1.04437         51.9        41.257
50.2200    -260021.6942 -260036.2883      14.5942   301.1    3580.4632         1.04437         51.9        41.257
50.2300    -260021.8918 -260036.1095      14.2178   293.3    3565.1122         1.04887         51.9        41.257
50.2400    -260022.1125 -260036.8272      14.7147   303.6    3577.0862         1.04536         52.0        41.257
50.2500    -260021.7465 -260036.4361      14.6896   303.1    3550.8831         1.05307         52.0        41.257
50.2600    -260021.6340 -260036.0662      14.4323   297.7    3550.8831         1.05307         52.0        41.257
50.2700    -260021.6560 -260036.0474      14.3915   296.9    3550.8831         1.05307         52.0        41.257
50.2800    -260022.2055 -260036.6467      14.4412   297.9    3525.9573         1.06051         52.0        41.257
50.2900    -260022.3890 -260037.6416      15.2526   314.7    3510.6628         1.06513         52.0        41.257
50.3000    -260022.5016 -260037.2849      14.7833   305.0    3493.0463         1.07051         52.0        41.257
50.3100    -260022.0748 -260037.1263      15.0516   310.5    3493.0463         1.07051         52.0        41.257
50.3200    -260022.5211 -260037.6091      15.0880   311.3    3493.0463         1.07051         52.0        41.257
50.3300    -260022.7704 -260037.0489      14.2785   294.6    3473.6161         1.07649         52.0        41.257
50.3400    -260022.9153 -260037.2044      14.2891   294.8    3473.6161         1.07649         52.0        41.257
50.3500    -260022.0567 -260036.7416      14.6849   303.0    3473.6161         1.07649         52.0        41.257
50.3600    -260023.0316 -260036.9191      13.8875   286.5    3473.6161         1.07649         52.0        41.257
50.3700    -260022.5902 -260036.7035      14.1132   291.2    3474.9635         1.07608         52.0        41.257
50.3800    -260021.9579 -260036.4573      14.4994   299.1    3474.9635         1.07608         52.0        41.257
50.3900    -260022.5123 -260037.0959      14.5836   300.9    3474.9635         1.07608         51.9        41.257
50.4000    -260022.9453 -260037.5844      14.6390   302.0    3474.5967         1.07619         52.0        41.257
50.4100    -260022.8435 -260037.7662      14.9226   307.9    3474.5967         1.07619         52.0        41.257
50.4200    -260022.5711 -260037.2872      14.7161   303.6    3474.5967         1.07619         51.9        41.257
50.4300    -260022.9745 -260037.2577      14.2833   294.7    3474.5967         1.07619         51.9        41.257
50.4400    -260022.4850 -260037.4490      14.9640   308.7    3474.5967         1.07619         51.9        41.257
50.4500    -260022.6521 -260036.9970      14.3449   295.9    3504.4158         1.06703         51.9        41.257
50.4600    -260022.7801 -260036.9969      14.2168   293.3    3504.4158         1.06703         51.9        41.257
50.4700    -260022.2904 -260036.1541      13.8637   286.0    3504.4158         1.06703         51.9        41.257
50.4800    -260022.8335 -260036.7512      13.9176   287.1    3504.4158         1.06703         51.9        41.257
50.4900    -260022.9615 -260037.4101      14.4486   298.1    3504.4158         1.06703         51.9        41.257
50.5000    -260022.7649 -260037.3539      14.5890   301.0    3504.4158         1.06703         51.9        41.257
50.5100    -260022.8941 -260037.3763      14.4821   298.8    3504.4158         1.06703         51.9        41.257
50.5200    -260022.3663 -260036.5858      14.2195   293.4    3492.7245         1.07060         51.9        41.257
50.5300    -260022.4210 -260036.3689      13.9479   287.7    3492.8432         1.07057         51.9        41.257
50.5400    -260022.8488 -260037.1130      14.2642   294.3    3492.8432         1.07057         51.9        41.257
50.5500    -260022.5362 -260037.3242      14.7880   305.1    3492.8432         1.07057         51.9        41.257
50.5600    -260023.3545 -260037.4804      14.1259   291.4    3492.8432         1.07057         51.9        41.257
50.5700    -260023.3083 -260037.7637      14.4553   298.2    3493.4794         1.07037         51.9        41.257
50.5800    -260023.2594 -260037.3812      14.1219   291.3    3503.8229         1.06721         51.9        41.257
50.5900    -260023.1550 -260037.3205      14.1655   292.2    3535.7054         1.05759         51.9        41.257
50.6000    -260023.2277 -260037.5137      14.2860   294.7    3565.0974         1.04887         51.9        41.257
50.6100    -260023.2436 -260037.9208      14.6771   302.8    3565.0974         1.04887         51.9        41.257
50.6200    -260022.5748 -260037.6925      15.1177   311.9    3565.0974         1.04887         51.9        41.257
50.6300    -260022.7257 -260037.5188      14.7931   305.2    3538.1219         1.05687         51.9        41.257
50.6400    -260022.8285 -260037.4226      14.5942   301.1    3538.1219         1.05687         51.9        41.257
50.6500    -260023.1782 -260036.4877      13.3095   274.6    3538.1219         1.05687         51.9        41.257
50.6600    -260022.8646 -260036.5447      13.6801   282.2    3538.1219         1.05687         51.9        41.257
50.6700    -260022.0541 -260036.4540      14.3999   297.1    3538.7566         1.05668         51.9        41.257
50.6800    -260021.7831 -260036.7916      15.0085   309.6    3544.8896         1.05485         51.9        41.257
50.6900    -260021.6153 -260036.8080      15.1927   313.4    3544.8896         1.05485         51.9        41.257
50.7000    -260022.3670 -260036.3535      13.9866   288.5    3544.8896         1.05485         51.9        41.257
50.7100    -260021.5789 -260036.5032      14.9243   307.9    3544.8896         1.05485         51.9        41.257
50.7200    -260022.2983 -260036.9806      14.6823   302.9    3549.3685         1.05352         51.9        41.257
50.7300    -260022.8141 -260037.2788      14.4647   298.4    3577.8356         1.04514         51.9        41.257
50.7400    -260022.8825 -260037.5511      14.6686   302.6    3558.6779         1.05076         51.9        41.257
50.7500    -260023.2801 -260037.3262      14.0460   289.8    3558.6779         1.05076         51.9        41.257
50.7600    -260022.7425 -260036.9270      14.1846   292.6    3558.6779         1.05076         51.9        41.257
50.7700    -260022.4060 -260037.4149      15.0089   309.6    3558.6779         1.05076         51.9        41.257
50.7800    -260022.6358 -260037.2581      14.6223   301.7    3558.6779         1.05076         51.9        41.257
50.7900    -260023.0337 -260037.2810      14.2474   293.9    3558.6779         1.05076         51.9        41.257
50.8000    -260023.3020 -260037.5388      14.2367   293.7    3555.5733         1.05168         51.9        41.257
50.8100    -260023.1120 -260036.7595      13.6476   281.6    3555.5733         1.05168         51.9        41.257
50.8200    -260022.9667 -260037.0985      14.1318   291.5    3558.3272         1.05087         51.9        41.257
50.8300    -260022.7410 -260037.7559      15.0149   309.8    3558.3272         1.05087         51.9        41.257
50.8400    -260022.6886 -260037.4593      14.7707   304.7    3543.3241         1.05532         51.9        41.257
50.8500    -260022.8629 -260036.7300      13.8672   286.1    3530.3942         1.05918         51.9        41.257
50.8600    -260022.6690 -260037.4408      14.7718   304.7    3530.3942         1.05918         51.9        41.257
50.8700    -260023.0534 -260036.8857      13.8323   285.4    3529.8286         1.05935         51.9        41.257
50.8800    -260023.1894 -260037.0378      13.8484   285.7    3529.8286         1.05935         51.9        41.257
50.8900    -260023.8760 -260037.4422      13.5662   279.9    3529.8286         1.05935         51.9        41.257
50.9000    -260023.7600 -260037.5993      13.8392   285.5    3529.8286         1.05935         51.9        41.257
50.9100    -260023.4703 -260037.2284      13.7581   283.8    3529.8286         1.05935         51.9        41.257
50.9200    -260023.2258 -260037.6680      14.4422   297.9    3526.0016         1.06050         51.9        41.257
50.9300    -260023.4542 -260036.8214      13.3672   275.8    3534.1619         1.05805         51.9        41.257
50.9400    -260023.8560 -260037.1475      13.2914   274.2    3534.1619         1.05805         51.9        41.257
50.9500    -260023.7775 -260037.5803      13.8028   284.8    3535.1997         1.05774         51.9        41.257
50.9600    -260023.6808 -260036.6952      13.0143   268.5    3535.1997         1.05774         51.9        41.257
50.9700    -260023.5557 -260036.9879      13.4322   277.1    3559.7117         1.05046         51.9        41.257
50.9800    -260024.4316 -260037.5816      13.1500   271.3    3522.5127         1.06155         51.9        41.257
50.9900    -260024.6969 -260037.7901      13.0932   270.1    3481.8130         1.07396         51.9        41.257
51.0000    -260024.6830 -260038.3272      13.6441   281.5    3446.9429         1.08482         52.0        41.257
51.0100    -260024.8446 -260038.2663      13.4217   276.9    3446.9429         1.08482         52.0        41.257
51.0200    -260024.4176 -260038.2326      13.8150   285.0    3446.9429         1.08482         51.9        41.257
51.0300    -260024.3290 -260038.7238      14.3948   297.0    3446.9429         1.08482         51.9        41.257
51.0400    -260024.3483 -260038.1600      13.8117   284.9    3446.9429         1.08482         51.9        41.257
51.0500    -260024.5283 -260037.9635      13.4352   277.2    3446.9429         1.08482         51.9        41.257
51.0600    -260024.4378 -260038.2398      13.8020   284.7    3446.9429         1.08482         51.9        41.257
51.0700    -260024.1926 -260037.4171      13.2245   272.8    3446.9429         1.08482         51.9        41.257
51.0800    -260024.4149 -260038.1474      13.7325   283.3    3446.9429         1.08482         51.9        41.257
51.0900    -260024.1815 -260038.0657      13.8842   286.4    3446.9429         1.08482         51.9        41.257
51.1000    -260023.8340 -260037.7105      13.8766   286.3    3446.9429         1.08482         51.9        41.257
51.1100    -260024.3291 -260038.9897      14.6606   302.5    3446.9429         1.08482         51.9        41.257
51.1200    -260024.3350 -260038.8312      14.4962   299.1    3454.8854         1.08233         51.9        41.257
51.1300    -260023.9481 -260037.7655      13.8174   285.1    3485.7654         1.07274         51.9        41.257
51.1400    -260023.6386 -260038.0748      14.4362   297.8    3485.7654         1.07274         51.9        41.257
51.1500    -260023.9932 -260038.4225      14.4294   297.7    3485.1248         1.07294         51.9        41.257
51.1600    -260024.4145 -260038.1919      13.7774   284.2    3485.1248         1.07294         51.9        41.257
51.1700    -260024.4768 -260038.6447      14.1679   292.3    3477.7794         1.07521         51.9        41.257
51.1800    -260024.0315 -260038.7039      14.6724   302.7    3462.3345         1.08000         51.9        41.257
51.1900    -260023.8038 -260038.4434      14.6396   302.0    3475.7514         1.07583         51.9        41.257
51.2000    -260023.7088 -260037.5784      13.8697   286.1    3480.4973         1.07437         51.9        41.257
51.2100    -260023.5616 -260036.9334      13.3718   275.9    3480.4973         1.07437         51.9        41.257
51.2200    -260023.9513 -260037.5461      13.5948   280.5    3480.4973         1.07437         51.9        41.257
51.2300    -260024.4653 -260037.6061      13.1408   271.1    3480.4973         1.07437         51.9        41.257
51.2400    -260024.3096 -260038.1577      13.8480   285.7    3486.9340         1.07238         51.9        41.257
51.2500    -260023.7956 -260037.7425      13.9468   287.7    3478.6839         1.07493         51.9        41.257
51.2600    -260023.5509 -260038.0324      14.4815   298.8    3478.6839         1.07493         51.9        41.257
51.2700    -260023.0386 -260037.6068      14.5682   300.5    3478.6839         1.07493         51.9        41.257
51.2800    -260023.1997 -260037.2610      14.0612   290.1    3478.6839         1.07493         51.9        41.257
51.2900    -260023.2790 -260037.5820      14.3030   295.1    3478.6839         1.07493         51.9        41.257
51.3000    -260023.0894 -260037.4677      14.3783   296.6    3478.6839         1.07493         51.9        41.257
51.3100    -260022.4817 -260037.4230      14.9413   308.2    3478.6839         1.07493         51.9        41.257
51.3200    -260022.2566 -260037.0312      14.7746   304.8    3478.6839         1.07493         51.9        41.257
51.3300    -260022.1913 -260037.0807      14.8894   307.2    3478.6839         1.07493         51.9        41.257
51.3400    -260022.0575 -260037.7439      15.6864   323.6    3468.6526         1.07803         51.9        41.257
51.3500    -260022.4903 -260037.4122      14.9219   307.8    3502.6542         1.06757         51.9        41.257
51.3600    -260022.1867 -260036.7485      14.5618   300.4    3502.6542         1.06757         51.9        41.257
51.3700    -260022.1231 -260036.4272      14.3041   295.1    3491.4671         1.07099         51.9        41.257
51.3800    -260022.3329 -260037.1265      14.7936   305.2    3500.6931         1.06817         51.9        41.257
51.3900    -260022.3405 -260036.3970      14.0565   290.0    3508.3274         1.06584         51.9        41.257
51.4000    -260022.1393 -260035.9624      13.8231   285.2    3491.3851         1.07102         51.9        41.257
51.4100    -260022.3472 -260036.7755      14.4282   297.7    3491.3851         1.07102         51.9        41.257
51.4200    -260022.8165 -260037.1439      14.3275   295.6    3491.3851         1.07102         51.9        41.257
51.4300    -260023.0365 -260037.0031      13.9665   288.1    3491.3851         1.07102         51.9        41.257
51.4400    -260023.0365 -260037.1168      14.0803   290.5    3491.3851         1.07102         51.9        41.257
51.4500    -260022.9879 -260036.4449      13.4571   277.6    3491.3851         1.07102         51.9        41.257
51.4600    -260022.8365 -260037.6508      14.8143   305.6    3491.3851         1.07102         51.9        41.257
51.4700    -260022.6942 -260037.5930      14.8987   307.4    3474.3383         1.07627         51.9        41.257
51.4800    -260022.5545 -260037.1126      14.5581   300.3    3474.3383         1.07627         51.9        41.257
51.4900    -260022.2475 -260036.3373      14.0898   290.7    3474.0740         1.07635         51.9        41.257
51.5000    -260022.9056 -260037.0436      14.1380   291.7    3486.7273         1.07245         51.9        41.257
51.5100    -260023.1544 -260037.2190      14.0646   290.2    3486.7273         1.07245         51.9        41.257
51.5200    -260022.9326 -260036.7562      13.8236   285.2    3486.7273         1.07245         51.9        41.257
51.5300    -260023.2529 -260037.5466      14.2937   294.9    3497.2700         1.06921         51.9        41.257
51.5400    -260022.9474 -260036.7548      13.8074   284.9    3497.2700         1.06921         51.9        41.257
51.5500    -260022.2130 -260036.3889      14.1759   292.5    3500.7152         1.06816         51.9        41.257
51.5600    -260022.8876 -260037.0148      14.1272   291.4    3500.7152         1.06816         51.9        41.257
51.5700    -260022.8577 -260036.7534      13.8957   286.7    3530.8772         1.05904         51.9        41.257
51.5800    -260022.7004 -260037.1484      14.4480   298.1    3530.8772         1.05904         51.9        41.257
51.5900    -260022.2343 -260037.4311      15.1968   313.5    3524.5845         1.06093         51.9        41.257
51.6000    -260023.0376 -260037.3092      14.2716   294.4    3525.4593         1.06066         51.9        41.257
51.6100    -260022.7986 -260036.8514      14.0528   289.9    3525.4593         1.06066         51.9        41.257
51.6200    -260022.6741 -260036.5179      13.8438   285.6    3529.4190         1.05947         51.9        41.257
51.6300    -260022.2761 -260036.7607      14.4846   298.8    3548.9948         1.05363         51.9        41.257
51.6400    -260022.4932 -260036.7180      14.2248   293.5    3521.4110         1.06188         51.9        41.257
51.6500    -260022.1571 -260036.8083      14.6512   302.3    3521.4110         1.06188         51.9        41.257
51.6600    -260022.3246 -260036.5109      14.1862   292.7    3521.4110         1.06188         51.9        41.257
51.6700    -260022.6267 -260036.6749      14.0482   289.8    3521.4110         1.06188         51.9        41.257
51.6800    -260022.6316 -260037.2673      14.6357   301.9    3515.7241         1.06360         51.9        41.257
51.6900    -260022.5223 -260036.6745      14.1522   292.0    3515.7241         1.06360         51.9        41.257
51.7000    -260023.0181 -260037.1016      14.0835   290.5    3515.7241         1.06360         51.9        41.257
51.7100    -260022.8328 -260037.3802      14.5474   300.1    3515.7241         1.06360         51.9        41.257
51.7200    -260022.7829 -260037.1221      14.3392   295.8    3515.7241         1.06360         51.9        41.257
51.7300    -260022.7872 -260037.0972      14.3100   295.2    3515.7241         1.06360         51.9        41.257
51.7400    -260022.7304 -260037.1416      14.4112   297.3    3515.7241         1.06360         51.9        41.257
51.7500    -260023.2496 -260037.7736      14.5240   299.6    3515.7241         1.06360         51.9        41.257
51.7600    -260023.1871 -260037.1510      13.9639   288.1    3515.7241         1.06360         51.9        41.257
51.7700    -260023.4920 -260036.9956      13.5036   278.6    3515.7241         1.06360         51.8        41.257
51.7800    -260023.4591 -260038.2245      14.7654   304.6    3515.7241         1.06360         51.8        41.257
51.7900    -260023.4891 -260037.7793      14.2902   294.8    3515.7241         1.06360         51.8        41.257
51.8000    -260023.5171 -260037.5078      13.9906   288.6    3515.7241         1.06360         51.8        41.257
51.8100    -260024.2363 -260038.8563      14.6199   301.6    3515.7241         1.06360         51.8        41.257
51.8200    -260024.2013 -260038.3065      14.1052   291.0    3515.7241         1.06360         51.8        41.257
51.8300    -260023.8722 -260038.0477      14.1755   292.4    3516.2911         1.06343         51.8        41.257
51.8400    -260023.7663 -260037.4630      13.6967   282.6    3513.7671         1.06419         51.8        41.257
51.8500    -260023.3344 -260037.2359      13.9015   286.8    3513.7671         1.06419         51.8        41.257
51.8600    -260023.2734 -260037.0761      13.8027   284.8    3513.7671         1.06419         51.8        41.257
51.8700    -260023.0496 -260037.5365      14.4869   298.9    3514.1749         1.06407         51.8        41.257
51.8800    -260023.2150 -260037.3428      14.1278   291.5    3512.8868         1.06446         51.8        41.257
51.8900    -260022.3901 -260036.4990      14.1089   291.1    3512.8868         1.06446         51.8        41.257
51.9000    -260021.6688 -260036.6914      15.0226   309.9    3512.8868         1.06446         51.8        41.257
51.9100    -260021.5903 -260037.0586      15.4682   319.1    3512.8868         1.06446         51.8        41.257
51.9200    -260022.2157 -260037.1994      14.9837   309.1    3504.5895         1.06698         51.8        41.257
51.9300    -260021.8995 -260037.3691      15.4696   319.1    3504.5895         1.06698         51.8        41.257
51.9400    -260021.5437 -260037.0209      15.4772   319.3    3504.5895         1.06698         51.8        41.257
51.9500    -260021.4747 -260037.5518      16.0771   331.7    3529.5108         1.05945         51.8        41.257
51.9600    -260021.7384 -260036.9171      15.1788   313.1    3529.5108         1.05945         51.8        41.257
51.9700    -260022.4134 -260037.2488      14.8355   306.1    3529.5108         1.05945         51.8        41.257
51.9800    -260022.4502 -260036.9322      14.4820   298.8    3529.5108         1.05945         51.8        41.257
51.9900    -260022.5553 -260036.7500      14.1947   292.8    3529.5108         1.05945         51.8        41.257
52.0000    -260022.3144 -260037.3594      15.0449   310.4    3520.5693         1.06214         51.8        41.257
52.0100    -260021.8018 -260035.6187      13.8170   285.0    3520.5693         1.06214         51.8        41.257
52.0200    -260021.2759 -260035.9813      14.7055   303.4    3487.3271         1.07226         51.8        41.257
52.0300    -260021.6264 -260036.8308      15.2044   313.7    3487.3271         1.07226         51.8        41.257
52.0400    -260021.8634 -260036.8826      15.0192   309.9    3489.1587         1.07170         51.8        41.257
52.0500    -260022.1043 -260036.5123      14.4080   297.2    3489.1587         1.07170         51.8        41.257
52.0600    -260022.1342 -260035.9734      13.8391   285.5    3489.1587         1.07170         51.8        41.257
52.0700    -260021.6876 -260036.6520      14.9643   308.7    3489.1587         1.07170         51.8        41.257
52.0800    -260021.2819 -260036.0923      14.8103   305.5    3489.1587         1.07170         51.8        41.257
52.0900    -260022.2011 -260036.1783      13.9772   288.4    3489.1587         1.07170         51.7        41.257
52.1000    -260022.8729 -260036.7283      13.8554   285.8    3487.5904         1.07218         51.8        41.257
52.1100    -260023.2118 -260037.4496      14.2378   293.7    3487.5904         1.07218         51.8        41.257
52.1200    -260023.0256 -260036.9533      13.9277   287.3    3487.5904         1.07218         51.7        41.257
52.1300    -260023.2362 -260037.2147      13.9785   288.4    3487.5904         1.07218         51.7        41.257
52.1400    -260023.1480 -260036.8497      13.7017   282.7    3502.8777         1.06750         51.7        41.257
52.1500    -260023.1744 -260037.3579      14.1835   292.6    3502.8777         1.06750         51.7        41.257
52.1600    -260023.1142 -260037.6135      14.4994   299.1    3502.8777         1.06750         51.7        41.257
52.1700    -260022.8236 -260037.7722      14.9486   308.4    3462.9411         1.07981         51.7        41.257
52.1800    -260023.0813 -260037.4143      14.3330   295.7    3462.9411         1.07981         51.7        41.257
52.1900    -260023.3461 -260037.2456      13.8995   286.8    3478.7703         1.07490         51.7        41.257
52.2000    -260022.7909 -260036.9790      14.1882   292.7    3480.1180         1.07448         51.7        41.257
52.2100    -260021.7735 -260036.5644      14.7909   305.1    3480.1180         1.07448         51.7        41.257
52.2200    -260021.7481 -260037.2883      15.5402   320.6    3480.1180         1.07448         51.7        41.257
52.2300    -260021.5299 -260037.3006      15.7707   325.4    3480.1180         1.07448         51.7        41.257
52.2400    -260022.8723 -260037.1356      14.2633   294.3    3480.1180         1.07448         51.7        41.257
52.2500    -260022.7527 -260037.0749      14.3222   295.5    3480.1180         1.07448         51.7        41.257
52.2600    -260022.7378 -260036.7633      14.0255   289.3    3480.1180         1.07448         51.7        41.257
52.2700    -260022.1079 -260036.9390      14.8311   306.0    3474.2804         1.07629         51.7        41.257
52.2800    -260022.5788 -260037.0253      14.4465   298.0    3483.1686         1.07354         51.7        41.257
52.2900    -260022.0550 -260037.0456      14.9906   309.3    3450.8357         1.08360         51.7        41.257
52.3000    -260020.9084 -260037.0293      16.1210   332.6    3450.8357         1.08360         51.7        41.257
52.3100    -260021.0313 -260036.2816      15.2503   314.6    3450.8357         1.08360         51.7        41.257
52.3200    -260021.3753 -260036.5069      15.1316   312.2    3439.4224         1.08720         51.7        41.257
52.3300    -260021.7342 -260036.9269      15.1927   313.4    3439.4224         1.08720         51.7        41.257
52.3400    -260022.0923 -260037.0987      15.0064   309.6    3446.9918         1.08481         51.7        41.257
52.3500    -260022.2300 -260036.8039      14.5739   300.7    3457.9068         1.08138         51.7        41.257
52.3600    -260022.0246 -260035.8333      13.8087   284.9    3457.9068         1.08138         51.7        41.257
52.3700    -260021.3942 -260036.6924      15.2982   315.6    3486.2368         1.07260         51.8        41.257
52.3800    -260021.5667 -260037.0540      15.4873   319.5    3484.6019         1.07310         51.8        41.257
52.3900    -260021.4004 -260036.8602      15.4598   318.9    3484.6019         1.07310         51.8        41.257
52.4000    -260021.8435 -260036.5268      14.6833   302.9    3484.6019         1.07310         51.7        41.257
52.4100    -260021.8349 -260037.0815      15.2466   314.5    3484.6019         1.07310         51.7        41.257
52.4200    -260021.6939 -260036.9771      15.2832   315.3    3484.6019         1.07310         51.7        41.257
52.4300    -260021.4512 -260036.7933      15.3422   316.5    3484.6019         1.07310         51.7        41.257
52.4400    -260021.7165 -260036.4876      14.7712   304.7    3484.3513         1.07318         51.7        41.257
52.4500    -260021.8637 -260036.5433      14.6796   302.8    3475.7049         1.07585         51.7        41.257
52.4600    -260021.5401 -260036.1013      14.5611   300.4    3475.7049         1.07585         51.7        41.257
52.4700    -260021.2017 -260036.3759      15.1742   313.0    3485.8792         1.07271         51.8        41.257
52.4800    -260020.7542 -260035.7229      14.9687   308.8    3490.3034         1.07135         51.8        41.257
52.4900    -260020.9380 -260035.2980      14.3601   296.3    3460.2696         1.08065         51.8        41.257
52.5000    -260020.8977 -260035.8667      14.9690   308.8    3480.1527         1.07447         51.8        41.257
52.5100    -260020.4358 -260036.3145      15.8787   327.6    3480.1527         1.07447         51.8        41.257
52.5200    -260021.0609 -260036.0362      14.9753   308.9    3480.1527         1.07447         51.8        41.257
52.5300    -260020.8386 -260036.4396      15.6009   321.9    3494.9775         1.06991         51.8        41.257
52.5400    -260020.0558 -260036.5749      16.5191   340.8    3494.9775         1.06991         51.8        41.257
52.5500    -260020.2509 -260036.2284      15.9775   329.6    3480.6733         1.07431         51.8        41.257
52.5600    -260020.3753 -260035.4930      15.1177   311.9    3480.6733         1.07431         51.8        41.257
52.5700    -260020.4933 -260035.0780      14.5847   300.9    3497.3945         1.06917         51.8        41.257
52.5800    -260020.0028 -260034.8639      14.8612   306.6    3497.3945         1.06917         51.8        41.257
52.5900    -260020.4377 -260036.1449      15.7072   324.0    3527.0966         1.06017         51.8        41.257
52.6000    -260021.1583 -260036.1086      14.9502   308.4    3526.0488         1.06049         51.8        41.257
52.6100    -260021.4620 -260036.0690      14.6069   301.3    3526.0488         1.06049         51.8        41.257
52.6200    -260021.1448 -260036.3098      15.1649   312.9    3526.0488         1.06049         51.8        41.257
52.6300    -260021.4237 -260036.1415      14.7177   303.6    3515.0335         1.06381         51.8        41.257
52.6400    -260020.6964 -260036.1623      15.4659   319.1    3515.0335         1.06381         51.8        41.257
52.6500    -260021.4997 -260036.0290      14.5293   299.7    3532.8541         1.05844         51.8        41.257
52.6600    -260021.5629 -260036.7815      15.2187   314.0    3532.8541         1.05844         51.8        41.257
52.6700    -260020.8518 -260036.4435      15.5917   321.7    3532.8541         1.05844         51.8        41.257
52.6800    -260020.5898 -260035.8926      15.3027   315.7    3572.3770         1.04673         51.8        41.257
52.6900    -260019.8822 -260035.8656      15.9834   329.7    3572.3770         1.04673         51.8        41.257
52.7000    -260020.5769 -260036.7710      16.1941   334.1    3572.3770         1.04673         51.8        41.257
52.7100    -260021.2896 -260036.6783      15.3887   317.5    3572.3770         1.04673         51.8        41.257
52.7200    -260021.7962 -260036.6188      14.8226   305.8    3576.4687         1.04554         51.8        41.257
52.7300    -260021.8085 -260036.6202      14.8118   305.6    3538.3756         1.05679         51.8        41.257
52.7400    -260021.2705 -260036.5088      15.2383   314.4    3530.9202         1.05902         51.8        41.257
52.7500    -260020.8340 -260036.6885      15.8545   327.1    3524.2853         1.06102         51.8        41.257
52.7600    -260021.2793 -260036.5522      15.2729   315.1    3524.2853         1.06102         51.8        41.257
52.7700    -260021.3409 -260036.4890      15.1481   312.5    3534.7653         1.05787         51.8        41.257
52.7800    -260021.6377 -260036.6408      15.0031   309.5    3563.7700         1.04926         51.8        41.257
52.7900    -260021.7151 -260036.1558      14.4406   297.9    3581.1249         1.04418         51.9        41.257
52.8000    -260022.3201 -260036.6819      14.3618   296.3    3581.1249         1.04418         51.8        41.257
52.8100    -260022.5168 -260036.6188      14.1020   290.9    3581.1249         1.04418         51.8        41.257
52.8200    -260022.5035 -260037.1318      14.6283   301.8    3599.3829         1.03888         51.9        41.257
52.8300    -260022.5151 -260036.8676      14.3525   296.1    3599.3829         1.03888         51.8        41.257
52.8400    -260022.7706 -260037.7320      14.9614   308.7    3599.3829         1.03888         51.8        41.257
52.8500    -260023.1122 -260037.4515      14.3392   295.8    3581.5935         1.04404         51.8        41.257
52.8600    -260023.2622 -260036.7918      13.5296   279.1    3581.5935         1.04404         51.8        41.257
52.8700    -260022.5810 -260036.8953      14.3143   295.3    3581.5935         1.04404         51.8        41.257
52.8800    -260022.3097 -260036.1380      13.8283   285.3    3581.8864         1.04395         51.8        41.257
52.8900    -260021.8457 -260036.7570      14.9114   307.6    3581.8864         1.04395         51.8        41.257
52.9000    -260022.6382 -260037.3655      14.7273   303.8    3581.8864         1.04395         51.8        41.257
52.9100    -260022.1340 -260036.9846      14.8506   306.4    3581.8864         1.04395         51.8        41.257
52.9200    -260021.4835 -260036.2340      14.7505   304.3    3581.8864         1.04395         51.8        41.257
52.9300    -260021.2182 -260035.5060      14.2879   294.8    3581.8864         1.04395         51.8        41.257
52.9400    -260021.0047 -260036.0586      15.0539   310.6    3581.8864         1.04395         51.8        41.257
52.9500    -260020.4834 -260035.6299      15.1465   312.5    3561.0849         1.05005         51.8        41.257
52.9600    -260021.0758 -260036.8339      15.7582   325.1    3561.0849         1.05005         51.8        41.257
52.9700    -260021.4795 -260037.1491      15.6696   323.3    3554.6755         1.05195         51.8        41.257
52.9800    -260021.3142 -260037.0004      15.6862   323.6    3554.6755         1.05195         51.8        41.257
52.9900    -260022.3778 -260036.5308      14.1530   292.0    3554.6755         1.05195         51.8        41.257
53.0000    -260022.2084 -260036.7293      14.5209   299.6    3544.2503         1.05504         51.8        41.257
53.0100    -260022.3371 -260037.3973      15.0602   310.7    3544.2503         1.05504         51.8        41.257
53.0200    -260022.4133 -260037.3635      14.9502   308.4    3544.2503         1.05504         51.8        41.257
53.0300    -260022.2585 -260037.2615      15.0030   309.5    3544.2503         1.05504         51.8        41.257
53.0400    -260022.0476 -260037.1469      15.0993   311.5    3559.5120         1.05052         51.8        41.257
53.0500    -260022.1478 -260037.5173      15.3695   317.1    3559.5120         1.05052         51.8        41.257
53.0600    -260021.7223 -260036.9347      15.2123   313.8    3559.5120         1.05052         51.8        41.257
53.0700    -260021.6340 -260036.3022      14.6682   302.6    3559.5120         1.05052         51.8        41.257
53.0800    -260021.8649 -260036.1372      14.2723   294.4    3559.5120         1.05052         51.7        41.257
53.0900    -260022.1494 -260036.9629      14.8134   305.6    3559.5120         1.05052         51.7        41.257
53.1000    -260021.8954 -260036.7357      14.8403   306.2    3557.4568         1.05112         51.7        41.257
53.1100    -260021.9211 -260036.2530      14.3319   295.7    3557.4568         1.05112         51.7        41.257
53.1200    -260022.0026 -260036.0911      14.0885   290.6    3557.4568         1.05112         51.7        41.257
53.1300    -260021.4999 -260036.0004      14.5005   299.1    3531.8930         1.05873         51.7        41.257
53.1400    -260021.4277 -260036.5210      15.0933   311.4    3561.8730         1.04982         51.8        41.257
53.1500    -260021.0590 -260035.1233      14.0644   290.2    3561.8730         1.04982         51.7        41.257
53.1600    -260021.1553 -260035.7891      14.6338   301.9    3561.8730         1.04982         51.7        41.257
53.1700    -260020.8905 -260036.0116      15.1211   312.0    3561.8730         1.04982         51.7        41.257
53.1800    -260021.3883 -260036.2614      14.8731   306.8    3561.8730         1.04982         51.7        41.257
53.1900    -260021.2296 -260036.6234      15.3938   317.6    3541.9333         1.05573         51.7        41.257
53.2000    -260020.9353 -260036.0464      15.1110   311.7    3549.6937         1.05342         51.7        41.257
53.2100    -260020.7491 -260035.5750      14.8259   305.9    3549.6937         1.05342         51.7        41.257
53.2200    -260020.7893 -260035.9812      15.1920   313.4    3549.6937         1.05342         51.7        41.257
53.2300    -260021.2148 -260035.5739      14.3591   296.2    3552.4669         1.05260         51.7        41.257
53.2400    -260021.4814 -260035.7925      14.3111   295.2    3574.3182         1.04616         51.7        41.257
53.2500    -260021.7341 -260036.4139      14.6798   302.8    3544.5970         1.05494         51.8        41.257
53.2600    -260021.8295 -260036.6776      14.8481   306.3    3544.5970         1.05494         51.8        41.257
53.2700    -260021.9589 -260036.1958      14.2369   293.7    3544.5970         1.05494         51.7        41.257
53.2800    -260022.1756 -260036.3096      14.1340   291.6    3524.2494         1.06103         51.8        41.257
53.2900    -260022.5917 -260036.6235      14.0319   289.5    3508.2551         1.06587         51.8        41.257
53.3000    -260021.8810 -260036.5379      14.6569   302.4    3508.2551         1.06587         51.8        41.257
53.3100    -260021.7320 -260036.7116      14.9795   309.0    3508.2551         1.06587         51.8        41.257
53.3200    -260020.9825 -260036.7241      15.7416   324.8    3511.8871         1.06476         51.8        41.257
53.3300    -260020.8164 -260036.0973      15.2809   315.2    3511.8871         1.06476         51.8        41.257
53.3400    -260020.4468 -260035.7125      15.2657   314.9    3511.8871         1.06476         51.7        41.257
53.3500    -260020.7922 -260035.2413      14.4491   298.1    3513.4050         1.06430         51.8        41.257
53.3600    -260020.3673 -260035.4501      15.0828   311.2    3513.4050         1.06430         51.8        41.257
53.3700    -260020.4305 -260035.5323      15.1018   311.6    3525.7094         1.06059         51.8        41.257
53.3800    -260020.6441 -260035.2411      14.5970   301.1    3530.7515         1.05907         51.8        41.257
53.3900    -260020.2164 -260035.8791      15.6627   323.1    3502.1109         1.06774         51.8        41.257
53.4000    -260019.8562 -260035.7266      15.8704   327.4    3487.1845         1.07231         51.8        41.257
53.4100    -260020.3279 -260035.8843      15.5564   320.9    3487.1845         1.07231         51.8        41.257
53.4200    -260020.7296 -260035.9138      15.1842   313.3    3481.9931         1.07390         51.8        41.257
53.4300    -260021.0820 -260035.7274      14.6454   302.1    3447.8690         1.08453         51.8        41.257
53.4400    -260021.1001 -260035.5608      14.4607   298.3    3449.3238         1.08408         51.8        41.257
53.4500    -260021.1607 -260035.8060      14.6453   302.1    3449.3238         1.08408         51.8        41.257
53.4600    -260021.3300 -260035.8608      14.5308   299.8    3449.3238         1.08408         51.8        41.257
53.4700    -260020.8743 -260035.5958      14.7216   303.7    3449.3238         1.08408         51.8        41.257
53.4800    -260021.1115 -260035.8150      14.7035   303.3    3449.3238         1.08408         51.8        41.257
53.4900    -260021.4979 -260035.7681      14.2701   294.4    3446.7461         1.08489         51.8        41.257
53.5000    -260021.3967 -260035.7640      14.3674   296.4    3475.3432         1.07596         51.8        41.257
53.5100    -260021.3109 -260035.9711      14.6602   302.4    3475.3432         1.07596         51.8        41.257
53.5200    -260021.7757 -260035.7253      13.9496   287.8    3475.3432         1.07596         51.8        41.257
53.5300    -260022.1464 -260036.3751      14.2287   293.5    3497.6705         1.06909         51.8        41.257
53.5400    -260021.6839 -260036.6005      14.9165   307.7    3505.5384         1.06669         51.8        41.257
53.5500    -260022.0440 -260036.5490      14.5050   299.2    3505.5384         1.06669         51.8        41.257
53.5600    -260022.1479 -260037.1523      15.0043   309.5    3505.5384         1.06669         51.8        41.257
53.5700    -260022.0977 -260037.0799      14.9821   309.1    3505.5384         1.06669         51.8        41.257
53.5800    -260022.6120 -260037.4287      14.8167   305.7    3505.5384         1.06669         51.8        41.257
53.5900    -260022.9148 -260037.0474      14.1326   291.6    3533.2108         1.05834         51.8        41.257
53.6000    -260023.2103 -260037.7309      14.5207   299.6    3533.2108         1.05834         51.8        41.257
53.6100    -260023.0495 -260037.5111      14.4617   298.3    3533.2108         1.05834         51.8        41.257
53.6200    -260022.8783 -260036.4066      13.5284   279.1    3529.0464         1.05959         51.8        41.257
53.6300    -260021.7102 -260036.2807      14.5706   300.6    3529.0464         1.05959         51.8        41.257
53.6400    -260021.5657 -260037.0097      15.4440   318.6    3529.0464         1.05959         51.8        41.257
53.6500    -260021.3978 -260035.6152      14.2174   293.3    3524.4423         1.06097         51.8        41.257
53.6600    -260021.7635 -260036.4972      14.7337   304.0    3524.4423         1.06097         51.8        41.257
53.6700    -260021.4733 -260036.4323      14.9590   308.6    3544.4480         1.05498         51.8        41.257
53.6800    -260021.6629 -260035.9115      14.2486   294.0    3575.7814         1.04574         51.8        41.257
53.6900    -260021.7579 -260035.6402      13.8823   286.4    3575.7814         1.04574         51.8        41.257
53.7000    -260021.3354 -260036.3479      15.0124   309.7    3590.7397         1.04138         51.8        41.257
53.7100    -260021.5070 -260036.2782      14.7712   304.7    3590.7397         1.04138         51.8        41.257
53.7200    -260021.3780 -260035.8182      14.4401   297.9    3583.2299         1.04356         51.8        41.257
53.7300    -260021.9475 -260036.0575      14.1100   291.1    3575.3902         1.04585         51.8        41.257
53.7400    -260021.8715 -260036.1282      14.2568   294.1    3577.8706         1.04513         51.8        41.257
53.7500    -260021.4835 -260035.1204      13.6369   281.3    3577.8706         1.04513         51.8        41.257
53.7600    -260021.3555 -260035.4662      14.1107   291.1    3577.8706         1.04513         51.8        41.257
53.7700    -260021.6903 -260036.3067      14.6164   301.5    3577.8706         1.04513         51.8        41.257
53.7800    -260021.6647 -260036.4434      14.7787   304.9    3577.8706         1.04513         51.8        41.257
53.7900    -260020.8527 -260036.1083      15.2557   314.7    3573.1692         1.04650         51.8        41.257
53.8000    -260021.0061 -260035.4724      14.4663   298.4    3584.9923         1.04305         51.8        41.257
53.8100    -260020.9138 -260036.1798      15.2660   314.9    3584.9923         1.04305         51.8        41.257
53.8200    -260021.3890 -260036.7142      15.3253   316.2    3558.4585         1.05083         51.8        41.257
53.8300    -260020.9749 -260036.4463      15.4713   319.2    3558.4585         1.05083         51.8        41.257
53.8400    -260020.9527 -260035.4963      14.5436   300.0    3558.4585         1.05083         51.8        41.257
53.8500    -260021.2515 -260036.1615      14.9100   307.6    3576.2568         1.04560         51.8        41.257
53.8600    -260021.2221 -260035.7333      14.5112   299.4    3576.2568         1.04560         51.8        41.257
53.8700    -260021.7520 -260036.7848      15.0327   310.1    3576.2568         1.04560         51.8        41.257
53.8800    -260022.1547 -260037.3163      15.1616   312.8    3576.2568         1.04560         51.8        41.257
53.8900    -260022.4908 -260036.8133      14.3225   295.5    3576.2568         1.04560         51.8        41.257
53.9000    -260022.6966 -260036.1160      13.4194   276.8    3576.2568         1.04560         51.8        41.257
53.9100    -260021.9249 -260037.0733      15.1485   312.5    3576.2568         1.04560         51.8        41.257
53.9200    -260022.0538 -260036.8692      14.8154   305.6    3589.8506         1.04164         51.8        41.257
53.9300    -260022.0914 -260036.2143      14.1229   291.4    3589.8506         1.04164         51.8        41.257
53.9400    -260022.3329 -260036.6420      14.3090   295.2    3594.4032         1.04032         51.8        41.257
53.9500    -260021.6044 -260037.3556      15.7511   324.9    3594.4032         1.04032         51.8        41.257
53.9600    -260021.4808 -260036.3663      14.8855   307.1    3594.4032         1.04032         51.8        41.257
53.9700    -260021.8602 -260036.3089      14.4487   298.1    3597.1395         1.03953         51.8        41.257
53.9800    -260022.1565 -260036.8569      14.7004   303.3    3566.1642         1.04856         51.8        41.257
53.9900    -260022.4133 -260036.4677      14.0543   289.9    3566.1642         1.04856         51.8        41.257
54.0000    -260021.8411 -260035.8974      14.0563   290.0    3566.1642         1.04856         51.8        41.257
54.0100    -260022.0114 -260036.5496      14.5382   299.9    3566.1642         1.04856         51.8        41.257
54.0200    -260022.4934 -260037.2259      14.7325   303.9    3551.3818         1.05292         51.8        41.257
54.0300    -260022.4611 -260036.5747      14.1136   291.2    3551.3818         1.05292         51.8        41.257
54.0400    -260022.7034 -260036.8575      14.1541   292.0    3525.6206         1.06062         51.8        41.257
54.0500    -260022.5402 -260036.6710      14.1308   291.5    3514.0034         1.06412         51.8        41.257
54.0600    -260022.9306 -260037.1980      14.2674   294.3    3514.0034         1.06412         51.8        41.257
54.0700    -260023.4275 -260037.7493      14.3218   295.5    3509.0295         1.06563         51.8        41.257
54.0800    -260023.7553 -260037.5551      13.7998   284.7    3537.8607         1.05695         51.8        41.257
54.0900    -260023.7460 -260037.5282      13.7822   284.3    3523.4885         1.06126         51.8        41.257
54.1000    -260024.0887 -260037.5040      13.4153   276.8    3523.4885         1.06126         51.8        41.257
54.1100    -260023.5610 -260037.7329      14.1720   292.4    3523.4885         1.06126         51.8        41.257
54.1200    -260023.6152 -260038.2450      14.6298   301.8    3523.4885         1.06126         51.8        41.257
54.1300    -260024.0064 -260038.8135      14.8071   305.5    3523.4885         1.06126         51.8        41.257
54.1400    -260023.5747 -260037.8820      14.3072   295.2    3523.4885         1.06126         51.8        41.257
54.1500    -260023.2752 -260037.2048      13.9295   287.4    3525.2564         1.06072         51.8        41.257
54.1600    -260023.0019 -260037.5970      14.5951   301.1    3525.2564         1.06072         51.8        41.257
54.1700    -260022.2882 -260037.1396      14.8514   306.4    3525.2564         1.06072         51.8        41.257
54.1800    -260022.1529 -260037.3047      15.1518   312.6    3507.4819         1.06610         51.8        41.257
54.1900    -260022.6397 -260036.5105      13.8708   286.2    3505.1120         1.06682         51.8        41.257
54.2000    -260021.6756 -260037.2032      15.5276   320.3    3505.1120         1.06682         51.8        41.257
54.2100    -260022.0586 -260037.4898      15.4311   318.3    3505.1120         1.06682         51.8        41.257
54.2200    -260021.8901 -260036.8276      14.9375   308.2    3505.1120         1.06682         51.8        41.257
54.2300    -260022.1409 -260036.4281      14.2872   294.7    3505.1120         1.06682         51.8        41.257
54.2400    -260021.9238 -260037.1890      15.2652   314.9    3505.1120         1.06682         51.8        41.257
54.2500    -260022.0316 -260036.5849      14.5533   300.2    3496.0464         1.06959         51.8        41.257
54.2600    -260022.2629 -260037.5549      15.2920   315.5    3496.0464         1.06959         51.8        41.257
54.2700    -260022.4837 -260037.8087      15.3250   316.2    3496.0464         1.06959         51.8        41.257
54.2800    -260022.5586 -260036.7335      14.1749   292.4    3468.1991         1.07818         51.8        41.257
54.2900    -260022.7992 -260036.6167      13.8176   285.1    3448.8093         1.08424         51.8        41.257
54.3000    -260022.5618 -260037.4502      14.8884   307.2    3456.9919         1.08167         51.8        41.257
54.3100    -260022.8589 -260037.8425      14.9835   309.1    3456.9919         1.08167         51.8        41.257
54.3200    -260023.3467 -260037.8735      14.5267   299.7    3456.9919         1.08167         51.8        41.257
54.3300    -260023.6297 -260037.9210      14.2913   294.8    3458.3533         1.08124         51.8        41.257
54.3400    -260023.2516 -260037.7826      14.5309   299.8    3458.5944         1.08117         51.8        41.257
54.3500    -260023.5272 -260037.4816      13.9544   287.9    3458.5944         1.08117         51.8        41.257
54.3600    -260023.4343 -260037.0750      13.6407   281.4    3458.5944         1.08117         51.8        41.257
54.3700    -260022.9077 -260037.7991      14.8915   307.2    3458.5944         1.08117         51.8        41.257
54.3800    -260023.4166 -260037.1408      13.7242   283.1    3458.5944         1.08117         51.8        41.257
54.3900    -260023.1147 -260037.3158      14.2011   293.0    3451.3243         1.08345         51.8        41.257
54.4000    -260022.8603 -260037.2685      14.4082   297.2    3451.3243         1.08345         51.8        41.257
54.4100    -260023.2163 -260037.1192      13.9029   286.8    3451.3243         1.08345         51.8        41.257
54.4200    -260023.4086 -260037.7732      14.3645   296.3    3451.3243         1.08345         51.8        41.257
54.4300    -260023.7048 -260037.3568      13.6520   281.6    3434.0793         1.08889         51.8        41.257
54.4400    -260023.8081 -260037.8429      14.0348   289.5    3427.8726         1.09086         51.8        41.257
54.4500    -260023.7215 -260038.0805      14.3590   296.2    3421.5984         1.09286         51.8        41.257
54.4600    -260023.6093 -260037.4583      13.8490   285.7    3421.5984         1.09286         51.8        41.257
54.4700    -260023.0573 -260037.1355      14.0783   290.4    3421.5984         1.09286         51.8        41.257
54.4800    -260023.2411 -260036.9585      13.7173   283.0    3409.4390         1.09676         51.8        41.257
54.4900    -260022.9142 -260036.4707      13.5565   279.7    3409.4390         1.09676         51.8        41.257
54.5000    -260022.6863 -260037.1205      14.4342   297.8    3409.4390         1.09676         51.8        41.257
54.5100    -260022.5848 -260037.5988      15.0140   309.7    3409.4390         1.09676         51.8        41.257
54.5200    -260022.5985 -260038.3525      15.7540   325.0    3409.1189         1.09686         51.8        41.257
54.5300    -260022.5145 -260037.8828      15.3682   317.1    3409.1189         1.09686         51.8        41.257
54.5400    -260022.3044 -260038.0597      15.7553   325.0    3420.3226         1.09327         51.8        41.257
54.5500    -260022.4241 -260037.5164      15.0922   311.4    3409.0728         1.09687         51.8        41.257
54.5600    -260023.1009 -260038.0768      14.9759   309.0    3409.0728         1.09687         51.8        41.257
54.5700    -260022.8073 -260037.9405      15.1333   312.2    3414.2233         1.09522         51.8        41.257
54.5800    -260022.6165 -260037.6378      15.0213   309.9    3414.2233         1.09522         51.8        41.257
54.5900    -260022.7154 -260037.2730      14.5576   300.3    3414.2233         1.09522         51.8        41.257
54.6000    -260022.2789 -260036.7587      14.4798   298.7    3414.2233         1.09522         51.8        41.257
54.6100    -260021.9876 -260036.9634      14.9758   309.0    3414.2233         1.09522         51.8        41.257
54.6200    -260021.8699 -260036.9363      15.0664   310.8    3398.8072         1.10019         51.8        41.257
54.6300    -260021.3008 -260036.4464      15.1457   312.5    3398.8072         1.10019         51.8        41.257
54.6400    -260021.7734 -260037.0248      15.2514   314.6    3398.8072         1.10019         51.8        41.257
54.6500    -260022.3727 -260037.5547      15.1820   313.2    3397.8234         1.10051         51.8        41.257
54.6600    -260022.4056 -260036.8418      14.4363   297.8    3397.8234         1.10051         51.8        41.257
54.6700    -260021.9140 -260036.9114      14.9974   309.4    3399.0513         1.10011         51.8        41.257
54.6800    -260021.5368 -260036.9126      15.3758   317.2    3417.7841         1.09408         51.8        41.257
54.6900    -260021.4352 -260036.6626      15.2274   314.1    3417.7841         1.09408         51.8        41.257
54.7000    -260022.0417 -260037.4900      15.4483   318.7    3417.7841         1.09408         51.8        41.257
54.7100    -260022.3372 -260037.0163      14.6791   302.8    3417.7841         1.09408         51.8        41.257
54.7200    -260021.9633 -260036.9434      14.9801   309.0    3417.7841         1.09408         51.7        41.257
54.7300    -260021.8567 -260037.3172      15.4604   319.0    3410.0196         1.09657         51.8        41.257
54.7400    -260022.1118 -260036.9857      14.8739   306.9    3421.5957         1.09286         51.8        41.257
54.7500    -260021.9777 -260036.2204      14.2427   293.8    3421.5957         1.09286         51.8        41.257
54.7600    -260022.1448 -260036.5524      14.4076   297.2    3421.5957         1.09286         51.8        41.257
54.7700    -260022.5884 -260036.6205      14.0320   289.5    3421.5957         1.09286         51.7        41.257
54.7800    -260022.4802 -260036.5440      14.0638   290.1    3419.7916         1.09344         51.8        41.257
54.7900    -260022.2580 -260036.6398      14.3818   296.7    3422.7798         1.09248         51.8        41.257
54.8000    -260022.8766 -260037.2903      14.4137   297.4    3425.9483         1.09147         51.8        41.257
54.8100    -260022.2584 -260038.0585      15.8000   326.0    3425.9483         1.09147         51.8        41.257
54.8200    -260022.6447 -260037.3192      14.6745   302.7    3434.7886         1.08866         51.8        41.257
54.8300    -260023.1470 -260037.7175      14.5705   300.6    3434.7886         1.08866         51.8        41.257
54.8400    -260023.2632 -260037.6200      14.3568   296.2    3430.8830         1.08990         51.8        41.257
54.8500    -260023.4720 -260038.0839      14.6120   301.4    3434.8436         1.08865         51.8        41.257
54.8600    -260023.3163 -260037.2662      13.9499   287.8    3434.8436         1.08865         51.8        41.257
54.8700    -260022.9555 -260036.8770      13.9215   287.2    3434.8436         1.08865         51.8        41.257
54.8800    -260023.4481 -260037.7316      14.2835   294.7    3427.6295         1.09094         51.8        41.257
54.8900    -260023.5181 -260037.9239      14.4057   297.2    3427.6295         1.09094         51.8        41.257
54.9000    -260023.7922 -260037.6205      13.8283   285.3    3394.3806         1.10162         51.8        41.257
54.9100    -260023.1590 -260036.9046      13.7456   283.6    3394.3806         1.10162         51.8        41.257
54.9200    -260023.1225 -260036.9199      13.7974   284.6    3394.3806         1.10162         51.8        41.257
54.9300    -260023.5007 -260037.8652      14.3645   296.3    3394.3806         1.10162         51.8        41.257
54.9400    -260023.4573 -260037.5266      14.0693   290.3    3401.1154         1.09944         51.8        41.257
54.9500    -260023.1921 -260037.3473      14.1552   292.0    3398.6887         1.10023         51.8        41.257
54.9600    -260023.2129 -260037.7616      14.5487   300.1    3398.6887         1.10023         51.8        41.257
54.9700    -260022.5260 -260037.6398      15.1138   311.8    3402.5488         1.09898         51.8        41.257
54.9800    -260022.5901 -260036.6674      14.0773   290.4    3402.5488         1.09898         51.8        41.257
54.9900    -260022.7305 -260037.0992      14.3688   296.4    3402.5488         1.09898         51.8        41.257
55.0000    -260023.1245 -260036.9384      13.8139   285.0    3402.5488         1.09898         51.8        41.257
55.0100    -260023.1300 -260036.6619      13.5318   279.2    3402.5488         1.09898         51.8        41.257
55.0200    -260022.8066 -260037.2481      14.4415   297.9    3402.5488         1.09898         51.8        41.257
55.0300    -260023.2536 -260037.3454      14.0918   290.7    3402.5488         1.09898         51.7        41.257
55.0400    -260023.4547 -260037.8578      14.4031   297.1    3402.5488         1.09898         51.7        41.257
55.0500    -260022.9961 -260037.6566      14.6605   302.4    3402.5488         1.09898         51.7        41.257
55.0600    -260023.5696 -260038.1226      14.5530   300.2    3402.5488         1.09898         51.7        41.257
55.0700    -260023.3976 -260038.1241      14.7265   303.8    3417.3711         1.09421         51.7        41.257
55.0800    -260023.0349 -260037.2109      14.1761   292.5    3428.6069         1.09063         51.7        41.257
55.0900    -260023.5195 -260038.3768      14.8573   306.5    3428.6069         1.09063         51.7        41.257
55.1000    -260023.7411 -260038.2061      14.4650   298.4    3428.6069         1.09063         51.7        41.257
55.1100    -260023.5126 -260037.8477      14.3351   295.7    3428.6069         1.09063         51.7        41.257
55.1200    -260023.6408 -260037.6743      14.0335   289.5    3428.6069         1.09063         51.7        41.257
55.1300    -260023.9502 -260038.1098      14.1596   292.1    3428.6069         1.09063         51.7        41.257
55.1400    -260024.3671 -260038.5006      14.1334   291.6    3428.6069         1.09063         51.7        41.257
55.1500    -260024.5487 -260038.7670      14.2183   293.3    3428.6069         1.09063         51.7        41.257
55.1600    -260025.1933 -260038.6092      13.4159   276.8    3428.6069         1.09063         51.7        41.257
55.1700    -260024.4612 -260037.7241      13.2629   273.6    3428.6069         1.09063         51.7        41.257
55.1800    -260023.7879 -260038.1089      14.3211   295.4    3397.8618         1.10049         51.7        41.257
55.1900    -260023.9786 -260037.8127      13.8341   285.4    3397.8618         1.10049         51.7        41.257
55.2000    -260024.0639 -260037.4533      13.3893   276.2    3397.8618         1.10049         51.7        41.257
55.2100    -260024.0011 -260037.4894      13.4883   278.3    3397.8618         1.10049         51.7        41.257
55.2200    -260023.7555 -260037.9810      14.2254   293.5    3419.7418         1.09345         51.7        41.257
55.2300    -260023.3454 -260038.0109      14.6656   302.6    3419.7418         1.09345         51.7        41.257
55.2400    -260023.6635 -260037.3156      13.6521   281.6    3455.7718         1.08205         51.7        41.257
55.2500    -260023.2975 -260037.2431      13.9456   287.7    3455.7718         1.08205         51.7        41.257
55.2600    -260023.1812 -260037.8417      14.6606   302.5    3455.7718         1.08205         51.7        41.257
55.2700    -260023.3813 -260037.7464      14.3650   296.4    3455.7718         1.08205         51.6        41.257
55.2800    -260023.3070 -260037.2678      13.9608   288.0    3455.7718         1.08205         51.6        41.257
55.2900    -260023.9734 -260037.5935      13.6201   281.0    3435.4850         1.08844         51.6        41.257
55.3000    -260023.8704 -260038.3118      14.4414   297.9    3440.8558         1.08674         51.7        41.257
55.3100    -260023.7725 -260038.2694      14.4969   299.1    3440.8558         1.08674         51.7        41.257
55.3200    -260024.6676 -260038.2313      13.5638   279.8    3440.8558         1.08674         51.6        41.257
55.3300    -260024.9261 -260037.9127      12.9866   267.9    3440.8558         1.08674         51.6        41.257
55.3400    -260023.7757 -260037.6013      13.8257   285.2    3434.8170         1.08865         51.6        41.257
55.3500    -260023.2881 -260037.3384      14.0503   289.9    3434.8170         1.08865         51.6        41.257
55.3600    -260023.2070 -260037.7703      14.5632   300.4    3434.8170         1.08865         51.6        41.257
55.3700    -260022.6683 -260037.8600      15.1917   313.4    3402.3241         1.09905         51.6        41.257
55.3800    -260022.8800 -260038.4699      15.5898   321.6    3424.3435         1.09198         51.6        41.257
55.3900    -260022.9369 -260038.1524      15.2155   313.9    3440.3310         1.08691         51.7        41.257
55.4000    -260023.3488 -260038.1837      14.8348   306.0    3440.3310         1.08691         51.6        41.257
55.4100    -260022.3789 -260036.3684      13.9895   288.6    3440.3310         1.08691         51.6        41.257
55.4200    -260022.4036 -260036.5314      14.1278   291.5    3440.3310         1.08691         51.6        41.257
55.4300    -260022.5281 -260037.0260      14.4979   299.1    3466.0282         1.07885         51.6        41.257
55.4400    -260022.5801 -260037.5683      14.9882   309.2    3466.0282         1.07885         51.6        41.257
55.4500    -260022.3664 -260037.4279      15.0615   310.7    3466.0282         1.07885         51.6        41.257
55.4600    -260022.3629 -260037.6924      15.3295   316.3    3466.0282         1.07885         51.6        41.257
55.4700    -260022.6900 -260037.1440      14.4540   298.2    3466.0282         1.07885         51.6        41.257
55.4800    -260022.5582 -260037.5222      14.9640   308.7    3466.0282         1.07885         51.6        41.257
55.4900    -260022.5341 -260036.7812      14.2471   293.9    3468.3153         1.07814         51.6        41.257
55.5000    -260022.4251 -260036.8739      14.4488   298.1    3468.3153         1.07814         51.6        41.257
55.5100    -260022.1832 -260036.6777      14.4945   299.0    3468.3153         1.07814         51.6        41.257
55.5200    -260021.6316 -260036.2561      14.6245   301.7    3458.7806         1.08111         51.6        41.257
55.5300    -260021.6996 -260036.2221      14.5225   299.6    3458.7806         1.08111         51.6        41.257
55.5400    -260021.2577 -260035.2481      13.9904   288.6    3458.7806         1.08111         51.6        41.257
55.5500    -260021.2055 -260036.0768      14.8713   306.8    3458.7806         1.08111         51.6        41.257
55.5600    -260021.5012 -260035.8931      14.3919   296.9    3458.7806         1.08111         51.6        41.257
55.5700    -260021.3327 -260035.9553      14.6226   301.7    3458.7806         1.08111         51.6        41.257
55.5800    -260021.3460 -260035.8409      14.4949   299.0    3457.6563         1.08146         51.6        41.257
55.5900    -260021.5160 -260035.8580      14.3420   295.9    3471.6866         1.07709         51.6        41.257
55.6000    -260021.3186 -260035.8975      14.5789   300.8    3471.6866         1.07709         51.6        41.257
55.6100    -260021.4294 -260036.0727      14.6433   302.1    3471.6866         1.07709         51.6        41.257
55.6200    -260021.3505 -260035.5788      14.2283   293.5    3500.6691         1.06817         51.6        41.257
55.6300    -260020.8730 -260034.7648      13.8919   286.6    3505.8622         1.06659         51.6        41.257
55.6400    -260021.0238 -260034.5211      13.4972   278.5    3505.8622         1.06659         51.6        41.257
55.6500    -260020.6911 -260035.3548      14.6637   302.5    3485.2644         1.07290         51.6        41.257
55.6600    -260021.2494 -260036.0362      14.7868   305.1    3485.2644         1.07290         51.6        41.257
55.6700    -260020.9210 -260035.7380      14.8170   305.7    3485.2644         1.07290         51.6        41.257
55.6800    -260020.9040 -260035.3393      14.4352   297.8    3467.6534         1.07834         51.6        41.257
55.6900    -260020.8658 -260036.6230      15.7572   325.1    3482.4054         1.07378         51.6        41.257
55.7000    -260020.4537 -260035.8417      15.3880   317.5    3478.9868         1.07483         51.6        41.257
55.7100    -260020.5788 -260036.0409      15.4622   319.0    3478.9868         1.07483         51.6        41.257
55.7200    -260020.9371 -260036.5678      15.6307   322.5    3478.9868         1.07483         51.6        41.257
55.7300    -260020.8899 -260035.4416      14.5516   300.2    3478.9868         1.07483         51.6        41.257
55.7400    -260020.3103 -260035.7463      15.4360   318.4    3478.9868         1.07483         51.6        41.257
55.7500    -260020.9673 -260036.0755      15.1082   311.7    3478.9868         1.07483         51.6        41.257
55.7600    -260021.6859 -260036.1280      14.4422   297.9    3478.9868         1.07483         51.6        41.257
55.7700    -260021.3366 -260035.3188      13.9822   288.5    3468.2960         1.07815         51.6        41.257
55.7800    -260021.1015 -260035.5572      14.4557   298.2    3468.2960         1.07815         51.6        41.257
55.7900    -260021.6684 -260036.5123      14.8439   306.2    3462.0453         1.08009         51.6        41.257
55.8000    -260021.9102 -260036.8545      14.9443   308.3    3438.6209         1.08745         51.6        41.257
55.8100    -260021.5940 -260036.1318      14.5377   299.9    3438.6209         1.08745         51.6        41.257
55.8200    -260022.3525 -260037.0127      14.6601   302.4    3438.6209         1.08745         51.6        41.257
55.8300    -260022.2493 -260036.3268      14.0775   290.4    3434.3239         1.08881         51.6        41.257
55.8400    -260021.9016 -260035.7829      13.8813   286.4    3434.3239         1.08881         51.6        41.257
55.8500    -260022.2432 -260036.6514      14.4083   297.2    3393.7491         1.10183         51.6        41.257
55.8600    -260022.0733 -260036.9647      14.8914   307.2    3393.7491         1.10183         51.6        41.257
55.8700    -260022.6185 -260036.8681      14.2496   294.0    3393.7491         1.10183         51.6        41.257
55.8800    -260022.6419 -260036.5144      13.8725   286.2    3389.6615         1.10316         51.6        41.257
55.8900    -260021.9938 -260036.4748      14.4809   298.7    3389.6615         1.10316         51.6        41.257
55.9000    -260021.7422 -260037.1304      15.3882   317.5    3389.6615         1.10316         51.6        41.257
55.9100    -260021.3138 -260036.1390      14.8251   305.8    3389.6615         1.10316         51.6        41.257
55.9200    -260021.3371 -260035.8676      14.5305   299.8    3396.7013         1.10087         51.6        41.257
55.9300    -260021.1597 -260035.4914      14.3317   295.7    3396.7013         1.10087         51.6        41.257
55.9400    -260021.8831 -260036.0735      14.1904   292.8    3396.7013         1.10087         51.6        41.257
55.9500    -260022.3098 -260036.3596      14.0498   289.9    3371.4336         1.10912         51.6        41.257
55.9600    -260022.1790 -260036.4855      14.3066   295.1    3371.4336         1.10912         51.6        41.257
55.9700    -260022.0552 -260036.6054      14.5501   300.2    3397.6354         1.10057         51.6        41.257
55.9800    -260021.4749 -260036.0877      14.6128   301.5    3399.2540         1.10004         51.6        41.257
55.9900    -260021.8005 -260036.3673      14.5668   300.5    3399.2540         1.10004         51.6        41.257
56.0000    -260021.3550 -260036.0395      14.6845   302.9    3425.0691         1.09175         51.6        41.257
56.0100    -260021.3392 -260035.4321      14.0929   290.7    3425.0691         1.09175         51.6        41.257
56.0200    -260021.9084 -260035.9571      14.0487   289.8    3425.0691         1.09175         51.6        41.257
56.0300    -260022.0616 -260036.8317      14.7701   304.7    3425.0691         1.09175         51.6        41.257
56.0400    -260022.6379 -260036.9876      14.3497   296.0    3425.0691         1.09175         51.6        41.257
56.0500    -260022.3171 -260036.7352      14.4180   297.4    3458.5364         1.08119         51.6        41.257
56.0600    -260022.9236 -260036.5236      13.6000   280.6    3458.5364         1.08119         51.6        41.257
56.0700    -260023.6969 -260037.7287      14.0318   289.5    3458.5364         1.08119         51.5        41.257
56.0800    -260023.6288 -260038.0317      14.4029   297.1    3458.5364         1.08119         51.5        41.257
56.0900    -260024.0604 -260037.6892      13.6287   281.2    3458.5364         1.08119         51.5        41.257
56.1000    -260024.4064 -260037.7104      13.3040   274.5    3425.6431         1.09157         51.5        41.257
56.1100    -260023.3906 -260037.4119      14.0212   289.3    3425.6431         1.09157         51.5        41.257
56.1200    -260022.8356 -260037.6206      14.7850   305.0    3425.6431         1.09157         51.5        41.257
56.1300    -260022.4048 -260037.2885      14.8837   307.1    3425.6431         1.09157         51.5        41.257
56.1400    -260022.5221 -260037.1364      14.6143   301.5    3425.6431         1.09157         51.5        41.257
56.1500    -260022.8023 -260036.7035      13.9012   286.8    3425.6431         1.09157         51.5        41.257
56.1600    -260022.9887 -260037.0982      14.1096   291.1    3425.6431         1.09157         51.5        41.257
56.1700    -260022.6312 -260036.9355      14.3042   295.1    3407.5664         1.09736         51.5        41.257
56.1800    -260022.7517 -260037.1547      14.4030   297.1    3398.2502         1.10037         51.5        41.257
56.1900    -260022.4953 -260036.8555      14.3602   296.3    3398.2502         1.10037         51.5        41.257
56.2000    -260023.2143 -260037.3284      14.1141   291.2    3412.6444         1.09573         51.5        41.257
56.2100    -260022.7254 -260036.6427      13.9173   287.1    3412.6444         1.09573         51.5        41.257
56.2200    -260022.4899 -260037.1201      14.6302   301.8    3431.7056         1.08964         51.5        41.257
56.2300    -260022.8808 -260036.9932      14.1124   291.1    3431.7056         1.08964         51.5        41.257
56.2400    -260022.9112 -260037.7038      14.7925   305.2    3431.7056         1.08964         51.5        41.257
56.2500    -260022.8328 -260037.3841      14.5513   300.2    3431.7056         1.08964         51.5        41.257
56.2600    -260021.4980 -260036.4700      14.9719   308.9    3431.7056         1.08964         51.5        41.257
56.2700    -260020.9414 -260036.1028      15.1613   312.8    3431.7056         1.08964         51.5        41.257
56.2800    -260021.7688 -260036.4241      14.6554   302.3    3446.9476         1.08482         51.5        41.257
56.2900    -260021.7264 -260035.7845      14.0580   290.0    3459.8897         1.08076         51.5        41.257
56.3000    -260021.8532 -260036.2689      14.4156   297.4    3459.8897         1.08076         51.5        41.257
56.3100    -260021.8394 -260035.9718      14.1324   291.6    3459.8897         1.08076         51.5        41.257
56.3200    -260021.1185 -260036.6098      15.4913   319.6    3478.3040         1.07504         51.5        41.257
56.3300    -260020.8070 -260036.4669      15.6599   323.1    3465.9877         1.07886         51.5        41.257
56.3400    -260020.8690 -260036.1235      15.2545   314.7    3465.9877         1.07886         51.5        41.257
56.3500    -260020.4464 -260035.6542      15.2078   313.7    3465.9877         1.07886         51.5        41.257
56.3600    -260020.5363 -260035.6441      15.1078   311.7    3465.9877         1.07886         51.5        41.257
56.3700    -260020.7301 -260035.5727      14.8426   306.2    3465.9877         1.07886         51.5        41.257
56.3800    -260020.8355 -260036.4272      15.5916   321.7    3437.0895         1.08793         51.5        41.257
56.3900    -260021.4349 -260036.2601      14.8252   305.8    3437.0895         1.08793         51.5        41.257
56.4000    -260021.5331 -260036.4545      14.9214   307.8    3431.4218         1.08973         51.5        41.257
56.4100    -260020.8840 -260035.7014      14.8174   305.7    3431.4218         1.08973         51.5        41.257
56.4200    -260021.0842 -260036.4338      15.3496   316.7    3406.9222         1.09757         51.5        41.257
56.4300    -260021.1001 -260036.5297      15.4296   318.3    3406.9222         1.09757         51.5        41.257
56.4400    -260021.0877 -260035.9850      14.8973   307.3    3371.9453         1.10895         51.5        41.257
56.4500    -260021.1516 -260035.8813      14.7298   303.9    3371.9453         1.10895         51.5        41.257
56.4600    -260021.1957 -260035.6223      14.4266   297.6    3371.9453         1.10895         51.5        41.257
56.4700    -260021.5867 -260036.3024      14.7157   303.6    3378.3795         1.10684         51.5        41.257
56.4800    -260021.9201 -260036.0975      14.1774   292.5    3378.3795         1.10684         51.5        41.257
56.4900    -260022.3095 -260036.9003      14.5907   301.0    3378.3795         1.10684         51.5        41.257
56.5000    -260021.9167 -260036.8056      14.8889   307.2    3355.4330         1.11441         51.5        41.257
56.5100    -260021.8353 -260036.5768      14.7414   304.1    3355.4330         1.11441         51.5        41.257
56.5200    -260022.0028 -260036.1344      14.1316   291.5    3363.1334         1.11186         51.5        41.257
56.5300    -260022.2019 -260035.7540      13.5521   279.6    3363.1334         1.11186         51.5        41.257
56.5400    -260022.4013 -260036.3202      13.9189   287.1    3373.6290         1.10840         51.5        41.257
56.5500    -260022.3637 -260037.5665      15.2027   313.6    3373.6290         1.10840         51.5        41.257
56.5600    -260022.4916 -260037.1602      14.6686   302.6    3373.6290         1.10840         51.5        41.257
56.5700    -260022.1704 -260036.5969      14.4265   297.6    3373.6290         1.10840         51.5        41.257
56.5800    -260022.2570 -260035.8743      13.6173   280.9    3387.2186         1.10395         51.5        41.257
56.5900    -260022.1230 -260036.7466      14.6235   301.7    3387.2186         1.10395         51.5        41.257
56.6000    -260022.3051 -260036.3806      14.0755   290.4    3387.2186         1.10395         51.5        41.257
56.6100    -260021.9653 -260036.5484      14.5830   300.9    3387.2186         1.10395         51.5        41.257
56.6200    -260022.2201 -260036.4839      14.2638   294.3    3387.2186         1.10395         51.4        41.257
56.6300    -260022.4589 -260036.4058      13.9469   287.7    3387.2186         1.10395         51.4        41.257
56.6400    -260022.2888 -260036.8198      14.5310   299.8    3387.2186         1.10395         51.4        41.257
56.6500    -260022.4045 -260037.3120      14.9075   307.5    3351.6796         1.11566         51.4        41.257
56.6600    -260022.3061 -260037.0231      14.7169   303.6    3351.6796         1.11566         51.4        41.257
56.6700    -260021.6989 -260036.6875      14.9886   309.2    3376.6711         1.10740         51.4        41.257
56.6800    -260021.5351 -260036.5514      15.0163   309.8    3396.0503         1.10108         51.5        41.257
56.6900    -260021.5896 -260035.5439      13.9543   287.9    3396.0503         1.10108         51.4        41.257
56.7000    -260022.1676 -260036.5662      14.3986   297.0    3396.0503         1.10108         51.4        41.257
56.7100    -260022.4990 -260037.0113      14.5123   299.4    3396.0503         1.10108         51.4        41.257
56.7200    -260022.6849 -260036.2908      13.6059   280.7    3396.0503         1.10108         51.4        41.257
56.7300    -260023.5193 -260036.6183      13.0990   270.2    3396.0503         1.10108         51.4        41.257
56.7400    -260022.8453 -260036.7984      13.9531   287.9    3396.0503         1.10108         51.4        41.257
56.7500    -260021.9354 -260036.3571      14.4217   297.5    3396.0503         1.10108         51.4        41.257
56.7600    -260021.7006 -260036.0958      14.3952   297.0    3396.0503         1.10108         51.4        41.257
56.7700    -260021.5505 -260035.0803      13.5298   279.1    3396.0503         1.10108         51.4        41.257
56.7800    -260021.9284 -260035.2757      13.3472   275.4    3396.0503         1.10108         51.4        41.257
56.7900    -260021.7995 -260036.0336      14.2341   293.7    3396.0503         1.10108         51.4        41.257
56.8000    -260020.9866 -260036.2928      15.3062   315.8    3396.0503         1.10108         51.3        41.257
56.8100    -260021.3570 -260036.1161      14.7591   304.5    3396.0503         1.10108         51.3        41.257
56.8200    -260021.4415 -260035.7623      14.3208   295.4    3396.0503         1.10108         51.3        41.257
56.8300    -260021.4268 -260035.4404      14.0136   289.1    3396.0503         1.10108         51.3        41.257
56.8400    -260021.2832 -260035.6880      14.4048   297.2    3396.0503         1.10108         51.3        41.257
56.8500    -260021.3227 -260036.1454      14.8227   305.8    3396.0503         1.10108         51.3        41.257
56.8600    -260021.3386 -260036.3383      14.9997   309.4    3396.0503         1.10108         51.3        41.257
56.8700    -260021.4442 -260035.9820      14.5378   299.9    3409.6635         1.09668         51.3        41.257
56.8800    -260020.7867 -260035.9650      15.1783   313.1    3419.3888         1.09357         51.3        41.257
56.8900    -260020.8880 -260036.3011      15.4131   318.0    3419.3888         1.09357         51.3        41.257
56.9000    -260020.5142 -260036.1879      15.6738   323.4    3419.3888         1.09357         51.3        41.257
56.9100    -260020.4698 -260036.5004      16.0306   330.7    3419.3888         1.09357         51.3        41.257
56.9200    -260021.1829 -260036.2900      15.1071   311.7    3419.3888         1.09357         51.3        41.257
56.9300    -260021.2341 -260035.7210      14.4869   298.9    3441.6828         1.08648         51.3        41.257
56.9400    -260020.5321 -260035.8800      15.3479   316.6    3438.3645         1.08753         51.3        41.257
56.9500    -260020.6875 -260035.6409      14.9534   308.5    3438.3645         1.08753         51.3        41.257
56.9600    -260020.4461 -260035.4425      14.9964   309.4    3438.3645         1.08753         51.3        41.257
56.9700    -260020.3847 -260035.6512      15.2665   315.0    3438.3645         1.08753         51.3        41.257
56.9800    -260021.3177 -260035.8937      14.5760   300.7    3438.3645         1.08753         51.3        41.257
56.9900    -260021.2644 -260035.6006      14.3362   295.8    3428.7215         1.09059         51.3        41.257
57.0000    -260021.7522 -260036.4413      14.6891   303.0    3428.7215         1.09059         51.3        41.257
57.0100    -260021.5053 -260036.1094      14.6041   301.3    3428.7215         1.09059         51.3        41.257
57.0200    -260021.5885 -260035.4379      13.8494   285.7    3436.8160         1.08802         51.3        41.257
57.0300    -260021.6498 -260036.1029      14.4531   298.2    3411.8244         1.09599         51.3        41.257
57.0400    -260021.8775 -260036.0997      14.2222   293.4    3410.1533         1.09653         51.3        41.257
57.0500    -260021.6388 -260035.8520      14.2132   293.2    3369.6615         1.10970         51.3        41.257
57.0600    -260021.8330 -260036.1287      14.2957   294.9    3369.6615         1.10970         51.3        41.257
57.0700    -260022.5822 -260036.8869      14.3047   295.1    3369.6615         1.10970         51.3        41.257
57.0800    -260022.2724 -260036.9088      14.6364   302.0    3384.3096         1.10490         51.3        41.257
57.0900    -260022.7618 -260036.7307      13.9689   288.2    3395.0109         1.10142         51.3        41.257
57.1000    -260022.5544 -260036.7828      14.2284   293.5    3395.0109         1.10142         51.3        41.257
57.1100    -260022.4395 -260036.5843      14.1448   291.8    3395.0109         1.10142         51.3        41.257
57.1200    -260022.3138 -260037.4554      15.1416   312.4    3395.0109         1.10142         51.3        41.257
57.1300    -260022.2466 -260036.3389      14.0924   290.7    3375.3549         1.10783         51.3        41.257
57.1400    -260021.7237 -260036.7217      14.9980   309.4    3375.3549         1.10783         51.3        41.257
57.1500    -260021.2785 -260036.0142      14.7357   304.0    3375.3549         1.10783         51.3        41.257
57.1600    -260021.0669 -260035.9238      14.8569   306.5    3375.3549         1.10783         51.3        41.257
57.1700    -260021.0579 -260035.7040      14.6461   302.2    3375.3549         1.10783         51.3        41.257
57.1800    -260021.9900 -260036.5635      14.5735   300.7    3375.3549         1.10783         51.3        41.257
57.1900    -260022.8300 -260036.3492      13.5192   278.9    3375.3549         1.10783         51.3        41.257
57.2000    -260022.5028 -260036.6401      14.1373   291.7    3375.3549         1.10783         51.2        41.257
57.2100    -260022.2093 -260036.1532      13.9439   287.7    3375.3549         1.10783         51.2        41.257
57.2200    -260021.3786 -260035.8955      14.5170   299.5    3375.3549         1.10783         51.2        41.257
57.2300    -260021.3872 -260035.3208      13.9336   287.5    3375.3549         1.10783         51.2        41.257
57.2400    -260021.6893 -260036.3389      14.6496   302.2    3390.0487         1.10303         51.2        41.257
57.2500    -260021.9435 -260035.8361      13.8926   286.6    3383.6941         1.10510         51.2        41.257
57.2600    -260022.2310 -260036.8108      14.5797   300.8    3383.6941         1.10510         51.2        41.257
57.2700    -260022.6101 -260036.4978      13.8878   286.5    3386.5387         1.10417         51.3        41.257
57.2800    -260022.3830 -260036.3192      13.9363   287.5    3386.5387         1.10417         51.2        41.257
57.2900    -260022.3874 -260036.5126      14.1252   291.4    3371.1830         1.10920         51.3        41.257
57.3000    -260022.6787 -260036.8090      14.1302   291.5    3371.1830         1.10920         51.2        41.257
57.3100    -260023.0840 -260037.6761      14.5921   301.0    3371.1830         1.10920         51.2        41.257
57.3200    -260023.5536 -260037.8681      14.3144   295.3    3355.9823         1.11423         51.3        41.257
57.3300    -260023.7509 -260037.5107      13.7598   283.9    3355.9823         1.11423         51.2        41.257
57.3400    -260023.3107 -260037.6281      14.3174   295.4    3358.8273         1.11328         51.3        41.257
57.3500    -260023.2947 -260037.4091      14.1145   291.2    3338.9864         1.11990         51.3        41.257
57.3600    -260023.1593 -260036.9711      13.8118   284.9    3338.9864         1.11990         51.3        41.257
57.3700    -260023.3213 -260036.9972      13.6759   282.1    3338.9864         1.11990         51.3        41.257
57.3800    -260023.6129 -260037.5162      13.9034   286.8    3332.7157         1.12201         51.3        41.257
57.3900    -260023.4512 -260038.2816      14.8304   306.0    3337.0419         1.12055         51.3        41.257
57.4000    -260023.7379 -260038.0183      14.2804   294.6    3337.0419         1.12055         51.3        41.257
57.4100    -260024.0528 -260037.2777      13.2249   272.8    3337.0419         1.12055         51.3        41.257
57.4200    -260023.9509 -260037.7996      13.8488   285.7    3335.8479         1.12095         51.3        41.257
57.4300    -260023.9503 -260037.6261      13.6759   282.1    3335.8479         1.12095         51.3        41.257
57.4400    -260023.0357 -260037.1067      14.0710   290.3    3331.7108         1.12234         51.3        41.257
57.4500    -260023.6198 -260037.3698      13.7499   283.7    3331.7108         1.12234         51.3        41.257
57.4600    -260023.8757 -260038.2703      14.3946   297.0    3331.7108         1.12234         51.3        41.257
57.4700    -260023.9254 -260037.6350      13.7097   282.8    3326.0879         1.12424         51.3        41.257
57.4800    -260023.6778 -260037.4589      13.7811   284.3    3326.0879         1.12424         51.3        41.257
57.4900    -260023.3243 -260038.0521      14.7278   303.8    3326.0879         1.12424         51.3        41.257
57.5000    -260023.3494 -260037.2755      13.9261   287.3    3320.1800         1.12624         51.3        41.257
57.5100    -260022.8816 -260036.7815      13.8999   286.8    3320.1800         1.12624         51.3        41.257
57.5200    -260022.7884 -260037.1787      14.3903   296.9    3335.8173         1.12096         51.3        41.257
57.5300    -260022.6827 -260036.7409      14.0582   290.0    3335.8173         1.12096         51.3        41.257
57.5400    -260022.8076 -260036.3557      13.5481   279.5    3335.8173         1.12096         51.2        41.257
57.5500    -260022.7367 -260037.7428      15.0061   309.6    3335.8173         1.12096         51.2        41.257
57.5600    -260022.8362 -260037.3222      14.4860   298.9    3335.8173         1.12096         51.2        41.257
57.5700    -260022.8512 -260036.8838      14.0326   289.5    3335.8173         1.12096         51.2        41.257
57.5800    -260023.1791 -260036.9962      13.8172   285.1    3335.8173         1.12096         51.2        41.257
57.5900    -260022.9307 -260037.3415      14.4108   297.3    3371.7475         1.10902         51.2        41.257
57.6000    -260022.5297 -260037.1534      14.6237   301.7    3371.7475         1.10902         51.2        41.257
57.6100    -260023.2052 -260036.1219      12.9167   266.5    3371.7475         1.10902         51.2        41.257
57.6200    -260022.8438 -260036.9516      14.1079   291.0    3371.7475         1.10902         51.2        41.257
57.6300    -260022.1769 -260037.2749      15.0980   311.5    3371.7475         1.10902         51.2        41.257
57.6400    -260021.9010 -260036.2176      14.3165   295.4    3371.7475         1.10902         51.2        41.257
57.6500    -260022.1938 -260035.8810      13.6872   282.4    3371.7475         1.10902         51.2        41.257
57.6600    -260022.6593 -260036.8779      14.2187   293.3    3371.7475         1.10902         51.2        41.257
57.6700    -260022.5539 -260036.7678      14.2139   293.2    3371.7475         1.10902         51.2        41.257
57.6800    -260022.2940 -260036.2993      14.0053   288.9    3371.7475         1.10902         51.1        41.257
57.6900    -260022.0015 -260036.3251      14.3236   295.5    3368.9065         1.10995         51.2        41.257
57.7000    -260022.0432 -260037.4927      15.4495   318.7    3372.1467         1.10889         51.2        41.257
57.7100    -260022.2425 -260036.5048      14.2623   294.2    3372.1467         1.10889         51.2        41.257
57.7200    -260022.4033 -260036.5646      14.1612   292.1    3372.1467         1.10889         51.2        41.257
57.7300    -260022.7852 -260037.3427      14.5575   300.3    3372.1467         1.10889         51.1        41.257
57.7400    -260023.3579 -260038.0970      14.7391   304.1    3341.3878         1.11909         51.2        41.257
57.7500    -260022.9695 -260038.3559      15.3864   317.4    3341.3878         1.11909         51.1        41.257
57.7600    -260022.2726 -260037.0030      14.7304   303.9    3341.3878         1.11909         51.1        41.257
57.7700    -260022.9938 -260036.9883      13.9944   288.7    3341.3878         1.11909         51.1        41.257
57.7800    -260022.7306 -260036.6229      13.8923   286.6    3341.3878         1.11909         51.1        41.257
57.7900    -260022.8993 -260037.4242      14.5249   299.7    3341.3878         1.11909         51.1        41.257
57.8000    -260022.9688 -260037.2176      14.2488   294.0    3356.7680         1.11397         51.1        41.257
57.8100    -260022.7528 -260036.9146      14.1618   292.2    3356.7680         1.11397         51.1        41.257
57.8200    -260023.0177 -260037.3508      14.3331   295.7    3348.8357         1.11660         51.1        41.257
57.8300    -260023.3038 -260037.8420      14.5382   299.9    3348.8357         1.11660         51.1        41.257
57.8400    -260023.8128 -260037.8241      14.0113   289.1    3309.7441         1.12979         51.1        41.257
57.8500    -260023.3874 -260038.0086      14.6211   301.6    3309.7441         1.12979         51.1        41.257
57.8600    -260023.4351 -260038.3079      14.8727   306.8    3309.7441         1.12979         51.1        41.257
57.8700    -260023.5404 -260037.6091      14.0687   290.2    3322.0103         1.12562         51.1        41.257
57.8800    -260023.2019 -260037.6553      14.4534   298.2    3334.3299         1.12146         51.1        41.257
57.8900    -260023.0474 -260038.5276      15.4802   319.4    3334.3299         1.12146         51.1        41.257
57.9000    -260023.3564 -260038.1379      14.7816   304.9    3334.3299         1.12146         51.1        41.257
57.9100    -260022.9889 -260038.5889      15.6000   321.8    3334.3299         1.12146         51.1        41.257
57.9200    -260023.8459 -260037.9874      14.1415   291.7    3334.3299         1.12146         51.1        41.257
57.9300    -260023.7014 -260038.1657      14.4643   298.4    3310.0337         1.12969         51.1        41.257
57.9400    -260023.5003 -260037.8776      14.3773   296.6    3310.0337         1.12969         51.1        41.257
57.9500    -260023.2542 -260038.0879      14.8337   306.0    3310.0337         1.12969         51.1        41.257
57.9600    -260022.0229 -260037.7417      15.7188   324.3    3310.0337         1.12969         51.1        41.257
57.9700    -260021.5276 -260036.7827      15.2551   314.7    3326.3696         1.12415         51.1        41.257
57.9800    -260021.6815 -260036.4045      14.7230   303.7    3326.3696         1.12415         51.1        41.257
57.9900    -260021.8478 -260037.3484      15.5005   319.8    3326.3696         1.12415         51.1        41.257
58.0000    -260022.0773 -260037.7225      15.6452   322.8    3340.3203         1.11945         51.1        41.257
58.0100    -260022.1292 -260036.9801      14.8509   306.4    3340.3203         1.11945         51.1        41.257
58.0200    -260022.3555 -260036.9523      14.5968   301.1    3377.1362         1.10725         51.1        41.257
58.0300    -260021.9327 -260037.1389      15.2062   313.7    3381.9645         1.10567         51.1        41.257
58.0400    -260021.5485 -260036.0758      14.5272   299.7    3392.3388         1.10229         51.1        41.257
58.0500    -260021.5151 -260035.7924      14.2772   294.5    3392.3388         1.10229         51.1        41.257
58.0600    -260021.7299 -260036.6734      14.9435   308.3    3392.3388         1.10229         51.1        41.257
58.0700    -260021.6471 -260036.0773      14.4302   297.7    3392.3388         1.10229         51.1        41.257
58.0800    -260021.8959 -260035.8481      13.9522   287.8    3392.3388         1.10229         51.1        41.257
58.0900    -260022.2196 -260036.0625      13.8429   285.6    3379.5702         1.10645         51.1        41.257
58.1000    -260022.6586 -260036.5353      13.8767   286.3    3379.5702         1.10645         51.1        41.257
58.1100    -260021.9869 -260037.0698      15.0828   311.2    3379.5702         1.10645         51.1        41.257
58.1200    -260022.4087 -260037.1914      14.7826   305.0    3379.5702         1.10645         51.1        41.257
58.1300    -260021.8487 -260036.4299      14.5813   300.8    3395.6273         1.10122         51.1        41.257
58.1400    -260021.8633 -260036.7434      14.8800   307.0    3395.6273         1.10122         51.1        41.257
58.1500    -260021.4908 -260036.7062      15.2154   313.9    3395.6273         1.10122         51.1        41.257
58.1600    -260022.0519 -260036.6313      14.5794   300.8    3395.6273         1.10122         51.1        41.257
58.1700    -260022.1584 -260036.8016      14.6432   302.1    3395.6273         1.10122         51.1        41.257
58.1800    -260022.5260 -260036.9691      14.4431   298.0    3395.6273         1.10122         51.1        41.257
58.1900    -260022.6506 -260036.7470      14.0964   290.8    3395.6273         1.10122         51.0        41.257
58.2000    -260022.4922 -260036.0785      13.5863   280.3    3395.6273         1.10122         51.0        41.257
58.2100    -260022.4112 -260037.0144      14.6032   301.3    3395.6273         1.10122         51.0        41.257
58.2200    -260022.4001 -260036.0204      13.6203   281.0    3396.9772         1.10078         51.0        41.257
58.2300    -260021.8506 -260034.9639      13.1133   270.5    3396.9772         1.10078         51.0        41.257
58.2400    -260021.7999 -260035.2661      13.4663   277.8    3396.9772         1.10078         51.0        41.257
58.2500    -260021.4265 -260035.9078      14.4813   298.8    3396.9772         1.10078         51.0        41.257
58.2600    -260021.7938 -260035.4186      13.6248   281.1    3396.9772         1.10078         51.0        41.257
58.2700    -260021.6081 -260035.5535      13.9454   287.7    3396.9772         1.10078         51.0        41.257
58.2800    -260021.6456 -260035.7278      14.0822   290.5    3407.5917         1.09735         51.0        41.257
58.2900    -260021.7511 -260036.0732      14.3222   295.5    3411.8768         1.09597         51.0        41.257
58.3000    -260021.2045 -260035.8360      14.6315   301.9    3410.7324         1.09634         51.0        41.257
58.3100    -260021.0336 -260035.9121      14.8785   306.9    3410.7324         1.09634         51.0        41.257
58.3200    -260020.9951 -260035.6830      14.6879   303.0    3402.9377         1.09885         51.0        41.257
58.3300    -260020.9944 -260036.5364      15.5420   320.6    3430.4567         1.09004         51.1        41.257
58.3400    -260021.0754 -260036.4100      15.3345   316.4    3430.4567         1.09004         51.0        41.257
58.3500    -260021.0034 -260036.0414      15.0379   310.2    3453.0700         1.08290         51.0        41.257
58.3600    -260020.9083 -260036.1629      15.2546   314.7    3453.0700         1.08290         51.0        41.257
58.3700    -260020.9927 -260036.6123      15.6195   322.2    3453.0700         1.08290         51.0        41.257
58.3800    -260021.1132 -260035.7684      14.6552   302.3    3453.0700         1.08290         51.0        41.257
58.3900    -260021.2673 -260035.6374      14.3701   296.5    3453.0700         1.08290         51.0        41.257
58.4000    -260021.7090 -260036.3873      14.6783   302.8    3439.8340         1.08707         51.0        41.257
58.4100    -260021.3070 -260036.3561      15.0491   310.5    3439.8340         1.08707         51.0        41.257
58.4200    -260021.2672 -260036.3469      15.0798   311.1    3426.1486         1.09141         51.0        41.257
58.4300    -260021.6894 -260036.3431      14.6537   302.3    3426.1486         1.09141         51.0        41.257
58.4400    -260021.7975 -260035.7908      13.9933   288.7    3426.1486         1.09141         51.0        41.257
58.4500    -260021.8055 -260036.5838      14.7783   304.9    3426.1486         1.09141         51.0        41.257
58.4600    -260022.0186 -260036.0292      14.0106   289.0    3426.1486         1.09141         51.0        41.257
58.4700    -260021.8299 -260036.7118      14.8819   307.0    3426.1486         1.09141         51.0        41.257
58.4800    -260022.0725 -260036.7858      14.7132   303.5    3426.1486         1.09141         51.0        41.257
58.4900    -260022.3359 -260036.0596      13.7237   283.1    3426.1486         1.09141         51.0        41.257
58.5000    -260021.9864 -260036.5933      14.6069   301.3    3387.3094         1.10392         51.0        41.257
58.5100    -260021.9758 -260037.1533      15.1775   313.1    3387.3094         1.10392         51.0        41.257
58.5200    -260022.0179 -260037.0830      15.0651   310.8    3387.3094         1.10392         51.0        41.257
58.5300    -260021.3474 -260036.5190      15.1717   313.0    3387.3094         1.10392         51.0        41.257
58.5400    -260022.2481 -260036.1445      13.8963   286.7    3422.1417         1.09269         51.0        41.257
58.5500    -260021.9461 -260036.5467      14.6006   301.2    3422.1417         1.09269         51.0        41.257
58.5600    -260022.4983 -260036.3890      13.8908   286.6    3422.1417         1.09269         51.0        41.257
58.5700    -260022.1305 -260036.7532      14.6228   301.7    3422.1417         1.09269         50.9        41.257
58.5800    -260021.9455 -260036.6296      14.6841   302.9    3452.4899         1.08308         51.0        41.257
58.5900    -260021.9936 -260036.2314      14.2378   293.7    3414.2696         1.09521         51.0        41.257
58.6000    -260022.5171 -260036.8957      14.3786   296.6    3414.2696         1.09521         51.0        41.257
58.6100    -260022.9718 -260036.8095      13.8377   285.5    3414.2696         1.09521         51.0        41.257
58.6200    -260023.0519 -260037.0821      14.0302   289.4    3410.2193         1.09651         51.0        41.257
58.6300    -260023.3049 -260036.7059      13.4010   276.5    3410.2193         1.09651         51.0        41.257
58.6400    -260022.4165 -260036.6071      14.1906   292.8    3437.8614         1.08769         51.0        41.257
58.6500    -260021.9336 -260036.4678      14.5342   299.8    3437.8614         1.08769         51.0        41.257
58.6600    -260020.9947 -260036.5432      15.5485   320.8    3437.8614         1.08769         51.0        41.257
58.6700    -260021.0472 -260036.1336      15.0864   311.2    3437.8614         1.08769         50.9        41.257
58.6800    -260021.1781 -260035.8987      14.7206   303.7    3437.8614         1.08769         50.9        41.257
58.6900    -260020.8114 -260035.8224      15.0110   309.7    3437.8614         1.08769         50.9        41.257
58.7000    -260020.9057 -260036.0591      15.1533   312.6    3437.8614         1.08769         50.9        41.257
58.7100    -260021.1859 -260035.5182      14.3323   295.7    3437.8614         1.08769         50.9        41.257
58.7200    -260021.3161 -260035.5263      14.2102   293.2    3437.8614         1.08769         50.9        41.257
58.7300    -260021.5328 -260035.9557      14.4229   297.5    3441.1750         1.08664         50.9        41.257
58.7400    -260021.2837 -260035.8186      14.5349   299.9    3466.6714         1.07865         50.9        41.257
58.7500    -260021.6820 -260035.8906      14.2086   293.1    3466.6714         1.07865         50.9        41.257
58.7600    -260022.1233 -260036.7273      14.6040   301.3    3466.6714         1.07865         50.9        41.257
58.7700    -260022.4371 -260036.0941      13.6570   281.7    3456.6585         1.08177         50.9        41.257
58.7800    -260022.2230 -260036.0197      13.7967   284.6    3456.6585         1.08177         50.9        41.257
58.7900    -260022.0169 -260035.7562      13.7393   283.4    3431.4236         1.08973         50.9        41.257
58.8000    -260022.0213 -260036.9651      14.9438   308.3    3431.4236         1.08973         50.9        41.257
58.8100    -260022.5675 -260036.7239      14.1564   292.1    3431.4236         1.08973         50.9        41.257
58.8200    -260022.4398 -260036.5800      14.1402   291.7    3431.4236         1.08973         50.9        41.257
58.8300    -260022.2408 -260036.8678      14.6270   301.8    3451.6598         1.08334         50.9        41.257
58.8400    -260022.8149 -260036.3884      13.5735   280.0    3442.9937         1.08607         50.9        41.257
58.8500    -260023.3388 -260036.8888      13.5500   279.5    3439.6514         1.08712         50.9        41.257
58.8600    -260023.4485 -260037.0041      13.5555   279.7    3439.6514         1.08712         50.9        41.257
58.8700    -260023.4080 -260036.7235      13.3154   274.7    3431.0313         1.08985         50.9        41.257
58.8800    -260022.9757 -260037.2607      14.2851   294.7    3425.1517         1.09173         51.0        41.257
58.8900    -260022.7699 -260036.1856      13.4157   276.8    3415.2956         1.09488         51.0        41.257
58.9000    -260022.7299 -260036.5372      13.8073   284.8    3415.2956         1.09488         51.0        41.257
58.9100    -260022.3950 -260036.7156      14.3206   295.4    3415.2956         1.09488         51.0        41.257
58.9200    -260022.7165 -260036.7157      13.9992   288.8    3392.3213         1.10229         51.0        41.257
58.9300    -260022.5877 -260036.8073      14.2196   293.4    3391.7546         1.10248         51.0        41.257
58.9400    -260022.2323 -260036.6060      14.3737   296.5    3391.7546         1.10248         51.0        41.257
58.9500    -260022.0020 -260036.1577      14.1557   292.0    3391.7546         1.10248         51.0        41.257
58.9600    -260022.2158 -260036.3727      14.1569   292.1    3391.7546         1.10248         51.0        41.257
58.9700    -260022.2331 -260036.3306      14.0975   290.8    3406.7908         1.09761         51.0        41.257
58.9800    -260022.2134 -260036.4943      14.2808   294.6    3406.7908         1.09761         51.0        41.257
58.9900    -260021.6781 -260036.0280      14.3500   296.0    3408.8443         1.09695         51.0        41.257
59.0000    -260021.4469 -260035.9595      14.5126   299.4    3408.8443         1.09695         51.0        41.257
59.0100    -260021.0785 -260036.1318      15.0533   310.6    3408.8443         1.09695         51.0        41.257
59.0200    -260021.1777 -260036.5152      15.3375   316.4    3408.8443         1.09695         50.9        41.257
59.0300    -260021.6532 -260037.0196      15.3663   317.0    3408.8443         1.09695         50.9        41.257
59.0400    -260021.3024 -260036.0005      14.6981   303.2    3431.0114         1.08986         50.9        41.257
59.0500    -260021.5295 -260036.2805      14.7510   304.3    3431.0114         1.08986         50.9        41.257
59.0600    -260021.3655 -260036.5914      15.2259   314.1    3431.0114         1.08986         50.9        41.257
59.0700    -260021.1591 -260035.8453      14.6861   303.0    3440.6994         1.08679         50.9        41.257
59.0800    -260020.7860 -260035.6518      14.8658   306.7    3440.6994         1.08679         50.9        41.257
59.0900    -260020.4248 -260035.3791      14.9543   308.5    3469.5444         1.07776         50.9        41.257
59.1000    -260020.4353 -260035.9449      15.5096   320.0    3469.5444         1.07776         50.9        41.257
59.1100    -260021.1408 -260035.7029      14.5621   300.4    3469.5444         1.07776         50.9        41.257
59.1200    -260021.8480 -260035.4456      13.5976   280.5    3465.7915         1.07892         50.9        41.257
59.1300    -260021.6169 -260035.7586      14.1417   291.7    3465.7915         1.07892         50.9        41.257
59.1400    -260021.8723 -260036.2924      14.4202   297.5    3469.9618         1.07763         50.9        41.257
59.1500    -260021.8961 -260036.2028      14.3067   295.2    3469.9618         1.07763         50.9        41.257
59.1600    -260021.7649 -260035.8848      14.1198   291.3    3469.9618         1.07763         50.9        41.257
59.1700    -260021.9934 -260036.0632      14.0698   290.3    3469.9618         1.07763         50.9        41.257
59.1800    -260021.4133 -260036.1565      14.7433   304.2    3470.2846         1.07753         50.9        41.257
59.1900    -260021.2904 -260035.7836      14.4932   299.0    3461.2121         1.08035         50.9        41.257
59.2000    -260020.9216 -260035.6480      14.7264   303.8    3448.1024         1.08446         51.0        41.257
59.2100    -260020.9619 -260036.0587      15.0968   311.5    3448.1024         1.08446         51.0        41.257
59.2200    -260020.8002 -260036.2012      15.4010   317.7    3448.1024         1.08446         50.9        41.257
59.2300    -260020.8538 -260035.4832      14.6294   301.8    3448.1024         1.08446         50.9        41.257
59.2400    -260020.3355 -260035.6394      15.3039   315.7    3458.0868         1.08133         50.9        41.257
59.2500    -260020.1376 -260035.9734      15.8358   326.7    3465.9222         1.07888         50.9        41.257
59.2600    -260019.2497 -260035.8608      16.6111   342.7    3465.9222         1.07888         50.9        41.257
59.2700    -260019.6570 -260034.8336      15.1767   313.1    3465.9222         1.07888         50.9        41.257
59.2800    -260019.3206 -260034.9342      15.6137   322.1    3455.0832         1.08227         50.9        41.257
59.2900    -260020.1386 -260034.9186      14.7800   304.9    3469.1953         1.07787         51.0        41.257
59.3000    -260020.1963 -260034.9656      14.7693   304.7    3477.2778         1.07536         51.0        41.257
59.3100    -260019.4575 -260034.5489      15.0914   311.3    3477.2778         1.07536         51.0        41.257
59.3200    -260019.9234 -260034.0056      14.0822   290.5    3477.2778         1.07536         51.0        41.257
59.3300    -260019.8984 -260035.0281      15.1298   312.1    3449.2369         1.08410         51.0        41.257
59.3400    -260020.5011 -260035.3127      14.8115   305.6    3442.2816         1.08629         51.0        41.257
59.3500    -260020.5265 -260035.5880      15.0616   310.7    3445.4704         1.08529         51.0        41.257
59.3600    -260020.6247 -260036.0518      15.4271   318.3    3445.4704         1.08529         51.0        41.257
59.3700    -260020.7504 -260036.4896      15.7392   324.7    3444.8283         1.08549         51.0        41.257
59.3800    -260020.8283 -260036.5362      15.7079   324.1    3444.8283         1.08549         51.0        41.257
59.3900    -260020.6685 -260036.4448      15.7763   325.5    3444.8283         1.08549         51.0        41.257
59.4000    -260020.5764 -260035.8286      15.2522   314.7    3418.6749         1.09379         51.0        41.257
59.4100    -260020.6421 -260035.8815      15.2394   314.4    3418.6749         1.09379         51.0        41.257
59.4200    -260020.3227 -260035.8857      15.5630   321.1    3407.9603         1.09723         51.0        41.257
59.4300    -260020.7959 -260035.2249      14.4290   297.7    3407.9603         1.09723         51.0        41.257
59.4400    -260020.4144 -260035.7436      15.3292   316.2    3416.0038         1.09465         51.0        41.257
59.4500    -260020.9306 -260035.6423      14.7117   303.5    3416.0038         1.09465         51.0        41.257
59.4600    -260020.8137 -260036.0294      15.2157   313.9    3416.0038         1.09465         51.0        41.257
59.4700    -260020.8373 -260035.5431      14.7058   303.4    3416.0038         1.09465         51.0        41.257
59.4800    -260020.9459 -260034.8756      13.9297   287.4    3424.9618         1.09179         51.0        41.257
59.4900    -260021.0180 -260035.0756      14.0576   290.0    3424.9618         1.09179         51.0        41.257
59.5000    -260021.6844 -260035.2498      13.5654   279.9    3450.6184         1.08367         51.0        41.257
59.5100    -260021.6270 -260035.6863      14.0593   290.0    3450.6184         1.08367         51.0        41.257
59.5200    -260021.2898 -260036.1109      14.8211   305.8    3450.6184         1.08367         51.0        41.257
59.5300    -260021.3226 -260035.9732      14.6506   302.2    3450.6184         1.08367         51.0        41.257
59.5400    -260021.7273 -260035.3739      13.6466   281.5    3451.2570         1.08347         51.0        41.257
59.5500    -260021.8783 -260035.6499      13.7716   284.1    3452.7607         1.08300         51.0        41.257
59.5600    -260021.3876 -260036.1180      14.7304   303.9    3452.7607         1.08300         51.0        41.257
59.5700    -260021.7583 -260036.4701      14.7118   303.5    3452.7607         1.08300         51.0        41.257
59.5800    -260022.0022 -260036.0709      14.0686   290.2    3432.9744         1.08924         51.0        41.257
59.5900    -260021.3760 -260036.2107      14.8347   306.0    3435.4848         1.08844         51.0        41.257
59.6000    -260021.3859 -260035.7231      14.3372   295.8    3434.7399         1.08868         51.0        41.257
59.6100    -260021.2994 -260035.8167      14.5173   299.5    3434.7399         1.08868         51.0        41.257
59.6200    -260021.5704 -260036.7835      15.2131   313.9    3434.7399         1.08868         51.0        41.257
59.6300    -260021.8195 -260036.1498      14.3302   295.6    3434.7399         1.08868         51.0        41.257
59.6400    -260022.4206 -260037.4271      15.0064   309.6    3434.7399         1.08868         51.0        41.257
59.6500    -260022.9420 -260036.7039      13.7618   283.9    3434.7399         1.08868         51.0        41.257
59.6600    -260023.1234 -260036.0220      12.8986   266.1    3434.7399         1.08868         51.0        41.257
59.6700    -260022.5598 -260037.1957      14.6359   301.9    3461.8898         1.08014         51.0        41.257
59.6800    -260022.1405 -260036.9554      14.8149   305.6    3433.0914         1.08920         51.0        41.257
59.6900    -260022.7628 -260036.7132      13.9503   287.8    3433.0914         1.08920         51.0        41.257
59.7000    -260022.5116 -260037.1561      14.6444   302.1    3415.8886         1.09469         51.0        41.257
59.7100    -260022.5079 -260037.3230      14.8151   305.6    3415.8886         1.09469         51.0        41.257
59.7200    -260022.7999 -260037.1434      14.3436   295.9    3415.8886         1.09469         51.0        41.257
59.7300    -260022.7230 -260036.7680      14.0450   289.8    3415.8886         1.09469         51.0        41.257
59.7400    -260023.3011 -260036.8654      13.5643   279.8    3415.8886         1.09469         51.0        41.257
59.7500    -260023.4613 -260037.0407      13.5794   280.1    3421.0514         1.09303         51.0        41.257
59.7600    -260023.5216 -260037.0446      13.5229   279.0    3421.0514         1.09303         51.0        41.257
59.7700    -260023.0839 -260037.1060      14.0221   289.3    3421.0514         1.09303         51.0        41.257
59.7800    -260022.9130 -260036.5857      13.6727   282.1    3413.6008         1.09542         51.0        41.257
59.7900    -260023.1390 -260036.8417      13.7027   282.7    3419.4642         1.09354         51.0        41.257
59.8000    -260022.8189 -260037.2570      14.4381   297.9    3419.4642         1.09354         51.0        41.257
59.8100    -260022.9297 -260037.1235      14.1937   292.8    3419.4642         1.09354         51.0        41.257
59.8200    -260023.0620 -260036.5818      13.5198   278.9    3419.4642         1.09354         51.0        41.257
59.8300    -260023.2623 -260037.0292      13.7669   284.0    3418.2327         1.09394         51.0        41.257
59.8400    -260022.7980 -260036.1694      13.3714   275.9    3418.2327         1.09394         51.0        41.257
59.8500    -260022.3767 -260035.8651      13.4884   278.3    3406.6223         1.09766         51.0        41.257
59.8600    -260022.3345 -260036.7360      14.4015   297.1    3406.6223         1.09766         51.0        41.257
59.8700    -260022.6209 -260036.6195      13.9986   288.8    3406.6223         1.09766         51.0        41.257
59.8800    -260022.5854 -260036.6127      14.0273   289.4    3400.9839         1.09948         51.0        41.257
59.8900    -260022.1152 -260036.5993      14.4841   298.8    3387.1743         1.10397         51.0        41.257
59.9000    -260022.2430 -260037.0548      14.8118   305.6    3399.1835         1.10007         51.0        41.257
59.9100    -260022.6422 -260037.0160      14.3738   296.5    3399.1835         1.10007         51.0        41.257
59.9200    -260022.8592 -260037.4064      14.5472   300.1    3384.9795         1.10468         51.0        41.257
59.9300    -260022.5681 -260037.1231      14.5550   300.3    3384.9795         1.10468         51.0        41.257
59.9400    -260022.5870 -260037.1582      14.5711   300.6    3407.2763         1.09745         51.0        41.257
59.9500    -260022.6896 -260037.0692      14.3796   296.7    3428.9504         1.09052         51.0        41.257
59.9600    -260022.5134 -260036.3880      13.8746   286.2    3428.9504         1.09052         51.0        41.257
59.9700    -260022.4619 -260036.1549      13.6930   282.5    3443.8743         1.08579         51.0        41.257
59.9800    -260022.4650 -260035.8886      13.4235   276.9    3443.8743         1.08579         51.0        41.257
59.9900    -260022.5029 -260036.9458      14.4429   298.0    3443.8743         1.08579         51.0        41.257
60.0000    -260022.5332 -260037.5333      15.0002   309.5    3443.8743         1.08579         51.0        41.257
60.0100    -260022.1879 -260036.9031      14.7152   303.6    3443.8743         1.08579         51.0        41.257
60.0200    -260022.2725 -260037.2882      15.0157   309.8    3443.8743         1.08579         51.0        41.257
60.0300    -260022.1631 -260037.6966      15.5335   320.5    3443.8743         1.08579         51.0        41.257
60.0400    -260022.1593 -260036.8672      14.7080   303.4    3443.8743         1.08579         50.9        41.257
60.0500    -260022.3483 -260036.5879      14.2396   293.8    3443.8743         1.08579         50.9        41.257
60.0600    -260022.2342 -260036.6462      14.4121   297.3    3443.8743         1.08579         50.9        41.257
60.0700    -260021.2932 -260035.1516      13.8583   285.9    3443.8743         1.08579         50.9        41.257
60.0800    -260021.9499 -260036.3124      14.3625   296.3    3426.6688         1.09124         50.9        41.257
60.0900    -260021.5516 -260036.2813      14.7297   303.9    3426.6688         1.09124         50.9        41.257
60.1000    -260021.3072 -260036.0371      14.7299   303.9    3426.6688         1.09124         50.9        41.257
60.1100    -260021.8591 -260036.3607      14.5015   299.2    3426.6688         1.09124         50.9        41.257
60.1200    -260021.8615 -260036.2162      14.3547   296.1    3408.9560         1.09691         50.9        41.257
60.1300    -260021.3383 -260036.6826      15.3444   316.6    3408.9560         1.09691         50.9        41.257
60.1400    -260021.5896 -260036.1080      14.5185   299.5    3408.9560         1.09691         50.9        41.257
60.1500    -260022.2596 -260035.8373      13.5777   280.1    3408.9560         1.09691         50.9        41.257
60.1600    -260022.5886 -260036.0503      13.4618   277.7    3408.9560         1.09691         50.9        41.257
60.1700    -260022.0235 -260036.0430      14.0195   289.2    3420.0604         1.09335         50.9        41.257
60.1800    -260021.5975 -260036.5156      14.9181   307.8    3420.0604         1.09335         50.9        41.257
60.1900    -260021.9031 -260036.6027      14.6996   303.3    3441.9495         1.08640         50.9        41.257
60.2000    -260021.9317 -260036.2172      14.2855   294.7    3446.4150         1.08499         50.9        41.257
60.2100    -260022.2367 -260036.3651      14.1284   291.5    3446.4150         1.08499         50.9        41.257
60.2200    -260021.7078 -260035.8216      14.1138   291.2    3446.4150         1.08499         50.9        41.257
60.2300    -260021.6851 -260036.8148      15.1297   312.1    3434.0549         1.08890         50.9        41.257
60.2400    -260021.6361 -260036.5595      14.9233   307.9    3449.7308         1.08395         50.9        41.257
60.2500    -260021.5516 -260035.9091      14.3575   296.2    3466.3496         1.07875         50.9        41.257
60.2600    -260021.2103 -260036.2370      15.0267   310.0    3466.3496         1.07875         50.9        41.257
60.2700    -260021.2545 -260035.6539      14.3994   297.1    3466.3496         1.07875         50.9        41.257
60.2800    -260021.2526 -260035.8873      14.6347   301.9    3466.3496         1.07875         50.9        41.257
60.2900    -260021.2491 -260036.1459      14.8967   307.3    3466.3496         1.07875         50.9        41.257
60.3000    -260021.8804 -260036.4664      14.5859   300.9    3464.1733         1.07943         50.9        41.257
60.3100    -260021.4619 -260036.2447      14.7828   305.0    3464.1733         1.07943         50.9        41.257
60.3200    -260021.9517 -260036.4925      14.5408   300.0    3464.3431         1.07938         50.9        41.257
60.3300    -260021.9122 -260036.0759      14.1636   292.2    3495.5855         1.06973         50.9        41.257
60.3400    -260021.8757 -260036.5377      14.6620   302.5    3495.5855         1.06973         50.9        41.257
60.3500    -260021.5043 -260034.7479      13.2436   273.2    3489.5614         1.07157         50.9        41.257
60.3600    -260021.2882 -260034.8602      13.5720   280.0    3489.5614         1.07157         50.9        41.257
60.3700    -260020.1776 -260034.5351      14.3576   296.2    3509.8211         1.06539         50.9        41.257
60.3800    -260019.9305 -260034.9477      15.0172   309.8    3526.1521         1.06046         51.0        41.257
60.3900    -260019.7889 -260034.6275      14.8386   306.1    3526.1521         1.06046         50.9        41.257
60.4000    -260020.7047 -260035.0495      14.3448   295.9    3512.5912         1.06455         51.0        41.257
60.4100    -260020.6922 -260034.7720      14.0798   290.5    3512.5912         1.06455         51.0        41.257
60.4200    -260020.8286 -260035.5758      14.7472   304.2    3476.3623         1.07564         51.0        41.257
60.4300    -260021.0837 -260035.8933      14.8095   305.5    3475.2762         1.07598         51.0        41.257
60.4400    -260021.2221 -260036.1486      14.9264   307.9    3475.2762         1.07598         51.0        41.257
60.4500    -260020.6440 -260035.0725      14.4286   297.7    3451.1048         1.08352         51.0        41.257
60.4600    -260020.5631 -260035.3729      14.8098   305.5    3451.1048         1.08352         51.0        41.257
60.4700    -260020.9987 -260035.1773      14.1785   292.5    3451.1048         1.08352         51.0        41.257
60.4800    -260020.7358 -260035.6011      14.8654   306.7    3474.3330         1.07627         51.0        41.257
60.4900    -260020.5775 -260035.2058      14.6283   301.8    3474.3330         1.07627         51.0        41.257
60.5000    -260020.1482 -260035.0053      14.8571   306.5    3463.9019         1.07951         51.0        41.257
60.5100    -260020.2078 -260035.1394      14.9316   308.0    3463.9019         1.07951         51.0        41.257
60.5200    -260020.5146 -260035.9008      15.3861   317.4    3451.5345         1.08338         51.0        41.257
60.5300    -260020.4639 -260035.7737      15.3098   315.8    3419.0799         1.09366         51.0        41.257
60.5400    -260020.6036 -260034.8862      14.2826   294.7    3416.6464         1.09444         51.0        41.257
60.5500    -260021.0125 -260035.7331      14.7206   303.7    3416.6464         1.09444         51.0        41.257
60.5600    -260021.1091 -260035.9635      14.8544   306.5    3416.6464         1.09444         51.0        41.257
60.5700    -260020.6878 -260036.4735      15.7856   325.7    3434.6023         1.08872         51.0        41.257
60.5800    -260020.4481 -260036.6246      16.1765   333.7    3405.5042         1.09802         51.0        41.257
60.5900    -260020.3186 -260035.5025      15.1839   313.2    3405.5042         1.09802         51.0        41.257
60.6000    -260020.8311 -260035.5897      14.7587   304.5    3427.0877         1.09111         51.0        41.257
60.6100    -260021.5851 -260035.3989      13.8138   285.0    3427.0877         1.09111         51.0        41.257
60.6200    -260021.5343 -260034.8581      13.3238   274.9    3427.0877         1.09111         51.0        41.257
60.6300    -260021.1417 -260035.1234      13.9817   288.4    3431.7787         1.08962         51.0        41.257
60.6400    -260021.3473 -260036.0830      14.7357   304.0    3431.7787         1.08962         51.0        41.257
60.6500    -260021.1221 -260035.9418      14.8197   305.7    3429.7739         1.09025         51.0        41.257
60.6600    -260021.5295 -260035.5311      14.0016   288.9    3429.7739         1.09025         51.0        41.257
60.6700    -260021.8067 -260035.1944      13.3877   276.2    3445.5396         1.08527         51.0        41.257
60.6800    -260021.9186 -260036.0689      14.1503   291.9    3424.3746         1.09197         51.0        41.257
60.6900    -260021.8941 -260036.3434      14.4493   298.1    3448.1288         1.08445         51.0        41.257
60.7000    -260021.9956 -260036.5727      14.5771   300.7    3448.1288         1.08445         51.0        41.257
60.7100    -260022.0290 -260035.7506      13.7216   283.1    3448.1288         1.08445         51.0        41.257
60.7200    -260022.4964 -260036.5049      14.0085   289.0    3448.2526         1.08441         51.0        41.257
60.7300    -260021.5532 -260035.7956      14.2424   293.8    3448.2526         1.08441         51.0        41.257
60.7400    -260020.9079 -260034.6672      13.7593   283.9    3458.1531         1.08131         51.0        41.257
60.7500    -260020.9623 -260035.4308      14.4685   298.5    3460.4837         1.08058         51.0        41.257
60.7600    -260020.6273 -260035.2173      14.5900   301.0    3460.4837         1.08058         51.0        41.257
60.7700    -260020.0061 -260035.5485      15.5424   320.6    3497.5490         1.06913         51.1        41.257
60.7800    -260019.8237 -260035.4339      15.6102   322.0    3497.5490         1.06913         51.0        41.257
60.7900    -260020.2034 -260034.6808      14.4773   298.7    3492.2249         1.07076         51.1        41.257
60.8000    -260020.0148 -260035.4311      15.4163   318.0    3492.2249         1.07076         51.0        41.257
60.8100    -260020.9619 -260035.0910      14.1291   291.5    3492.2249         1.07076         51.0        41.257
60.8200    -260020.8923 -260034.8336      13.9413   287.6    3492.2249         1.07076         51.0        41.257
60.8300    -260020.4534 -260034.6148      14.1614   292.2    3512.8457         1.06447         51.0        41.257
60.8400    -260019.9471 -260034.5425      14.5953   301.1    3512.8457         1.06447         51.0        41.257
60.8500    -260020.0183 -260034.7086      14.6903   303.1    3503.9659         1.06717         51.0        41.257
60.8600    -260019.6433 -260034.8812      15.2379   314.4    3503.9659         1.06717         51.0        41.257
60.8700    -260019.5014 -260034.7018      15.2004   313.6    3503.9659         1.06717         51.0        41.257
60.8800    -260019.3018 -260033.3972      14.0954   290.8    3503.9659         1.06717         51.0        41.257
60.8900    -260019.3941 -260033.3459      13.9517   287.8    3481.5262         1.07405         51.0        41.257
60.9000    -260018.9328 -260034.0420      15.1092   311.7    3476.4963         1.07560         51.0        41.257
60.9100    -260019.0447 -260034.4618      15.4171   318.1    3476.4963         1.07560         51.0        41.257
60.9200    -260019.3207 -260034.4316      15.1109   311.7    3476.4963         1.07560         51.0        41.257
60.9300    -260018.7894 -260033.6824      14.8930   307.2    3476.4963         1.07560         51.0        41.257
60.9400    -260019.1737 -260034.6395      15.4657   319.1    3476.4963         1.07560         51.0        41.257
60.9500    -260018.9866 -260034.3896      15.4030   317.8    3491.6682         1.07093         51.0        41.257
60.9600    -260019.4367 -260034.5925      15.1557   312.7    3491.6682         1.07093         51.0        41.257
60.9700    -260019.2889 -260034.4392      15.1503   312.6    3491.6682         1.07093         51.0        41.257
60.9800    -260019.4009 -260034.4415      15.0406   310.3    3492.3788         1.07071         51.0        41.257
60.9900    -260019.6137 -260035.0016      15.3879   317.5    3502.3707         1.06766         51.0        41.257
61.0000    -260019.1800 -260034.0244      14.8444   306.2    3475.8767         1.07579         51.0        41.257
61.0100    -260019.1712 -260034.0561      14.8849   307.1    3475.8767         1.07579         51.0        41.257
61.0200    -260019.1804 -260034.2285      15.0481   310.4    3467.2589         1.07847         51.1        41.257
61.0300    -260019.1995 -260033.6589      14.4595   298.3    3463.1181         1.07976         51.1        41.257
61.0400    -260019.1770 -260034.1750      14.9981   309.4    3463.1181         1.07976         51.1        41.257
61.0500    -260019.2706 -260034.5976      15.3270   316.2    3463.1181         1.07976         51.0        41.257
61.0600    -260019.0851 -260034.1957      15.1106   311.7    3463.1181         1.07976         51.0        41.257
61.0700    -260019.7602 -260034.4797      14.7195   303.7    3444.6656         1.08554         51.1        41.257
61.0800    -260019.5705 -260034.9615      15.3909   317.5    3452.2236         1.08316         51.1        41.257
61.0900    -260019.8057 -260034.6277      14.8220   305.8    3438.5503         1.08747         51.1        41.257
61.1000    -260020.7025 -260034.5440      13.8415   285.6    3438.5503         1.08747         51.1        41.257
61.1100    -260020.6775 -260034.3609      13.6834   282.3    3438.5503         1.08747         51.1        41.257
61.1200    -260021.1537 -260035.3679      14.2142   293.2    3438.5503         1.08747         51.1        41.257
61.1300    -260020.9392 -260035.9486      15.0094   309.6    3438.5503         1.08747         51.0        41.257
61.1400    -260021.1137 -260035.4119      14.2982   295.0    3438.5503         1.08747         51.0        41.257
61.1500    -260021.0372 -260035.7365      14.6992   303.2    3458.6617         1.08115         51.0        41.257
61.1600    -260021.4271 -260035.8322      14.4051   297.2    3458.6617         1.08115         51.0        41.257
61.1700    -260021.8102 -260035.9489      14.1388   291.7    3464.3967         1.07936         51.1        41.257
61.1800    -260021.1676 -260035.2378      14.0702   290.3    3464.3967         1.07936         51.0        41.257
61.1900    -260020.9968 -260034.8348      13.8381   285.5    3464.3967         1.07936         51.0        41.257
61.2000    -260020.3305 -260034.7781      14.4476   298.1    3448.5115         1.08433         51.0        41.257
61.2100    -260021.0168 -260035.2338      14.2171   293.3    3448.5115         1.08433         51.0        41.257
61.2200    -260020.4707 -260035.7178      15.2471   314.6    3448.5115         1.08433         51.0        41.257
61.2300    -260020.7413 -260035.4703      14.7289   303.9    3457.3098         1.08157         51.0        41.257
61.2400    -260020.9100 -260035.0388      14.1288   291.5    3457.3098         1.08157         51.0        41.257
61.2500    -260021.3613 -260034.9031      13.5418   279.4    3457.3098         1.08157         51.0        41.257
61.2600    -260021.0286 -260035.1344      14.1058   291.0    3457.3098         1.08157         51.0        41.257
61.2700    -260021.1412 -260035.3118      14.1705   292.3    3434.4506         1.08877         51.0        41.257
61.2800    -260021.3753 -260036.0357      14.6604   302.4    3456.1347         1.08194         51.0        41.257
61.2900    -260021.2491 -260036.2004      14.9513   308.4    3445.6583         1.08523         51.1        41.257
61.3000    -260021.7346 -260036.2469      14.5123   299.4    3445.6583         1.08523         51.0        41.257
61.3100    -260021.4966 -260036.0045      14.5078   299.3    3445.6583         1.08523         51.0        41.257
61.3200    -260021.1166 -260034.8169      13.7003   282.6    3445.6583         1.08523         51.0        41.257
61.3300    -260021.6114 -260035.9088      14.2974   295.0    3445.6583         1.08523         51.0        41.257
61.3400    -260021.7564 -260036.2474      14.4911   299.0    3444.0678         1.08573         51.0        41.257
61.3500    -260021.6309 -260035.3986      13.7676   284.0    3459.3601         1.08093         51.0        41.257
61.3600    -260021.2005 -260034.9506      13.7501   283.7    3459.3601         1.08093         51.0        41.257
61.3700    -260020.9760 -260034.5726      13.5966   280.5    3459.3601         1.08093         51.0        41.257
61.3800    -260021.2312 -260035.2258      13.9946   288.7    3450.9879         1.08355         51.0        41.257
61.3900    -260021.6168 -260036.0485      14.4317   297.7    3456.2832         1.08189         51.0        41.257
61.4000    -260021.4872 -260035.4939      14.0066   289.0    3456.2832         1.08189         51.0        41.257
61.4100    -260021.2418 -260035.7544      14.5126   299.4    3456.2832         1.08189         51.0        41.257
61.4200    -260021.4971 -260035.8392      14.3421   295.9    3456.2832         1.08189         51.0        41.257
61.4300    -260022.1712 -260035.3713      13.2001   272.3    3430.6210         1.08999         51.0        41.257
61.4400    -260022.9152 -260035.9264      13.0112   268.4    3430.6210         1.08999         51.0        41.257
61.4500    -260022.7135 -260036.4209      13.7074   282.8    3430.6210         1.08999         51.0        41.257
61.4600    -260022.9681 -260036.9769      14.0088   289.0    3430.6210         1.08999         51.0        41.257
61.4700    -260022.4324 -260036.5016      14.0692   290.3    3430.6210         1.08999         51.0        41.257
61.4800    -260022.0038 -260036.0802      14.0763   290.4    3430.6210         1.08999         51.0        41.257
61.4900    -260022.1471 -260035.9445      13.7974   284.6    3429.1052         1.09047         51.0        41.257
61.5000    -260022.3062 -260036.2507      13.9445   287.7    3410.8938         1.09629         51.0        41.257
61.5100    -260021.8539 -260035.9729      14.1191   291.3    3410.8938         1.09629         51.0        41.257
61.5200    -260021.6344 -260035.4153      13.7809   284.3    3410.8938         1.09629         51.0        41.257
61.5300    -260020.9780 -260035.4872      14.5092   299.3    3410.8938         1.09629         51.0        41.257
61.5400    -260020.4464 -260034.8637      14.4172   297.4    3441.1910         1.08664         51.0        41.257
61.5500    -260020.5077 -260034.4423      13.9346   287.5    3462.8906         1.07983         51.0        41.257
61.5600    -260020.2794 -260035.2506      14.9712   308.9    3462.8906         1.07983         51.0        41.257
61.5700    -260020.5161 -260035.5129      14.9969   309.4    3492.6463         1.07063         51.0        41.257
61.5800    -260020.1931 -260035.8422      15.6491   322.8    3492.4709         1.07068         51.0        41.257
61.5900    -260019.7438 -260035.3666      15.6227   322.3    3492.4709         1.07068         51.0        41.257
61.6000    -260019.2941 -260034.0106      14.7165   303.6    3469.8257         1.07767         51.0        41.257
61.6100    -260019.5195 -260033.7379      14.2184   293.3    3469.8257         1.07767         51.0        41.257
61.6200    -260020.2274 -260035.4599      15.2324   314.2    3436.7541         1.08804         51.0        41.257
61.6300    -260019.7522 -260035.2864      15.5342   320.5    3436.7541         1.08804         51.0        41.257
61.6400    -260020.1701 -260035.0723      14.9023   307.4    3435.2142         1.08853         51.0        41.257
61.6500    -260020.4448 -260035.5466      15.1018   311.6    3431.5140         1.08970         51.1        41.257
61.6600    -260020.2257 -260035.4794      15.2538   314.7    3431.5140         1.08970         51.1        41.257
61.6700    -260020.2481 -260035.3481      15.1000   311.5    3431.5140         1.08970         51.0        41.257
61.6800    -260020.8705 -260035.1901      14.3196   295.4    3431.5140         1.08970         51.0        41.257
61.6900    -260021.0267 -260036.6746      15.6479   322.8    3431.5140         1.08970         51.0        41.257
61.7000    -260021.4036 -260036.4894      15.0858   311.2    3432.0277         1.08954         51.0        41.257
61.7100    -260021.7042 -260035.4326      13.7284   283.2    3432.0277         1.08954         51.0        41.257
61.7200    -260022.0005 -260035.3742      13.3737   275.9    3461.3262         1.08032         51.0        41.257
61.7300    -260022.1992 -260035.6900      13.4908   278.3    3472.1793         1.07694         51.1        41.257
61.7400    -260022.6945 -260035.7238      13.0293   268.8    3490.7428         1.07121         51.1        41.257
61.7500    -260022.5527 -260036.3405      13.7878   284.4    3527.4685         1.06006         51.1        41.257
61.7600    -260022.4395 -260035.9478      13.5083   278.7    3527.4685         1.06006         51.1        41.257
61.7700    -260022.3637 -260035.9062      13.5425   279.4    3555.1672         1.05180         51.1        41.257
61.7800    -260022.2781 -260036.0845      13.8064   284.8    3527.8448         1.05995         51.1        41.257
61.7900    -260021.9143 -260035.9775      14.0632   290.1    3528.0996         1.05987         51.1        41.257
61.8000    -260021.9478 -260036.7725      14.8246   305.8    3528.0996         1.05987         51.1        41.257
61.8100    -260021.6348 -260036.6992      15.0644   310.8    3528.0996         1.05987         51.1        41.257
61.8200    -260021.5144 -260036.2898      14.7754   304.8    3528.0996         1.05987         51.1        41.257
61.8300    -260021.8762 -260036.3967      14.5206   299.6    3516.4824         1.06337         51.1        41.257
61.8400    -260022.2900 -260036.5028      14.2128   293.2    3516.4824         1.06337         51.1        41.257
61.8500    -260022.2712 -260036.8218      14.5505   300.2    3516.4824         1.06337         51.1        41.257
61.8600    -260022.2411 -260036.3855      14.1444   291.8    3516.4824         1.06337         51.1        41.257
61.8700    -260021.7789 -260036.3232      14.5443   300.1    3528.2655         1.05982         51.1        41.257
61.8800    -260021.6364 -260036.1176      14.4812   298.8    3530.8348         1.05905         51.1        41.257
61.8900    -260021.6307 -260035.7362      14.1055   291.0    3530.8348         1.05905         51.1        41.257
61.9000    -260021.1373 -260035.8993      14.7619   304.5    3530.8348         1.05905         51.1        41.257
61.9100    -260021.1802 -260034.9776      13.7974   284.6    3530.8348         1.05905         51.1        41.257
61.9200    -260021.4671 -260035.0616      13.5945   280.5    3511.2085         1.06497         51.1        41.257
61.9300    -260021.0916 -260036.1686      15.0769   311.0    3526.8632         1.06024         51.1        41.257
61.9400    -260020.9490 -260035.7483      14.7993   305.3    3524.8673         1.06084         51.1        41.257
61.9500    -260021.2815 -260036.0932      14.8117   305.6    3505.1851         1.06680         51.1        41.257
61.9600    -260021.1631 -260035.4280      14.2649   294.3    3505.1851         1.06680         51.1        41.257
61.9700    -260020.8749 -260034.9321      14.0572   290.0    3505.1851         1.06680         51.1        41.257
61.9800    -260020.4814 -260034.8151      14.3337   295.7    3517.9747         1.06292         51.1        41.257
61.9900    -260020.5130 -260034.6138      14.1008   290.9    3538.1263         1.05687         51.1        41.257
62.0000    -260019.8213 -260034.5975      14.7762   304.8    3538.1263         1.05687         51.1        41.257
62.0100    -260019.9835 -260033.9670      13.9835   288.5    3538.1263         1.05687         51.1        41.257
62.0200    -260019.9843 -260033.7115      13.7272   283.2    3538.1263         1.05687         51.1        41.257
62.0300    -260019.6823 -260034.8504      15.1682   312.9    3526.8059         1.06026         51.1        41.257
62.0400    -260019.7823 -260035.0527      15.2704   315.0    3551.9812         1.05274         51.1        41.257
62.0500    -260019.6196 -260034.1882      14.5686   300.6    3547.7771         1.05399         51.1        41.257
62.0600    -260019.6648 -260034.4527      14.7878   305.1    3547.7771         1.05399         51.1        41.257
62.0700    -260020.0884 -260035.0705      14.9821   309.1    3510.8529         1.06508         51.1        41.257
62.0800    -260021.0247 -260035.5557      14.5310   299.8    3510.8529         1.06508         51.1        41.257
62.0900    -260021.2432 -260036.0247      14.7815   304.9    3504.9027         1.06688         51.1        41.257
62.1000    -260020.6820 -260035.9068      15.2248   314.1    3521.0802         1.06198         51.1        41.257
62.1100    -260020.8886 -260035.4820      14.5934   301.1    3521.0802         1.06198         51.1        41.257
62.1200    -260020.8890 -260035.9148      15.0258   310.0    3521.0802         1.06198         51.1        41.257
62.1300    -260021.1686 -260035.6034      14.4349   297.8    3532.7897         1.05846         51.1        41.257
62.1400    -260021.1849 -260035.9075      14.7226   303.7    3501.0147         1.06807         51.2        41.257
62.1500    -260021.3265 -260035.5334      14.2068   293.1    3501.0147         1.06807         51.1        41.257
62.1600    -260021.0372 -260035.2760      14.2388   293.7    3501.0147         1.06807         51.1        41.257
62.1700    -260021.2175 -260036.0401      14.8226   305.8    3501.0147         1.06807         51.1        41.257
62.1800    -260021.0066 -260035.1102      14.1035   291.0    3501.0147         1.06807         51.1        41.257
62.1900    -260020.3398 -260036.0635      15.7238   324.4    3497.7648         1.06906         51.1        41.257
62.2000    -260020.6303 -260035.9207      15.2904   315.4    3480.1759         1.07446         51.1        41.257
62.2100    -260021.0540 -260035.7825      14.7285   303.9    3480.1759         1.07446         51.1        41.257
62.2200    -260021.1075 -260035.5873      14.4798   298.7    3476.8417         1.07550         51.2        41.257
62.2300    -260020.8306 -260035.0892      14.2585   294.2    3476.8417         1.07550         51.1        41.257
62.2400    -260021.2727 -260035.3166      14.0439   289.7    3492.1001         1.07080         51.2        41.257
62.2500    -260020.9059 -260035.0758      14.1700   292.3    3513.0550         1.06441         51.2        41.257
62.2600    -260020.9573 -260035.5514      14.5941   301.1    3513.0550         1.06441         51.2        41.257
62.2700    -260020.9797 -260035.8808      14.9011   307.4    3513.0550         1.06441         51.2        41.257
62.2800    -260020.6381 -260035.5675      14.9294   308.0    3523.3702         1.06129         51.2        41.257
62.2900    -260020.7720 -260035.8626      15.0906   311.3    3536.1072         1.05747         51.2        41.257
62.3000    -260020.9589 -260035.5733      14.6145   301.5    3536.1072         1.05747         51.2        41.257
62.3100    -260020.7674 -260034.9560      14.1886   292.7    3536.1072         1.05747         51.2        41.257
62.3200    -260021.2481 -260035.2325      13.9844   288.5    3544.8192         1.05487         51.2        41.257
62.3300    -260020.8036 -260035.6623      14.8587   306.5    3553.0752         1.05242         51.2        41.257
62.3400    -260020.2947 -260035.4966      15.2019   313.6    3571.9139         1.04687         51.2        41.257
62.3500    -260020.3247 -260035.7759      15.4513   318.8    3572.2597         1.04677         51.2        41.257
62.3600    -260020.2707 -260035.1850      14.9143   307.7    3572.2597         1.04677         51.2        41.257
62.3700    -260020.5118 -260035.3640      14.8522   306.4    3537.9793         1.05691         51.2        41.257
62.3800    -260020.1057 -260034.9905      14.8848   307.1    3555.2386         1.05178         51.2        41.257
62.3900    -260019.7581 -260034.4134      14.6553   302.3    3534.8010         1.05786         51.2        41.257
62.4000    -260020.3568 -260034.9364      14.5795   300.8    3534.8010         1.05786         51.2        41.257
62.4100    -260020.4924 -260034.8341      14.3417   295.9    3534.8010         1.05786         51.2        41.257
62.4200    -260020.7391 -260035.5337      14.7946   305.2    3534.8010         1.05786         51.2        41.257
62.4300    -260020.2640 -260035.1560      14.8920   307.2    3534.8010         1.05786         51.2        41.257
62.4400    -260019.8593 -260035.2578      15.3985   317.7    3574.1564         1.04621         51.2        41.257
62.4500    -260020.1407 -260035.4768      15.3361   316.4    3574.1564         1.04621         51.2        41.257
62.4600    -260020.7539 -260035.4935      14.7396   304.1    3574.1564         1.04621         51.2        41.257
62.4700    -260021.0082 -260035.4778      14.4696   298.5    3574.1564         1.04621         51.2        41.257
62.4800    -260020.0700 -260034.8363      14.7663   304.6    3574.1564         1.04621         51.2        41.257
62.4900    -260019.9139 -260034.9069      14.9930   309.3    3576.1977         1.04562         51.2        41.257
62.5000    -260020.3632 -260035.0196      14.6564   302.4    3576.1977         1.04562         51.2        41.257
62.5100    -260020.2021 -260035.1361      14.9340   308.1    3576.1977         1.04562         51.2        41.257
62.5200    -260020.3226 -260034.6881      14.3655   296.4    3576.1977         1.04562         51.2        41.257
62.5300    -260020.3213 -260035.1688      14.8475   306.3    3576.1977         1.04562         51.2        41.257
62.5400    -260020.6039 -260035.3968      14.7929   305.2    3576.1977         1.04562         51.1        41.257
62.5500    -260021.0983 -260035.3648      14.2665   294.3    3576.1977         1.04562         51.1        41.257
62.5600    -260020.4512 -260035.2145      14.7633   304.6    3576.1977         1.04562         51.1        41.257
62.5700    -260021.0552 -260035.9764      14.9212   307.8    3576.1977         1.04562         51.1        41.257
62.5800    -260021.2905 -260035.6805      14.3901   296.9    3552.4180         1.05261         51.1        41.257
62.5900    -260021.6269 -260035.8152      14.1884   292.7    3552.4180         1.05261         51.1        41.257
62.6000    -260021.6406 -260035.3031      13.6625   281.9    3552.4180         1.05261         51.1        41.257
62.6100    -260021.6185 -260036.4924      14.8739   306.9    3552.4180         1.05261         51.1        41.257
62.6200    -260021.6994 -260036.9791      15.2798   315.2    3544.7462         1.05489         51.1        41.257
62.6300    -260021.5076 -260036.2337      14.7261   303.8    3543.3519         1.05531         51.1        41.257
62.6400    -260021.9108 -260035.7582      13.8473   285.7    3543.3519         1.05531         51.1        41.257
62.6500    -260022.7420 -260036.9030      14.1610   292.1    3543.3519         1.05531         51.1        41.257
62.6600    -260022.9062 -260036.3347      13.4285   277.0    3543.3519         1.05531         51.1        41.257
62.6700    -260022.8820 -260036.7364      13.8544   285.8    3543.3519         1.05531         51.1        41.257
62.6800    -260022.2008 -260036.0523      13.8515   285.8    3543.3519         1.05531         51.1        41.257
62.6900    -260022.3430 -260036.5550      14.2120   293.2    3543.3519         1.05531         51.1        41.257
62.7000    -260022.7643 -260037.0357      14.2713   294.4    3554.5421         1.05199         51.1        41.257
62.7100    -260023.2394 -260037.4079      14.1685   292.3    3554.5421         1.05199         51.1        41.257
62.7200    -260023.1429 -260036.9962      13.8533   285.8    3554.5421         1.05199         51.1        41.257
62.7300    -260023.0006 -260037.4162      14.4156   297.4    3554.5421         1.05199         51.1        41.257
62.7400    -260022.9959 -260037.4326      14.4368   297.8    3531.6443         1.05881         51.1        41.257
62.7500    -260022.9140 -260036.4130      13.4991   278.5    3515.3526         1.06371         51.1        41.257
62.7600    -260022.8009 -260036.1563      13.3554   275.5    3515.3526         1.06371         51.1        41.257
62.7700    -260022.9410 -260036.4388      13.4978   278.5    3515.3526         1.06371         51.1        41.257
62.7800    -260022.8800 -260037.1209      14.2409   293.8    3515.3526         1.06371         51.1        41.257
62.7900    -260022.7925 -260036.3400      13.5476   279.5    3515.3526         1.06371         51.1        41.257
62.8000    -260023.1224 -260036.4750      13.3526   275.5    3492.0678         1.07081         51.1        41.257
62.8100    -260023.9779 -260036.8879      12.9099   266.3    3492.0678         1.07081         51.1        41.257
62.8200    -260024.0373 -260037.7642      13.7269   283.2    3492.0678         1.07081         51.1        41.257
62.8300    -260024.0664 -260037.5179      13.4516   277.5    3490.3911         1.07132         51.1        41.257
62.8400    -260023.5306 -260037.0374      13.5068   278.6    3488.4831         1.07191         51.1        41.257
62.8500    -260023.1639 -260037.0590      13.8951   286.7    3514.1965         1.06406         51.1        41.257
62.8600    -260023.1420 -260037.2174      14.0754   290.4    3514.1965         1.06406         51.1        41.257
62.8700    -260022.7371 -260037.4212      14.6841   302.9    3491.6320         1.07094         51.1        41.257
62.8800    -260022.5254 -260037.5522      15.0269   310.0    3499.8307         1.06843         51.1        41.257
62.8900    -260021.9807 -260036.5965      14.6159   301.5    3493.0778         1.07050         51.1        41.257
62.9000    -260021.5637 -260035.4562      13.8925   286.6    3513.3528         1.06432         51.1        41.257
62.9100    -260021.3150 -260036.4515      15.1364   312.3    3513.3528         1.06432         51.1        41.257
62.9200    -260021.5616 -260035.6673      14.1057   291.0    3490.5191         1.07128         51.1        41.257
62.9300    -260021.5669 -260035.8203      14.2534   294.1    3490.5191         1.07128         51.1        41.257
62.9400    -260021.1101 -260035.9410      14.8309   306.0    3490.5191         1.07128         51.1        41.257
62.9500    -260020.8086 -260035.6631      14.8545   306.5    3477.4318         1.07531         51.1        41.257
62.9600    -260020.8420 -260035.1918      14.3498   296.0    3477.4318         1.07531         51.1        41.257
62.9700    -260020.7866 -260036.0468      15.2601   314.8    3477.4318         1.07531         51.1        41.257
62.9800    -260020.8005 -260035.9590      15.1585   312.7    3477.4318         1.07531         51.1        41.257
62.9900    -260021.3503 -260035.9706      14.6203   301.6    3477.4318         1.07531         51.1        41.257
63.0000    -260021.1833 -260036.0885      14.9052   307.5    3471.3262         1.07720         51.1        41.257
63.0100    -260021.8288 -260036.4571      14.6284   301.8    3471.3262         1.07720         51.1        41.257
63.0200    -260021.6874 -260035.3852      13.6978   282.6    3471.3262         1.07720         51.1        41.257
63.0300    -260021.6471 -260035.7164      14.0692   290.3    3477.4091         1.07532         51.1        41.257
63.0400    -260021.7415 -260036.3990      14.6575   302.4    3475.7723         1.07583         51.1        41.257
63.0500    -260021.6793 -260036.5106      14.8312   306.0    3474.4549         1.07623         51.1        41.257
63.0600    -260022.0727 -260036.7835      14.7108   303.5    3474.4549         1.07623         51.1        41.257
63.0700    -260021.9485 -260036.5682      14.6197   301.6    3495.7075         1.06969         51.1        41.257
63.0800    -260022.3870 -260035.9641      13.5771   280.1    3485.9069         1.07270         51.1        41.257
63.0900    -260022.1530 -260035.9722      13.8191   285.1    3485.9069         1.07270         51.1        41.257
63.1000    -260022.1599 -260036.6075      14.4475   298.1    3485.9069         1.07270         51.1        41.257
63.1100    -260022.3650 -260036.8516      14.4866   298.9    3485.9069         1.07270         51.1        41.257
63.1200    -260022.5327 -260036.4912      13.9585   288.0    3485.9069         1.07270         51.1        41.257
63.1300    -260023.2509 -260036.9744      13.7235   283.1    3485.0105         1.07297         51.1        41.257
63.1400    -260022.4908 -260036.3108      13.8200   285.1    3485.0105         1.07297         51.1        41.257
63.1500    -260022.3122 -260036.1502      13.8380   285.5    3506.4526         1.06641         51.1        41.257
63.1600    -260022.0119 -260036.2001      14.1882   292.7    3506.4526         1.06641         51.1        41.257
63.1700    -260021.5565 -260036.4671      14.9107   307.6    3483.2803         1.07351         51.1        41.257
63.1800    -260021.3375 -260035.6041      14.2666   294.3    3483.2803         1.07351         51.1        41.257
63.1900    -260021.2388 -260036.0890      14.8502   306.4    3491.8902         1.07086         51.1        41.257
63.2000    -260021.5853 -260036.7372      15.1519   312.6    3491.8902         1.07086         51.1        41.257
63.2100    -260020.9892 -260037.0014      16.0121   330.3    3491.8902         1.07086         51.1        41.257
63.2200    -260021.0331 -260036.3777      15.3446   316.6    3491.8902         1.07086         51.1        41.257
63.2300    -260021.0744 -260036.3575      15.2832   315.3    3491.8902         1.07086         51.1        41.257
63.2400    -260021.7496 -260036.9385      15.1889   313.4    3519.5182         1.06245         51.1        41.257
63.2500    -260021.7507 -260036.1642      14.4135   297.4    3519.5182         1.06245         51.1        41.257
63.2600    -260021.7020 -260036.5579      14.8559   306.5    3519.5182         1.06245         51.1        41.257
63.2700    -260021.8330 -260036.0609      14.2280   293.5    3548.0479         1.05391         51.1        41.257
63.2800    -260021.5213 -260035.9057      14.3844   296.8    3560.0612         1.05035         51.1        41.257
63.2900    -260021.3156 -260035.6710      14.3554   296.2    3560.0612         1.05035         51.1        41.257
63.3000    -260020.9896 -260035.3680      14.3784   296.6    3567.4299         1.04818         51.1        41.257
63.3100    -260020.3456 -260034.9252      14.5796   300.8    3567.4299         1.04818         51.1        41.257
63.3200    -260020.6191 -260034.8795      14.2604   294.2    3567.4299         1.04818         51.1        41.257
63.3300    -260020.9999 -260035.3105      14.3106   295.2    3543.3943         1.05530         51.1        41.257
63.3400    -260021.3226 -260035.8797      14.5571   300.3    3543.3943         1.05530         51.1        41.257
63.3500    -260021.1012 -260035.5093      14.4081   297.2    3543.3943         1.05530         51.1        41.257
63.3600    -260020.4504 -260035.8320      15.3816   317.3    3543.3943         1.05530         51.1        41.257
63.3700    -260020.6603 -260035.6313      14.9710   308.9    3519.3292         1.06251         51.1        41.257
63.3800    -260020.4704 -260035.2119      14.7415   304.1    3518.6377         1.06272         51.1        41.257
63.3900    -260020.8261 -260035.5109      14.6848   303.0    3518.6377         1.06272         51.1        41.257
63.4000    -260020.5571 -260036.3062      15.7491   324.9    3518.6377         1.06272         51.1        41.257
63.4100    -260020.8029 -260035.7268      14.9239   307.9    3518.6377         1.06272         51.1        41.257
63.4200    -260021.2008 -260035.9955      14.7947   305.2    3541.3345         1.05591         51.1        41.257
63.4300    -260021.5659 -260036.3447      14.7788   304.9    3541.3345         1.05591         51.1        41.257
63.4400    -260021.9638 -260036.0315      14.0677   290.2    3541.3345         1.05591         51.1        41.257
63.4500    -260020.9530 -260035.7865      14.8335   306.0    3519.2708         1.06253         51.1        41.257
63.4600    -260020.8973 -260036.0429      15.1456   312.5    3519.2708         1.06253         51.1        41.257
63.4700    -260020.8359 -260036.0390      15.2031   313.6    3494.5116         1.07006         51.1        41.257
63.4800    -260021.1484 -260036.5264      15.3780   317.3    3494.5116         1.07006         51.1        41.257
63.4900    -260021.3058 -260035.7008      14.3950   297.0    3470.6225         1.07742         51.1        41.257
63.5000    -260021.2482 -260035.6197      14.3715   296.5    3490.3244         1.07134         51.1        41.257
63.5100    -260021.1685 -260035.2069      14.0384   289.6    3490.3244         1.07134         51.1        41.257
63.5200    -260021.7478 -260036.1188      14.3710   296.5    3490.3244         1.07134         51.1        41.257
63.5300    -260021.9632 -260036.8830      14.9198   307.8    3490.3244         1.07134         51.1        41.257
63.5400    -260021.9037 -260036.4735      14.5699   300.6    3490.3244         1.07134         51.1        41.257
63.5500    -260022.1376 -260036.3802      14.2427   293.8    3508.5032         1.06579         51.1        41.257
63.5600    -260021.9593 -260036.6007      14.6414   302.1    3508.5032         1.06579         51.1        41.257
63.5700    -260021.9494 -260036.1204      14.1710   292.4    3527.2815         1.06012         51.1        41.257
63.5800    -260022.1306 -260036.2989      14.1683   292.3    3527.6780         1.06000         51.1        41.257
63.5900    -260022.3052 -260036.2500      13.9448   287.7    3527.6780         1.06000         51.1        41.257
63.6000    -260022.5495 -260035.6967      13.1472   271.2    3528.5212         1.05974         51.1        41.257
63.6100    -260022.8823 -260035.7298      12.8474   265.0    3528.5212         1.05974         51.1        41.257
63.6200    -260022.5769 -260036.0693      13.4923   278.3    3528.5212         1.05974         51.1        41.257
63.6300    -260021.7867 -260036.2216      14.4349   297.8    3528.5212         1.05974         51.1        41.257
63.6400    -260021.4042 -260035.8564      14.4522   298.2    3528.5212         1.05974         51.1        41.257
63.6500    -260021.3554 -260035.9561      14.6007   301.2    3555.4725         1.05171         51.1        41.257
63.6600    -260021.0806 -260035.3114      14.2308   293.6    3555.4725         1.05171         51.1        41.257
63.6700    -260020.8356 -260035.1109      14.2753   294.5    3559.2138         1.05060         51.1        41.257
63.6800    -260021.0281 -260035.1358      14.1077   291.0    3559.2138         1.05060         51.1        41.257
63.6900    -260020.9533 -260035.6510      14.6977   303.2    3559.2138         1.05060         51.1        41.257
63.7000    -260021.1924 -260034.4895      13.2971   274.3    3538.6363         1.05671         51.1        41.257
63.7100    -260021.8727 -260035.7284      13.8557   285.8    3538.6363         1.05671         51.1        41.257
63.7200    -260021.5107 -260035.3282      13.8174   285.1    3538.6363         1.05671         51.1        41.257
63.7300    -260021.6355 -260036.2214      14.5859   300.9    3524.5993         1.06092         51.1        41.257
63.7400    -260021.8898 -260035.6514      13.7615   283.9    3528.4979         1.05975         51.1        41.257
63.7500    -260021.6222 -260036.4003      14.7781   304.9    3528.4979         1.05975         51.1        41.257
63.7600    -260022.0537 -260036.9857      14.9320   308.1    3528.4979         1.05975         51.1        41.257
63.7700    -260022.4402 -260036.2927      13.8525   285.8    3528.4979         1.05975         51.1        41.257
63.7800    -260021.9383 -260035.9210      13.9827   288.5    3528.4979         1.05975         51.1        41.257
63.7900    -260021.7111 -260036.8061      15.0950   311.4    3530.5336         1.05914         51.1        41.257
63.8000    -260021.8587 -260035.9610      14.1022   290.9    3530.5336         1.05914         51.1        41.257
63.8100    -260021.5211 -260036.3734      14.8522   306.4    3530.5336         1.05914         51.1        41.257
63.8200    -260021.5431 -260036.2129      14.6697   302.6    3530.5336         1.05914         51.1        41.257
63.8300    -260021.0981 -260035.7516      14.6535   302.3    3524.8902         1.06083         51.1        41.257
63.8400    -260021.7002 -260035.9889      14.2886   294.8    3542.6973         1.05550         51.1        41.257
63.8500    -260021.8198 -260036.4797      14.6599   302.4    3508.9874         1.06564         51.1        41.257
63.8600    -260021.5797 -260036.6742      15.0945   311.4    3508.9874         1.06564         51.1        41.257
63.8700    -260021.8697 -260036.9397      15.0700   310.9    3524.4925         1.06095         51.1        41.257
63.8800    -260022.5172 -260037.4101      14.8929   307.2    3524.4925         1.06095         51.1        41.257
63.8900    -260022.8767 -260035.8129      12.9362   266.9    3524.4925         1.06095         51.1        41.257
63.9000    -260022.9935 -260037.1285      14.1350   291.6    3524.4925         1.06095         51.1        41.257
63.9100    -260023.5207 -260036.6120      13.0914   270.1    3524.4925         1.06095         51.1        41.257
63.9200    -260023.1899 -260036.9075      13.7176   283.0    3524.4925         1.06095         51.1        41.257
63.9300    -260023.2093 -260037.0424      13.8331   285.4    3524.4925         1.06095         51.1        41.257
63.9400    -260022.9361 -260037.2764      14.3403   295.8    3524.4925         1.06095         51.0        41.257
63.9500    -260022.1991 -260036.4058      14.2067   293.1    3524.4925         1.06095         51.0        41.257
63.9600    -260022.2681 -260036.5633      14.2952   294.9    3524.4925         1.06095         51.0        41.257
63.9700    -260021.5015 -260036.7756      15.2741   315.1    3524.4925         1.06095         51.0        41.257
63.9800    -260021.3602 -260035.8135      14.4533   298.2    3500.9253         1.06810         51.0        41.257
63.9900    -260021.5116 -260035.9426      14.4310   297.7    3500.9253         1.06810         51.0        41.257
64.0000    -260021.0235 -260035.6576      14.6341   301.9    3500.9253         1.06810         51.0        41.257
64.0100    -260021.1460 -260035.9437      14.7977   305.3    3500.9253         1.06810         51.0        41.257
64.0200    -260020.5327 -260035.0407      14.5080   299.3    3509.2128         1.06557         51.0        41.257
64.0300    -260020.5068 -260034.9768      14.4700   298.5    3509.2128         1.06557         51.0        41.257
64.0400    -260020.3835 -260035.7712      15.3877   317.5    3509.2128         1.06557         51.0        41.257
64.0500    -260019.8883 -260036.0556      16.1673   333.5    3509.2128         1.06557         51.0        41.257
64.0600    -260020.3595 -260035.7381      15.3786   317.3    3509.2128         1.06557         51.0        41.257
64.0700    -260020.5219 -260035.4824      14.9605   308.6    3514.8608         1.06386         51.0        41.257
64.0800    -260020.3382 -260035.4098      15.0716   310.9    3514.8608         1.06386         51.0        41.257
64.0900    -260019.6255 -260035.7462      16.1207   332.6    3524.2636         1.06102         51.0        41.257
64.1000    -260020.2553 -260035.2304      14.9752   308.9    3524.2636         1.06102         51.0        41.257
64.1100    -260020.1419 -260035.8815      15.7395   324.7    3524.2636         1.06102         51.0        41.257
64.1200    -260019.5874 -260035.4787      15.8913   327.8    3524.2636         1.06102         51.0        41.257
64.1300    -260020.2152 -260034.9474      14.7322   303.9    3521.2112         1.06194         51.0        41.257
64.1400    -260020.8064 -260035.9713      15.1649   312.9    3497.6117         1.06911         51.0        41.257
64.1500    -260021.0165 -260036.2286      15.2121   313.8    3497.6117         1.06911         51.0        41.257
64.1600    -260021.5273 -260036.1757      14.6484   302.2    3497.6117         1.06911         51.0        41.257
64.1700    -260021.8997 -260036.9389      15.0392   310.3    3498.6794         1.06878         51.0        41.257
64.1800    -260022.1655 -260037.4200      15.2546   314.7    3502.4521         1.06763         51.0        41.257
64.1900    -260022.6335 -260036.9459      14.3125   295.3    3482.7458         1.07367         51.0        41.257
64.2000    -260022.6974 -260036.6989      14.0015   288.9    3500.6503         1.06818         51.0        41.257
64.2100    -260022.5506 -260036.9609      14.4103   297.3    3500.6503         1.06818         51.0        41.257
64.2200    -260022.2861 -260036.5057      14.2197   293.4    3511.5951         1.06485         51.0        41.257
64.2300    -260022.4689 -260036.4335      13.9646   288.1    3516.3572         1.06341         51.1        41.257
64.2400    -260022.3526 -260036.1714      13.8189   285.1    3484.9061         1.07301         51.1        41.257
64.2500    -260022.3229 -260035.7687      13.4458   277.4    3484.9061         1.07301         51.1        41.257
64.2600    -260021.9520 -260036.0213      14.0693   290.3    3484.9061         1.07301         51.1        41.257
64.2700    -260021.5569 -260035.7809      14.2240   293.4    3484.9061         1.07301         51.0        41.257
64.2800    -260021.5232 -260036.4809      14.9577   308.6    3495.7392         1.06968         51.1        41.257
64.2900    -260021.9719 -260036.0366      14.0647   290.2    3495.7392         1.06968         51.0        41.257
64.3000    -260021.1285 -260036.2501      15.1217   312.0    3497.3825         1.06918         51.0        41.257
64.3100    -260021.3708 -260035.5994      14.2286   293.5    3497.3825         1.06918         51.0        41.257
64.3200    -260021.4106 -260035.9311      14.5205   299.6    3497.3825         1.06918         51.0        41.257
64.3300    -260021.7400 -260035.8867      14.1467   291.9    3513.1778         1.06437         51.0        41.257
64.3400    -260021.6031 -260036.7568      15.1537   312.6    3513.1778         1.06437         51.0        41.257
64.3500    -260022.3725 -260036.4083      14.0358   289.6    3538.9644         1.05662         51.0        41.257
64.3600    -260022.3664 -260035.9997      13.6332   281.3    3538.9644         1.05662         51.0        41.257
64.3700    -260021.8256 -260036.5136      14.6880   303.0    3554.6003         1.05197         51.1        41.257
64.3800    -260022.0455 -260036.9982      14.9527   308.5    3554.6003         1.05197         51.0        41.257
64.3900    -260021.6224 -260035.6221      13.9997   288.8    3580.2177         1.04444         51.1        41.257
64.4000    -260021.4546 -260036.0798      14.6252   301.7    3580.2177         1.04444         51.0        41.257
64.4100    -260021.6126 -260036.0672      14.4546   298.2    3580.2177         1.04444         51.0        41.257
64.4200    -260022.2643 -260036.0138      13.7495   283.7    3580.2177         1.04444         51.0        41.257
64.4300    -260022.4557 -260035.5209      13.0652   269.5    3561.5419         1.04992         51.0        41.257
64.4400    -260022.1225 -260035.7064      13.5839   280.2    3561.5419         1.04992         51.0        41.257
64.4500    -260021.8363 -260036.4434      14.6071   301.3    3561.5419         1.04992         51.0        41.257
64.4600    -260021.2270 -260036.2887      15.0617   310.7    3561.5419         1.04992         51.0        41.257
64.4700    -260021.1486 -260035.5939      14.4453   298.0    3527.8144         1.05996         51.0        41.257
64.4800    -260020.8304 -260034.8569      14.0265   289.4    3527.8144         1.05996         51.0        41.257
64.4900    -260021.0716 -260035.2312      14.1597   292.1    3536.3037         1.05741         51.0        41.257
64.5000    -260021.4186 -260035.4020      13.9834   288.5    3536.3037         1.05741         51.0        41.257
64.5100    -260021.7023 -260035.8762      14.1739   292.4    3536.3037         1.05741         51.0        41.257
64.5200    -260022.0715 -260036.6219      14.5504   300.2    3547.0160         1.05422         51.0        41.257
64.5300    -260022.0081 -260036.2631      14.2551   294.1    3521.6769         1.06180         51.0        41.257
64.5400    -260022.3575 -260035.7096      13.3521   275.5    3521.6769         1.06180         51.0        41.257
64.5500    -260022.3671 -260036.1248      13.7577   283.8    3521.6769         1.06180         51.0        41.257
64.5600    -260021.5877 -260036.3008      14.7131   303.5    3521.6769         1.06180         51.0        41.257
64.5700    -260021.9377 -260036.3103      14.3726   296.5    3521.6769         1.06180         51.0        41.257
64.5800    -260021.6926 -260036.5357      14.8432   306.2    3500.3060         1.06829         51.0        41.257
64.5900    -260021.9638 -260036.8797      14.9159   307.7    3500.3060         1.06829         51.0        41.257
64.6000    -260021.4343 -260035.6653      14.2310   293.6    3500.3060         1.06829         51.0        41.257
64.6100    -260021.4578 -260036.0789      14.6211   301.6    3500.3060         1.06829         51.0        41.257
64.6200    -260021.5414 -260036.7795      15.2381   314.4    3500.3060         1.06829         51.0        41.257
64.6300    -260021.6924 -260036.5883      14.8959   307.3    3488.8997         1.07178         51.0        41.257
64.6400    -260021.9725 -260036.4967      14.5241   299.6    3488.8997         1.07178         51.0        41.257
64.6500    -260021.9152 -260036.5105      14.5953   301.1    3488.8997         1.07178         51.0        41.257
64.6600    -260022.5916 -260037.1946      14.6029   301.3    3488.8997         1.07178         51.0        41.257
64.6700    -260022.4044 -260037.4974      15.0930   311.4    3494.9629         1.06992         51.0        41.257
64.6800    -260023.4541 -260037.3124      13.8583   285.9    3494.9629         1.06992         51.0        41.257
64.6900    -260023.1570 -260036.8208      13.6638   281.9    3504.6625         1.06696         51.0        41.257
64.7000    -260022.6786 -260036.8017      14.1231   291.4    3504.6625         1.06696         51.0        41.257
64.7100    -260022.5847 -260036.8949      14.3102   295.2    3504.6625         1.06696         51.0        41.257
64.7200    -260022.4347 -260036.9023      14.4676   298.5    3535.6833         1.05760         51.0        41.257
64.7300    -260021.9368 -260036.1045      14.1678   292.3    3535.6833         1.05760         51.0        41.257
64.7400    -260021.6449 -260036.1893      14.5445   300.1    3540.6405         1.05612         51.0        41.257
64.7500    -260021.9538 -260036.2507      14.2969   294.9    3507.0629         1.06623         51.0        41.257
64.7600    -260022.1912 -260036.3478      14.1566   292.1    3507.0629         1.06623         51.0        41.257
64.7700    -260023.0608 -260036.0913      13.0305   268.8    3507.0629         1.06623         51.0        41.257
64.7800    -260023.1488 -260036.9795      13.8307   285.3    3476.5740         1.07558         51.0        41.257
64.7900    -260022.6805 -260036.4651      13.7846   284.4    3476.5740         1.07558         51.0        41.257
64.8000    -260022.9892 -260036.7634      13.7742   284.2    3476.5740         1.07558         51.0        41.257
64.8100    -260023.0369 -260036.6379      13.6010   280.6    3476.5740         1.07558         51.0        41.257
64.8200    -260022.8625 -260037.1875      14.3250   295.5    3466.6436         1.07866         51.0        41.257
64.8300    -260022.4882 -260037.1641      14.6759   302.8    3473.1375         1.07664         51.0        41.257
64.8400    -260022.2057 -260036.8819      14.6762   302.8    3473.1375         1.07664         51.0        41.257
64.8500    -260021.8591 -260037.1941      15.3349   316.4    3473.1375         1.07664         51.0        41.257
64.8600    -260022.1091 -260036.5390      14.4298   297.7    3473.1375         1.07664         51.0        41.257
64.8700    -260022.7406 -260036.7908      14.0502   289.9    3476.0834         1.07573         51.0        41.257
64.8800    -260022.0238 -260036.6261      14.6023   301.2    3476.0834         1.07573         51.0        41.257
64.8900    -260022.0281 -260036.2786      14.2505   294.0    3476.0834         1.07573         51.0        41.257
64.9000    -260022.0348 -260036.7352      14.7003   303.3    3476.0834         1.07573         51.0        41.257
64.9100    -260022.3743 -260037.2230      14.8487   306.3    3476.0834         1.07573         51.0        41.257
64.9200    -260021.8338 -260036.5502      14.7164   303.6    3508.1782         1.06589         51.0        41.257
64.9300    -260021.5629 -260036.4797      14.9167   307.7    3508.1782         1.06589         51.0        41.257
64.9400    -260021.7643 -260036.6440      14.8797   307.0    3522.7454         1.06148         51.0        41.257
64.9500    -260021.7958 -260036.4870      14.6912   303.1    3511.9812         1.06473         51.0        41.257
64.9600    -260021.7195 -260036.6158      14.8963   307.3    3511.9812         1.06473         51.0        41.257
64.9700    -260021.6994 -260036.1053      14.4059   297.2    3511.9812         1.06473         51.0        41.257
64.9800    -260022.3032 -260036.3527      14.0495   289.8    3511.9812         1.06473         51.0        41.257
64.9900    -260022.3623 -260036.0614      13.6991   282.6    3503.8760         1.06720         51.0        41.257
65.0000    -260021.8267 -260036.2154      14.3888   296.8    3498.8446         1.06873         51.0        41.257
