Time[ps]      Etot[eV]     Epot[eV]     Ekin[eV]    T[K]
0.0000      -260017.420  -260031.851       14.431   297.7
0.0100      -260017.001  -260031.906       14.905   307.5
0.0200      -260017.274  -260032.403       15.129   312.1
0.0300      -260017.972  -260032.662       14.690   303.1
0.0400      -260018.157  -260032.699       14.542   300.0
0.0500      -260018.768  -260033.572       14.803   305.4
0.0600      -260019.696  -260033.811       14.115   291.2
0.0700      -260020.328  -260033.707       13.379   276.0
0.0800      -260020.084  -260034.525       14.440   297.9
0.0900      -260019.568  -260034.332       14.764   304.6
0.1000      -260019.102  -260033.679       14.577   300.7
0.1100      -260018.876  -260033.784       14.908   307.6
0.1200      -260018.952  -260033.281       14.329   295.6
0.1300      -260018.464  -260033.267       14.803   305.4
0.1400      -260017.602  -260032.617       15.015   309.8
0.1500      -260018.113  -260032.534       14.421   297.5
0.1600      -260018.109  -260032.423       14.314   295.3
0.1700      -260018.587  -260032.692       14.106   291.0
0.1800      -260019.052  -260033.416       14.365   296.3
0.1900      -260019.927  -260033.693       13.766   284.0
0.2000      -260020.019  -260034.447       14.428   297.7
0.2100      -260019.435  -260033.636       14.200   293.0
0.2200      -260019.124  -260033.513       14.389   296.9
0.2300      -260018.825  -260033.473       14.647   302.2
0.2400      -260019.299  -260033.404       14.105   291.0
0.2500      -260019.406  -260034.286       14.881   307.0
0.2600      -260019.342  -260033.389       14.047   289.8
0.2700      -260018.535  -260033.430       14.895   307.3
0.2800      -260018.137  -260033.579       15.442   318.6
0.2900      -260018.314  -260033.236       14.922   307.9
0.3000      -260017.863  -260032.626       14.763   304.6
0.3100      -260017.895  -260032.595       14.700   303.3
0.3200      -260017.651  -260032.831       15.180   313.2
0.3300      -260018.119  -260032.250       14.131   291.5
0.3400      -260017.537  -260032.801       15.264   314.9
0.3500      -260017.696  -260033.414       15.717   324.2
0.3600      -260016.605  -260032.746       16.141   333.0
0.3700      -260016.193  -260031.402       15.209   313.8
0.3800      -260016.296  -260031.856       15.559   321.0
0.3900      -260015.929  -260032.279       16.349   337.3
0.4000      -260016.085  -260031.836       15.751   325.0
0.4100      -260015.860  -260032.237       16.377   337.9
0.4200      -260016.056  -260032.185       16.129   332.7
0.4300      -260015.949  -260032.428       16.479   340.0
0.4400      -260016.685  -260032.470       15.785   325.7
0.4500      -260016.999  -260032.048       15.050   310.5
0.4600      -260017.061  -260031.930       14.870   306.8
0.4700      -260016.759  -260032.249       15.490   319.6
0.4800      -260017.573  -260033.351       15.777   325.5
0.4900      -260017.974  -260033.053       15.079   311.1
0.5000      -260017.696  -260032.690       14.994   309.3
0.5100      -260017.838  -260032.774       14.936   308.1
0.5200      -260018.302  -260033.226       14.924   307.9
0.5300      -260018.150  -260032.703       14.553   300.2
0.5400      -260018.611  -260033.736       15.124   312.0
0.5500      -260018.644  -260034.024       15.379   317.3
0.5600      -260018.730  -260033.932       15.202   313.6
0.5700      -260018.957  -260033.434       14.477   298.7
0.5800      -260019.019  -260033.298       14.279   294.6
0.5900      -260018.981  -260033.872       14.892   307.2
0.6000      -260018.261  -260033.078       14.817   305.7
0.6100      -260018.726  -260033.841       15.116   311.8
0.6200      -260018.977  -260034.523       15.545   320.7
0.6300      -260019.476  -260034.160       14.685   302.9
0.6400      -260019.492  -260034.051       14.559   300.4
0.6500      -260018.863  -260034.055       15.192   313.4
0.6600      -260018.511  -260033.949       15.438   318.5
0.6700      -260018.309  -260033.547       15.238   314.4
0.6800      -260017.931  -260033.943       16.012   330.3
0.6900      -260018.443  -260034.056       15.613   322.1
0.7000      -260018.670  -260034.503       15.833   326.6
0.7100      -260019.255  -260033.726       14.471   298.5
0.7200      -260019.198  -260034.499       15.302   315.7
0.7300      -260019.092  -260034.126       15.034   310.1
0.7400      -260018.965  -260033.357       14.392   296.9
0.7500      -260019.139  -260033.913       14.774   304.8
0.7600      -260019.054  -260034.003       14.950   308.4
0.7700      -260018.677  -260033.500       14.823   305.8
0.7800      -260019.322  -260033.367       14.044   289.7
0.7900      -260018.957  -260034.201       15.244   314.5
0.8000      -260019.027  -260034.387       15.360   316.9
0.8100      -260018.876  -260034.094       15.218   314.0
0.8200      -260018.970  -260033.854       14.885   307.1
0.8300      -260019.306  -260034.502       15.196   313.5
0.8400      -260019.667  -260034.133       14.466   298.4
0.8500      -260020.280  -260034.600       14.320   295.4
0.8600      -260019.853  -260035.032       15.179   313.1
0.8700      -260019.859  -260034.633       14.773   304.8
0.8800      -260019.944  -260034.258       14.315   295.3
0.8900      -260019.601  -260034.042       14.440   297.9
0.9000      -260019.774  -260034.495       14.721   303.7
0.9100      -260018.995  -260034.237       15.242   314.5
0.9200      -260019.296  -260033.456       14.161   292.1
0.9300      -260019.322  -260033.417       14.095   290.8
0.9400      -260020.205  -260034.701       14.496   299.1
0.9500      -260019.949  -260035.173       15.224   314.1
0.9600      -260020.521  -260035.307       14.785   305.0
0.9700      -260021.133  -260035.142       14.009   289.0
0.9800      -260021.706  -260034.755       13.049   269.2
0.9900      -260021.678  -260035.120       13.442   277.3
1.0000      -260022.076  -260036.102       14.026   289.4
1.0100      -260021.499  -260035.370       13.871   286.2
1.0200      -260021.395  -260035.187       13.793   284.5
1.0300      -260020.906  -260034.981       14.075   290.4
1.0400      -260020.936  -260034.641       13.705   282.7
1.0500      -260020.539  -260034.798       14.259   294.2
1.0600      -260020.734  -260035.220       14.486   298.9
1.0700      -260020.625  -260034.651       14.026   289.4
1.0800      -260021.484  -260035.482       13.998   288.8
1.0900      -260021.886  -260036.114       14.228   293.5
1.1000      -260022.546  -260036.289       13.743   283.5
1.1100      -260022.699  -260036.162       13.464   277.8
1.1200      -260022.499  -260036.378       13.880   286.3
1.1300      -260022.528  -260036.498       13.970   288.2
1.1400      -260022.338  -260035.963       13.624   281.1
1.1500      -260022.602  -260036.392       13.791   284.5
1.1600      -260022.215  -260036.442       14.227   293.5
1.1700      -260021.738  -260035.956       14.217   293.3
1.1800      -260022.000  -260036.080       14.079   290.5
1.1900      -260021.577  -260036.257       14.679   302.8
1.2000      -260021.578  -260035.301       13.723   283.1
1.2100      -260020.814  -260034.505       13.691   282.4
1.2200      -260020.485  -260034.735       14.250   294.0
1.2300      -260020.523  -260034.911       14.388   296.8
1.2400      -260020.651  -260034.645       13.994   288.7
1.2500      -260020.681  -260034.731       14.050   289.9
1.2600      -260020.414  -260034.617       14.203   293.0
1.2700      -260020.081  -260034.079       13.997   288.8
1.2800      -260019.875  -260034.541       14.667   302.6
1.2900      -260019.239  -260034.601       15.362   316.9
1.3000      -260019.262  -260033.886       14.623   301.7
1.3100      -260019.040  -260033.519       14.478   298.7
1.3200      -260019.268  -260033.536       14.269   294.4
1.3300      -260018.956  -260033.810       14.854   306.5
1.3400      -260019.062  -260034.164       15.102   311.5
1.3500      -260019.618  -260034.916       15.297   315.6
1.3600      -260019.501  -260034.050       14.549   300.1
1.3700      -260019.696  -260033.935       14.239   293.8
1.3800      -260019.869  -260033.585       13.716   283.0
1.3900      -260019.753  -260034.669       14.916   307.7
1.4000      -260019.197  -260034.602       15.405   317.8
1.4100      -260019.227  -260033.584       14.357   296.2
1.4200      -260019.756  -260033.792       14.037   289.6
1.4300      -260019.645  -260034.230       14.585   300.9
1.4400      -260019.939  -260033.912       13.973   288.3
1.4500      -260019.329  -260033.728       14.399   297.1
1.4600      -260019.519  -260033.630       14.111   291.1
1.4700      -260019.385  -260033.785       14.399   297.1
1.4800      -260018.883  -260032.936       14.053   289.9
1.4900      -260019.212  -260033.469       14.257   294.1
1.5000      -260019.262  -260034.205       14.943   308.3
1.5100      -260019.197  -260033.643       14.446   298.0
1.5200      -260018.796  -260034.062       15.266   314.9
1.5300      -260018.968  -260033.730       14.762   304.5
1.5400      -260018.881  -260034.751       15.869   327.4
1.5500      -260019.663  -260034.060       14.397   297.0
1.5600      -260019.351  -260033.972       14.621   301.6
1.5700      -260019.622  -260035.119       15.497   319.7
1.5800      -260019.484  -260035.382       15.898   328.0
1.5900      -260019.390  -260034.613       15.223   314.1
1.6000      -260019.636  -260034.466       14.830   305.9
1.6100      -260019.716  -260034.389       14.673   302.7
1.6200      -260019.848  -260035.181       15.333   316.3
1.6300      -260019.955  -260034.043       14.087   290.6
1.6400      -260020.511  -260034.429       13.918   287.1
1.6500      -260020.710  -260034.554       13.843   285.6
1.6600      -260019.935  -260034.341       14.406   297.2
1.6700      -260019.550  -260034.712       15.161   312.8
1.6800      -260019.781  -260034.043       14.262   294.2
1.6900      -260019.778  -260034.177       14.399   297.1
1.7000      -260019.905  -260034.795       14.890   307.2
1.7100      -260020.089  -260034.408       14.319   295.4
1.7200      -260020.415  -260034.575       14.159   292.1
1.7300      -260020.341  -260034.314       13.974   288.3
1.7400      -260020.484  -260034.187       13.703   282.7
1.7500      -260020.008  -260034.677       14.669   302.6
1.7600      -260020.383  -260034.130       13.747   283.6
1.7700      -260020.556  -260034.088       13.532   279.2
1.7800      -260020.274  -260035.151       14.877   306.9
1.7900      -260021.020  -260035.182       14.161   292.2
1.8000      -260021.220  -260035.354       14.134   291.6
1.8100      -260021.272  -260035.028       13.756   283.8
1.8200      -260020.943  -260034.707       13.764   284.0
1.8300      -260021.121  -260035.259       14.137   291.7
1.8400      -260021.236  -260035.005       13.770   284.1
1.8500      -260021.075  -260034.741       13.666   281.9
1.8600      -260021.114  -260035.214       14.100   290.9
1.8700      -260021.367  -260034.979       13.612   280.8
1.8800      -260020.876  -260034.410       13.534   279.2
1.8900      -260021.157  -260034.401       13.245   273.2
1.9000      -260020.955  -260035.279       14.325   295.5
1.9100      -260021.239  -260035.240       14.001   288.8
1.9200      -260020.653  -260035.379       14.726   303.8
1.9300      -260020.911  -260035.069       14.158   292.1
1.9400      -260020.235  -260035.279       15.044   310.4
1.9500      -260020.814  -260034.927       14.113   291.2
1.9600      -260020.917  -260035.319       14.402   297.1
1.9700      -260020.798  -260035.465       14.667   302.6
1.9800      -260021.160  -260035.353       14.193   292.8
1.9900      -260020.976  -260034.604       13.628   281.1
2.0000      -260020.747  -260034.815       14.068   290.2
2.0100      -260020.690  -260034.770       14.080   290.5
2.0200      -260020.374  -260035.091       14.717   303.6
2.0300      -260020.523  -260035.255       14.733   303.9
2.0400      -260020.244  -260035.749       15.505   319.9
2.0500      -260020.351  -260035.192       14.841   306.2
2.0600      -260020.821  -260035.439       14.618   301.6
2.0700      -260020.758  -260035.666       14.908   307.6
2.0800      -260021.335  -260035.435       14.100   290.9
2.0900      -260020.837  -260034.924       14.087   290.6
2.1000      -260020.616  -260035.339       14.724   303.8
2.1100      -260020.750  -260035.054       14.304   295.1
2.1200      -260020.676  -260036.034       15.359   316.9
2.1300      -260020.668  -260035.238       14.570   300.6
2.1400      -260020.813  -260035.293       14.479   298.7
2.1500      -260020.400  -260034.553       14.153   292.0
2.1600      -260019.823  -260034.729       14.906   307.5
2.1700      -260020.062  -260034.526       14.463   298.4
2.1800      -260020.447  -260035.374       14.927   308.0
2.1900      -260020.520  -260034.802       14.282   294.6
2.2000      -260020.556  -260034.874       14.318   295.4
2.2100      -260020.599  -260034.788       14.189   292.7
2.2200      -260020.831  -260035.431       14.600   301.2
2.2300      -260021.338  -260034.901       13.563   279.8
2.2400      -260021.791  -260034.706       12.914   266.4
2.2500      -260021.858  -260036.055       14.197   292.9
2.2600      -260021.647  -260036.006       14.360   296.2
2.2700      -260021.821  -260036.166       14.345   295.9
2.2800      -260021.674  -260035.893       14.220   293.4
2.2900      -260021.933  -260036.839       14.906   307.5
2.3000      -260021.985  -260036.456       14.471   298.5
2.3100      -260021.364  -260036.386       15.022   309.9
2.3200      -260020.961  -260035.319       14.358   296.2
2.3300      -260020.958  -260035.429       14.470   298.5
2.3400      -260021.022  -260035.735       14.713   303.5
2.3500      -260021.225  -260036.035       14.810   305.5
2.3600      -260021.942  -260035.915       13.973   288.3
2.3700      -260021.900  -260035.822       13.922   287.2
2.3800      -260021.580  -260035.974       14.394   296.9
2.3900      -260021.086  -260036.205       15.119   311.9
2.4000      -260021.059  -260035.965       14.905   307.5
2.4100      -260020.994  -260036.567       15.574   321.3
2.4200      -260021.057  -260035.826       14.769   304.7
2.4300      -260020.999  -260035.894       14.894   307.3
2.4400      -260021.056  -260035.967       14.911   307.6
2.4500      -260020.486  -260036.244       15.758   325.1
2.4600      -260020.123  -260035.962       15.839   326.8
2.4700      -260020.217  -260035.412       15.194   313.5
2.4800      -260020.176  -260036.220       16.043   331.0
2.4900      -260020.469  -260035.068       14.599   301.2
2.5000      -260019.826  -260035.280       15.454   318.8
2.5100      -260019.865  -260035.768       15.903   328.1
2.5200      -260019.879  -260035.177       15.298   315.6
2.5300      -260020.004  -260034.738       14.733   304.0
2.5400      -260019.700  -260035.224       15.524   320.3
2.5500      -260020.013  -260034.636       14.624   301.7
2.5600      -260020.430  -260034.701       14.270   294.4
2.5700      -260020.584  -260035.242       14.658   302.4
2.5800      -260021.024  -260035.590       14.566   300.5
2.5900      -260021.477  -260036.203       14.726   303.8
2.6000      -260021.120  -260036.221       15.101   311.5
2.6100      -260020.639  -260035.764       15.126   312.1
2.6200      -260020.554  -260035.274       14.720   303.7
2.6300      -260020.250  -260035.270       15.020   309.9
2.6400      -260020.099  -260035.012       14.913   307.7
2.6500      -260019.999  -260034.599       14.600   301.2
2.6600      -260020.862  -260035.793       14.931   308.0
2.6700      -260020.810  -260036.044       15.234   314.3
2.6800      -260021.393  -260036.223       14.830   305.9
2.6900      -260021.361  -260036.132       14.772   304.7
2.7000      -260021.840  -260036.036       14.196   292.9
2.7100      -260022.219  -260036.536       14.317   295.4
2.7200      -260022.069  -260036.409       14.340   295.8
2.7300      -260022.887  -260036.686       13.799   284.7
2.7400      -260022.596  -260036.990       14.393   296.9
2.7500      -260023.038  -260036.530       13.492   278.3
2.7600      -260022.619  -260036.456       13.837   285.5
2.7700      -260022.925  -260036.876       13.951   287.8
2.7800      -260023.463  -260037.679       14.216   293.3
2.7900      -260024.286  -260037.255       12.969   267.5
2.8000      -260024.326  -260037.710       13.384   276.1
2.8100      -260024.345  -260037.255       12.911   266.4
2.8200      -260023.348  -260037.443       14.095   290.8
2.8300      -260022.660  -260036.896       14.236   293.7
2.8400      -260022.494  -260036.737       14.243   293.8
2.8500      -260022.334  -260037.310       14.976   309.0
2.8600      -260022.960  -260036.372       13.412   276.7
2.8700      -260022.943  -260036.391       13.447   277.4
2.8800      -260022.631  -260036.301       13.670   282.0
2.8900      -260022.762  -260036.966       14.204   293.0
2.9000      -260022.233  -260036.599       14.366   296.4
2.9100      -260021.698  -260035.441       13.744   283.5
2.9200      -260021.610  -260036.014       14.404   297.2
2.9300      -260021.867  -260036.248       14.382   296.7
2.9400      -260021.251  -260035.825       14.575   300.7
2.9500      -260021.585  -260035.928       14.343   295.9
2.9600      -260021.523  -260036.523       15.000   309.5
2.9700      -260021.554  -260036.555       15.000   309.5
2.9800      -260021.493  -260036.943       15.450   318.7
2.9900      -260021.335  -260035.949       14.614   301.5
3.0000      -260021.129  -260036.064       14.935   308.1
3.0100      -260021.486  -260036.351       14.865   306.7
3.0200      -260021.453  -260036.236       14.783   305.0
3.0300      -260021.365  -260036.518       15.154   312.6
3.0400      -260020.677  -260036.072       15.395   317.6
3.0500      -260021.247  -260035.894       14.647   302.2
3.0600      -260021.509  -260035.300       13.791   284.5
3.0700      -260021.903  -260035.161       13.258   273.5
3.0800      -260021.562  -260035.849       14.286   294.7
3.0900      -260021.356  -260035.718       14.362   296.3
3.1000      -260021.693  -260036.295       14.602   301.2
3.1100      -260021.820  -260036.239       14.419   297.5
3.1200      -260021.374  -260035.497       14.123   291.4
3.1300      -260020.657  -260034.889       14.233   293.6
3.1400      -260021.050  -260035.726       14.675   302.8
3.1500      -260021.128  -260035.775       14.647   302.2
3.1600      -260020.792  -260035.517       14.725   303.8
3.1700      -260020.522  -260035.200       14.678   302.8
3.1800      -260020.060  -260035.421       15.361   316.9
3.1900      -260019.904  -260035.684       15.780   325.5
3.2000      -260019.886  -260035.501       15.615   322.1
3.2100      -260019.265  -260034.957       15.692   323.7
3.2200      -260019.417  -260034.538       15.121   311.9
3.2300      -260019.343  -260035.523       16.180   333.8
3.2400      -260019.634  -260034.747       15.113   311.8
3.2500      -260019.786  -260034.689       14.903   307.5
3.2600      -260019.528  -260034.435       14.907   307.5
3.2700      -260019.877  -260035.034       15.157   312.7
3.2800      -260020.768  -260036.018       15.250   314.6
3.2900      -260020.382  -260036.115       15.733   324.6
3.3000      -260020.209  -260035.067       14.858   306.5
3.3100      -260020.892  -260035.419       14.527   299.7
3.3200      -260021.616  -260035.395       13.779   284.3
3.3300      -260021.566  -260035.782       14.216   293.3
3.3400      -260021.471  -260036.516       15.045   310.4
3.3500      -260021.803  -260035.774       13.971   288.2
3.3600      -260022.162  -260036.050       13.888   286.5
3.3700      -260021.970  -260036.330       14.360   296.3
3.3800      -260022.500  -260036.598       14.097   290.8
3.3900      -260022.685  -260036.487       13.801   284.7
3.4000      -260021.990  -260036.142       14.152   292.0
3.4100      -260021.227  -260035.344       14.117   291.2
3.4200      -260021.183  -260035.653       14.470   298.5
3.4300      -260020.441  -260035.879       15.438   318.5
3.4400      -260020.139  -260036.395       16.256   335.4
3.4500      -260021.120  -260034.977       13.857   285.9
3.4600      -260021.102  -260035.060       13.957   287.9
3.4700      -260021.512  -260035.846       14.335   295.7
3.4800      -260021.370  -260035.871       14.501   299.2
3.4900      -260021.875  -260035.780       13.905   286.9
3.5000      -260022.061  -260036.420       14.359   296.2
3.5100      -260022.602  -260036.500       13.898   286.7
3.5200      -260022.282  -260036.164       13.881   286.4
3.5300      -260022.274  -260036.564       14.290   294.8
3.5400      -260021.845  -260036.829       14.984   309.1
3.5500      -260021.980  -260036.881       14.902   307.4
3.5600      -260021.908  -260035.936       14.029   289.4
3.5700      -260022.353  -260036.321       13.968   288.2
3.5800      -260022.496  -260036.778       14.282   294.6
3.5900      -260022.775  -260036.373       13.599   280.5
3.6000      -260022.681  -260036.210       13.528   279.1
3.6100      -260022.620  -260036.290       13.670   282.0
3.6200      -260022.389  -260036.265       13.876   286.3
3.6300      -260022.154  -260036.755       14.601   301.2
3.6400      -260021.995  -260037.442       15.448   318.7
3.6500      -260022.301  -260036.315       14.015   289.1
3.6600      -260021.359  -260036.659       15.300   315.6
3.6700      -260022.022  -260036.228       14.206   293.1
3.6800      -260021.875  -260036.305       14.430   297.7
3.6900      -260022.255  -260036.332       14.076   290.4
3.7000      -260022.076  -260036.640       14.564   300.5
3.7100      -260021.780  -260036.171       14.391   296.9
3.7200      -260021.764  -260036.362       14.598   301.2
3.7300      -260022.163  -260036.492       14.329   295.6
3.7400      -260022.759  -260036.758       13.999   288.8
3.7500      -260022.983  -260036.625       13.642   281.4
3.7600      -260022.613  -260035.775       13.162   271.5
3.7700      -260022.437  -260036.877       14.440   297.9
3.7800      -260022.792  -260036.907       14.115   291.2
3.7900      -260022.526  -260036.357       13.831   285.3
3.8000      -260022.680  -260036.072       13.392   276.3
3.8100      -260023.015  -260036.307       13.292   274.2
3.8200      -260022.300  -260036.320       14.020   289.2
3.8300      -260022.599  -260036.948       14.349   296.0
3.8400      -260022.323  -260036.993       14.669   302.6
3.8500      -260022.450  -260037.022       14.572   300.6
3.8600      -260022.295  -260035.998       13.704   282.7
3.8700      -260023.035  -260036.549       13.514   278.8
3.8800      -260023.123  -260037.871       14.748   304.3
3.8900      -260022.486  -260036.620       14.134   291.6
3.9000      -260021.746  -260036.282       14.536   299.9
3.9100      -260021.733  -260036.369       14.636   301.9
3.9200      -260021.939  -260036.061       14.122   291.3
3.9300      -260022.117  -260036.997       14.880   307.0
3.9400      -260022.511  -260036.895       14.384   296.7
3.9500      -260021.699  -260036.320       14.621   301.6
3.9600      -260021.460  -260036.480       15.020   309.9
3.9700      -260021.360  -260035.912       14.552   300.2
3.9800      -260022.255  -260036.298       14.044   289.7
3.9900      -260022.156  -260036.539       14.382   296.7
4.0000      -260021.885  -260037.258       15.373   317.1
4.0100      -260022.316  -260036.285       13.968   288.2
4.0200      -260021.857  -260036.062       14.204   293.0
4.0300      -260021.613  -260036.695       15.082   311.1
4.0400      -260021.691  -260037.071       15.379   317.3
4.0500      -260021.408  -260035.753       14.345   295.9
4.0600      -260021.564  -260035.727       14.163   292.2
4.0700      -260021.992  -260035.684       13.692   282.5
4.0800      -260022.258  -260036.558       14.300   295.0
4.0900      -260022.751  -260036.183       13.432   277.1
4.1000      -260022.744  -260036.220       13.476   278.0
4.1100      -260022.451  -260036.435       13.984   288.5
4.1200      -260022.827  -260036.993       14.166   292.2
4.1300      -260022.661  -260037.169       14.508   299.3
4.1400      -260022.259  -260037.380       15.122   312.0
4.1500      -260022.186  -260036.102       13.917   287.1
4.1600      -260021.757  -260035.899       14.142   291.8
4.1700      -260021.201  -260035.542       14.341   295.9
4.1800      -260020.744  -260035.510       14.765   304.6
4.1900      -260020.342  -260035.027       14.685   303.0
4.2000      -260020.937  -260035.864       14.927   307.9
4.2100      -260020.800  -260035.293       14.494   299.0
4.2200      -260020.842  -260035.132       14.290   294.8
4.2300      -260020.791  -260035.513       14.722   303.7
4.2400      -260020.520  -260035.576       15.056   310.6
4.2500      -260020.964  -260035.288       14.324   295.5
4.2600      -260020.972  -260035.594       14.622   301.7
4.2700      -260021.214  -260035.546       14.332   295.7
4.2800      -260021.009  -260035.847       14.838   306.1
4.2900      -260021.019  -260035.635       14.616   301.5
4.3000      -260020.639  -260035.405       14.766   304.6
4.3100      -260021.036  -260035.656       14.620   301.6
4.3200      -260020.526  -260035.218       14.692   303.1
4.3300      -260020.274  -260034.823       14.549   300.1
4.3400      -260019.769  -260034.186       14.417   297.4
4.3500      -260019.520  -260035.073       15.552   320.8
4.3600      -260019.538  -260035.084       15.546   320.7
4.3700      -260020.000  -260035.542       15.542   320.6
4.3800      -260020.773  -260036.168       15.395   317.6
4.3900      -260020.612  -260035.435       14.822   305.8
4.4000      -260021.486  -260036.122       14.636   301.9
4.4100      -260021.497  -260035.970       14.474   298.6
4.4200      -260021.817  -260035.574       13.757   283.8
4.4300      -260022.027  -260036.184       14.157   292.1
4.4400      -260022.164  -260036.021       13.857   285.9
4.4500      -260022.068  -260036.404       14.335   295.7
4.4600      -260021.623  -260035.679       14.057   290.0
4.4700      -260021.655  -260035.807       14.152   292.0
4.4800      -260020.977  -260035.705       14.729   303.9
4.4900      -260021.385  -260035.720       14.335   295.7
4.5000      -260021.456  -260035.567       14.112   291.1
4.5100      -260021.390  -260035.762       14.373   296.5
4.5200      -260021.925  -260035.946       14.021   289.3
4.5300      -260022.167  -260035.954       13.787   284.4
4.5400      -260022.027  -260035.976       13.949   287.8
4.5500      -260022.297  -260035.504       13.207   272.5
4.5600      -260022.577  -260035.933       13.355   275.5
4.5700      -260022.773  -260035.836       13.062   269.5
4.5800      -260022.715  -260035.455       12.740   262.8
4.5900      -260022.885  -260036.459       13.574   280.0
4.6000      -260022.618  -260036.486       13.868   286.1
4.6100      -260022.384  -260035.307       12.923   266.6
4.6200      -260021.219  -260035.962       14.743   304.2
4.6300      -260021.782  -260037.376       15.594   321.7
4.6400      -260022.257  -260036.980       14.723   303.7
4.6500      -260022.355  -260036.727       14.371   296.5
4.6600      -260022.698  -260036.974       14.276   294.5
4.6700      -260022.607  -260037.055       14.447   298.1
4.6800      -260022.738  -260036.940       14.202   293.0
4.6900      -260022.809  -260036.828       14.019   289.2
4.7000      -260022.838  -260037.399       14.560   300.4
4.7100      -260023.313  -260038.054       14.741   304.1
4.7200      -260023.045  -260036.793       13.748   283.6
4.7300      -260021.955  -260036.914       14.959   308.6
4.7400      -260022.198  -260037.262       15.063   310.8
4.7500      -260022.135  -260036.749       14.614   301.5
4.7600      -260022.524  -260036.307       13.783   284.3
4.7700      -260022.321  -260035.898       13.577   280.1
4.7800      -260022.123  -260036.841       14.718   303.6
4.7900      -260021.763  -260037.469       15.706   324.0
4.8000      -260021.765  -260036.754       14.989   309.2
4.8100      -260021.756  -260036.045       14.289   294.8
4.8200      -260021.367  -260036.339       14.972   308.9
4.8300      -260021.774  -260036.612       14.837   306.1
4.8400      -260021.518  -260036.653       15.135   312.2
4.8500      -260021.247  -260036.346       15.099   311.5
4.8600      -260020.949  -260036.805       15.856   327.1
4.8700      -260021.595  -260036.242       14.647   302.2
4.8800      -260022.016  -260036.671       14.655   302.3
4.8900      -260021.386  -260035.946       14.560   300.4
4.9000      -260021.185  -260035.718       14.533   299.8
4.9100      -260021.058  -260035.954       14.896   307.3
4.9200      -260020.766  -260035.931       15.165   312.9
4.9300      -260021.236  -260036.180       14.944   308.3
4.9400      -260021.181  -260035.511       14.331   295.6
4.9500      -260021.619  -260036.484       14.865   306.7
4.9600      -260021.265  -260036.109       14.844   306.2
4.9700      -260021.363  -260036.123       14.759   304.5
4.9800      -260021.150  -260036.086       14.936   308.1
4.9900      -260020.792  -260035.966       15.174   313.0
5.0000      -260021.038  -260036.131       15.093   311.4
5.0100      -260021.208  -260036.851       15.643   322.7
5.0200      -260021.068  -260036.164       15.096   311.4
5.0300      -260020.749  -260036.393       15.644   322.7
5.0400      -260020.958  -260035.352       14.394   296.9
5.0500      -260020.936  -260035.416       14.480   298.7
5.0600      -260020.612  -260036.007       15.395   317.6
5.0700      -260020.539  -260035.722       15.182   313.2
5.0800      -260020.057  -260035.554       15.497   319.7
5.0900      -260020.538  -260035.651       15.113   311.8
5.1000      -260021.083  -260035.801       14.718   303.6
5.1100      -260020.672  -260035.521       14.850   306.4
5.1200      -260019.820  -260035.034       15.215   313.9
5.1300      -260018.732  -260034.952       16.220   334.6
5.1400      -260018.917  -260034.841       15.924   328.5
5.1500      -260019.551  -260035.641       16.090   331.9
5.1600      -260020.278  -260035.277       14.999   309.4
5.1700      -260020.835  -260035.400       14.566   300.5
5.1800      -260020.892  -260036.024       15.132   312.2
5.1900      -260020.982  -260035.652       14.670   302.6
5.2000      -260020.933  -260034.744       13.812   284.9
5.2100      -260021.246  -260036.216       14.970   308.8
5.2200      -260021.732  -260035.591       13.859   285.9
5.2300      -260021.320  -260035.841       14.521   299.6
5.2400      -260021.123  -260036.301       15.178   313.1
5.2500      -260021.381  -260036.287       14.906   307.5
5.2600      -260021.136  -260035.427       14.291   294.8
5.2700      -260021.203  -260035.424       14.221   293.4
5.2800      -260020.971  -260035.792       14.822   305.8
5.2900      -260021.649  -260036.411       14.761   304.5
5.3000      -260020.955  -260036.684       15.730   324.5
5.3100      -260020.650  -260035.477       14.827   305.9
5.3200      -260020.468  -260035.590       15.122   312.0
5.3300      -260020.366  -260035.882       15.516   320.1
5.3400      -260020.516  -260036.104       15.589   321.6
5.3500      -260020.943  -260036.658       15.715   324.2
5.3600      -260021.484  -260036.800       15.316   316.0
5.3700      -260021.838  -260036.621       14.783   305.0
5.3800      -260021.693  -260036.634       14.941   308.2
5.3900      -260021.883  -260036.369       14.486   298.9
5.4000      -260021.513  -260036.154       14.640   302.0
5.4100      -260021.474  -260036.336       14.862   306.6
5.4200      -260021.747  -260035.645       13.899   286.7
5.4300      -260021.402  -260035.204       13.802   284.7
5.4400      -260021.362  -260035.377       14.014   289.1
5.4500      -260021.408  -260035.430       14.022   289.3
5.4600      -260021.929  -260036.276       14.347   296.0
5.4700      -260021.564  -260035.778       14.214   293.2
5.4800      -260021.372  -260036.580       15.208   313.8
5.4900      -260021.491  -260036.441       14.951   308.4
5.5000      -260021.277  -260036.223       14.946   308.3
5.5100      -260021.348  -260036.001       14.654   302.3
5.5200      -260021.782  -260036.736       14.954   308.5
5.5300      -260022.092  -260036.347       14.255   294.1
5.5400      -260022.015  -260037.085       15.070   310.9
5.5500      -260022.053  -260036.798       14.745   304.2
5.5600      -260022.334  -260037.474       15.140   312.3
5.5700      -260022.338  -260037.182       14.844   306.2
5.5800      -260021.756  -260036.508       14.752   304.3
5.5900      -260022.346  -260036.324       13.978   288.4
5.6000      -260022.293  -260036.431       14.138   291.7
5.6100      -260022.303  -260036.547       14.244   293.9
5.6200      -260022.498  -260037.265       14.767   304.6
5.6300      -260022.767  -260036.938       14.172   292.4
5.6400      -260023.231  -260037.097       13.866   286.1
5.6500      -260023.286  -260038.288       15.001   309.5
5.6600      -260022.843  -260036.781       13.938   287.5
5.6700      -260023.379  -260037.411       14.033   289.5
5.6800      -260023.711  -260037.186       13.474   278.0
5.6900      -260023.052  -260037.249       14.197   292.9
5.7000      -260022.715  -260036.303       13.589   280.3
5.7100      -260022.477  -260035.781       13.303   274.5
5.7200      -260022.325  -260036.555       14.230   293.6
5.7300      -260022.236  -260037.266       15.030   310.1
5.7400      -260022.464  -260037.215       14.751   304.3
5.7500      -260022.075  -260036.344       14.268   294.4
5.7600      -260021.780  -260037.151       15.370   317.1
5.7700      -260021.752  -260036.393       14.641   302.1
5.7800      -260021.417  -260036.042       14.625   301.7
5.7900      -260020.851  -260036.510       15.659   323.0
5.8000      -260021.540  -260037.019       15.479   319.3
5.8100      -260022.123  -260036.344       14.221   293.4
5.8200      -260022.113  -260036.719       14.606   301.3
5.8300      -260021.967  -260036.412       14.445   298.0
5.8400      -260022.525  -260035.808       13.283   274.0
5.8500      -260022.500  -260036.504       14.004   288.9
5.8600      -260022.377  -260036.932       14.555   300.3
5.8700      -260021.464  -260036.700       15.236   314.3
5.8800      -260021.549  -260036.546       14.997   309.4
5.8900      -260021.527  -260035.821       14.295   294.9
5.9000      -260020.885  -260035.915       15.029   310.1
5.9100      -260021.670  -260036.725       15.055   310.6
5.9200      -260022.571  -260036.720       14.148   291.9
5.9300      -260022.714  -260036.612       13.898   286.7
5.9400      -260023.135  -260036.555       13.420   276.8
5.9500      -260022.958  -260037.027       14.069   290.3
5.9600      -260022.369  -260036.231       13.862   286.0
5.9700      -260022.953  -260036.981       14.028   289.4
5.9800      -260023.287  -260037.731       14.445   298.0
5.9900      -260022.524  -260037.460       14.936   308.1
6.0000      -260022.439  -260036.798       14.359   296.2
6.0100      -260021.636  -260036.664       15.028   310.0
6.0200      -260021.655  -260037.219       15.564   321.1
6.0300      -260021.557  -260036.665       15.108   311.7
6.0400      -260021.162  -260036.372       15.210   313.8
6.0500      -260021.710  -260036.368       14.658   302.4
6.0600      -260021.606  -260036.360       14.754   304.4
6.0700      -260022.361  -260035.358       12.997   268.1
6.0800      -260022.077  -260036.451       14.374   296.5
6.0900      -260021.818  -260036.531       14.713   303.5
6.1000      -260022.016  -260036.540       14.524   299.6
6.1100      -260022.174  -260036.385       14.211   293.2
6.1200      -260022.093  -260035.570       13.477   278.0
6.1300      -260021.969  -260036.073       14.104   291.0
6.1400      -260022.024  -260036.458       14.434   297.8
6.1500      -260022.768  -260037.968       15.200   313.6
6.1600      -260023.323  -260037.264       13.941   287.6
6.1700      -260023.263  -260037.543       14.280   294.6
6.1800      -260022.794  -260036.806       14.013   289.1
6.1900      -260022.706  -260036.617       13.910   287.0
6.2000      -260022.399  -260037.088       14.689   303.0
6.2100      -260022.981  -260036.871       13.891   286.6
6.2200      -260023.301  -260037.315       14.014   289.1
6.2300      -260022.739  -260037.132       14.393   296.9
6.2400      -260022.838  -260037.185       14.347   296.0
6.2500      -260022.579  -260036.608       14.029   289.4
6.2600      -260021.984  -260035.867       13.883   286.4
6.2700      -260022.114  -260035.985       13.871   286.2
6.2800      -260022.035  -260036.093       14.059   290.0
6.2900      -260022.422  -260036.558       14.135   291.6
6.3000      -260022.673  -260036.755       14.082   290.5
6.3100      -260022.807  -260037.390       14.583   300.9
6.3200      -260022.615  -260037.274       14.659   302.4
6.3300      -260022.672  -260036.583       13.911   287.0
6.3400      -260022.413  -260036.788       14.375   296.6
6.3500      -260023.001  -260036.582       13.581   280.2
6.3600      -260022.431  -260036.730       14.299   295.0
6.3700      -260022.485  -260037.054       14.570   300.6
6.3800      -260021.814  -260037.121       15.307   315.8
6.3900      -260021.941  -260036.930       14.989   309.2
6.4000      -260021.924  -260037.250       15.326   316.2
6.4100      -260022.056  -260036.473       14.417   297.4
6.4200      -260022.187  -260036.762       14.575   300.7
6.4300      -260022.447  -260036.626       14.179   292.5
6.4400      -260022.901  -260037.220       14.320   295.4
6.4500      -260023.028  -260036.853       13.825   285.2
6.4600      -260022.622  -260036.377       13.755   283.8
6.4700      -260023.024  -260036.805       13.781   284.3
6.4800      -260023.080  -260037.345       14.265   294.3
6.4900      -260022.437  -260037.296       14.859   306.5
6.5000      -260022.317  -260037.565       15.248   314.6
6.5100      -260022.489  -260036.847       14.357   296.2
6.5200      -260022.480  -260036.472       13.992   288.7
6.5300      -260022.090  -260035.953       13.863   286.0
6.5400      -260022.149  -260037.239       15.090   311.3
6.5500      -260021.721  -260036.933       15.211   313.8
6.5600      -260021.885  -260036.288       14.403   297.1
6.5700      -260022.152  -260036.615       14.463   298.4
6.5800      -260022.423  -260037.370       14.947   308.4
6.5900      -260022.482  -260037.117       14.636   301.9
6.6000      -260023.420  -260037.932       14.512   299.4
6.6100      -260023.127  -260037.826       14.699   303.2
6.6200      -260023.514  -260038.356       14.842   306.2
6.6300      -260022.994  -260037.225       14.232   293.6
6.6400      -260022.669  -260037.117       14.448   298.1
6.6500      -260022.581  -260037.580       14.998   309.4
6.6600      -260022.843  -260037.209       14.366   296.4
6.6700      -260022.552  -260037.229       14.677   302.8
6.6800      -260022.618  -260036.652       14.034   289.5
6.6900      -260022.458  -260036.526       14.068   290.2
6.7000      -260022.774  -260035.903       13.129   270.9
6.7100      -260022.354  -260036.539       14.186   292.7
6.7200      -260022.536  -260036.750       14.214   293.2
6.7300      -260021.696  -260036.498       14.802   305.4
6.7400      -260021.693  -260035.896       14.203   293.0
6.7500      -260022.047  -260035.921       13.874   286.2
6.7600      -260021.705  -260036.017       14.311   295.2
6.7700      -260021.417  -260035.670       14.254   294.1
6.7800      -260020.980  -260035.301       14.321   295.4
6.7900      -260020.775  -260036.082       15.307   315.8
6.8000      -260020.370  -260035.482       15.112   311.8
6.8100      -260020.744  -260035.482       14.738   304.0
6.8200      -260020.618  -260034.921       14.304   295.1
6.8300      -260020.765  -260035.038       14.273   294.5
6.8400      -260020.579  -260035.377       14.797   305.3
6.8500      -260020.432  -260035.323       14.891   307.2
6.8600      -260020.286  -260035.908       15.621   322.3
6.8700      -260020.605  -260035.509       14.904   307.5
6.8800      -260020.438  -260035.393       14.955   308.5
6.8900      -260020.503  -260035.286       14.783   305.0
6.9000      -260020.394  -260035.206       14.812   305.6
6.9100      -260020.395  -260035.358       14.963   308.7
6.9200      -260019.993  -260035.253       15.260   314.8
6.9300      -260020.142  -260035.586       15.444   318.6
6.9400      -260020.910  -260035.148       14.238   293.7
6.9500      -260020.605  -260034.762       14.157   292.1
6.9600      -260019.966  -260035.233       15.267   315.0
6.9700      -260019.912  -260034.979       15.066   310.8
6.9800      -260020.063  -260035.510       15.448   318.7
6.9900      -260020.267  -260036.460       16.193   334.1
7.0000      -260020.471  -260035.447       14.976   308.9
7.0100      -260020.162  -260034.645       14.483   298.8
7.0200      -260020.191  -260034.925       14.734   304.0
7.0300      -260020.002  -260035.078       15.076   311.0
7.0400      -260020.271  -260036.647       16.376   337.8
7.0500      -260020.554  -260036.194       15.641   322.7
7.0600      -260019.772  -260035.230       15.457   318.9
7.0700      -260020.454  -260034.783       14.329   295.6
7.0800      -260020.306  -260034.686       14.380   296.7
7.0900      -260020.710  -260034.808       14.098   290.8
7.1000      -260020.672  -260035.632       14.961   308.6
7.1100      -260020.229  -260035.341       15.112   311.8
7.1200      -260020.736  -260035.169       14.433   297.8
7.1300      -260020.556  -260035.386       14.830   305.9
7.1400      -260020.778  -260035.129       14.351   296.1
7.1500      -260020.254  -260034.703       14.449   298.1
7.1600      -260019.986  -260034.764       14.779   304.9
7.1700      -260020.842  -260035.216       14.374   296.5
7.1800      -260021.039  -260035.787       14.748   304.3
7.1900      -260020.784  -260036.323       15.539   320.6
7.2000      -260020.594  -260036.633       16.038   330.9
7.2100      -260020.476  -260036.070       15.595   321.7
7.2200      -260020.253  -260035.729       15.476   319.3
7.2300      -260020.006  -260035.749       15.742   324.8
7.2400      -260020.256  -260035.873       15.617   322.2
7.2500      -260020.461  -260035.986       15.525   320.3
7.2600      -260020.588  -260035.816       15.229   314.2
7.2700      -260020.739  -260035.730       14.991   309.3
7.2800      -260020.833  -260035.797       14.964   308.7
7.2900      -260021.237  -260035.874       14.637   302.0
7.3000      -260021.174  -260035.488       14.315   295.3
7.3100      -260021.086  -260035.227       14.140   291.7
7.3200      -260021.511  -260035.113       13.601   280.6
7.3300      -260021.713  -260036.139       14.426   297.6
7.3400      -260020.988  -260035.090       14.102   290.9
7.3500      -260020.892  -260035.357       14.465   298.4
7.3600      -260020.950  -260035.745       14.795   305.2
7.3700      -260020.954  -260035.250       14.296   294.9
7.3800      -260020.475  -260034.889       14.414   297.4
7.3900      -260019.963  -260035.184       15.221   314.0
7.4000      -260020.607  -260035.376       14.769   304.7
7.4100      -260020.749  -260036.037       15.288   315.4
7.4200      -260020.629  -260034.347       13.718   283.0
7.4300      -260020.829  -260035.202       14.373   296.5
7.4400      -260021.062  -260035.346       14.284   294.7
7.4500      -260021.087  -260035.664       14.577   300.7
7.4600      -260021.099  -260035.362       14.263   294.2
7.4700      -260021.249  -260034.789       13.540   279.3
7.4800      -260021.309  -260035.641       14.332   295.7
7.4900      -260021.562  -260035.577       14.014   289.1
7.5000      -260021.943  -260035.945       14.002   288.9
7.5100      -260021.389  -260035.475       14.086   290.6
7.5200      -260021.630  -260036.272       14.643   302.1
7.5300      -260021.299  -260036.105       14.806   305.4
7.5400      -260021.508  -260035.318       13.811   284.9
7.5500      -260021.495  -260035.234       13.739   283.4
7.5600      -260021.244  -260036.150       14.906   307.5
7.5700      -260021.478  -260035.424       13.946   287.7
7.5800      -260021.839  -260036.059       14.220   293.4
7.5900      -260022.434  -260036.219       13.785   284.4
7.6000      -260022.697  -260036.510       13.813   285.0
7.6100      -260022.476  -260035.833       13.357   275.6
7.6200      -260022.160  -260034.924       12.764   263.3
7.6300      -260022.173  -260035.646       13.474   278.0
7.6400      -260022.191  -260036.492       14.302   295.0
7.6500      -260022.273  -260036.007       13.734   283.3
7.6600      -260021.891  -260035.534       13.643   281.5
7.6700      -260021.656  -260035.428       13.772   284.1
7.6800      -260021.084  -260035.469       14.385   296.8
7.6900      -260021.282  -260035.804       14.522   299.6
7.7000      -260020.913  -260035.205       14.292   294.9
7.7100      -260020.705  -260034.714       14.009   289.0
7.7200      -260021.524  -260035.405       13.881   286.4
7.7300      -260021.655  -260035.644       13.989   288.6
7.7400      -260021.396  -260035.727       14.332   295.7
7.7500      -260021.088  -260035.899       14.811   305.5
7.7600      -260021.821  -260036.121       14.301   295.0
7.7700      -260022.152  -260036.006       13.854   285.8
7.7800      -260021.624  -260035.692       14.068   290.2
7.7900      -260021.653  -260035.456       13.804   284.8
7.8000      -260021.875  -260035.974       14.098   290.8
7.8100      -260021.276  -260035.734       14.458   298.3
7.8200      -260021.441  -260035.422       13.982   288.4
7.8300      -260021.519  -260035.911       14.392   296.9
7.8400      -260021.503  -260035.760       14.257   294.1
7.8500      -260021.385  -260035.869       14.484   298.8
7.8600      -260021.357  -260036.737       15.380   317.3
7.8700      -260021.389  -260035.893       14.504   299.2
7.8800      -260021.506  -260035.669       14.163   292.2
7.8900      -260021.458  -260034.773       13.315   274.7
7.9000      -260021.517  -260035.699       14.182   292.6
7.9100      -260021.807  -260035.765       13.957   287.9
7.9200      -260021.285  -260035.557       14.271   294.4
7.9300      -260021.802  -260036.349       14.547   300.1
7.9400      -260021.928  -260036.960       15.032   310.1
7.9500      -260022.063  -260037.056       14.992   309.3
7.9600      -260021.809  -260035.785       13.975   288.3
7.9700      -260022.221  -260036.465       14.244   293.9
7.9800      -260021.995  -260035.952       13.957   287.9
7.9900      -260021.786  -260036.179       14.393   296.9
8.0000      -260021.710  -260035.621       13.911   287.0
8.0100      -260021.622  -260036.396       14.774   304.8
8.0200      -260022.433  -260036.318       13.884   286.4
8.0300      -260022.475  -260036.614       14.139   291.7
8.0400      -260022.493  -260036.694       14.201   293.0
8.0500      -260022.627  -260036.222       13.595   280.5
8.0600      -260022.274  -260036.129       13.855   285.8
8.0700      -260022.097  -260036.858       14.760   304.5
8.0800      -260022.467  -260037.242       14.775   304.8
8.0900      -260022.736  -260036.919       14.184   292.6
8.1000      -260022.644  -260036.772       14.129   291.5
8.1100      -260022.961  -260036.862       13.901   286.8
8.1200      -260022.795  -260037.012       14.218   293.3
8.1300      -260022.620  -260037.217       14.597   301.1
8.1400      -260022.972  -260036.233       13.261   273.6
8.1500      -260022.759  -260035.580       12.820   264.5
8.1600      -260022.713  -260036.518       13.806   284.8
8.1700      -260022.845  -260036.250       13.405   276.6
8.1800      -260022.463  -260037.116       14.654   302.3
8.1900      -260022.584  -260036.668       14.084   290.5
8.2000      -260022.479  -260036.445       13.966   288.1
8.2100      -260022.690  -260037.245       14.554   300.3
8.2200      -260022.817  -260036.785       13.968   288.2
8.2300      -260023.089  -260036.355       13.267   273.7
8.2400      -260022.499  -260036.491       13.992   288.7
8.2500      -260022.937  -260036.657       13.720   283.1
8.2600      -260022.510  -260036.842       14.332   295.7
8.2700      -260022.058  -260035.989       13.931   287.4
8.2800      -260022.029  -260036.351       14.321   295.5
8.2900      -260022.035  -260036.004       13.969   288.2
8.3000      -260022.035  -260036.315       14.280   294.6
8.3100      -260022.071  -260036.511       14.440   297.9
8.3200      -260022.054  -260036.098       14.044   289.7
8.3300      -260021.666  -260036.344       14.678   302.8
8.3400      -260021.833  -260035.824       13.992   288.7
8.3500      -260021.436  -260035.912       14.476   298.6
8.3600      -260021.739  -260036.138       14.399   297.1
8.3700      -260021.462  -260035.888       14.427   297.6
8.3800      -260021.349  -260035.442       14.093   290.7
8.3900      -260021.295  -260036.146       14.851   306.4
8.4000      -260022.103  -260036.019       13.916   287.1
8.4100      -260022.498  -260036.107       13.609   280.8
8.4200      -260022.367  -260036.170       13.804   284.8
8.4300      -260022.617  -260036.292       13.676   282.1
8.4400      -260022.127  -260037.072       14.945   308.3
8.4500      -260022.500  -260037.039       14.539   300.0
8.4600      -260021.859  -260037.025       15.167   312.9
8.4700      -260022.028  -260037.061       15.033   310.1
8.4800      -260022.125  -260036.070       13.945   287.7
8.4900      -260022.391  -260036.630       14.239   293.7
8.5000      -260022.059  -260035.820       13.760   283.9
8.5100      -260023.190  -260037.306       14.116   291.2
8.5200      -260022.776  -260037.077       14.301   295.0
8.5300      -260023.059  -260037.621       14.562   300.4
8.5400      -260022.736  -260037.682       14.946   308.3
8.5500      -260022.306  -260037.044       14.738   304.0
8.5600      -260022.462  -260036.748       14.287   294.7
8.5700      -260021.859  -260036.671       14.813   305.6
8.5800      -260021.994  -260036.378       14.384   296.7
8.5900      -260021.863  -260035.650       13.786   284.4
8.6000      -260021.819  -260035.614       13.796   284.6
8.6100      -260021.184  -260035.598       14.414   297.4
8.6200      -260021.631  -260035.653       14.021   289.3
8.6300      -260021.642  -260035.690       14.048   289.8
8.6400      -260021.887  -260035.624       13.737   283.4
8.6500      -260021.803  -260036.192       14.389   296.8
8.6600      -260021.882  -260035.756       13.875   286.2
8.6700      -260021.721  -260035.681       13.959   288.0
8.6800      -260021.146  -260035.324       14.178   292.5
8.6900      -260021.306  -260035.506       14.200   292.9
8.7000      -260021.471  -260036.106       14.635   301.9
8.7100      -260021.105  -260035.567       14.462   298.4
8.7200      -260020.909  -260035.117       14.208   293.1
8.7300      -260020.799  -260035.531       14.732   303.9
8.7400      -260020.750  -260035.274       14.525   299.6
8.7500      -260020.563  -260034.979       14.416   297.4
8.7600      -260020.555  -260035.788       15.232   314.2
8.7700      -260021.372  -260036.244       14.872   306.8
8.7800      -260021.482  -260036.177       14.695   303.2
8.7900      -260021.624  -260035.883       14.259   294.2
8.8000      -260021.529  -260035.986       14.457   298.2
8.8100      -260021.073  -260035.933       14.859   306.6
8.8200      -260021.255  -260035.183       13.928   287.3
8.8300      -260020.298  -260035.709       15.411   317.9
8.8400      -260020.928  -260036.147       15.219   314.0
8.8500      -260021.338  -260035.929       14.590   301.0
8.8600      -260021.133  -260035.488       14.355   296.1
8.8700      -260021.331  -260036.741       15.410   317.9
8.8800      -260020.963  -260036.356       15.393   317.6
8.8900      -260021.046  -260034.709       13.664   281.9
8.9000      -260020.984  -260035.432       14.447   298.1
8.9100      -260021.373  -260035.831       14.458   298.3
8.9200      -260021.492  -260035.220       13.728   283.2
8.9300      -260021.273  -260035.122       13.849   285.7
8.9400      -260021.058  -260035.418       14.360   296.3
8.9500      -260020.795  -260035.805       15.010   309.7
8.9600      -260021.259  -260035.383       14.124   291.4
8.9700      -260021.684  -260035.047       13.364   275.7
8.9800      -260021.668  -260035.474       13.806   284.8
8.9900      -260021.400  -260035.045       13.644   281.5
9.0000      -260021.868  -260036.121       14.253   294.1
9.0100      -260021.650  -260035.586       13.935   287.5
9.0200      -260021.846  -260035.650       13.804   284.8
9.0300      -260021.760  -260035.818       14.058   290.0
9.0400      -260021.930  -260036.022       14.092   290.7
9.0500      -260021.884  -260035.937       14.052   289.9
9.0600      -260021.008  -260035.984       14.976   309.0
9.0700      -260021.335  -260035.369       14.033   289.5
9.0800      -260021.502  -260035.361       13.859   285.9
9.0900      -260021.036  -260035.786       14.751   304.3
9.1000      -260020.990  -260035.976       14.986   309.2
9.1100      -260021.347  -260035.493       14.146   291.8
9.1200      -260021.463  -260036.132       14.670   302.6
9.1300      -260020.610  -260035.538       14.928   308.0
9.1400      -260020.607  -260035.184       14.578   300.7
9.1500      -260020.467  -260035.741       15.274   315.1
9.1600      -260021.000  -260036.332       15.332   316.3
9.1700      -260021.283  -260036.212       14.930   308.0
9.1800      -260021.219  -260036.237       15.018   309.8
9.1900      -260021.771  -260036.114       14.343   295.9
9.2000      -260021.747  -260035.796       14.049   289.8
9.2100      -260021.616  -260035.523       13.907   286.9
9.2200      -260021.241  -260035.110       13.869   286.1
9.2300      -260021.523  -260036.077       14.554   300.3
9.2400      -260021.248  -260036.498       15.250   314.6
9.2500      -260021.369  -260036.097       14.728   303.8
9.2600      -260021.565  -260035.485       13.919   287.2
9.2700      -260021.687  -260036.756       15.070   310.9
9.2800      -260021.875  -260036.978       15.103   311.6
9.2900      -260022.163  -260036.344       14.181   292.6
9.3000      -260021.657  -260036.014       14.357   296.2
9.3100      -260021.834  -260035.582       13.748   283.6
9.3200      -260021.992  -260035.879       13.886   286.5
9.3300      -260022.216  -260036.482       14.266   294.3
9.3400      -260021.552  -260035.888       14.336   295.8
9.3500      -260022.028  -260036.151       14.123   291.4
9.3600      -260022.277  -260036.295       14.018   289.2
9.3700      -260022.093  -260036.922       14.829   305.9
9.3800      -260021.924  -260036.561       14.637   302.0
9.3900      -260021.410  -260035.922       14.512   299.4
9.4000      -260020.706  -260036.581       15.875   327.5
9.4100      -260020.833  -260035.494       14.661   302.5
9.4200      -260020.837  -260035.891       15.053   310.6
9.4300      -260021.372  -260036.205       14.833   306.0
9.4400      -260021.544  -260036.116       14.572   300.6
9.4500      -260021.265  -260035.964       14.699   303.2
9.4600      -260021.565  -260036.566       15.001   309.5
9.4700      -260021.986  -260036.248       14.263   294.2
9.4800      -260021.522  -260036.957       15.435   318.4
9.4900      -260021.794  -260036.388       14.594   301.1
9.5000      -260021.370  -260036.825       15.455   318.8
9.5100      -260021.842  -260036.238       14.396   297.0
9.5200      -260022.017  -260037.162       15.145   312.4
9.5300      -260022.691  -260036.963       14.272   294.4
9.5400      -260022.762  -260037.254       14.492   299.0
9.5500      -260022.781  -260037.703       14.923   307.9
9.5600      -260023.172  -260037.273       14.101   290.9
9.5700      -260022.415  -260037.164       14.748   304.3
9.5800      -260022.070  -260037.154       15.085   311.2
9.5900      -260022.574  -260036.558       13.984   288.5
9.6000      -260021.785  -260036.006       14.221   293.4
9.6100      -260021.476  -260036.715       15.239   314.4
9.6200      -260021.584  -260036.256       14.671   302.7
9.6300      -260021.739  -260036.302       14.563   300.4
9.6400      -260021.485  -260036.004       14.519   299.5
9.6500      -260022.267  -260036.516       14.249   294.0
9.6600      -260022.061  -260035.913       13.852   285.8
9.6700      -260021.689  -260036.170       14.481   298.7
9.6800      -260022.156  -260036.541       14.385   296.8
9.6900      -260021.857  -260036.439       14.582   300.8
9.7000      -260022.160  -260036.396       14.237   293.7
9.7100      -260021.799  -260036.193       14.394   297.0
9.7200      -260022.206  -260035.907       13.701   282.7
9.7300      -260022.188  -260036.613       14.426   297.6
9.7400      -260022.250  -260036.380       14.130   291.5
9.7500      -260021.737  -260036.423       14.686   303.0
9.7600      -260021.519  -260036.819       15.300   315.7
9.7700      -260022.364  -260036.370       14.006   288.9
9.7800      -260022.452  -260036.552       14.100   290.9
9.7900      -260022.286  -260036.533       14.247   293.9
9.8000      -260022.773  -260036.755       13.982   288.4
9.8100      -260022.716  -260037.432       14.715   303.6
9.8200      -260022.866  -260037.532       14.667   302.6
9.8300      -260023.223  -260038.127       14.904   307.5
9.8400      -260023.292  -260037.204       13.913   287.0
9.8500      -260023.452  -260037.155       13.704   282.7
9.8600      -260024.419  -260038.623       14.204   293.0
9.8700      -260024.193  -260038.486       14.292   294.9
9.8800      -260023.656  -260037.490       13.834   285.4
9.8900      -260023.216  -260038.329       15.113   311.8
9.9000      -260023.884  -260038.042       14.158   292.1
9.9100      -260024.264  -260037.836       13.572   280.0
9.9200      -260024.434  -260038.591       14.156   292.0
9.9300      -260024.139  -260038.409       14.271   294.4
9.9400      -260023.936  -260037.568       13.632   281.2
9.9500      -260023.679  -260037.890       14.211   293.2
9.9600      -260023.008  -260037.562       14.554   300.2
9.9700      -260022.899  -260037.545       14.646   302.1
9.9800      -260023.470  -260037.498       14.028   289.4
9.9900      -260023.347  -260037.477       14.130   291.5
10.0000     -260023.190  -260038.054       14.864   306.7
10.0100     -260023.273  -260037.250       13.977   288.3
10.0200     -260023.440  -260037.366       13.926   287.3
10.0300     -260023.151  -260037.211       14.061   290.1
10.0400     -260023.109  -260037.381       14.273   294.4
10.0500     -260023.808  -260037.716       13.908   286.9
10.0600     -260023.301  -260038.221       14.920   307.8
10.0700     -260023.319  -260038.567       15.248   314.6
10.0800     -260023.129  -260036.865       13.735   283.4
10.0900     -260022.926  -260037.203       14.277   294.5
10.1000     -260022.946  -260037.472       14.526   299.7
10.1100     -260023.094  -260037.615       14.520   299.6
10.1200     -260023.187  -260037.552       14.365   296.4
10.1300     -260022.545  -260036.731       14.186   292.7
10.1400     -260022.854  -260036.948       14.094   290.8
10.1500     -260022.307  -260036.722       14.416   297.4
10.1600     -260022.564  -260037.227       14.663   302.5
10.1700     -260022.874  -260037.365       14.491   299.0
10.1800     -260023.023  -260037.679       14.656   302.4
10.1900     -260022.753  -260036.943       14.190   292.7
10.2000     -260023.535  -260036.547       13.012   268.4
10.2100     -260023.343  -260037.229       13.886   286.5
10.2200     -260023.390  -260037.519       14.129   291.5
10.2300     -260023.309  -260036.873       13.564   279.8
10.2400     -260023.110  -260036.728       13.618   281.0
10.2500     -260023.274  -260037.830       14.556   300.3
10.2600     -260023.943  -260037.741       13.798   284.7
10.2700     -260024.047  -260037.991       13.944   287.7
10.2800     -260024.014  -260037.685       13.671   282.0
10.2900     -260024.664  -260038.338       13.674   282.1
10.3000     -260024.462  -260038.121       13.659   281.8
10.3100     -260024.554  -260038.231       13.677   282.2
10.3200     -260023.973  -260038.545       14.573   300.6
10.3300     -260024.019  -260037.470       13.451   277.5
10.3400     -260024.734  -260038.703       13.969   288.2
10.3500     -260024.953  -260038.937       13.985   288.5
10.3600     -260024.642  -260038.969       14.327   295.6
10.3700     -260024.733  -260038.422       13.689   282.4
10.3800     -260024.785  -260038.752       13.967   288.1
10.3900     -260024.298  -260038.395       14.096   290.8
10.4000     -260024.296  -260038.352       14.056   290.0
10.4100     -260024.136  -260038.024       13.888   286.5
10.4200     -260023.033  -260037.194       14.162   292.2
10.4300     -260023.401  -260037.198       13.797   284.6
10.4400     -260023.457  -260037.575       14.118   291.3
10.4500     -260023.073  -260038.213       15.139   312.3
10.4600     -260023.103  -260036.873       13.770   284.1
10.4700     -260022.983  -260037.290       14.307   295.2
10.4800     -260022.654  -260037.046       14.392   296.9
10.4900     -260023.291  -260037.796       14.505   299.2
10.5000     -260023.020  -260037.777       14.757   304.4
10.5100     -260023.090  -260037.453       14.363   296.3
10.5200     -260023.523  -260037.522       13.999   288.8
10.5300     -260023.502  -260037.680       14.177   292.5
10.5400     -260023.501  -260037.698       14.197   292.9
10.5500     -260024.049  -260037.561       13.513   278.8
10.5600     -260023.565  -260037.024       13.458   277.7
10.5700     -260023.778  -260037.334       13.556   279.7
10.5800     -260023.687  -260036.875       13.188   272.1
10.5900     -260023.560  -260037.061       13.502   278.5
10.6000     -260023.180  -260037.187       14.007   289.0
10.6100     -260024.013  -260037.574       13.561   279.8
10.6200     -260023.661  -260037.337       13.676   282.1
10.6300     -260023.549  -260037.562       14.014   289.1
10.6400     -260024.047  -260037.920       13.873   286.2
10.6500     -260023.890  -260038.332       14.442   297.9
10.6600     -260023.449  -260038.534       15.085   311.2
10.6700     -260023.953  -260038.064       14.110   291.1
10.6800     -260023.587  -260038.774       15.186   313.3
10.6900     -260023.781  -260037.937       14.156   292.0
10.7000     -260023.550  -260038.219       14.668   302.6
10.7100     -260024.539  -260039.052       14.513   299.4
10.7200     -260023.940  -260038.700       14.759   304.5
10.7300     -260023.792  -260038.591       14.800   305.3
10.7400     -260023.607  -260038.185       14.577   300.7
10.7500     -260024.009  -260037.871       13.862   286.0
10.7600     -260024.350  -260038.306       13.956   287.9
10.7700     -260024.139  -260038.368       14.229   293.5
10.7800     -260024.391  -260038.242       13.851   285.7
10.7900     -260023.707  -260037.814       14.107   291.0
10.8000     -260024.166  -260037.937       13.771   284.1
10.8100     -260023.483  -260038.667       15.184   313.2
10.8200     -260023.689  -260038.051       14.363   296.3
10.8300     -260023.729  -260038.037       14.308   295.2
10.8400     -260023.558  -260037.499       13.941   287.6
10.8500     -260024.349  -260038.099       13.750   283.7
10.8600     -260024.357  -260038.511       14.154   292.0
10.8700     -260023.975  -260038.395       14.420   297.5
10.8800     -260023.873  -260037.845       13.973   288.3
10.8900     -260024.380  -260038.654       14.274   294.5
10.9000     -260024.782  -260038.011       13.229   272.9
10.9100     -260024.039  -260037.704       13.665   281.9
10.9200     -260023.614  -260037.060       13.446   277.4
10.9300     -260023.418  -260037.750       14.332   295.7
10.9400     -260023.304  -260037.858       14.554   300.2
10.9500     -260023.497  -260037.623       14.125   291.4
10.9600     -260023.221  -260037.528       14.307   295.2
10.9700     -260023.227  -260037.349       14.122   291.3
10.9800     -260023.291  -260037.546       14.256   294.1
10.9900     -260023.190  -260038.431       15.241   314.4
11.0000     -260024.089  -260037.941       13.852   285.8
11.0100     -260024.636  -260037.510       12.874   265.6
11.0200     -260025.010  -260038.151       13.141   271.1
11.0300     -260024.792  -260038.145       13.353   275.5
11.0400     -260025.014  -260038.950       13.937   287.5
11.0500     -260024.839  -260038.795       13.956   287.9
11.0600     -260024.483  -260038.614       14.130   291.5
11.0700     -260024.392  -260037.593       13.201   272.3
11.0800     -260024.304  -260037.943       13.640   281.4
11.0900     -260024.420  -260037.912       13.491   278.3
11.1000     -260024.528  -260037.514       12.987   267.9
11.1100     -260024.363  -260037.861       13.499   278.5
11.1200     -260024.201  -260038.543       14.342   295.9
11.1300     -260024.294  -260038.717       14.423   297.6
11.1400     -260023.805  -260037.413       13.609   280.8
11.1500     -260023.742  -260038.026       14.284   294.7
11.1600     -260023.970  -260037.781       13.811   284.9
11.1700     -260024.285  -260038.151       13.866   286.1
11.1800     -260024.787  -260038.370       13.584   280.2
11.1900     -260024.267  -260038.758       14.491   299.0
11.2000     -260023.501  -260038.126       14.625   301.7
11.2100     -260023.346  -260037.718       14.372   296.5
11.2200     -260023.281  -260038.101       14.820   305.7
11.2300     -260023.674  -260037.763       14.089   290.7
11.2400     -260023.296  -260037.236       13.940   287.6
11.2500     -260023.177  -260037.431       14.255   294.1
11.2600     -260022.828  -260037.864       15.036   310.2
11.2700     -260022.234  -260037.288       15.054   310.6
11.2800     -260022.157  -260036.459       14.302   295.1
11.2900     -260022.553  -260037.270       14.717   303.6
11.3000     -260022.578  -260038.113       15.535   320.5
11.3100     -260022.193  -260037.417       15.224   314.1
11.3200     -260022.735  -260038.265       15.530   320.4
11.3300     -260022.717  -260036.693       13.977   288.3
11.3400     -260022.509  -260037.164       14.655   302.3
11.3500     -260022.512  -260037.774       15.262   314.9
11.3600     -260022.464  -260037.484       15.020   309.9
11.3700     -260022.043  -260036.524       14.480   298.7
11.3800     -260021.907  -260037.303       15.396   317.6
11.3900     -260022.529  -260036.891       14.362   296.3
11.4000     -260022.428  -260037.125       14.698   303.2
11.4100     -260022.412  -260037.471       15.059   310.7
11.4200     -260022.635  -260036.720       14.086   290.6
11.4300     -260022.358  -260036.512       14.154   292.0
11.4400     -260021.722  -260036.043       14.320   295.4
11.4500     -260022.126  -260035.771       13.645   281.5
11.4600     -260022.066  -260036.739       14.674   302.7
11.4700     -260021.664  -260037.224       15.559   321.0
11.4800     -260021.573  -260036.886       15.313   315.9
11.4900     -260022.010  -260037.309       15.299   315.6
11.5000     -260021.847  -260037.508       15.661   323.1
11.5100     -260022.605  -260037.356       14.751   304.3
11.5200     -260021.850  -260036.955       15.104   311.6
11.5300     -260022.546  -260037.337       14.791   305.1
11.5400     -260022.215  -260037.206       14.990   309.3
11.5500     -260022.145  -260037.238       15.093   311.4
11.5600     -260022.555  -260038.627       16.072   331.6
11.5700     -260022.678  -260038.373       15.695   323.8
11.5800     -260022.139  -260036.911       14.773   304.8
11.5900     -260021.156  -260036.511       15.355   316.8
11.6000     -260021.225  -260036.825       15.600   321.8
11.6100     -260021.354  -260036.552       15.199   313.6
11.6200     -260021.638  -260036.525       14.887   307.1
11.6300     -260022.105  -260036.824       14.718   303.6
11.6400     -260022.044  -260037.407       15.363   316.9
11.6500     -260022.137  -260036.733       14.596   301.1
11.6600     -260022.172  -260036.607       14.435   297.8
11.6700     -260022.287  -260036.922       14.636   301.9
11.6800     -260021.588  -260037.524       15.937   328.8
11.6900     -260021.675  -260036.740       15.065   310.8
11.7000     -260021.469  -260036.297       14.827   305.9
11.7100     -260021.650  -260036.303       14.653   302.3
11.7200     -260022.138  -260036.902       14.764   304.6
11.7300     -260022.746  -260037.347       14.601   301.2
11.7400     -260023.112  -260037.037       13.926   287.3
11.7500     -260022.074  -260037.799       15.725   324.4
11.7600     -260022.573  -260037.917       15.343   316.5
11.7700     -260022.950  -260037.989       15.039   310.3
11.7800     -260022.896  -260037.578       14.683   302.9
11.7900     -260023.032  -260038.282       15.250   314.6
11.8000     -260023.106  -260038.564       15.458   318.9
11.8100     -260023.420  -260038.353       14.933   308.1
11.8200     -260023.152  -260037.161       14.009   289.0
11.8300     -260023.495  -260037.664       14.169   292.3
11.8400     -260023.571  -260037.652       14.081   290.5
11.8500     -260023.590  -260038.156       14.566   300.5
11.8600     -260023.551  -260037.697       14.146   291.8
11.8700     -260023.113  -260037.872       14.759   304.5
11.8800     -260022.827  -260037.162       14.335   295.7
11.8900     -260022.701  -260036.915       14.214   293.2
11.9000     -260022.914  -260037.076       14.162   292.2
11.9100     -260022.861  -260037.273       14.412   297.3
11.9200     -260022.840  -260036.546       13.705   282.7
11.9300     -260022.526  -260037.168       14.643   302.1
11.9400     -260022.004  -260036.873       14.869   306.7
11.9500     -260021.503  -260036.843       15.340   316.5
11.9600     -260022.311  -260037.053       14.743   304.1
11.9700     -260022.072  -260037.367       15.295   315.5
11.9800     -260021.851  -260037.261       15.410   317.9
11.9900     -260022.553  -260037.111       14.558   300.3
12.0000     -260022.556  -260037.351       14.795   305.2
12.0100     -260022.680  -260037.037       14.357   296.2
12.0200     -260023.203  -260037.279       14.076   290.4
12.0300     -260023.554  -260037.537       13.983   288.5
12.0400     -260023.178  -260037.692       14.514   299.4
12.0500     -260022.392  -260037.749       15.357   316.8
12.0600     -260022.791  -260037.468       14.677   302.8
12.0700     -260023.134  -260037.102       13.968   288.2
12.0800     -260023.637  -260037.599       13.962   288.0
12.0900     -260023.730  -260038.541       14.810   305.5
12.1000     -260024.244  -260038.616       14.372   296.5
12.1100     -260024.024  -260038.341       14.317   295.4
12.1200     -260024.071  -260038.721       14.650   302.2
12.1300     -260024.407  -260038.291       13.884   286.4
12.1400     -260024.229  -260038.293       14.064   290.1
12.1500     -260024.010  -260038.584       14.574   300.7
12.1600     -260023.137  -260037.472       14.335   295.7
12.1700     -260022.623  -260037.649       15.026   310.0
12.1800     -260022.757  -260037.420       14.662   302.5
12.1900     -260022.430  -260037.580       15.150   312.5
12.2000     -260021.903  -260037.408       15.504   319.9
12.2100     -260022.537  -260037.156       14.619   301.6
12.2200     -260022.864  -260037.471       14.607   301.3
12.2300     -260022.521  -260037.522       15.001   309.5
12.2400     -260022.535  -260036.341       13.807   284.8
12.2500     -260022.366  -260037.306       14.940   308.2
12.2600     -260022.430  -260037.683       15.254   314.7
12.2700     -260022.265  -260036.447       14.183   292.6
12.2800     -260022.130  -260038.293       16.162   333.4
12.2900     -260022.329  -260037.307       14.978   309.0
12.3000     -260022.672  -260037.339       14.667   302.6
12.3100     -260023.053  -260037.020       13.967   288.1
12.3200     -260022.935  -260037.427       14.492   299.0
12.3300     -260022.960  -260037.105       14.146   291.8
12.3400     -260023.463  -260037.525       14.062   290.1
12.3500     -260023.328  -260038.145       14.817   305.7
12.3600     -260022.754  -260037.912       15.157   312.7
12.3700     -260022.297  -260036.729       14.433   297.8
12.3800     -260022.096  -260036.973       14.877   306.9
12.3900     -260021.935  -260036.532       14.597   301.1
12.4000     -260022.189  -260036.815       14.626   301.7
12.4100     -260022.450  -260036.730       14.280   294.6
12.4200     -260022.200  -260036.885       14.685   303.0
12.4300     -260022.509  -260037.579       15.069   310.9
12.4400     -260023.121  -260037.852       14.732   303.9
12.4500     -260022.901  -260037.601       14.700   303.3
12.4600     -260022.663  -260037.651       14.988   309.2
12.4700     -260022.555  -260037.226       14.672   302.7
12.4800     -260023.165  -260037.307       14.142   291.7
12.4900     -260023.461  -260037.890       14.429   297.7
12.5000     -260023.206  -260037.513       14.307   295.2
12.5100     -260023.362  -260038.053       14.691   303.1
12.5200     -260023.074  -260038.074       15.000   309.5
12.5300     -260022.950  -260037.644       14.694   303.1
12.5400     -260022.917  -260037.061       14.145   291.8
12.5500     -260022.518  -260037.763       15.245   314.5
12.5600     -260022.807  -260037.099       14.291   294.8
12.5700     -260022.839  -260037.763       14.924   307.9
12.5800     -260022.979  -260037.673       14.694   303.1
12.5900     -260022.982  -260037.370       14.388   296.8
12.6000     -260022.649  -260037.450       14.800   305.3
12.6100     -260022.842  -260038.073       15.231   314.2
12.6200     -260022.497  -260037.554       15.058   310.6
12.6300     -260022.196  -260037.760       15.564   321.1
12.6400     -260022.208  -260036.961       14.753   304.4
12.6500     -260022.034  -260036.847       14.812   305.6
12.6600     -260021.825  -260037.326       15.500   319.8
12.6700     -260021.864  -260036.018       14.154   292.0
12.6800     -260021.935  -260036.169       14.234   293.6
12.6900     -260022.097  -260036.841       14.744   304.2
12.7000     -260022.147  -260036.838       14.691   303.1
12.7100     -260021.940  -260036.427       14.487   298.9
12.7200     -260021.433  -260036.382       14.949   308.4
12.7300     -260021.461  -260036.066       14.605   301.3
12.7400     -260020.453  -260035.161       14.708   303.4
12.7500     -260020.689  -260034.941       14.253   294.0
12.7600     -260020.802  -260036.099       15.297   315.6
12.7700     -260020.589  -260035.063       14.474   298.6
12.7800     -260020.826  -260034.850       14.023   289.3
12.7900     -260021.109  -260035.029       13.920   287.2
12.8000     -260021.316  -260035.586       14.270   294.4
12.8100     -260021.262  -260035.710       14.448   298.1
12.8200     -260021.179  -260036.112       14.933   308.1
12.8300     -260021.543  -260036.797       15.254   314.7
12.8400     -260021.891  -260036.816       14.925   307.9
12.8500     -260021.420  -260035.782       14.362   296.3
12.8600     -260020.892  -260036.786       15.895   327.9
12.8700     -260021.562  -260037.055       15.493   319.6
12.8800     -260021.918  -260036.639       14.721   303.7
12.8900     -260021.544  -260036.754       15.210   313.8
12.9000     -260021.566  -260035.590       14.024   289.3
12.9100     -260021.354  -260036.533       15.179   313.1
12.9200     -260021.448  -260036.066       14.618   301.6
12.9300     -260021.347  -260035.795       14.448   298.1
12.9400     -260021.081  -260035.411       14.331   295.6
12.9500     -260021.404  -260035.498       14.094   290.8
12.9600     -260021.353  -260036.323       14.969   308.8
12.9700     -260021.776  -260036.465       14.690   303.1
12.9800     -260021.349  -260036.303       14.954   308.5
12.9900     -260021.665  -260035.797       14.131   291.5
13.0000     -260022.037  -260035.863       13.825   285.2
13.0100     -260021.976  -260035.333       13.357   275.5
13.0200     -260021.865  -260035.536       13.671   282.0
13.0300     -260021.453  -260035.807       14.354   296.1
13.0400     -260021.321  -260035.303       13.982   288.5
13.0500     -260021.591  -260036.894       15.302   315.7
13.0600     -260021.606  -260036.626       15.020   309.9
13.0700     -260022.085  -260036.348       14.263   294.3
13.0800     -260021.745  -260035.703       13.958   287.9
13.0900     -260021.650  -260035.667       14.016   289.2
13.1000     -260021.119  -260035.227       14.108   291.0
13.1100     -260020.716  -260035.497       14.781   304.9
13.1200     -260020.677  -260036.122       15.445   318.6
13.1300     -260020.662  -260035.725       15.063   310.8
13.1400     -260020.533  -260036.405       15.872   327.4
13.1500     -260020.876  -260035.349       14.473   298.6
13.1600     -260020.519  -260036.288       15.768   325.3
13.1700     -260021.012  -260034.977       13.965   288.1
13.1800     -260020.675  -260035.456       14.781   304.9
13.1900     -260020.589  -260035.619       15.030   310.1
13.2000     -260020.684  -260036.220       15.536   320.5
13.2100     -260020.302  -260034.741       14.438   297.9
13.2200     -260020.285  -260035.460       15.175   313.1
13.2300     -260020.584  -260036.170       15.586   321.5
13.2400     -260020.604  -260036.054       15.450   318.7
13.2500     -260020.495  -260035.772       15.277   315.2
13.2600     -260020.656  -260035.310       14.654   302.3
13.2700     -260020.806  -260035.464       14.658   302.4
13.2800     -260020.897  -260035.841       14.944   308.3
13.2900     -260020.894  -260036.123       15.230   314.2
13.3000     -260020.956  -260035.958       15.001   309.5
13.3100     -260021.040  -260035.483       14.443   298.0
13.3200     -260020.887  -260035.895       15.009   309.6
13.3300     -260020.627  -260036.009       15.381   317.3
13.3400     -260020.767  -260036.385       15.619   322.2
13.3500     -260020.753  -260036.500       15.747   324.9
13.3600     -260020.866  -260035.172       14.306   295.1
13.3700     -260021.480  -260035.109       13.629   281.2
13.3800     -260021.359  -260036.669       15.311   315.9
13.3900     -260021.941  -260036.922       14.981   309.1
13.4000     -260021.783  -260036.547       14.764   304.6
13.4100     -260021.826  -260036.035       14.209   293.1
13.4200     -260021.218  -260035.777       14.559   300.4
13.4300     -260020.712  -260036.432       15.720   324.3
13.4400     -260021.343  -260036.367       15.025   310.0
13.4500     -260021.744  -260036.617       14.873   306.8
13.4600     -260021.276  -260035.839       14.563   300.4
13.4700     -260021.122  -260035.917       14.795   305.2
13.4800     -260021.166  -260036.726       15.559   321.0
13.4900     -260020.857  -260036.252       15.395   317.6
13.5000     -260020.753  -260035.650       14.897   307.3
13.5100     -260020.742  -260036.048       15.306   315.8
13.5200     -260020.999  -260036.113       15.114   311.8
13.5300     -260021.013  -260036.174       15.161   312.8
13.5400     -260020.936  -260036.592       15.655   323.0
13.5500     -260021.252  -260036.494       15.242   314.5
13.5600     -260021.564  -260036.979       15.415   318.0
13.5700     -260021.430  -260036.167       14.737   304.0
13.5800     -260021.404  -260035.699       14.295   294.9
13.5900     -260021.370  -260036.694       15.323   316.1
13.6000     -260022.286  -260036.574       14.288   294.8
13.6100     -260021.808  -260036.541       14.733   303.9
13.6200     -260021.789  -260036.277       14.488   298.9
13.6300     -260022.338  -260036.619       14.280   294.6
13.6400     -260022.955  -260036.830       13.875   286.2
13.6500     -260022.916  -260036.963       14.046   289.8
13.6600     -260023.156  -260037.661       14.505   299.2
13.6700     -260023.325  -260038.100       14.775   304.8
13.6800     -260022.837  -260037.194       14.357   296.2
13.6900     -260022.940  -260037.268       14.328   295.6
13.7000     -260023.632  -260037.812       14.180   292.5
13.7100     -260023.406  -260038.014       14.608   301.4
13.7200     -260023.107  -260038.440       15.333   316.3
13.7300     -260022.887  -260038.049       15.162   312.8
13.7400     -260022.951  -260037.937       14.986   309.2
13.7500     -260022.820  -260036.922       14.102   290.9
13.7600     -260022.967  -260038.055       15.088   311.3
13.7700     -260022.658  -260037.085       14.427   297.6
13.7800     -260022.708  -260036.946       14.238   293.7
13.7900     -260022.863  -260038.417       15.554   320.9
13.8000     -260023.227  -260037.808       14.581   300.8
13.8100     -260023.659  -260038.627       14.967   308.8
13.8200     -260023.831  -260038.157       14.326   295.5
13.8300     -260024.373  -260038.812       14.439   297.9
13.8400     -260024.368  -260039.014       14.645   302.1
13.8500     -260024.293  -260039.052       14.758   304.5
13.8600     -260024.877  -260038.773       13.896   286.7
13.8700     -260025.214  -260038.891       13.676   282.1
13.8800     -260025.286  -260039.113       13.827   285.3
13.8900     -260025.419  -260038.696       13.278   273.9
13.9000     -260025.193  -260039.211       14.019   289.2
13.9100     -260024.869  -260039.131       14.262   294.2
13.9200     -260024.694  -260038.956       14.262   294.2
13.9300     -260024.233  -260038.925       14.693   303.1
13.9400     -260023.459  -260038.068       14.609   301.4
13.9500     -260023.382  -260038.460       15.078   311.1
13.9600     -260023.304  -260038.025       14.721   303.7
13.9700     -260023.064  -260038.106       15.042   310.3
13.9800     -260023.250  -260038.114       14.864   306.6
13.9900     -260022.741  -260037.317       14.576   300.7
14.0000     -260022.351  -260037.546       15.195   313.5
14.0100     -260022.689  -260036.771       14.082   290.5
14.0200     -260022.607  -260037.779       15.172   313.0
14.0300     -260022.740  -260037.694       14.954   308.5
14.0400     -260023.212  -260036.707       13.495   278.4
14.0500     -260023.041  -260037.301       14.260   294.2
14.0600     -260022.713  -260036.840       14.127   291.4
14.0700     -260023.165  -260036.830       13.665   281.9
14.0800     -260022.677  -260036.744       14.067   290.2
14.0900     -260022.320  -260037.136       14.817   305.7
14.1000     -260022.776  -260037.305       14.529   299.7
14.1100     -260023.313  -260037.313       14.000   288.8
14.1200     -260023.254  -260037.798       14.544   300.1
14.1300     -260022.858  -260037.825       14.967   308.8
14.1400     -260022.618  -260037.944       15.326   316.2
14.1500     -260023.117  -260037.689       14.573   300.6
14.1600     -260022.641  -260037.060       14.419   297.5
14.1700     -260022.666  -260037.005       14.339   295.8
14.1800     -260023.048  -260036.948       13.900   286.8
14.1900     -260022.978  -260037.124       14.146   291.8
14.2000     -260023.181  -260036.856       13.676   282.1
14.2100     -260023.461  -260037.809       14.348   296.0
14.2200     -260023.494  -260037.267       13.773   284.1
14.2300     -260022.941  -260037.448       14.508   299.3
14.2400     -260022.525  -260037.180       14.655   302.3
14.2500     -260022.378  -260036.975       14.597   301.1
14.2600     -260022.438  -260036.921       14.483   298.8
14.2700     -260022.528  -260037.203       14.675   302.7
14.2800     -260022.870  -260037.084       14.215   293.3
14.2900     -260022.876  -260037.722       14.846   306.3
14.3000     -260022.972  -260036.986       14.014   289.1
14.3100     -260023.123  -260037.240       14.117   291.2
14.3200     -260023.799  -260037.964       14.166   292.2
14.3300     -260023.603  -260038.123       14.520   299.6
14.3400     -260023.150  -260038.777       15.626   322.4
14.3500     -260023.278  -260037.710       14.432   297.7
14.3600     -260022.541  -260037.316       14.775   304.8
14.3700     -260022.617  -260037.319       14.702   303.3
14.3800     -260022.970  -260036.886       13.915   287.1
14.3900     -260023.179  -260037.567       14.388   296.8
14.4000     -260022.785  -260038.020       15.235   314.3
14.4100     -260022.482  -260037.478       14.996   309.4
14.4200     -260023.038  -260037.438       14.400   297.1
14.4300     -260023.109  -260036.760       13.651   281.6
14.4400     -260022.648  -260037.744       15.096   311.4
14.4500     -260023.501  -260036.835       13.333   275.1
14.4600     -260023.005  -260037.291       14.286   294.7
14.4700     -260022.701  -260037.145       14.444   298.0
14.4800     -260023.212  -260037.839       14.627   301.8
14.4900     -260023.118  -260037.685       14.566   300.5
14.5000     -260023.801  -260038.030       14.229   293.5
14.5100     -260024.109  -260037.839       13.730   283.2
14.5200     -260023.784  -260038.588       14.804   305.4
14.5300     -260023.975  -260038.366       14.391   296.9
14.5400     -260023.493  -260037.754       14.261   294.2
14.5500     -260023.636  -260037.290       13.654   281.7
14.5600     -260022.896  -260037.468       14.572   300.6
14.5700     -260023.209  -260037.483       14.274   294.5
14.5800     -260023.431  -260037.416       13.985   288.5
14.5900     -260023.169  -260037.180       14.011   289.1
14.6000     -260022.879  -260037.286       14.407   297.2
14.6100     -260022.874  -260037.470       14.596   301.1
14.6200     -260022.493  -260037.316       14.823   305.8
14.6300     -260022.391  -260037.236       14.845   306.3
14.6400     -260023.114  -260037.930       14.815   305.6
14.6500     -260023.356  -260037.691       14.335   295.7
14.6600     -260023.002  -260037.704       14.702   303.3
14.6700     -260022.870  -260037.895       15.025   310.0
14.6800     -260022.764  -260037.091       14.327   295.6
14.6900     -260022.571  -260037.116       14.545   300.1
14.7000     -260022.627  -260036.057       13.430   277.1
14.7100     -260022.372  -260036.724       14.352   296.1
14.7200     -260022.127  -260036.970       14.842   306.2
14.7300     -260023.177  -260037.729       14.552   300.2
14.7400     -260023.145  -260037.454       14.309   295.2
14.7500     -260022.378  -260036.660       14.282   294.6
14.7600     -260022.627  -260036.781       14.155   292.0
14.7700     -260022.533  -260036.946       14.413   297.4
14.7800     -260022.380  -260036.666       14.287   294.7
14.7900     -260022.161  -260037.285       15.124   312.0
14.8000     -260022.015  -260036.793       14.778   304.9
14.8100     -260022.070  -260036.437       14.367   296.4
14.8200     -260021.731  -260035.525       13.793   284.6
14.8300     -260021.433  -260036.486       15.053   310.5
14.8400     -260021.159  -260036.577       15.418   318.1
14.8500     -260021.333  -260036.401       15.068   310.9
14.8600     -260021.521  -260035.957       14.436   297.8
14.8700     -260021.065  -260035.332       14.267   294.3
14.8800     -260021.261  -260036.342       15.081   311.1
14.8900     -260021.714  -260036.041       14.327   295.6
14.9000     -260021.925  -260036.462       14.537   299.9
14.9100     -260021.901  -260036.873       14.972   308.9
14.9200     -260021.017  -260036.324       15.307   315.8
14.9300     -260021.007  -260036.540       15.533   320.4
14.9400     -260020.918  -260036.135       15.217   313.9
14.9500     -260020.771  -260036.017       15.246   314.5
14.9600     -260020.395  -260036.600       16.205   334.3
14.9700     -260020.737  -260035.723       14.987   309.2
14.9800     -260020.489  -260035.477       14.988   309.2
14.9900     -260020.769  -260036.278       15.508   319.9
15.0000     -260020.317  -260035.827       15.510   320.0
15.0100     -260020.957  -260036.110       15.153   312.6
15.0200     -260020.964  -260035.665       14.701   303.3
15.0300     -260020.846  -260035.163       14.317   295.4
15.0400     -260021.090  -260035.330       14.240   293.8
15.0500     -260021.200  -260035.358       14.158   292.1
15.0600     -260021.157  -260035.664       14.507   299.3
15.0700     -260020.208  -260034.341       14.133   291.6
15.0800     -260019.913  -260035.140       15.227   314.1
15.0900     -260020.215  -260035.795       15.579   321.4
15.1000     -260020.489  -260035.717       15.228   314.2
15.1100     -260021.166  -260036.497       15.331   316.3
15.1200     -260021.228  -260036.142       14.914   307.7
15.1300     -260021.047  -260036.214       15.166   312.9
15.1400     -260020.935  -260036.155       15.219   314.0
15.1500     -260020.808  -260035.527       14.720   303.7
15.1600     -260021.049  -260035.374       14.326   295.5
15.1700     -260021.193  -260035.906       14.712   303.5
15.1800     -260021.003  -260035.442       14.439   297.9
15.1900     -260020.916  -260036.369       15.453   318.8
15.2000     -260020.739  -260036.074       15.335   316.4
15.2100     -260020.503  -260034.635       14.132   291.6
15.2200     -260020.496  -260034.988       14.492   299.0
15.2300     -260021.483  -260035.841       14.358   296.2
15.2400     -260021.691  -260036.103       14.411   297.3
15.2500     -260021.625  -260036.453       14.828   305.9
15.2600     -260021.536  -260036.480       14.944   308.3
15.2700     -260021.555  -260036.396       14.841   306.2
15.2800     -260021.393  -260035.891       14.497   299.1
15.2900     -260020.915  -260035.841       14.926   307.9
15.3000     -260022.021  -260036.845       14.824   305.8
15.3100     -260021.946  -260036.614       14.668   302.6
15.3200     -260022.566  -260036.727       14.161   292.1
15.3300     -260022.034  -260036.367       14.333   295.7
15.3400     -260022.286  -260036.977       14.691   303.1
15.3500     -260022.195  -260036.237       14.042   289.7
15.3600     -260022.282  -260036.890       14.608   301.4
15.3700     -260021.809  -260036.485       14.676   302.8
15.3800     -260021.437  -260036.229       14.793   305.2
15.3900     -260021.693  -260035.834       14.140   291.7
15.4000     -260020.970  -260035.722       14.751   304.3
15.4100     -260021.118  -260035.804       14.686   303.0
15.4200     -260021.467  -260036.359       14.892   307.2
15.4300     -260021.394  -260035.971       14.577   300.7
15.4400     -260020.817  -260036.078       15.262   314.9
15.4500     -260020.983  -260035.730       14.747   304.2
15.4600     -260020.822  -260035.324       14.501   299.2
15.4700     -260020.901  -260035.670       14.769   304.7
15.4800     -260021.676  -260036.309       14.633   301.9
15.4900     -260021.628  -260035.890       14.261   294.2
15.5000     -260021.860  -260036.684       14.824   305.8
15.5100     -260022.698  -260036.420       13.723   283.1
15.5200     -260022.593  -260036.430       13.837   285.5
15.5300     -260022.080  -260036.439       14.359   296.2
15.5400     -260022.354  -260037.101       14.747   304.2
15.5500     -260022.549  -260036.574       14.025   289.3
15.5600     -260022.676  -260036.373       13.697   282.6
15.5700     -260023.452  -260036.743       13.292   274.2
15.5800     -260023.084  -260037.355       14.271   294.4
15.5900     -260022.887  -260037.109       14.222   293.4
15.6000     -260022.647  -260036.808       14.161   292.2
15.6100     -260022.568  -260036.382       13.814   285.0
15.6200     -260022.617  -260036.575       13.958   288.0
15.6300     -260022.618  -260036.671       14.053   289.9
15.6400     -260022.417  -260036.348       13.930   287.4
15.6500     -260021.951  -260036.685       14.734   304.0
15.6600     -260022.469  -260036.774       14.305   295.1
15.6700     -260022.182  -260035.996       13.814   285.0
15.6800     -260022.079  -260035.661       13.582   280.2
15.6900     -260021.710  -260036.878       15.168   312.9
15.7000     -260021.490  -260036.742       15.252   314.6
15.7100     -260021.797  -260036.161       14.364   296.3
15.7200     -260021.418  -260036.260       14.842   306.2
15.7300     -260021.318  -260035.502       14.184   292.6
15.7400     -260021.365  -260035.748       14.383   296.7
15.7500     -260021.798  -260035.943       14.145   291.8
15.7600     -260021.567  -260035.219       13.652   281.7
15.7700     -260021.633  -260035.843       14.210   293.1
15.7800     -260021.930  -260036.420       14.490   298.9
15.7900     -260021.063  -260035.859       14.796   305.2
15.8000     -260021.700  -260036.049       14.348   296.0
15.8100     -260021.550  -260035.683       14.133   291.6
15.8200     -260021.369  -260035.377       14.008   289.0
15.8300     -260021.143  -260035.538       14.395   297.0
15.8400     -260021.532  -260036.508       14.976   309.0
15.8500     -260021.904  -260035.686       13.782   284.3
15.8600     -260021.794  -260036.139       14.346   296.0
15.8700     -260022.370  -260036.732       14.363   296.3
15.8800     -260021.990  -260036.996       15.006   309.6
15.8900     -260022.131  -260037.046       14.915   307.7
15.9000     -260022.607  -260036.830       14.223   293.4
15.9100     -260022.416  -260036.724       14.308   295.2
15.9200     -260022.177  -260036.274       14.097   290.8
15.9300     -260021.465  -260036.342       14.877   306.9
15.9400     -260021.497  -260036.140       14.644   302.1
15.9500     -260021.644  -260036.033       14.388   296.8
15.9600     -260022.039  -260036.039       14.000   288.8
15.9700     -260021.922  -260036.524       14.602   301.2
15.9800     -260021.970  -260036.852       14.882   307.0
15.9900     -260021.829  -260036.270       14.441   297.9
16.0000     -260021.923  -260035.971       14.049   289.8
16.0100     -260021.376  -260035.305       13.929   287.4
16.0200     -260021.662  -260035.304       13.642   281.4
16.0300     -260021.583  -260035.489       13.906   286.9
16.0400     -260021.466  -260036.367       14.902   307.4
16.0500     -260020.901  -260035.867       14.967   308.8
16.0600     -260021.532  -260035.973       14.441   297.9
16.0700     -260021.672  -260036.404       14.732   303.9
16.0800     -260021.725  -260036.369       14.643   302.1
16.0900     -260021.808  -260036.084       14.276   294.5
16.1000     -260021.459  -260035.358       13.898   286.7
16.1100     -260021.217  -260034.902       13.685   282.3
16.1200     -260020.644  -260034.910       14.266   294.3
16.1300     -260020.132  -260035.113       14.981   309.1
16.1400     -260020.245  -260034.777       14.532   299.8
16.1500     -260019.984  -260034.295       14.311   295.2
16.1600     -260020.468  -260034.993       14.524   299.6
16.1700     -260021.300  -260035.854       14.555   300.3
16.1800     -260021.228  -260035.411       14.183   292.6
16.1900     -260021.217  -260035.226       14.009   289.0
16.2000     -260020.991  -260035.925       14.934   308.1
16.2100     -260021.085  -260036.068       14.983   309.1
16.2200     -260021.299  -260035.816       14.517   299.5
16.2300     -260021.463  -260035.101       13.638   281.4
16.2400     -260021.387  -260035.524       14.137   291.6
16.2500     -260021.455  -260035.562       14.107   291.0
16.2600     -260021.936  -260035.608       13.672   282.1
16.2700     -260021.563  -260034.983       13.420   276.9
16.2800     -260021.595  -260035.387       13.792   284.5
16.2900     -260021.283  -260036.222       14.938   308.2
16.3000     -260021.575  -260035.551       13.976   288.3
16.3100     -260020.762  -260035.351       14.589   301.0
16.3200     -260020.438  -260034.697       14.259   294.2
16.3300     -260020.124  -260034.267       14.142   291.8
16.3400     -260020.570  -260034.531       13.961   288.0
16.3500     -260020.854  -260034.296       13.442   277.3
16.3600     -260020.464  -260034.411       13.947   287.7
16.3700     -260020.350  -260034.668       14.318   295.4
16.3800     -260020.350  -260034.964       14.614   301.5
16.3900     -260020.411  -260034.471       14.060   290.1
16.4000     -260020.119  -260034.299       14.180   292.5
16.4100     -260020.668  -260034.953       14.285   294.7
16.4200     -260020.847  -260034.995       14.148   291.9
16.4300     -260020.755  -260034.737       13.983   288.5
16.4400     -260020.773  -260034.514       13.741   283.5
16.4500     -260020.987  -260035.463       14.476   298.7
16.4600     -260021.050  -260036.322       15.271   315.1
16.4700     -260021.172  -260035.668       14.496   299.1
16.4800     -260021.743  -260035.806       14.064   290.1
16.4900     -260021.180  -260036.167       14.987   309.2
16.5000     -260020.975  -260035.654       14.678   302.8
16.5100     -260021.621  -260036.233       14.612   301.5
16.5200     -260021.570  -260036.582       15.012   309.7
16.5300     -260021.715  -260036.493       14.779   304.9
16.5400     -260021.292  -260035.991       14.699   303.2
16.5500     -260021.365  -260035.580       14.214   293.2
16.5600     -260021.337  -260036.402       15.065   310.8
16.5700     -260020.575  -260036.095       15.520   320.2
16.5800     -260020.029  -260035.851       15.822   326.4
16.5900     -260019.605  -260035.057       15.452   318.8
16.6000     -260019.636  -260035.230       15.595   321.7
16.6100     -260019.757  -260034.833       15.076   311.0
16.6200     -260019.685  -260034.972       15.287   315.4
16.6300     -260019.747  -260035.612       15.865   327.3
16.6400     -260019.876  -260035.595       15.719   324.3
16.6500     -260020.265  -260035.653       15.387   317.4
16.6600     -260020.380  -260035.373       14.993   309.3
16.6700     -260020.316  -260034.542       14.226   293.5
16.6800     -260020.691  -260035.277       14.586   300.9
16.6900     -260020.570  -260035.338       14.767   304.7
16.7000     -260020.098  -260034.982       14.884   307.1
16.7100     -260020.503  -260035.353       14.851   306.4
16.7200     -260020.778  -260034.811       14.033   289.5
16.7300     -260020.238  -260034.561       14.322   295.5
16.7400     -260020.141  -260034.993       14.852   306.4
16.7500     -260020.324  -260035.139       14.815   305.6
16.7600     -260020.227  -260034.406       14.179   292.5
16.7700     -260019.812  -260034.300       14.487   298.9
16.7800     -260019.608  -260034.760       15.151   312.6
16.7900     -260019.861  -260034.769       14.908   307.6
16.8000     -260019.481  -260035.070       15.589   321.6
16.8100     -260019.944  -260034.449       14.505   299.2
16.8200     -260020.613  -260035.822       15.210   313.8
16.8300     -260020.223  -260035.677       15.454   318.8
16.8400     -260020.375  -260035.336       14.961   308.6
16.8500     -260019.972  -260034.822       14.851   306.4
16.8600     -260020.239  -260035.498       15.259   314.8
16.8700     -260019.721  -260035.221       15.500   319.8
16.8800     -260019.838  -260034.737       14.900   307.4
16.8900     -260019.770  -260035.047       15.277   315.2
16.9000     -260019.851  -260035.184       15.333   316.3
16.9100     -260020.173  -260035.528       15.354   316.8
16.9200     -260020.123  -260035.574       15.450   318.7
16.9300     -260020.693  -260035.320       14.627   301.8
16.9400     -260020.710  -260034.933       14.223   293.4
16.9500     -260020.792  -260035.979       15.187   313.3
16.9600     -260020.538  -260035.726       15.188   313.3
16.9700     -260019.978  -260035.501       15.522   320.2
16.9800     -260019.850  -260034.974       15.124   312.0
16.9900     -260019.847  -260033.892       14.045   289.8
17.0000     -260020.182  -260035.459       15.277   315.2
17.0100     -260020.652  -260036.184       15.532   320.4
17.0200     -260021.095  -260035.704       14.609   301.4
17.0300     -260021.827  -260036.175       14.349   296.0
17.0400     -260021.682  -260036.341       14.659   302.4
17.0500     -260021.975  -260036.270       14.295   294.9
17.0600     -260022.382  -260036.918       14.535   299.9
17.0700     -260022.375  -260037.265       14.889   307.2
17.0800     -260022.226  -260037.261       15.035   310.2
17.0900     -260022.370  -260036.634       14.264   294.3
17.1000     -260022.557  -260036.792       14.235   293.7
17.1100     -260022.928  -260036.819       13.891   286.6
17.1200     -260023.119  -260037.053       13.934   287.5
17.1300     -260022.405  -260036.584       14.179   292.5
17.1400     -260022.102  -260036.609       14.507   299.3
17.1500     -260022.471  -260036.529       14.058   290.0
17.1600     -260022.237  -260036.790       14.554   300.2
17.1700     -260022.241  -260036.471       14.230   293.6
17.1800     -260022.463  -260036.253       13.790   284.5
17.1900     -260022.004  -260036.554       14.550   300.2
17.2000     -260022.586  -260037.203       14.617   301.6
17.2100     -260022.581  -260036.945       14.364   296.3
17.2200     -260022.153  -260036.315       14.162   292.2
17.2300     -260022.376  -260036.784       14.407   297.2
17.2400     -260022.553  -260037.371       14.819   305.7
17.2500     -260021.875  -260036.586       14.712   303.5
17.2600     -260021.933  -260036.490       14.557   300.3
17.2700     -260022.142  -260035.655       13.513   278.8
17.2800     -260022.234  -260036.454       14.220   293.4
17.2900     -260021.678  -260036.793       15.116   311.8
17.3000     -260021.627  -260036.317       14.691   303.1
17.3100     -260021.787  -260036.429       14.642   302.1
17.3200     -260021.902  -260036.321       14.419   297.5
17.3300     -260022.160  -260036.578       14.418   297.4
17.3400     -260022.469  -260036.502       14.033   289.5
17.3500     -260022.445  -260035.913       13.468   277.8
17.3600     -260021.875  -260036.545       14.669   302.6
17.3700     -260022.065  -260035.987       13.922   287.2
17.3800     -260021.669  -260036.670       15.001   309.5
17.3900     -260021.468  -260036.780       15.313   315.9
17.4000     -260021.199  -260036.312       15.113   311.8
17.4100     -260020.943  -260035.834       14.891   307.2
17.4200     -260020.925  -260035.533       14.607   301.3
17.4300     -260021.255  -260035.709       14.454   298.2
17.4400     -260021.319  -260035.489       14.171   292.3
17.4500     -260021.693  -260035.750       14.057   290.0
17.4600     -260021.449  -260035.750       14.301   295.0
17.4700     -260020.780  -260035.706       14.926   307.9
17.4800     -260020.832  -260036.167       15.335   316.4
17.4900     -260020.457  -260036.085       15.628   322.4
17.5000     -260020.868  -260035.760       14.892   307.2
17.5100     -260021.096  -260036.214       15.119   311.9
17.5200     -260021.268  -260035.321       14.053   289.9
17.5300     -260021.115  -260035.507       14.391   296.9
17.5400     -260020.936  -260036.022       15.086   311.2
17.5500     -260020.839  -260035.851       15.012   309.7
17.5600     -260020.678  -260034.766       14.088   290.6
17.5700     -260020.859  -260035.083       14.224   293.4
17.5800     -260021.077  -260036.237       15.160   312.8
17.5900     -260021.591  -260036.556       14.965   308.7
17.6000     -260021.455  -260036.800       15.345   316.6
17.6100     -260021.425  -260036.139       14.713   303.5
17.6200     -260021.569  -260035.598       14.028   289.4
17.6300     -260020.362  -260035.328       14.966   308.7
17.6400     -260020.559  -260034.941       14.381   296.7
17.6500     -260020.770  -260035.286       14.516   299.5
17.6600     -260020.536  -260035.444       14.909   307.6
17.6700     -260020.368  -260034.739       14.371   296.5
17.6800     -260020.403  -260034.908       14.505   299.2
17.6900     -260020.250  -260035.540       15.290   315.4
17.7000     -260020.504  -260036.125       15.622   322.3
17.7100     -260021.130  -260036.089       14.958   308.6
17.7200     -260021.653  -260036.601       14.947   308.4
17.7300     -260022.052  -260036.806       14.754   304.4
17.7400     -260021.902  -260036.247       14.346   296.0
17.7500     -260021.715  -260035.816       14.101   290.9
17.7600     -260022.055  -260036.312       14.257   294.1
17.7700     -260022.060  -260036.635       14.575   300.7
17.7800     -260022.304  -260036.276       13.973   288.3
17.7900     -260021.798  -260036.143       14.345   295.9
17.8000     -260022.131  -260035.804       13.673   282.1
17.8100     -260022.291  -260035.954       13.663   281.9
17.8200     -260022.434  -260035.862       13.429   277.0
17.8300     -260021.590  -260035.872       14.282   294.6
17.8400     -260021.763  -260037.211       15.447   318.7
17.8500     -260022.205  -260036.618       14.412   297.3
17.8600     -260021.522  -260035.885       14.362   296.3
17.8700     -260021.529  -260036.452       14.923   307.9
17.8800     -260021.502  -260037.769       16.267   335.6
17.8900     -260021.675  -260036.976       15.301   315.7
17.9000     -260022.347  -260036.159       13.812   284.9
17.9100     -260022.053  -260036.836       14.783   305.0
17.9200     -260022.129  -260037.186       15.057   310.6
17.9300     -260022.191  -260036.145       13.954   287.9
17.9400     -260021.617  -260036.141       14.524   299.6
17.9500     -260021.321  -260036.099       14.779   304.9
17.9600     -260022.016  -260036.417       14.401   297.1
17.9700     -260021.491  -260035.067       13.577   280.1
17.9800     -260021.658  -260036.410       14.752   304.3
17.9900     -260021.785  -260036.652       14.867   306.7
18.0000     -260022.182  -260036.979       14.797   305.3
18.0100     -260022.558  -260036.967       14.409   297.3
18.0200     -260022.421  -260036.487       14.066   290.2
18.0300     -260021.906  -260035.711       13.805   284.8
18.0400     -260021.587  -260035.678       14.090   290.7
18.0500     -260021.192  -260036.832       15.639   322.6
18.0600     -260020.719  -260035.908       15.189   313.4
18.0700     -260019.962  -260035.742       15.780   325.5
18.0800     -260020.275  -260035.667       15.392   317.5
18.0900     -260020.298  -260035.021       14.723   303.7
18.1000     -260020.149  -260035.928       15.778   325.5
18.1100     -260020.466  -260035.747       15.282   315.3
18.1200     -260020.425  -260035.374       14.949   308.4
18.1300     -260020.313  -260035.365       15.052   310.5
18.1400     -260020.461  -260035.737       15.276   315.1
18.1500     -260020.708  -260035.822       15.115   311.8
18.1600     -260020.673  -260035.432       14.759   304.5
18.1700     -260020.843  -260035.673       14.830   305.9
18.1800     -260020.462  -260035.622       15.161   312.8
18.1900     -260020.430  -260035.601       15.171   313.0
18.2000     -260020.220  -260035.020       14.800   305.3
18.2100     -260020.159  -260035.263       15.105   311.6
18.2200     -260020.339  -260035.399       15.060   310.7
18.2300     -260020.387  -260034.983       14.596   301.1
18.2400     -260020.697  -260035.119       14.422   297.5
18.2500     -260021.528  -260036.071       14.543   300.0
18.2600     -260022.138  -260036.502       14.364   296.3
18.2700     -260022.043  -260036.812       14.768   304.7
18.2800     -260022.216  -260036.267       14.051   289.9
18.2900     -260022.103  -260036.900       14.797   305.3
18.3000     -260022.205  -260037.262       15.057   310.6
18.3100     -260021.950  -260036.333       14.383   296.7
18.3200     -260022.023  -260036.879       14.856   306.5
18.3300     -260022.042  -260036.915       14.873   306.8
18.3400     -260021.838  -260037.111       15.273   315.1
18.3500     -260021.841  -260036.589       14.748   304.3
18.3600     -260021.554  -260036.341       14.787   305.1
18.3700     -260022.435  -260035.263       12.828   264.6
18.3800     -260022.608  -260036.061       13.453   277.5
18.3900     -260022.256  -260036.571       14.315   295.3
18.4000     -260021.734  -260035.969       14.235   293.7
18.4100     -260021.201  -260035.488       14.286   294.7
18.4200     -260021.742  -260036.022       14.280   294.6
18.4300     -260022.273  -260036.706       14.433   297.8
18.4400     -260022.022  -260036.202       14.180   292.5
18.4500     -260020.936  -260035.732       14.796   305.2
18.4600     -260021.469  -260036.519       15.050   310.5
18.4700     -260022.090  -260036.528       14.439   297.9
18.4800     -260021.713  -260036.439       14.725   303.8
18.4900     -260021.674  -260036.040       14.366   296.4
18.5000     -260021.436  -260036.177       14.742   304.1
18.5100     -260021.090  -260035.793       14.704   303.3
18.5200     -260020.732  -260035.579       14.847   306.3
18.5300     -260020.932  -260035.950       15.018   309.8
18.5400     -260020.532  -260035.605       15.073   311.0
18.5500     -260020.515  -260035.238       14.723   303.7
18.5600     -260020.941  -260035.322       14.381   296.7
18.5700     -260021.003  -260035.938       14.935   308.1
18.5800     -260021.165  -260036.426       15.261   314.8
18.5900     -260020.848  -260034.698       13.850   285.7
18.6000     -260020.943  -260035.604       14.661   302.5
18.6100     -260021.321  -260035.084       13.763   283.9
18.6200     -260022.061  -260036.046       13.985   288.5
18.6300     -260021.815  -260035.919       14.104   291.0
18.6400     -260021.560  -260035.754       14.194   292.8
18.6500     -260021.920  -260036.256       14.336   295.7
18.6600     -260021.807  -260036.442       14.634   301.9
18.6700     -260022.045  -260036.264       14.220   293.4
18.6800     -260021.702  -260035.061       13.359   275.6
18.6900     -260021.981  -260036.245       14.264   294.3
18.7000     -260022.094  -260036.099       14.005   288.9
18.7100     -260021.604  -260035.907       14.303   295.1
18.7200     -260021.223  -260035.956       14.732   303.9
18.7300     -260021.427  -260035.832       14.405   297.2
18.7400     -260021.612  -260035.783       14.170   292.3
18.7500     -260021.457  -260036.505       15.048   310.4
18.7600     -260021.524  -260035.919       14.395   297.0
18.7700     -260021.209  -260036.169       14.960   308.6
18.7800     -260021.003  -260035.403       14.400   297.1
18.7900     -260021.682  -260036.116       14.434   297.8
18.8000     -260021.761  -260036.178       14.417   297.4
18.8100     -260022.341  -260037.030       14.689   303.0
18.8200     -260022.216  -260036.132       13.916   287.1
18.8300     -260022.228  -260036.265       14.037   289.6
18.8400     -260021.868  -260035.866       13.998   288.8
18.8500     -260021.842  -260036.557       14.714   303.6
18.8600     -260022.327  -260036.521       14.194   292.8
18.8700     -260022.880  -260036.981       14.101   290.9
18.8800     -260022.777  -260037.331       14.554   300.3
18.8900     -260022.619  -260037.739       15.120   311.9
18.9000     -260022.595  -260037.390       14.795   305.2
18.9100     -260022.998  -260037.341       14.343   295.9
18.9200     -260023.087  -260037.639       14.552   300.2
18.9300     -260023.329  -260037.718       14.389   296.9
18.9400     -260023.919  -260038.294       14.375   296.6
18.9500     -260024.351  -260038.293       13.942   287.6
18.9600     -260024.042  -260037.865       13.823   285.2
18.9700     -260023.544  -260037.618       14.073   290.3
18.9800     -260023.021  -260037.794       14.773   304.8
18.9900     -260023.004  -260037.051       14.047   289.8
19.0000     -260022.847  -260036.979       14.132   291.5
19.0100     -260022.280  -260036.614       14.334   295.7
19.0200     -260022.767  -260037.161       14.394   297.0
19.0300     -260022.459  -260036.625       14.167   292.3
19.0400     -260022.745  -260037.272       14.526   299.7
19.0500     -260022.705  -260036.829       14.125   291.4
19.0600     -260021.733  -260036.949       15.215   313.9
19.0700     -260022.467  -260036.835       14.368   296.4
19.0800     -260022.476  -260036.649       14.173   292.4
19.0900     -260022.146  -260036.362       14.216   293.3
19.1000     -260021.962  -260036.165       14.202   293.0
19.1100     -260021.932  -260036.162       14.230   293.6
19.1200     -260021.802  -260035.880       14.077   290.4
19.1300     -260022.117  -260036.215       14.098   290.9
19.1400     -260021.989  -260036.460       14.471   298.5
19.1500     -260021.952  -260036.259       14.308   295.2
19.1600     -260022.564  -260037.439       14.875   306.9
19.1700     -260022.624  -260037.111       14.487   298.9
19.1800     -260022.501  -260037.051       14.551   300.2
19.1900     -260022.737  -260036.682       13.946   287.7
19.2000     -260022.505  -260036.517       14.013   289.1
19.2100     -260022.473  -260037.007       14.535   299.9
19.2200     -260022.252  -260036.891       14.639   302.0
19.2300     -260022.173  -260036.447       14.274   294.5
19.2400     -260022.547  -260036.570       14.023   289.3
19.2500     -260022.700  -260036.795       14.095   290.8
19.2600     -260022.397  -260036.602       14.205   293.1
19.2700     -260022.410  -260036.454       14.045   289.7
19.2800     -260022.237  -260036.698       14.460   298.3
19.2900     -260022.382  -260037.692       15.310   315.9
19.3000     -260022.705  -260037.587       14.882   307.0
19.3100     -260022.885  -260036.697       13.812   284.9
19.3200     -260022.650  -260037.094       14.445   298.0
19.3300     -260023.150  -260037.282       14.131   291.5
19.3400     -260023.652  -260037.186       13.534   279.2
19.3500     -260023.939  -260037.193       13.254   273.4
19.3600     -260024.164  -260037.829       13.665   281.9
19.3700     -260024.344  -260038.176       13.832   285.4
19.3800     -260024.879  -260037.285       12.407   256.0
19.3900     -260023.722  -260037.790       14.069   290.2
19.4000     -260023.428  -260038.025       14.596   301.1
19.4100     -260023.601  -260037.267       13.666   281.9
19.4200     -260023.309  -260036.600       13.291   274.2
19.4300     -260023.527  -260037.895       14.368   296.4
19.4400     -260023.264  -260037.291       14.027   289.4
19.4500     -260023.510  -260038.840       15.330   316.3
19.4600     -260023.081  -260038.225       15.144   312.4
19.4700     -260022.549  -260037.041       14.493   299.0
19.4800     -260022.641  -260037.061       14.420   297.5
19.4900     -260023.183  -260037.215       14.032   289.5
19.5000     -260023.472  -260037.305       13.832   285.4
19.5100     -260022.530  -260036.628       14.099   290.9
19.5200     -260022.210  -260036.619       14.409   297.3
19.5300     -260022.563  -260037.467       14.905   307.5
19.5400     -260021.947  -260037.323       15.376   317.2
19.5500     -260021.889  -260036.188       14.300   295.0
19.5600     -260021.863  -260036.123       14.260   294.2
19.5700     -260021.703  -260036.431       14.728   303.8
19.5800     -260022.137  -260037.768       15.631   322.5
19.5900     -260021.720  -260036.815       15.095   311.4
19.6000     -260021.430  -260036.217       14.787   305.1
19.6100     -260020.896  -260036.364       15.469   319.1
19.6200     -260021.087  -260035.667       14.580   300.8
19.6300     -260021.097  -260035.584       14.487   298.9
19.6400     -260021.136  -260036.453       15.317   316.0
19.6500     -260021.392  -260036.830       15.439   318.5
19.6600     -260020.906  -260035.398       14.492   299.0
19.6700     -260020.653  -260035.814       15.160   312.8
19.6800     -260020.962  -260036.688       15.725   324.4
19.6900     -260020.177  -260035.240       15.063   310.8
19.7000     -260020.635  -260035.367       14.733   303.9
19.7100     -260021.437  -260035.819       14.381   296.7
19.7200     -260021.293  -260036.351       15.059   310.7
19.7300     -260020.799  -260035.012       14.213   293.2
19.7400     -260020.417  -260035.318       14.901   307.4
19.7500     -260020.984  -260036.654       15.670   323.3
19.7600     -260021.046  -260036.818       15.772   325.4
19.7700     -260021.063  -260036.298       15.235   314.3
19.7800     -260021.368  -260036.439       15.071   310.9
19.7900     -260021.877  -260036.998       15.121   311.9
19.8000     -260022.061  -260036.841       14.780   304.9
19.8100     -260022.232  -260037.123       14.891   307.2
19.8200     -260021.874  -260036.326       14.452   298.1
19.8300     -260021.469  -260036.369       14.899   307.4
19.8400     -260021.726  -260036.429       14.703   303.3
19.8500     -260021.728  -260037.225       15.496   319.7
19.8600     -260021.503  -260037.100       15.597   321.8
19.8700     -260021.456  -260036.724       15.268   315.0
19.8800     -260021.430  -260036.528       15.098   311.5
19.8900     -260021.628  -260036.914       15.286   315.4
19.9000     -260021.177  -260036.385       15.208   313.7
19.9100     -260021.185  -260036.153       14.968   308.8
19.9200     -260020.485  -260035.907       15.422   318.2
19.9300     -260020.809  -260036.841       16.032   330.8
19.9400     -260021.012  -260036.402       15.390   317.5
19.9500     -260021.137  -260036.214       15.077   311.0
19.9600     -260020.671  -260035.865       15.194   313.5
19.9700     -260021.207  -260036.724       15.517   320.1
19.9800     -260021.395  -260036.392       14.997   309.4
19.9900     -260021.342  -260036.145       14.803   305.4
20.0000     -260021.097  -260036.149       15.053   310.5
